row_id,instant,dteday,season,yr,mnth,hr,holiday,weekday,workingday,weathersit,temp,atemp,hum,windspeed,casual,registered,cnt
1,12831,2012-06-23,3,1,6,19,0,6,0,1,0.8,0.697,0.27,0.194,185,240,425
2,8689,2012-01-02,1,1,1,20,1,1,0,1,0.24,0.2273,0.41,0.2239,5,83,88
3,7092,2011-10-28,4,0,10,2,0,5,1,1,0.32,0.303,0.66,0.2836,1,3,4
4,12231,2012-05-29,2,1,5,19,0,2,1,1,0.78,0.7121,0.52,0.3582,69,457,526
5,432,2011-01-20,1,0,1,0,0,4,1,1,0.26,0.2273,0.56,0.3881,5,8,13
6,1087,2011-02-18,1,0,2,0,0,5,1,1,0.44,0.4394,0.72,0.2836,12,20,32
7,11606,2012-05-03,2,1,5,18,0,4,1,1,0.72,0.6667,0.58,0.1343,64,642,706
8,7984,2011-12-04,4,0,12,7,0,0,0,1,0.26,0.303,0.87,0,3,23,26
9,10392,2012-03-14,1,1,3,2,0,3,1,1,0.5,0.4848,0.68,0.194,0,2,2
10,7047,2011-10-26,4,0,10,5,0,3,1,1,0.42,0.4242,0.71,0.2239,0,21,21
11,17356,2012-12-31,1,1,12,0,0,1,1,1,0.18,0.1818,0.55,0.194,4,30,34
12,11370,2012-04-23,2,1,4,22,0,1,1,1,0.32,0.3182,0.76,0.194,18,71,89
13,12660,2012-06-16,2,1,6,16,0,6,0,2,0.72,0.6515,0.37,0.1045,238,304,542
14,12696,2012-06-18,2,1,6,4,0,1,1,2,0.54,0.5152,0.77,0.194,0,9,9
15,6148,2011-09-18,3,0,9,17,0,0,0,2,0.56,0.5303,0.64,0.194,95,230,325
16,1839,2011-03-22,2,0,3,8,0,2,1,2,0.4,0.4091,0.58,0.2985,24,312,336
17,218,2011-01-10,1,0,1,8,0,1,1,2,0.12,0.1212,0.5,0.2836,4,184,188
18,16652,2012-12-01,4,1,12,14,0,6,0,2,0.36,0.3788,0.71,0,110,369,479
19,15026,2012-09-23,4,1,9,6,0,0,0,1,0.44,0.4394,0.62,0.2537,5,11,16
20,11941,2012-05-17,2,1,5,17,0,4,1,1,0.66,0.6212,0.31,0.1343,133,719,852
21,622,2011-01-29,1,0,1,3,0,6,0,1,0.2,0.2121,0.64,0.1343,3,5,8
22,14210,2012-08-20,3,1,8,6,0,1,1,2,0.6,0.5758,0.78,0.1343,6,155,161
23,20,2011-01-01,1,0,1,19,0,6,0,3,0.42,0.4242,0.88,0.2537,6,31,37
24,4837,2011-07-25,3,0,7,10,0,1,1,1,0.82,0.803,0.59,0,30,54,84
25,8263,2011-12-15,4,0,12,22,0,4,1,1,0.52,0.5,0.63,0.3284,8,116,124
26,15722,2012-10-22,4,1,10,6,0,1,1,1,0.36,0.3636,0.76,0.0896,4,140,144
27,12118,2012-05-25,2,1,5,2,0,5,1,2,0.62,0.5758,0.83,0,7,16,23
28,8923,2012-01-12,1,1,1,15,0,4,1,1,0.44,0.4394,0.72,0.1343,32,156,188
29,8984,2012-01-15,1,1,1,4,0,0,0,2,0.16,0.1364,0.47,0.3881,1,5,6
30,8271,2011-12-16,4,0,12,6,0,5,1,2,0.44,0.4394,0.33,0.2985,2,80,82
31,15899,2012-10-31,4,1,10,3,0,3,1,2,0.3,0.3182,0.81,0.1045,0,3,3
32,13605,2012-07-26,3,1,7,1,0,4,1,1,0.66,0.6212,0.65,0.2239,6,23,29
33,11776,2012-05-10,2,1,5,20,0,4,1,1,0.52,0.5,0.4,0.3284,59,315,374
34,8979,2012-01-14,1,1,1,23,0,6,0,1,0.16,0.1515,0.47,0.2239,5,71,76
35,14108,2012-08-16,3,1,8,0,0,4,1,1,0.66,0.6212,0.69,0,13,63,76
36,13909,2012-08-07,3,1,8,17,0,2,1,2,0.78,0.7424,0.62,0.1343,125,743,868
37,6351,2011-09-27,4,0,9,4,0,2,1,3,0.62,0.5455,0.94,0.0896,5,3,8
38,7733,2011-11-23,4,0,11,19,0,3,1,1,0.38,0.3939,0.58,0.3881,6,116,122
39,11897,2012-05-15,2,1,5,21,0,2,1,3,0.64,0.6061,0.73,0.2836,11,98,109
40,14105,2012-08-15,3,1,8,21,0,3,1,1,0.7,0.6515,0.61,0.194,49,266,315
41,14846,2012-09-15,3,1,9,18,0,6,0,2,0.64,0.6212,0.36,0.2836,232,382,614
42,6045,2011-09-14,3,0,9,10,0,3,1,1,0.7,0.6515,0.7,0.1343,27,115,142
43,4297,2011-07-02,3,0,7,22,0,6,0,1,0.72,0.6667,0.51,0.1642,78,123,201
44,8531,2011-12-27,1,0,12,4,0,2,1,2,0.3,0.2879,0.65,0.2239,0,3,3
45,13228,2012-07-10,3,1,7,8,0,2,1,1,0.72,0.697,0.74,0.1343,34,615,649
46,11512,2012-04-29,2,1,4,20,0,0,0,1,0.56,0.5303,0.32,0.0896,45,198,243
47,6406,2011-09-29,4,0,9,11,0,4,1,1,0.62,0.6061,0.61,0.194,36,122,158
48,2580,2011-04-22,2,0,4,9,0,5,1,3,0.34,0.303,0.61,0.2985,17,178,195
49,829,2011-02-06,1,0,2,23,0,0,0,1,0.24,0.2879,0.65,0,4,26,30
50,4401,2011-07-07,3,0,7,6,0,4,1,2,0.64,0.5758,0.89,0.1343,11,107,118
51,14753,2012-09-11,3,1,9,21,0,2,1,1,0.56,0.5303,0.6,0.1045,28,282,310
52,9905,2012-02-22,1,1,2,17,0,3,1,1,0.52,0.5,0.32,0.3881,43,486,529
53,14170,2012-08-18,3,1,8,14,0,6,0,1,0.76,0.6667,0.37,0.2836,242,356,598
54,9359,2012-01-30,1,1,1,20,0,1,1,1,0.3,0.303,0.39,0.1642,2,179,181
55,11218,2012-04-17,2,1,4,14,0,2,1,1,0.64,0.6212,0.27,0.2836,59,198,257
56,16134,2012-11-09,4,1,11,23,0,5,1,1,0.32,0.3333,0.81,0.0896,20,142,162
57,15245,2012-10-02,4,1,10,9,0,2,1,3,0.58,0.5455,0.88,0.1343,3,83,86
58,5928,2011-09-09,3,0,9,12,0,5,1,1,0.64,0.5606,0.94,0,4,71,75
59,12050,2012-05-22,2,1,5,6,0,2,1,3,0.56,0.5303,0.88,0.1045,8,129,137
60,4511,2011-07-11,3,0,7,20,0,1,1,1,0.72,0.697,0.74,0.4179,42,194,236
61,8899,2012-01-11,1,1,1,15,0,3,1,2,0.34,0.3485,0.87,0.0896,6,73,79
62,10630,2012-03-24,2,1,3,0,0,6,0,1,0.58,0.5455,0.68,0,45,111,156
63,5364,2011-08-16,3,0,8,9,0,2,1,1,0.68,0.6364,0.61,0.2836,27,171,198
64,10237,2012-03-07,1,1,3,14,0,3,1,1,0.52,0.5,0.36,0.3284,38,137,175
65,3659,2011-06-06,2,0,6,8,0,1,1,1,0.64,0.6061,0.73,0.0896,28,410,438
66,7589,2011-11-17,4,0,11,19,0,4,1,1,0.3,0.2879,0.45,0.2239,7,210,217
67,6203,2011-09-21,3,0,9,0,0,3,1,1,0.54,0.5152,1,0,7,20,27
68,4082,2011-06-23,3,0,6,23,0,4,1,1,0.7,0.6667,0.74,0.2836,15,90,105
69,2679,2011-04-26,2,0,4,12,0,2,1,1,0.7,0.6515,0.61,0.4179,40,146,186
70,3426,2011-05-27,2,0,5,15,0,5,1,1,0.78,0.7121,0.49,0.2836,98,258,356
71,13074,2012-07-03,3,1,7,22,0,2,1,1,0.68,0.6364,0.79,0.194,26,151,177
72,2989,2011-05-09,2,0,5,10,0,1,1,1,0.56,0.5303,0.52,0.194,24,95,119
73,8853,2012-01-09,1,1,1,16,0,1,1,3,0.22,0.2576,0.87,0.0896,3,46,49
74,1356,2011-03-01,1,0,3,18,0,2,1,1,0.32,0.3182,0.39,0.194,10,214,224
75,7678,2011-11-21,4,0,11,12,0,1,1,2,0.5,0.4848,0.77,0.1343,24,138,162
76,7317,2011-11-06,4,0,11,11,0,0,0,1,0.42,0.4242,0.58,0.0896,104,216,320
77,124,2011-01-06,1,0,1,9,0,4,1,2,0.18,0.2424,0.51,0,6,116,122
78,10269,2012-03-08,1,1,3,22,0,4,1,1,0.56,0.5303,0.49,0.3284,12,141,153
79,10482,2012-03-17,1,1,3,20,0,6,0,1,0.56,0.5303,0.64,0.194,89,182,271
80,12523,2012-06-10,2,1,6,23,0,0,0,1,0.72,0.6667,0.58,0.1045,30,80,110
81,16416,2012-11-21,4,1,11,17,0,3,1,1,0.4,0.4091,0.4,0.1642,41,333,374
82,15864,2012-10-28,4,1,10,4,0,0,0,2,0.5,0.4848,0.63,0.3582,1,19,20
83,8889,2012-01-11,1,1,1,5,0,3,1,1,0.2,0.2121,0.8,0.1343,0,22,22
84,14755,2012-09-11,3,1,9,23,0,2,1,1,0.54,0.5152,0.68,0.1045,18,91,109
85,1581,2011-03-11,1,0,3,8,0,5,1,1,0.28,0.2727,0.7,0.2537,15,244,259
86,7218,2011-11-02,4,0,11,8,0,3,1,1,0.32,0.3485,0.87,0,20,452,472
87,10629,2012-03-23,2,1,3,23,0,5,1,1,0.6,0.5909,0.69,0.2537,51,125,176
88,15235,2012-10-01,4,1,10,23,0,1,1,3,0.54,0.5152,0.77,0,17,88,105
89,14986,2012-09-21,3,1,9,14,0,5,1,1,0.7,0.6515,0.54,0.2985,113,299,412
90,11907,2012-05-16,2,1,5,7,0,3,1,1,0.56,0.5303,0.83,0,14,426,440
91,4476,2011-07-10,3,0,7,9,0,0,0,1,0.74,0.697,0.66,0.0896,62,107,169
92,8482,2011-12-25,1,0,12,1,0,0,0,1,0.22,0.2273,0.69,0.1343,2,2,4
93,2009,2011-03-29,2,0,3,13,0,2,1,1,0.34,0.303,0.25,0.2985,24,80,104
94,9308,2012-01-28,1,1,1,17,0,6,0,1,0.42,0.4242,0.44,0.3881,57,233,290
95,13822,2012-08-04,3,1,8,2,0,6,0,1,0.72,0.7121,0.84,0.1343,20,64,84
96,1769,2011-03-19,1,0,3,9,0,6,0,1,0.42,0.4242,0.44,0.4627,35,41,76
97,8590,2011-12-29,1,0,12,16,0,4,1,1,0.3,0.303,0.52,0.1642,22,155,177
98,4548,2011-07-13,3,0,7,9,0,3,1,1,0.82,0.7424,0.41,0.194,23,163,186
99,9153,2012-01-22,1,1,1,6,0,0,0,2,0.16,0.1515,0.74,0.2239,0,4,4
100,8974,2012-01-14,1,1,1,18,0,6,0,1,0.22,0.2273,0.41,0.194,21,122,143
101,102,2011-01-05,1,0,1,10,0,3,1,1,0.22,0.197,0.37,0.3284,4,53,57
102,8726,2012-01-04,1,1,1,9,0,3,1,1,0.04,0.0606,0.45,0.1343,7,173,180
103,11818,2012-05-12,2,1,5,14,0,6,0,1,0.66,0.6212,0.36,0.194,257,358,615
104,8621,2011-12-30,1,0,12,23,0,5,1,2,0.36,0.3333,0.66,0.2537,13,60,73
105,6479,2011-10-02,4,0,10,12,0,0,0,2,0.4,0.4091,0.62,0.194,78,243,321
106,170,2011-01-08,1,0,1,8,0,6,0,3,0.16,0.1818,0.93,0.1045,0,15,15
107,9585,2012-02-09,1,1,2,7,0,4,1,1,0.2,0.197,0.69,0.2537,4,263,267
108,636,2011-01-29,1,0,1,18,0,6,0,1,0.22,0.2273,0.69,0.1343,9,59,68
109,12108,2012-05-24,2,1,5,16,0,4,1,1,0.74,0.6818,0.55,0.3582,61,329,390
110,2858,2011-05-03,2,0,5,23,0,2,1,2,0.56,0.5303,0.68,0.3284,12,50,62
111,4049,2011-06-22,3,0,6,14,0,3,1,2,0.82,0.7727,0.52,0.2836,32,113,145
112,734,2011-02-02,1,0,2,22,0,3,1,1,0.22,0.2121,0.44,0.2537,5,35,40
113,12117,2012-05-25,2,1,5,1,0,5,1,1,0.62,0.5758,0.83,0.0896,8,34,42
114,14736,2012-09-11,3,1,9,4,0,2,1,1,0.48,0.4697,0.72,0.1045,1,8,9
115,11038,2012-04-10,2,1,4,1,0,2,1,1,0.42,0.4242,0.5,0.2239,0,9,9
116,8035,2011-12-06,4,0,12,10,0,2,1,3,0.46,0.4545,0.94,0.2836,6,44,50
117,2436,2011-04-16,2,0,4,9,0,6,0,3,0.4,0.4091,1,0.2985,2,27,29
118,4289,2011-07-02,3,0,7,14,0,6,0,1,0.84,0.7121,0.2,0,177,215,392
119,6320,2011-09-25,4,0,9,21,0,0,0,1,0.62,0.5455,0.94,0.0896,24,113,137
120,12267,2012-05-31,2,1,5,7,0,4,1,1,0.6,0.6061,0.64,0.2836,18,489,507
121,11754,2012-05-09,2,1,5,22,0,3,1,3,0.48,0.4697,0.82,0.1045,5,62,67
122,7780,2011-11-25,4,0,11,18,0,5,1,1,0.46,0.4545,0.44,0.0896,45,108,153
123,6106,2011-09-16,3,0,9,23,0,5,1,1,0.5,0.4848,0.59,0,20,106,126
124,14612,2012-09-06,3,1,9,0,0,4,1,2,0.7,0.6667,0.84,0.0896,30,35,65
125,4125,2011-06-25,3,0,6,18,0,6,0,1,0.72,0.6515,0.45,0.2537,108,199,307
126,14783,2012-09-13,3,1,9,3,0,4,1,1,0.52,0.5,0.83,0,2,9,11
127,10709,2012-03-27,2,1,3,7,0,2,1,1,0.22,0.2273,0.37,0.194,9,277,286
128,13789,2012-08-02,3,1,8,17,0,4,1,1,0.82,0.7727,0.52,0.2537,90,775,865
129,9259,2012-01-26,1,1,1,16,0,4,1,2,0.4,0.4091,0.71,0.0896,15,209,224
130,10122,2012-03-02,1,1,3,19,0,5,1,3,0.36,0.3485,0.87,0.194,12,162,174
131,12621,2012-06-15,2,1,6,1,0,5,1,1,0.58,0.5455,0.78,0.194,9,42,51
132,3585,2011-06-03,2,0,6,6,0,5,1,1,0.54,0.5152,0.45,0.2985,8,98,106
133,2678,2011-04-26,2,0,4,11,0,2,1,1,0.68,0.6364,0.65,0.3881,40,132,172
134,2610,2011-04-23,2,0,4,15,0,6,0,1,0.6,0.5909,0.73,0.3881,171,226,397
135,16225,2012-11-13,4,1,11,18,0,2,1,1,0.34,0.3182,0.49,0.2836,45,514,559
136,2151,2011-04-04,2,0,4,11,0,1,1,1,0.6,0.6212,0.4,0.3881,58,66,124
137,9390,2012-02-01,1,1,2,3,0,3,1,1,0.44,0.4394,0.44,0.194,0,3,3
138,14616,2012-09-06,3,1,9,4,0,4,1,2,0.7,0.6667,0.84,0.0896,0,8,8
139,17355,2012-12-30,1,1,12,23,0,0,0,1,0.2,0.197,0.51,0.2239,10,39,49
140,60,2011-01-03,1,0,1,14,0,1,1,1,0.26,0.2424,0.3,0.2836,11,66,77
141,4230,2011-06-30,3,0,6,3,0,4,1,1,0.6,0.6061,0.6,0.1642,2,7,9
142,10840,2012-04-01,2,1,4,18,0,0,0,1,0.52,0.5,0.52,0.2985,153,279,432
143,8904,2012-01-11,1,1,1,20,0,3,1,3,0.32,0.3182,0.93,0.1642,2,55,57
144,6843,2011-10-17,4,0,10,16,0,1,1,1,0.58,0.5455,0.56,0.2537,64,238,302
145,6022,2011-09-13,3,0,9,11,0,2,1,1,0.7,0.6515,0.61,0.1642,33,120,153
146,15379,2012-10-07,4,1,10,23,0,0,0,1,0.36,0.3485,0.93,0.1343,12,68,80
147,2468,2011-04-17,2,0,4,17,0,0,0,1,0.56,0.5303,0.3,0.4478,143,163,306
148,7551,2011-11-16,4,0,11,5,0,3,1,3,0.46,0.4545,0.94,0.1045,0,13,13
149,5175,2011-08-08,3,0,8,12,0,1,1,1,0.82,0.7576,0.46,0.2537,48,134,182
150,8122,2011-12-10,4,0,12,1,0,6,0,2,0.26,0.2576,0.7,0.1642,11,55,66
151,12410,2012-06-06,2,1,6,6,0,3,1,1,0.48,0.4697,0.77,0,7,165,172
152,12129,2012-05-25,2,1,5,13,0,5,1,1,0.74,0.6818,0.62,0.1343,86,247,333
153,8953,2012-01-13,1,1,1,21,0,5,1,1,0.24,0.2121,0.41,0.2836,7,95,102
154,11875,2012-05-14,2,1,5,23,0,1,1,2,0.58,0.5455,0.78,0.1045,11,64,75
155,1555,2011-03-10,1,0,3,5,0,4,1,3,0.36,0.3485,0,0.194,1,2,3
156,12228,2012-05-29,2,1,5,16,0,2,1,1,0.82,0.7727,0.49,0.4925,73,320,393
157,12924,2012-06-27,3,1,6,16,0,3,1,1,0.82,0.697,0.24,0.4478,55,337,392
158,11168,2012-04-15,2,1,4,12,0,0,0,1,0.64,0.6212,0.44,0.2836,275,360,635
159,12594,2012-06-13,2,1,6,22,0,3,1,1,0.62,0.6212,0.5,0.2985,29,209,238
160,15083,2012-09-25,4,1,9,15,0,2,1,1,0.66,0.6212,0.36,0.3284,56,247,303
161,13821,2012-08-04,3,1,8,1,0,6,0,1,0.72,0.7121,0.84,0.194,23,99,122
162,16861,2012-12-10,4,1,12,7,0,1,1,2,0.38,0.3939,0.94,0.2537,3,291,294
163,14817,2012-09-14,3,1,9,13,0,5,1,2,0.7,0.6515,0.54,0.194,107,301,408
164,10465,2012-03-17,1,1,3,3,0,6,0,2,0.44,0.4394,0.88,0,2,24,26
165,2705,2011-04-27,2,0,4,14,0,3,1,1,0.68,0.6364,0.74,0.2836,29,119,148
166,3290,2011-05-21,2,0,5,23,0,6,0,1,0.58,0.5455,0.78,0.0896,42,103,145
167,9775,2012-02-17,1,1,2,5,0,5,1,2,0.28,0.2727,0.93,0.1642,0,16,16
168,15563,2012-10-15,4,1,10,15,0,1,1,1,0.6,0.5758,0.78,0.3284,70,190,260
169,3291,2011-05-22,2,0,5,0,0,0,0,1,0.54,0.5152,0.88,0.1642,31,100,131
170,1985,2011-03-28,2,0,3,13,0,1,1,2,0.3,0.2879,0.24,0.2239,14,69,83
171,2185,2011-04-05,2,0,4,21,0,2,1,1,0.34,0.2879,0.46,0.5224,8,81,89
172,3580,2011-06-03,2,0,6,1,0,5,1,1,0.6,0.6212,0.38,0.3582,7,15,22
173,4916,2011-07-28,3,0,7,17,0,4,1,1,0.84,0.803,0.53,0.194,45,423,468
174,12203,2012-05-28,2,1,5,15,1,1,0,1,0.82,0.7879,0.56,0.2985,181,279,460
175,3683,2011-06-07,2,0,6,8,0,2,1,2,0.68,0.6364,0.61,0.1343,45,432,477
176,8193,2011-12-13,4,0,12,0,0,2,1,1,0.22,0.2727,0.8,0,1,16,17
177,2798,2011-05-01,2,0,5,11,0,0,0,1,0.46,0.4545,0.82,0.1045,109,141,250
178,2663,2011-04-25,2,0,4,20,0,1,1,1,0.66,0.6212,0.61,0.2836,42,195,237
179,11585,2012-05-02,2,1,5,21,0,3,1,1,0.52,0.5,0.77,0.2239,21,218,239
180,16624,2012-11-30,4,1,11,10,0,5,1,2,0.3,0.3333,0.65,0,10,159,169
181,4456,2011-07-09,3,0,7,13,0,6,0,1,0.82,0.7424,0.41,0.2239,167,249,416
182,4547,2011-07-13,3,0,7,8,0,3,1,1,0.8,0.7424,0.49,0.2537,31,418,449
183,8179,2011-12-12,4,0,12,10,0,1,1,2,0.22,0.2424,0.69,0.1045,14,91,105
184,6336,2011-09-26,4,0,9,13,0,1,1,2,0.7,0.6667,0.74,0.1642,48,139,187
185,2100,2011-04-02,2,0,4,8,0,6,0,1,0.3,0.3182,0.7,0.1045,10,45,55
186,9001,2012-01-15,1,1,1,21,0,0,0,1,0.16,0.1667,0.4,0.1642,1,71,72
187,3801,2011-06-12,2,0,6,6,0,0,0,1,0.62,0.5606,0.88,0.1045,5,9,14
188,1209,2011-02-23,1,0,2,10,0,3,1,1,0.2,0.2576,0.4,0,4,47,51
189,8410,2011-12-22,1,0,12,1,0,4,1,1,0.44,0.4394,0.94,0.0896,0,15,15
190,3342,2011-05-24,2,0,5,3,0,2,1,2,0.58,0.5455,0.94,0.1045,0,2,2
191,17206,2012-12-24,1,1,12,17,0,1,1,3,0.24,0.2424,0.93,0.1642,7,19,26
192,12366,2012-06-04,2,1,6,10,0,1,1,1,0.64,0.6212,0.41,0.4627,67,120,187
193,11992,2012-05-19,2,1,5,20,0,6,0,1,0.68,0.6364,0.41,0.0896,118,197,315
194,5804,2011-09-04,3,0,9,6,0,0,0,1,0.64,0.5758,0.84,0.2239,0,3,3
195,15779,2012-10-24,4,1,10,15,0,3,1,1,0.7,0.6364,0.39,0.1045,63,245,308
196,885,2011-02-09,1,0,2,8,0,3,1,1,0.1,0.1364,0.42,0,1,198,199
197,8973,2012-01-14,1,1,1,17,0,6,0,1,0.24,0.2273,0.41,0.2537,15,129,144
198,10369,2012-03-13,1,1,3,3,0,2,1,3,0.52,0.5,0.72,0.2985,0,2,2
199,8740,2012-01-04,1,1,1,23,0,3,1,2,0.2,0.2273,0.44,0.1045,0,32,32
200,1306,2011-02-27,1,0,2,14,0,0,0,1,0.44,0.4394,0.47,0.0896,105,177,282
201,11751,2012-05-09,2,1,5,19,0,3,1,3,0.5,0.4848,0.77,0.3582,2,96,98
202,13859,2012-08-05,3,1,8,15,0,0,0,1,0.9,0.8182,0.37,0.5224,164,286,450
203,10589,2012-03-22,2,1,3,7,0,4,1,2,0.48,0.4697,1,0.0896,29,332,361
204,15780,2012-10-24,4,1,10,16,0,3,1,1,0.74,0.6515,0.33,0.1343,67,465,532
205,2955,2011-05-08,2,0,5,0,0,0,0,2,0.5,0.4848,0.59,0.1045,22,78,100
206,3551,2011-06-01,2,0,6,20,0,3,1,2,0.74,0.7121,0.79,0.2537,23,233,256
207,2022,2011-03-30,2,0,3,2,0,3,1,2,0.32,0.3485,0.57,0,0,4,4
208,2702,2011-04-27,2,0,4,11,0,3,1,2,0.64,0.5909,0.78,0.2836,53,103,156
209,16180,2012-11-11,4,1,11,21,0,0,0,1,0.44,0.4394,0.67,0.2239,44,127,171
210,15053,2012-09-24,4,1,9,9,0,1,1,1,0.52,0.5,0.52,0.194,42,286,328
211,11700,2012-05-07,2,1,5,16,0,1,1,2,0.6,0.6212,0.53,0.3881,68,320,388
212,4074,2011-06-23,3,0,6,15,0,4,1,2,0.76,0.697,0.52,0.3582,62,127,189
213,4978,2011-07-31,3,0,7,7,0,0,0,1,0.74,0.6818,0.58,0.1343,19,26,45
214,4033,2011-06-21,3,0,6,22,0,2,1,1,0.7,0.6667,0.79,0.1045,12,97,109
215,2933,2011-05-07,2,0,5,2,0,6,0,1,0.42,0.4242,0.82,0.0896,5,47,52
216,1088,2011-02-18,1,0,2,1,0,5,1,1,0.44,0.4394,0.72,0.2239,1,7,8
217,5976,2011-09-11,3,0,9,12,0,0,0,1,0.7,0.6515,0.65,0,113,298,411
218,14980,2012-09-21,3,1,9,8,0,5,1,1,0.54,0.5152,0.73,0.1343,31,726,757
219,4058,2011-06-22,3,0,6,23,0,3,1,2,0.72,0.697,0.79,0.2239,14,91,105
220,9459,2012-02-04,1,1,2,0,0,6,0,1,0.26,0.2727,0.7,0.1045,10,76,86
221,16985,2012-12-15,4,1,12,11,0,6,0,1,0.34,0.3485,0.61,0.0896,66,327,393
222,8414,2011-12-22,1,0,12,5,0,4,1,1,0.38,0.3939,0.82,0,1,15,16
223,17002,2012-12-16,4,1,12,4,0,0,0,2,0.34,0.3636,0.87,0,1,10,11
224,9388,2012-02-01,1,1,2,1,0,3,1,1,0.44,0.4394,0.41,0.2836,0,4,4
225,4919,2011-07-28,3,0,7,20,0,4,1,1,0.8,0.7879,0.63,0.194,41,229,270
226,8373,2011-12-20,4,0,12,12,0,2,1,2,0.44,0.4394,0.54,0.1343,16,159,175
227,9533,2012-02-07,1,1,2,3,0,2,1,2,0.3,0.3333,0.7,0,1,1,2
228,425,2011-01-19,1,0,1,17,0,3,1,1,0.36,0.3333,0.57,0.3284,7,190,197
229,477,2011-01-21,1,0,1,21,0,5,1,1,0.08,0.0758,0.38,0.2836,0,41,41
230,14915,2012-09-18,3,1,9,15,0,2,1,3,0.6,0.5455,0.88,0.2537,1,35,36
231,16687,2012-12-03,4,1,12,1,0,1,1,1,0.4,0.4091,0.82,0.1343,2,11,13
232,9849,2012-02-20,1,1,2,8,1,1,0,1,0.2,0.1818,0.59,0.3582,9,111,120
233,3074,2011-05-12,2,0,5,23,0,4,1,2,0.54,0.5152,0.77,0.194,16,87,103
234,9722,2012-02-15,1,1,2,0,0,3,1,1,0.32,0.3485,0.57,0,0,22,22
235,1698,2011-03-16,1,0,3,9,0,3,1,2,0.32,0.3333,0.93,0.1343,10,144,154
236,8055,2011-12-07,4,0,12,6,0,3,1,3,0.48,0.4697,1,0.4179,0,18,18
237,4305,2011-07-03,3,0,7,6,0,0,0,2,0.62,0.5455,0.94,0.0896,0,3,3
238,1471,2011-03-06,1,0,3,14,0,0,0,3,0.44,0.4394,1,0.2239,12,27,39
239,2271,2011-04-09,2,0,4,11,0,6,0,2,0.36,0.3636,0.81,0,51,91,142
240,10444,2012-03-16,1,1,3,6,0,5,1,2,0.4,0.4091,0.87,0.1642,3,96,99
241,17273,2012-12-27,1,1,12,13,0,4,1,1,0.3,0.2727,0.49,0.4627,19,99,118
242,7093,2011-10-28,4,0,10,3,0,5,1,1,0.3,0.2879,0.7,0.2836,4,4,8
243,12931,2012-06-27,3,1,6,23,0,3,1,1,0.68,0.6364,0.47,0.1343,11,148,159
244,3560,2011-06-02,2,0,6,5,0,4,1,1,0.66,0.6212,0.39,0.2239,3,28,31
245,11207,2012-04-17,2,1,4,3,0,2,1,1,0.56,0.5303,0.83,0.0896,0,6,6
246,16954,2012-12-14,4,1,12,4,0,5,1,1,0.2,0.2273,0.75,0.0896,1,9,10
247,5340,2011-08-15,3,0,8,9,0,1,1,1,0.64,0.5909,0.78,0.3284,52,170,222
248,9446,2012-02-03,1,1,2,11,0,5,1,1,0.32,0.303,0.53,0.2985,15,149,164
249,13248,2012-07-11,3,1,7,4,0,3,1,1,0.64,0.5758,0.89,0.1343,1,6,7
250,10008,2012-02-27,1,1,2,0,0,1,1,1,0.26,0.2424,0.6,0.2537,2,27,29
251,9352,2012-01-30,1,1,1,13,0,1,1,1,0.3,0.2879,0.31,0.194,15,117,132
252,13432,2012-07-18,3,1,7,20,0,3,1,1,0.74,0.6818,0.62,0.0896,56,310,366
253,486,2011-01-22,1,0,1,7,0,6,0,1,0.02,0.0152,0.44,0.2836,0,8,8
254,8049,2011-12-07,4,0,12,0,0,3,1,1,0.44,0.4394,1,0.194,3,30,33
255,7336,2011-11-07,4,0,11,6,0,1,1,2,0.28,0.3182,0.93,0,2,97,99
256,9894,2012-02-22,1,1,2,6,0,3,1,1,0.32,0.3182,0.76,0.1642,5,85,90
257,6134,2011-09-18,3,0,9,3,0,0,0,1,0.44,0.4394,0.82,0.194,11,25,36
258,15922,2012-11-01,4,1,11,2,0,4,1,1,0.32,0.3333,0.66,0.1343,10,10,20
259,17162,2012-12-22,1,1,12,20,0,6,0,1,0.24,0.2424,0.48,0.1642,6,55,61
260,9921,2012-02-23,1,1,2,9,0,4,1,1,0.36,0.3333,0.81,0.2537,14,228,242
261,4561,2011-07-13,3,0,7,22,0,3,1,1,0.68,0.6364,0.83,0.194,48,136,184
262,3419,2011-05-27,2,0,5,8,0,5,1,1,0.66,0.6212,0.74,0.2836,25,393,418
263,3370,2011-05-25,2,0,5,7,0,3,1,1,0.62,0.5909,0.73,0.1343,29,284,313
264,13283,2012-07-12,3,1,7,15,0,4,1,1,0.8,0.7121,0.36,0.194,63,208,271
265,4376,2011-07-06,3,0,7,5,0,3,1,1,0.68,0.6364,0.83,0.0896,5,30,35
266,15411,2012-10-09,4,1,10,7,0,2,1,1,0.38,0.3939,0.83,0.2537,5,357,362
267,17163,2012-12-22,1,1,12,21,0,6,0,1,0.22,0.2121,0.51,0.2836,4,49,53
268,1303,2011-02-27,1,0,2,11,0,0,0,1,0.36,0.3485,0.62,0.1343,33,92,125
269,9427,2012-02-02,1,1,2,16,0,4,1,1,0.46,0.4545,0.55,0.2836,18,211,229
270,8215,2011-12-13,4,0,12,22,0,2,1,1,0.3,0.303,0.52,0.1642,5,102,107
271,1863,2011-03-23,2,0,3,9,0,3,1,2,0.32,0.303,0.81,0.2537,8,174,182
272,1028,2011-02-15,1,0,2,12,0,2,1,1,0.28,0.2727,0.24,0.2537,6,65,71
273,13219,2012-07-09,3,1,7,23,0,1,1,2,0.7,0.6515,0.65,0.1045,22,109,131
274,11336,2012-04-22,2,1,4,12,0,0,0,3,0.38,0.3939,0.87,0.3284,5,56,61
275,16322,2012-11-17,4,1,11,19,0,6,0,1,0.34,0.3485,0.53,0.0896,45,208,253
276,3704,2011-06-08,2,0,6,5,0,3,1,1,0.62,0.5606,0.88,0,0,21,21
277,9844,2012-02-20,1,1,2,2,1,1,0,2,0.24,0.2576,0.87,0.0896,1,19,20
278,13449,2012-07-19,3,1,7,13,0,4,1,1,0.84,0.7727,0.47,0.1343,74,180,254
279,16069,2012-11-07,4,1,11,5,0,3,1,2,0.28,0.2576,0.52,0.3284,0,27,27
280,2381,2011-04-14,2,0,4,2,0,4,1,1,0.36,0.3485,0.76,0.1343,0,3,3
281,15602,2012-10-17,4,1,10,6,0,3,1,1,0.38,0.3939,0.82,0,7,171,178
282,7772,2011-11-25,4,0,11,10,0,5,1,1,0.36,0.3485,0.71,0.1642,60,82,142
283,291,2011-01-13,1,0,1,13,0,4,1,1,0.22,0.197,0.41,0.4478,2,81,83
284,16367,2012-11-19,4,1,11,16,0,1,1,1,0.42,0.4242,0.58,0.2537,55,325,380
285,3572,2011-06-02,2,0,6,17,0,4,1,1,0.76,0.6515,0.2,0.5224,88,484,572
286,7221,2011-11-02,4,0,11,11,0,3,1,1,0.42,0.4242,0.71,0.1343,27,117,144
287,4354,2011-07-05,3,0,7,7,0,2,1,1,0.7,0.6515,0.65,0.0896,22,248,270
288,2901,2011-05-05,2,0,5,18,0,4,1,1,0.56,0.5303,0.26,0.2836,64,456,520
289,10529,2012-03-19,1,1,3,19,0,1,1,1,0.62,0.6061,0.61,0.2239,86,463,549
290,8571,2011-12-28,1,0,12,21,0,3,1,1,0.22,0.2273,0.44,0.1343,7,63,70
291,13628,2012-07-27,3,1,7,0,0,5,1,1,0.72,0.6818,0.7,0,14,83,97
292,12391,2012-06-05,2,1,6,11,0,2,1,2,0.56,0.5303,0.56,0.194,65,162,227
293,6689,2011-10-11,4,0,10,6,0,2,1,1,0.52,0.5,0.83,0.0896,9,114,123
294,5294,2011-08-13,3,0,8,11,0,6,0,2,0.74,0.697,0.7,0.194,122,192,314
295,10557,2012-03-20,1,1,3,23,0,2,1,1,0.52,0.5,0.83,0,10,80,90
296,12671,2012-06-17,2,1,6,3,0,0,0,1,0.54,0.5152,0.64,0.1045,6,22,28
297,16720,2012-12-04,4,1,12,10,0,2,1,1,0.46,0.4545,0.82,0.194,26,130,156
298,16900,2012-12-11,4,1,12,22,0,2,1,1,0.3,0.2879,0.56,0.2239,6,100,106
299,2849,2011-05-03,2,0,5,14,0,2,1,2,0.7,0.6515,0.58,0.5224,36,122,158
300,14218,2012-08-20,3,1,8,14,0,1,1,1,0.72,0.6667,0.54,0.1642,87,188,275
301,3223,2011-05-19,2,0,5,4,0,4,1,1,0.48,0.4697,0.94,0,2,3,5
302,1057,2011-02-16,1,0,2,18,0,3,1,1,0.4,0.4091,0.4,0.2239,20,202,222
303,3593,2011-06-03,2,0,6,14,0,5,1,1,0.7,0.6364,0.28,0.2836,66,174,240
304,16450,2012-11-23,4,1,11,3,0,5,1,1,0.26,0.303,0.7,0,1,0,1
305,16021,2012-11-05,4,1,11,5,0,1,1,2,0.3,0.2727,0.52,0.3284,1,38,39
306,8268,2011-12-16,4,0,12,3,0,5,1,1,0.46,0.4545,0.82,0.1343,2,3,5
307,6585,2011-10-06,4,0,10,22,0,4,1,1,0.46,0.4545,0.82,0,24,124,148
308,17115,2012-12-20,4,1,12,21,0,4,1,3,0.34,0.3333,0.76,0.1642,1,25,26
309,2176,2011-04-05,2,0,4,12,0,2,1,2,0.34,0.303,0.71,0.3881,6,32,38
310,3648,2011-06-05,2,0,6,21,0,0,0,1,0.64,0.6061,0.73,0.1642,54,111,165
311,11854,2012-05-14,2,1,5,2,0,1,1,1,0.6,0.6061,0.6,0.2985,1,1,2
312,15588,2012-10-16,4,1,10,16,0,2,1,1,0.54,0.5152,0.39,0.2836,79,367,446
313,8652,2012-01-01,1,1,1,6,0,0,0,1,0.26,0.2727,0.93,0.1343,1,1,2
314,15866,2012-10-28,4,1,10,6,0,0,0,2,0.5,0.4848,0.59,0.3284,7,32,39
315,14912,2012-09-18,3,1,9,12,0,2,1,3,0.68,0.6364,0.83,0.4478,16,72,88
316,6766,2011-10-14,4,0,10,11,0,5,1,3,0.52,0.5,0.88,0.1642,11,76,87
317,10956,2012-04-06,2,1,4,15,0,5,1,1,0.5,0.4848,0.27,0.2836,218,319,537
318,4719,2011-07-20,3,0,7,12,0,3,1,1,0.82,0.803,0.59,0,28,121,149
319,5527,2011-08-23,3,0,8,4,0,2,1,1,0.54,0.5152,0.56,0.1642,0,5,5
320,1003,2011-02-14,1,0,2,10,0,1,1,1,0.44,0.4394,0.33,0.2239,9,46,55
321,8730,2012-01-04,1,1,1,13,0,3,1,2,0.14,0.1212,0.43,0.2537,9,82,91
322,4914,2011-07-28,3,0,7,15,0,4,1,1,0.86,0.8182,0.5,0.194,22,124,146
323,2268,2011-04-09,2,0,4,8,0,6,0,2,0.32,0.303,0.93,0.1642,7,47,54
324,10605,2012-03-22,2,1,3,23,0,4,1,1,0.56,0.5303,0.83,0.0896,34,117,151
325,5392,2011-08-17,3,0,8,13,0,3,1,1,0.8,0.7121,0.41,0.194,38,138,176
326,2168,2011-04-05,2,0,4,4,0,2,1,3,0.5,0.4848,0.88,0.4925,0,2,2
327,5494,2011-08-21,3,0,8,19,0,0,0,1,0.72,0.6818,0.7,0.2537,81,201,282
328,17174,2012-12-23,1,1,12,8,0,0,0,1,0.14,0.1667,0.69,0.1045,5,43,48
329,2831,2011-05-02,2,0,5,20,0,1,1,2,0.62,0.6061,0.69,0.1343,44,174,218
330,1499,2011-03-07,1,0,3,19,0,1,1,1,0.3,0.2879,0.33,0.2239,11,134,145
331,12668,2012-06-17,2,1,6,0,0,0,0,1,0.56,0.5303,0.56,0.1343,31,117,148
332,15247,2012-10-02,4,1,10,11,0,2,1,3,0.58,0.5455,0.94,0.1343,7,92,99
333,11305,2012-04-21,2,1,4,5,0,6,0,1,0.5,0.4848,0.82,0.2537,0,1,1
334,2560,2011-04-21,2,0,4,13,0,4,1,1,0.48,0.4697,0.33,0.3284,55,122,177
335,2406,2011-04-15,2,0,4,3,1,5,0,1,0.4,0.4091,0.76,0,0,3,3
336,3578,2011-06-02,2,0,6,23,0,4,1,1,0.62,0.6212,0.35,0.2239,23,89,112
337,2146,2011-04-04,2,0,4,6,0,1,1,1,0.42,0.4242,0.58,0.2836,3,43,46
338,13725,2012-07-31,3,1,7,1,0,2,1,1,0.66,0.6061,0.83,0.1343,3,18,21
339,16137,2012-11-10,4,1,11,2,0,6,0,1,0.32,0.3485,0.81,0,2,42,44
340,7629,2011-11-19,4,0,11,11,0,6,0,1,0.36,0.3788,0.4,0,50,183,233
341,1115,2011-02-19,1,0,2,4,0,6,0,1,0.4,0.4091,0.15,0.3284,0,3,3
342,16061,2012-11-06,4,1,11,21,0,2,1,2,0.3,0.2879,0.56,0.2537,14,137,151
343,15003,2012-09-22,3,1,9,7,0,6,0,1,0.58,0.5455,0.78,0.2537,7,70,77
344,15201,2012-09-30,4,1,9,13,0,0,0,1,0.62,0.6212,0.41,0.2537,180,414,594
345,9339,2012-01-30,1,1,1,0,0,1,1,2,0.32,0.2879,0.26,0.4179,0,10,10
346,981,2011-02-13,1,0,2,12,0,0,0,1,0.36,0.3182,0.32,0.4627,58,94,152
347,6662,2011-10-10,4,0,10,3,1,1,0,1,0.46,0.4545,0.88,0,2,9,11
348,15428,2012-10-10,4,1,10,0,0,3,1,2,0.46,0.4545,0.88,0.0896,0,33,33
349,5126,2011-08-06,3,0,8,11,0,6,0,1,0.78,0.7424,0.62,0.2239,138,211,349
350,12124,2012-05-25,2,1,5,8,0,5,1,2,0.64,0.5758,0.89,0.1045,32,551,583
351,13459,2012-07-19,3,1,7,23,0,4,1,3,0.66,0.5909,0.89,0.2239,3,62,65
352,12039,2012-05-21,2,1,5,19,0,1,1,1,0.66,0.6212,0.69,0.0896,57,391,448
353,12887,2012-06-26,3,1,6,3,0,2,1,1,0.54,0.5152,0.45,0.2836,2,7,9
354,11672,2012-05-06,2,1,5,12,0,0,0,2,0.6,0.6061,0.64,0.0896,207,351,558
355,2141,2011-04-04,2,0,4,1,0,1,1,1,0.4,0.4091,0.56,0.3582,7,4,11
356,13044,2012-07-02,3,1,7,16,0,1,1,1,0.84,0.7424,0.36,0.2836,61,304,365
357,13901,2012-08-07,3,1,8,9,0,2,1,2,0.7,0.6667,0.74,0.1343,44,283,327
358,15197,2012-09-30,4,1,9,9,0,0,0,1,0.52,0.5,0.63,0.1045,74,211,285
359,2685,2011-04-26,2,0,4,18,0,2,1,1,0.68,0.6364,0.65,0.4478,65,463,528
360,11076,2012-04-11,2,1,4,16,0,3,1,1,0.44,0.4394,0.33,0.2985,51,256,307
361,4875,2011-07-27,3,0,7,0,0,3,1,2,0.78,0.7121,0.52,0.1642,19,26,45
362,8378,2011-12-20,4,0,12,17,0,2,1,1,0.4,0.4091,0.62,0.1642,14,417,431
363,10685,2012-03-26,2,1,3,7,0,1,1,1,0.44,0.4394,0.72,0.194,15,355,370
364,16023,2012-11-05,4,1,11,7,0,1,1,2,0.3,0.2879,0.49,0.2537,8,453,461
365,7389,2011-11-09,4,0,11,11,0,3,1,1,0.46,0.4545,0.67,0.1642,21,131,152
366,3947,2011-06-18,2,0,6,8,0,6,0,1,0.66,0.6061,0.78,0.0896,28,103,131
367,13499,2012-07-21,3,1,7,15,0,6,0,3,0.6,0.5455,0.88,0.2537,148,232,380
368,15199,2012-09-30,4,1,9,11,0,0,0,1,0.6,0.6212,0.43,0.2239,222,369,591
369,4992,2011-07-31,3,0,7,21,0,0,0,1,0.78,0.7424,0.59,0.2985,68,96,164
370,7318,2011-11-06,4,0,11,12,0,0,0,1,0.44,0.4394,0.54,0,120,226,346
371,7201,2011-11-01,4,0,11,15,0,2,1,1,0.5,0.4848,0.45,0.1343,38,148,186
372,4716,2011-07-20,3,0,7,9,0,3,1,1,0.74,0.697,0.7,0.0896,28,181,209
373,8216,2011-12-13,4,0,12,23,0,2,1,1,0.26,0.303,0.7,0,4,55,59
374,12059,2012-05-22,2,1,5,15,0,2,1,1,0.7,0.6515,0.61,0.0896,54,191,245
375,12519,2012-06-10,2,1,6,19,0,0,0,1,0.82,0.7121,0.28,0.2836,115,260,375
376,7628,2011-11-19,4,0,11,10,0,6,0,1,0.32,0.303,0.45,0.2537,35,165,200
377,138,2011-01-06,1,0,1,23,0,4,1,2,0.2,0.197,0.59,0.194,4,19,23
378,5937,2011-09-09,3,0,9,21,0,5,1,1,0.66,0.5909,0.89,0,49,154,203
379,10975,2012-04-07,2,1,4,10,0,6,0,1,0.42,0.4242,0.28,0.2537,187,176,363
380,9612,2012-02-10,1,1,2,10,0,5,1,2,0.26,0.2727,0.48,0.1343,5,119,124
381,15239,2012-10-02,4,1,10,3,0,2,1,2,0.54,0.5152,0.88,0.194,1,4,5
382,10616,2012-03-23,2,1,3,10,0,5,1,2,0.56,0.5303,0.88,0.1045,125,150,275
383,8001,2011-12-05,4,0,12,0,0,1,1,1,0.32,0.3333,0.87,0.0896,3,21,24
384,10408,2012-03-14,1,1,3,18,0,3,1,1,0.7,0.6364,0.32,0,102,647,749
385,4352,2011-07-05,3,0,7,5,0,2,1,1,0.66,0.6212,0.69,0,1,19,20
386,3475,2011-05-29,2,0,5,16,0,0,0,1,0.74,0.697,0.7,0.2836,194,167,361
387,4148,2011-06-26,3,0,6,17,0,0,0,2,0.72,0.6515,0.42,0.1642,178,243,421
388,11572,2012-05-02,2,1,5,8,0,3,1,2,0.56,0.5303,0.88,0,26,640,666
389,16269,2012-11-15,4,1,11,14,0,4,1,2,0.38,0.3939,0.54,0.1642,27,174,201
390,10084,2012-03-01,1,1,3,5,0,4,1,1,0.48,0.4697,0.88,0.1642,0,18,18
391,7729,2011-11-23,4,0,11,15,0,3,1,2,0.42,0.4242,0.54,0.4478,13,194,207
392,13102,2012-07-05,3,1,7,2,0,4,1,1,0.74,0.6667,0.51,0,4,14,18
393,17235,2012-12-25,1,1,12,23,1,2,0,2,0.28,0.2727,0.65,0.2537,4,26,30
394,15363,2012-10-07,4,1,10,7,0,0,0,3,0.42,0.4242,0.58,0.1642,6,29,35
395,7008,2011-10-24,4,0,10,14,0,1,1,2,0.54,0.5152,0.64,0.194,63,143,206
396,16274,2012-11-15,4,1,11,19,0,4,1,2,0.34,0.3333,0.61,0.1343,11,375,386
397,6730,2011-10-12,4,0,10,23,0,3,1,3,0.54,0.5152,0.94,0.0896,13,41,54
398,6070,2011-09-15,3,0,9,11,0,4,1,2,0.68,0.6364,0.65,0.1343,39,120,159
399,5652,2011-08-28,3,0,8,22,0,0,0,1,0.64,0.6061,0.69,0.1045,25,73,98
400,16823,2012-12-08,4,1,12,17,0,6,0,1,0.38,0.3939,0.87,0.1343,77,268,345
401,6388,2011-09-28,4,0,9,17,0,3,1,1,0.7,0.6515,0.7,0.2239,64,527,591
402,15256,2012-10-02,4,1,10,20,0,2,1,3,0.62,0.5455,0.94,0.1343,20,286,306
403,7896,2011-11-30,4,0,11,15,0,3,1,1,0.36,0.3333,0.46,0.3284,11,104,115
404,1348,2011-03-01,1,0,3,10,0,2,1,1,0.24,0.2121,0.52,0.2836,13,55,68
405,3129,2011-05-15,2,0,5,6,0,0,0,2,0.52,0.5,1,0.1343,3,14,17
406,11999,2012-05-20,2,1,5,3,0,0,0,1,0.54,0.5152,0.56,0.0896,26,40,66
407,6927,2011-10-21,4,0,10,5,0,5,1,1,0.34,0.3333,0.76,0.194,0,31,31
408,5217,2011-08-10,3,0,8,6,0,3,1,1,0.68,0.6364,0.61,0,9,110,119
409,16848,2012-12-09,4,1,12,18,0,0,0,3,0.36,0.3636,0.93,0.0896,17,181,198
410,10585,2012-03-22,2,1,3,3,0,4,1,1,0.52,0.5,0.83,0.0896,0,7,7
411,13791,2012-08-02,3,1,8,19,0,4,1,1,0.8,0.7879,0.63,0.1642,98,509,607
412,15488,2012-10-12,4,1,10,12,0,5,1,1,0.54,0.5152,0.39,0.4627,75,312,387
413,3422,2011-05-27,2,0,5,11,0,5,1,2,0.74,0.6818,0.55,0.3284,40,126,166
414,5568,2011-08-24,3,0,8,21,0,3,1,1,0.7,0.6515,0.61,0.3582,47,189,236
415,11514,2012-04-29,2,1,4,22,0,0,0,1,0.5,0.4848,0.45,0,23,85,108
416,8879,2012-01-10,1,1,1,19,0,2,1,1,0.38,0.3939,0.46,0.1045,11,270,281
417,14899,2012-09-17,3,1,9,23,0,1,1,3,0.6,0.5152,0.94,0.2537,4,66,70
418,10204,2012-03-06,1,1,3,5,0,2,1,1,0.18,0.1818,0.51,0.2239,0,25,25
419,9124,2012-01-21,1,1,1,1,0,6,0,4,0.14,0.1364,0.86,0.194,1,22,23
420,16051,2012-11-06,4,1,11,11,0,2,1,1,0.32,0.3333,0.45,0.1343,39,177,216
421,12673,2012-06-17,2,1,6,5,0,0,0,1,0.54,0.5152,0.68,0.1343,4,13,17
422,3985,2011-06-19,2,0,6,22,0,0,0,1,0.66,0.6061,0.78,0.2239,38,114,152
423,6105,2011-09-16,3,0,9,22,0,5,1,1,0.48,0.4697,0.67,0.0896,32,135,167
424,4462,2011-07-09,3,0,7,19,0,6,0,1,0.76,0.697,0.55,0.1642,128,178,306
425,12734,2012-06-19,2,1,6,18,0,2,1,1,0.8,0.7576,0.55,0.1642,91,704,795
426,16777,2012-12-06,4,1,12,19,0,4,1,1,0.26,0.2576,0.6,0.194,13,360,373
427,10497,2012-03-18,1,1,3,11,0,0,0,2,0.44,0.4394,0.82,0.1642,129,239,368
428,2299,2011-04-10,2,0,4,15,0,0,0,1,0.5,0.4848,0.77,0.2239,156,141,297
429,10049,2012-02-28,1,1,2,17,0,2,1,1,0.42,0.4242,0.26,0.0896,33,497,530
430,11377,2012-04-24,2,1,4,5,0,2,1,1,0.3,0.2879,0.7,0.194,0,22,22
431,961,2011-02-12,1,0,2,15,0,6,0,1,0.34,0.303,0.29,0.4179,47,127,174
432,10391,2012-03-14,1,1,3,1,0,3,1,1,0.52,0.5,0.63,0.0896,2,25,27
433,2301,2011-04-10,2,0,4,17,0,0,0,2,0.52,0.5,0.72,0.194,84,152,236
434,5099,2011-08-05,3,0,8,8,0,5,1,1,0.7,0.6515,0.65,0.2239,39,415,454
435,8355,2011-12-19,4,0,12,18,0,1,1,1,0.36,0.3485,0.5,0.194,11,343,354
436,13714,2012-07-30,3,1,7,14,0,1,1,1,0.8,0.7424,0.49,0.2239,87,167,254
437,3904,2011-06-16,2,0,6,13,0,4,1,2,0.72,0.6667,0.54,0.2537,37,114,151
438,5462,2011-08-20,3,0,8,11,0,6,0,1,0.72,0.6667,0.58,0,115,223,338
439,5906,2011-09-08,3,0,9,14,0,4,1,2,0.7,0.6667,0.79,0.3582,15,105,120
440,3071,2011-05-12,2,0,5,20,0,4,1,1,0.6,0.6061,0.64,0.194,56,220,276
441,5435,2011-08-19,3,0,8,8,0,5,1,2,0.66,0.6061,0.83,0,30,368,398
442,2309,2011-04-11,2,0,4,1,0,1,1,1,0.46,0.4545,0.94,0.2836,1,3,4
443,971,2011-02-13,1,0,2,1,0,0,0,1,0.2,0.2273,0.59,0.0896,1,23,24
444,10281,2012-03-09,1,1,3,10,0,5,1,2,0.34,0.2879,0.36,0.4925,14,145,159
445,6806,2011-10-16,4,0,10,3,0,0,0,1,0.42,0.4242,0.54,0.1343,11,31,42
446,3205,2011-05-18,2,0,5,10,0,3,1,3,0.54,0.5152,0.88,0.2836,33,73,106
447,12065,2012-05-22,2,1,5,21,0,2,1,1,0.62,0.5909,0.78,0.1343,28,233,261
448,13502,2012-07-21,3,1,7,18,0,6,0,2,0.6,0.5455,0.88,0.194,51,126,177
449,6437,2011-09-30,4,0,9,18,0,5,1,1,0.58,0.5455,0.49,0.3582,62,449,511
450,10664,2012-03-25,2,1,3,10,0,0,0,2,0.4,0.4091,0.87,0.3284,78,172,250
451,362,2011-01-16,1,0,1,13,0,0,0,1,0.26,0.2273,0.35,0.2985,23,95,118
452,4808,2011-07-24,3,0,7,5,0,0,0,1,0.78,0.7576,0.66,0.0896,5,3,8
453,6435,2011-09-30,4,0,9,16,0,5,1,1,0.62,0.6212,0.53,0.2239,62,298,360
454,16895,2012-12-11,4,1,12,17,0,2,1,1,0.32,0.303,0.53,0.2239,21,580,601
455,737,2011-02-03,1,0,2,1,0,4,1,1,0.2,0.1515,0.44,0.5224,0,5,5
456,13801,2012-08-03,3,1,8,5,0,5,1,1,0.66,0.6061,0.83,0.1642,2,35,37
457,7885,2011-11-30,4,0,11,4,0,3,1,1,0.3,0.2879,0.75,0.2239,0,5,5
458,4465,2011-07-09,3,0,7,22,0,6,0,1,0.72,0.6818,0.62,0.1642,60,154,214
459,4203,2011-06-29,3,0,6,0,0,3,1,2,0.68,0.6364,0.79,0.2836,11,25,36
460,451,2011-01-20,1,0,1,19,0,4,1,1,0.26,0.2273,0.56,0.3284,6,146,152
461,8723,2012-01-04,1,1,1,6,0,3,1,1,0.02,0.0455,0.41,0.1642,0,59,59
462,4257,2011-07-01,3,0,7,6,0,5,1,1,0.62,0.6061,0.61,0.1343,11,97,108
463,11936,2012-05-17,2,1,5,12,0,4,1,1,0.6,0.6212,0.43,0.194,72,276,348
464,8202,2011-12-13,4,0,12,9,0,2,1,1,0.26,0.2576,0.6,0.1642,10,223,233
465,16629,2012-11-30,4,1,11,15,0,5,1,2,0.42,0.4242,0.38,0.1045,34,262,296
466,1633,2011-03-13,1,0,3,13,0,0,0,1,0.46,0.4545,0.38,0.3881,97,124,221
467,13541,2012-07-23,3,1,7,9,0,1,1,2,0.74,0.7121,0.74,0.1343,57,288,345
468,3502,2011-05-30,2,0,5,19,1,1,0,2,0.52,0.5,0.48,0.1045,68,157,225
469,9364,2012-01-31,1,1,1,1,0,2,1,1,0.3,0.2727,0.42,0.2985,1,7,8
470,745,2011-02-03,1,0,2,10,0,4,1,1,0.18,0.1515,0.43,0.3284,2,50,52
471,8847,2012-01-09,1,1,1,10,0,1,1,1,0.24,0.2879,0.6,0,13,95,108
472,7640,2011-11-19,4,0,11,22,0,6,0,2,0.38,0.3939,0.62,0.1642,26,80,106
473,1351,2011-03-01,1,0,3,13,0,2,1,1,0.32,0.3485,0.39,0,13,65,78
474,16643,2012-12-01,4,1,12,5,0,6,0,1,0.24,0.2576,0.87,0.0896,1,12,13
475,14615,2012-09-06,3,1,9,3,0,4,1,1,0.7,0.6667,0.84,0.1045,0,9,9
476,11060,2012-04-10,2,1,4,23,0,2,1,1,0.36,0.3333,0.4,0.4179,14,48,62
477,13742,2012-07-31,3,1,7,18,0,2,1,1,0.76,0.697,0.55,0.2836,99,758,857
478,11733,2012-05-09,2,1,5,1,0,3,1,2,0.6,0.5758,0.78,0.2537,3,11,14
479,12265,2012-05-31,2,1,5,5,0,4,1,1,0.62,0.6061,0.69,0.2537,1,32,33
480,3617,2011-06-04,2,0,6,14,0,6,0,1,0.74,0.6515,0.33,0.2239,193,258,451
481,11209,2012-04-17,2,1,4,5,0,2,1,1,0.6,0.6212,0.53,0.2537,1,29,30
482,16262,2012-11-15,4,1,11,7,0,4,1,2,0.3,0.2879,0.65,0.194,7,403,410
483,12314,2012-06-02,2,1,6,6,0,6,0,2,0.5,0.4848,0.77,0.194,5,31,36
484,4,2011-01-01,1,0,1,3,0,6,0,1,0.24,0.2879,0.75,0,3,10,13
485,9330,2012-01-29,1,1,1,15,0,0,0,1,0.36,0.3333,0.25,0.2836,68,242,310
486,13787,2012-08-02,3,1,8,15,0,4,1,1,0.78,0.7424,0.62,0.4627,68,202,270
487,5121,2011-08-06,3,0,8,6,0,6,0,1,0.64,0.5758,0.89,0.1045,5,22,27
488,12382,2012-06-05,2,1,6,2,0,2,1,3,0.52,0.5,0.72,0.2985,0,8,8
489,6434,2011-09-30,4,0,9,15,0,5,1,1,0.64,0.6212,0.5,0.2836,52,193,245
490,8810,2012-01-07,1,1,1,21,0,6,0,1,0.44,0.4394,0.44,0.2239,22,118,140
491,12564,2012-06-12,2,1,6,16,0,2,1,2,0.66,0.5909,0.89,0.2836,30,209,239
492,14551,2012-09-03,3,1,9,11,1,1,0,2,0.74,0.697,0.7,0.2836,187,272,459
493,7071,2011-10-27,4,0,10,5,0,4,1,3,0.48,0.4697,0.88,0.0896,1,14,15
494,16531,2012-11-26,4,1,11,12,0,1,1,1,0.42,0.4242,0.35,0.1045,22,188,210
495,4114,2011-06-25,3,0,6,7,0,6,0,1,0.64,0.6212,0.57,0.2836,7,35,42
496,5505,2011-08-22,3,0,8,6,0,1,1,1,0.66,0.6212,0.61,0.2985,6,106,112
497,879,2011-02-09,1,0,2,1,0,3,1,1,0.1,0.1061,0.36,0.2239,0,7,7
498,10368,2012-03-13,1,1,3,2,0,2,1,3,0.52,0.5,0.72,0.2985,0,1,1
499,12752,2012-06-20,2,1,6,12,0,3,1,1,0.86,0.803,0.47,0.1642,30,150,180
500,17012,2012-12-16,4,1,12,14,0,0,0,2,0.38,0.3939,0.76,0.1343,50,260,310
501,3336,2011-05-23,2,0,5,21,0,1,1,1,0.64,0.5758,0.89,0.2239,33,155,188
502,2623,2011-04-24,2,0,4,4,0,0,0,1,0.5,0.4848,0.94,0.0896,0,5,5
503,7773,2011-11-25,4,0,11,11,0,5,1,1,0.4,0.4091,0.66,0.1045,99,127,226
504,1511,2011-03-08,1,0,3,7,0,2,1,1,0.18,0.197,0.64,0.1343,9,119,128
505,11932,2012-05-17,2,1,5,8,0,4,1,1,0.52,0.5,0.55,0.4478,29,605,634
506,5949,2011-09-10,3,0,9,9,0,6,0,1,0.64,0.5909,0.78,0.2985,39,168,207
507,6671,2011-10-10,4,0,10,12,1,1,0,2,0.7,0.6515,0.48,0.0896,164,201,365
508,9097,2012-01-19,1,1,1,22,0,4,1,2,0.26,0.2273,0.44,0.4179,0,90,90
509,6513,2011-10-03,4,0,10,22,0,1,1,2,0.4,0.4091,0.82,0,12,79,91
510,4573,2011-07-14,3,0,7,10,0,4,1,1,0.7,0.6364,0.42,0.2537,32,95,127
511,11647,2012-05-05,2,1,5,11,0,6,0,1,0.7,0.6515,0.58,0.0896,221,354,575
512,11504,2012-04-29,2,1,4,12,0,0,0,1,0.48,0.4697,0.44,0.1045,223,361,584
513,3734,2011-06-09,2,0,6,11,0,4,1,1,0.9,0.8485,0.42,0.2239,36,82,118
514,3685,2011-06-07,2,0,6,10,0,2,1,2,0.76,0.6818,0.48,0.194,37,86,123
515,6259,2011-09-23,4,0,9,8,0,5,1,3,0.62,0.5455,0.94,0.1343,20,297,317
516,3060,2011-05-12,2,0,5,9,0,4,1,2,0.5,0.4848,0.77,0.2836,21,191,212
517,14238,2012-08-21,3,1,8,10,0,2,1,1,0.66,0.6212,0.61,0.1045,58,120,178
518,4695,2011-07-19,3,0,7,12,0,2,1,1,0.84,0.8182,0.56,0.0896,26,127,153
519,11439,2012-04-26,2,1,4,19,0,4,1,2,0.54,0.5152,0.77,0.2239,57,407,464
520,15501,2012-10-13,4,1,10,1,0,6,0,1,0.34,0.3333,0.53,0.1343,23,123,146
521,11777,2012-05-10,2,1,5,21,0,4,1,1,0.5,0.4848,0.42,0.194,19,211,230
522,2857,2011-05-03,2,0,5,22,0,2,1,2,0.58,0.5455,0.6,0.3881,14,99,113
523,15265,2012-10-03,4,1,10,5,0,3,1,2,0.62,0.5455,0.94,0.1045,2,32,34
524,14607,2012-09-05,3,1,9,19,0,3,1,1,0.74,0.697,0.7,0.1642,64,598,662
525,709,2011-02-01,1,0,2,21,0,2,1,2,0.22,0.2273,0.87,0.1343,0,64,64
526,1211,2011-02-23,1,0,2,12,0,3,1,1,0.26,0.2879,0.35,0.0896,11,56,67
527,12388,2012-06-05,2,1,6,8,0,2,1,2,0.48,0.4697,0.77,0.2239,30,680,710
528,12067,2012-05-22,2,1,5,23,0,2,1,1,0.62,0.5909,0.73,0.1045,14,91,105
529,7875,2011-11-29,4,0,11,18,0,2,1,2,0.4,0.4091,0.82,0.2985,11,347,358
530,11192,2012-04-16,2,1,4,12,1,1,0,1,0.68,0.6364,0.57,0.2537,75,196,271
531,347,2011-01-15,1,0,1,22,0,6,0,2,0.3,0.3182,0.42,0.1045,0,26,26
532,12910,2012-06-27,3,1,6,2,0,3,1,1,0.56,0.5303,0.49,0.1343,2,12,14
533,10429,2012-03-15,1,1,3,15,0,4,1,1,0.72,0.6515,0.32,0.2239,100,187,287
534,2520,2011-04-19,2,0,4,21,0,2,1,2,0.5,0.4848,0.72,0.1343,8,114,122
535,11783,2012-05-11,2,1,5,3,0,5,1,1,0.46,0.4545,0.41,0.2836,5,8,13
536,9420,2012-02-02,1,1,2,9,0,4,1,3,0.38,0.3939,0.87,0,15,213,228
537,5107,2011-08-05,3,0,8,16,0,5,1,1,0.8,0.7424,0.49,0.2537,76,254,330
538,16734,2012-12-05,4,1,12,0,0,3,1,1,0.5,0.4848,0.59,0.2836,6,31,37
539,14669,2012-09-08,3,1,9,9,0,6,0,1,0.7,0.6667,0.74,0.3881,87,261,348
540,11087,2012-04-12,2,1,4,3,0,4,1,1,0.32,0.303,0.61,0.2537,2,3,5
541,7918,2011-12-01,4,0,12,13,0,4,1,1,0.4,0.4091,0.4,0.2239,17,137,154
542,2936,2011-05-07,2,0,5,5,0,6,0,1,0.46,0.4545,0.59,0.1343,4,3,7
543,938,2011-02-11,1,0,2,16,0,5,1,1,0.3,0.2879,0.28,0.194,14,111,125
544,11773,2012-05-10,2,1,5,17,0,4,1,1,0.6,0.6212,0.31,0.3881,84,648,732
545,7160,2011-10-30,4,0,10,22,0,0,0,1,0.3,0.3333,0.75,0,13,58,71
546,2421,2011-04-15,2,0,4,18,1,5,0,2,0.46,0.4545,0.67,0.3881,47,216,263
547,6533,2011-10-04,4,0,10,18,0,2,1,1,0.54,0.5152,0.64,0.2836,68,456,524
548,6884,2011-10-19,4,0,10,10,0,3,1,3,0.52,0.5,0.88,0.4925,14,109,123
549,8613,2011-12-30,1,0,12,15,0,5,1,1,0.42,0.4242,0.44,0,56,236,292
550,5479,2011-08-21,3,0,8,4,0,0,0,1,0.68,0.6364,0.83,0.2239,1,5,6
551,13177,2012-07-08,3,1,7,5,0,0,0,1,0.78,0.7424,0.62,0,1,5,6
552,6174,2011-09-19,3,0,9,19,0,1,1,2,0.56,0.5303,0.68,0.1045,41,333,374
553,2026,2011-03-30,2,0,3,6,0,3,1,2,0.3,0.303,0.49,0.1343,4,44,48
554,2930,2011-05-06,2,0,5,23,0,5,1,1,0.44,0.4394,0.82,0.1343,27,93,120
555,10895,2012-04-04,2,1,4,2,0,3,1,1,0.46,0.4545,0.51,0,0,5,5
556,8391,2011-12-21,1,0,12,6,0,3,1,2,0.36,0.3788,0.87,0,1,75,76
557,4041,2011-06-22,3,0,6,6,0,3,1,1,0.66,0.6061,0.83,0,12,110,122
558,13556,2012-07-24,3,1,7,0,0,2,1,1,0.7,0.6667,0.74,0.1343,12,52,64
559,9684,2012-02-13,1,1,2,10,0,1,1,1,0.14,0.1515,0.5,0.1343,1,70,71
560,6189,2011-09-20,3,0,9,10,0,2,1,3,0.56,0.5303,0.88,0.1642,4,26,30
561,11417,2012-04-25,2,1,4,21,0,3,1,1,0.52,0.5,0.52,0.1343,27,212,239
562,3033,2011-05-11,2,0,5,6,0,3,1,1,0.46,0.4545,0.82,0.1343,6,93,99
563,6880,2011-10-19,4,0,10,6,0,3,1,3,0.52,0.5,0.83,0.2537,3,28,31
564,12497,2012-06-09,2,1,6,21,0,6,0,1,0.74,0.6515,0.4,0.194,105,211,316
565,6399,2011-09-29,4,0,9,4,0,4,1,2,0.6,0.5455,0.88,0.194,2,5,7
566,16195,2012-11-12,4,1,11,12,1,1,0,1,0.56,0.5303,0.64,0.2239,105,314,419
567,15517,2012-10-13,4,1,10,17,0,6,0,1,0.46,0.4545,0.38,0.1642,193,335,528
568,8118,2011-12-09,4,0,12,21,0,5,1,1,0.3,0.3333,0.75,0,9,131,140
569,10584,2012-03-22,2,1,3,2,0,4,1,1,0.52,0.5,0.83,0.0896,1,5,6
570,16339,2012-11-18,4,1,11,12,0,0,0,1,0.4,0.4091,0.62,0.2836,101,341,442
571,13139,2012-07-06,3,1,7,15,0,5,1,1,0.92,0.8182,0.29,0.194,79,206,285
572,1740,2011-03-18,1,0,3,3,0,5,1,1,0.36,0.3485,0.71,0.194,1,4,5
573,15811,2012-10-25,4,1,10,23,0,4,1,2,0.54,0.5152,0.83,0.1343,13,122,135
574,2239,2011-04-08,2,0,4,3,0,5,1,3,0.34,0.3333,0.76,0.1642,0,1,1
575,796,2011-02-05,1,0,2,14,0,6,0,3,0.22,0.2727,1,0,5,50,55
576,901,2011-02-10,1,0,2,0,0,4,1,3,0.14,0.1364,0.86,0.194,0,16,16
577,2772,2011-04-30,2,0,4,9,0,6,0,1,0.44,0.4394,0.51,0.3582,35,121,156
578,13612,2012-07-26,3,1,7,8,0,4,1,2,0.7,0.6667,0.74,0.2537,49,680,729
579,1262,2011-02-25,1,0,2,17,0,5,1,1,0.32,0.2727,0.49,0.7463,8,181,189
580,5567,2011-08-24,3,0,8,20,0,3,1,1,0.72,0.6667,0.58,0.2985,45,289,334
581,48,2011-01-03,1,0,1,0,0,1,1,1,0.22,0.197,0.44,0.3582,0,5,5
582,16563,2012-11-27,4,1,11,20,0,2,1,1,0.26,0.2273,0.75,0.3284,4,228,232
583,12094,2012-05-24,2,1,5,2,0,4,1,1,0.6,0.5455,0.88,0,1,15,16
584,6194,2011-09-20,3,0,9,15,0,2,1,2,0.62,0.5909,0.78,0.1045,34,158,192
585,11717,2012-05-08,2,1,5,9,0,2,1,2,0.56,0.5303,0.68,0.3582,37,258,295
586,12456,2012-06-08,2,1,6,4,0,5,1,1,0.52,0.5,0.63,0,1,9,10
587,968,2011-02-12,1,0,2,22,0,6,0,1,0.24,0.2576,0.44,0.0896,6,39,45
588,2590,2011-04-22,2,0,4,19,0,5,1,3,0.32,0.303,0.93,0.2239,7,48,55
589,4035,2011-06-22,3,0,6,0,0,3,1,1,0.66,0.6061,0.78,0.194,15,18,33
590,2713,2011-04-27,2,0,4,22,0,3,1,2,0.62,0.5606,0.88,0.3284,18,111,129
591,13203,2012-07-09,3,1,7,7,0,1,1,3,0.66,0.6061,0.83,0.2239,7,223,230
592,5961,2011-09-10,3,0,9,21,0,6,0,1,0.64,0.5909,0.78,0.0896,59,171,230
593,17315,2012-12-29,1,1,12,7,0,6,0,2,0.26,0.2424,0.7,0.1343,1,17,18
594,11464,2012-04-27,2,1,4,20,0,5,1,1,0.46,0.4545,0.31,0.2836,49,240,289
595,857,2011-02-08,1,0,2,3,0,2,1,3,0.28,0.2727,0.93,0.1642,0,1,1
596,2052,2011-03-31,2,0,3,8,0,4,1,2,0.24,0.2273,1,0.2537,7,185,192
597,9930,2012-02-23,1,1,2,18,0,4,1,1,0.54,0.5152,0.37,0.1343,36,486,522
598,11275,2012-04-19,2,1,4,23,0,4,1,1,0.5,0.4848,0.63,0.1045,20,124,144
599,4339,2011-07-04,3,0,7,16,1,1,0,1,0.82,0.7424,0.41,0,236,216,452
600,6418,2011-09-29,4,0,9,23,0,4,1,1,0.52,0.5,0.77,0.1045,17,64,81
601,9116,2012-01-20,1,1,1,17,0,5,1,2,0.22,0.2576,0.32,0.0896,9,340,349
602,837,2011-02-07,1,0,2,7,0,1,1,1,0.18,0.2424,0.86,0,6,89,95
603,3121,2011-05-14,2,0,5,22,0,6,0,3,0.54,0.5152,0.94,0.1642,7,19,26
604,12698,2012-06-18,2,1,6,6,0,1,1,3,0.52,0.5,0.88,0.1343,0,37,37
605,9194,2012-01-23,1,1,1,23,0,1,1,2,0.28,0.2576,0.93,0.3284,2,35,37
606,14119,2012-08-16,3,1,8,11,0,4,1,1,0.76,0.6667,0.37,0.0896,83,191,274
607,4661,2011-07-18,3,0,7,2,0,1,1,1,0.66,0.6061,0.83,0.2239,2,8,10
608,16323,2012-11-17,4,1,11,20,0,6,0,2,0.34,0.3485,0.66,0.0896,30,142,172
609,7758,2011-11-24,4,0,11,20,1,4,0,1,0.36,0.3485,0.76,0.1642,14,17,31
610,1494,2011-03-07,1,0,3,14,0,1,1,1,0.32,0.2879,0.36,0.4179,21,56,77
611,16146,2012-11-10,4,1,11,11,0,6,0,1,0.4,0.4091,0.58,0.1045,143,323,466
612,12763,2012-06-20,2,1,6,23,0,3,1,1,0.78,0.7424,0.59,0.1045,21,102,123
613,1021,2011-02-15,1,0,2,5,0,2,1,1,0.22,0.1818,0.32,0.4627,0,4,4
614,3533,2011-06-01,2,0,6,2,0,3,1,1,0.7,0.6667,0.79,0.1642,0,3,3
615,10035,2012-02-28,1,1,2,3,0,2,1,1,0.4,0.4091,0.32,0.3582,0,6,6
616,2233,2011-04-07,2,0,4,21,0,4,1,2,0.44,0.4394,0.67,0.2836,19,89,108
617,6527,2011-10-04,4,0,10,12,0,2,1,1,0.56,0.5303,0.56,0.2985,39,160,199
618,929,2011-02-11,1,0,2,7,0,5,1,1,0.08,0.1667,0.73,0,1,73,74
619,17043,2012-12-17,4,1,12,21,0,1,1,2,0.42,0.4242,0.94,0.1343,6,114,120
620,6770,2011-10-14,4,0,10,15,0,5,1,1,0.62,0.6212,0.43,0.2836,61,169,230
621,5026,2011-08-02,3,0,8,7,0,2,1,1,0.72,0.6667,0.61,0.2836,15,320,335
622,6181,2011-09-20,3,0,9,2,0,2,1,2,0.54,0.5152,0.88,0.1642,1,4,5
623,13156,2012-07-07,3,1,7,8,0,6,0,1,0.82,0.8333,0.63,0.194,32,120,152
624,11090,2012-04-12,2,1,4,6,0,4,1,1,0.3,0.2879,0.65,0.2537,2,94,96
625,11548,2012-05-01,2,1,5,8,0,2,1,2,0.52,0.5,0.94,0.2836,19,538,557
626,7232,2011-11-02,4,0,11,22,0,3,1,1,0.36,0.3485,0.71,0.1343,7,99,106
627,4801,2011-07-23,3,0,7,22,0,6,0,1,0.8,0.7727,0.59,0.194,37,88,125
628,1871,2011-03-23,2,0,3,17,0,3,1,2,0.4,0.4091,0.76,0.2239,28,245,273
629,1398,2011-03-03,1,0,3,12,0,4,1,1,0.22,0.2273,0.25,0.1343,7,65,72
630,5690,2011-08-30,3,0,8,12,0,2,1,1,0.72,0.6515,0.37,0,65,172,237
631,10163,2012-03-04,1,1,3,12,0,0,0,1,0.34,0.303,0.42,0.3582,71,256,327
632,14840,2012-09-15,3,1,9,12,0,6,0,1,0.66,0.6212,0.36,0.3582,287,419,706
633,7920,2011-12-01,4,0,12,15,0,4,1,1,0.4,0.4091,0.4,0.2239,10,144,154
634,9919,2012-02-23,1,1,2,7,0,4,1,1,0.36,0.3485,0.81,0.2239,9,317,326
635,13355,2012-07-15,3,1,7,15,0,0,0,1,0.86,0.803,0.47,0.1343,182,307,489
636,14778,2012-09-12,3,1,9,22,0,3,1,1,0.56,0.5303,0.64,0.0896,23,189,212
637,12492,2012-06-09,2,1,6,16,0,6,0,1,0.82,0.697,0.24,0.194,219,315,534
638,5422,2011-08-18,3,0,8,19,0,4,1,1,0.66,0.6061,0.83,0.1045,26,115,141
639,4227,2011-06-30,3,0,6,0,0,4,1,1,0.66,0.6212,0.5,0.1642,15,39,54
640,7607,2011-11-18,4,0,11,13,0,5,1,1,0.34,0.3182,0.31,0.2239,31,146,177
641,13758,2012-08-01,3,1,8,10,0,3,1,1,0.72,0.6818,0.66,0.0896,61,175,236
642,10415,2012-03-15,1,1,3,1,0,4,1,1,0.5,0.4848,0.59,0.1045,15,8,23
643,15101,2012-09-26,4,1,9,9,0,3,1,1,0.6,0.6061,0.64,0.194,27,307,334
644,11977,2012-05-19,2,1,5,5,0,6,0,1,0.46,0.4545,0.67,0,1,11,12
645,13668,2012-07-28,3,1,7,16,0,6,0,1,0.86,0.7727,0.39,0.2239,208,279,487
646,16843,2012-12-09,4,1,12,13,0,0,0,2,0.38,0.3939,0.87,0.2836,65,220,285
647,3981,2011-06-19,2,0,6,18,0,0,0,2,0.74,0.6818,0.58,0.0896,78,218,296
648,8115,2011-12-09,4,0,12,18,0,5,1,1,0.34,0.3636,0.61,0,10,308,318
649,89,2011-01-04,1,0,1,20,0,2,1,1,0.24,0.2576,0.48,0.1045,1,53,54
650,13737,2012-07-31,3,1,7,13,0,2,1,1,0.8,0.7576,0.55,0.2836,69,219,288
651,14392,2012-08-27,3,1,8,20,0,1,1,1,0.74,0.697,0.7,0.194,50,366,416
652,2320,2011-04-11,2,0,4,13,0,1,1,2,0.64,0.6061,0.69,0.4179,62,77,139
653,10658,2012-03-25,2,1,3,4,0,0,0,2,0.42,0.4242,0.94,0.3284,1,7,8
654,8539,2011-12-27,1,0,12,12,0,2,1,3,0.3,0.3182,0.81,0.0896,8,16,24
655,536,2011-01-24,1,0,1,11,0,1,1,1,0.1,0.1212,0.46,0.1343,3,43,46
656,9683,2012-02-13,1,1,2,9,0,1,1,1,0.12,0.1364,0.5,0.194,7,198,205
657,4098,2011-06-24,3,0,6,15,0,5,1,1,0.82,0.7273,0.34,0.3881,69,147,216
658,3707,2011-06-08,2,0,6,8,0,3,1,1,0.76,0.7121,0.58,0.1642,46,435,481
659,5380,2011-08-17,3,0,8,1,0,3,1,1,0.64,0.6061,0.73,0.1642,2,12,14
660,5611,2011-08-26,3,0,8,16,0,5,1,1,0.78,0.7424,0.62,0.1045,50,293,343
661,15331,2012-10-05,4,1,10,23,0,5,1,1,0.58,0.5455,0.78,0.2239,23,148,171
662,10716,2012-03-27,2,1,3,14,0,2,1,1,0.4,0.4091,0.24,0.1343,37,147,184
663,16222,2012-11-13,4,1,11,15,0,2,1,1,0.4,0.4091,0.4,0.2985,33,184,217
664,10595,2012-03-22,2,1,3,13,0,4,1,1,0.58,0.5455,0.78,0.0896,83,215,298
665,12368,2012-06-04,2,1,6,12,0,1,1,1,0.64,0.6212,0.41,0.4478,62,220,282
666,3064,2011-05-12,2,0,5,13,0,4,1,2,0.62,0.6212,0.57,0.2985,48,170,218
667,12418,2012-06-06,2,1,6,14,0,3,1,1,0.64,0.6212,0.38,0,111,191,302
668,4346,2011-07-04,3,0,7,23,1,1,0,2,0.72,0.6818,0.7,0.1045,44,94,138
669,6423,2011-09-30,4,0,9,4,0,5,1,1,0.52,0.5,0.83,0.194,2,6,8
670,7202,2011-11-01,4,0,11,16,0,2,1,1,0.48,0.4697,0.44,0.1642,46,252,298
671,5668,2011-08-29,3,0,8,14,0,1,1,1,0.7,0.6364,0.42,0,55,127,182
672,15465,2012-10-11,4,1,10,13,0,4,1,1,0.5,0.4848,0.31,0.1045,48,243,291
673,8452,2011-12-23,1,0,12,19,0,5,1,1,0.34,0.3333,0.53,0.194,1,75,76
674,8725,2012-01-04,1,1,1,8,0,3,1,1,0.02,0.0606,0.44,0.1343,5,310,315
675,2055,2011-03-31,2,0,3,11,0,4,1,3,0.28,0.2727,0.93,0.194,6,52,58
676,15315,2012-10-05,4,1,10,7,0,5,1,1,0.52,0.5,0.83,0.1045,11,417,428
677,9454,2012-02-03,1,1,2,19,0,5,1,1,0.34,0.3485,0.49,0.1045,11,256,267
678,10924,2012-04-05,2,1,4,7,0,4,1,1,0.34,0.3333,0.49,0.194,15,339,354
679,12107,2012-05-24,2,1,5,15,0,4,1,1,0.74,0.6818,0.55,0.2537,69,222,291
680,6429,2011-09-30,4,0,9,10,0,5,1,1,0.6,0.6061,0.64,0,46,122,168
681,10086,2012-03-01,1,1,3,7,0,4,1,2,0.44,0.4394,0.94,0.1343,8,296,304
682,3828,2011-06-13,2,0,6,9,0,1,1,1,0.62,0.6212,0.46,0.3582,35,189,224
683,5640,2011-08-28,3,0,8,10,0,0,0,1,0.7,0.6515,0.61,0.6119,27,115,142
684,197,2011-01-09,1,0,1,11,0,0,0,1,0.16,0.1212,0.4,0.5224,2,47,49
685,12661,2012-06-16,2,1,6,17,0,6,0,2,0.72,0.6515,0.37,0.2537,244,349,593
686,12592,2012-06-13,2,1,6,20,0,3,1,1,0.68,0.6364,0.36,0.4179,86,362,448
687,7673,2011-11-21,4,0,11,7,0,1,1,2,0.46,0.4545,0.94,0.1642,17,229,246
688,7437,2011-11-11,4,0,11,11,1,5,0,1,0.34,0.2879,0.42,0.4925,20,150,170
689,9933,2012-02-23,1,1,2,21,0,4,1,1,0.44,0.4394,0.51,0.2239,17,205,222
690,5000,2011-08-01,3,0,8,5,0,1,1,1,0.66,0.6061,0.83,0.1045,2,24,26
691,5183,2011-08-08,3,0,8,20,0,1,1,1,0.8,0.7576,0.55,0,71,215,286
692,12373,2012-06-04,2,1,6,17,0,1,1,1,0.64,0.6212,0.38,0.4478,101,733,834
693,5050,2011-08-03,3,0,8,7,0,3,1,2,0.74,0.6667,0.51,0.2239,19,252,271
694,3822,2011-06-13,2,0,6,3,0,1,1,1,0.6,0.6061,0.6,0.4925,1,6,7
695,16373,2012-11-19,4,1,11,22,0,1,1,1,0.34,0.3485,0.66,0.1045,7,106,113
696,7515,2011-11-14,4,0,11,17,0,1,1,1,0.62,0.6212,0.46,0.2537,55,464,519
697,7853,2011-11-28,4,0,11,20,0,1,1,2,0.54,0.5152,0.73,0.2537,12,206,218
698,12096,2012-05-24,2,1,5,4,0,4,1,2,0.6,0.5455,0.88,0.1642,0,5,5
699,6016,2011-09-13,3,0,9,5,0,2,1,1,0.56,0.5303,0.88,0,1,19,20
700,13085,2012-07-04,3,1,7,9,1,3,0,1,0.76,0.697,0.52,0,90,203,293
701,16548,2012-11-27,4,1,11,5,0,2,1,2,0.3,0.2879,0.81,0.2239,0,31,31
702,10213,2012-03-06,1,1,3,14,0,2,1,1,0.32,0.303,0.36,0.2239,20,116,136
703,9103,2012-01-20,1,1,1,4,0,5,1,1,0.22,0.2424,0.6,0.1045,0,3,3
704,13226,2012-07-10,3,1,7,6,0,2,1,2,0.68,0.6364,0.79,0.1045,4,183,187
705,4689,2011-07-19,3,0,7,6,0,2,1,2,0.72,0.697,0.74,0.1045,8,126,134
706,16761,2012-12-06,4,1,12,3,0,4,1,1,0.22,0.2273,0.55,0.194,0,2,2
707,100,2011-01-05,1,0,1,8,0,3,1,1,0.2,0.1818,0.4,0.2985,3,192,195
708,10893,2012-04-04,2,1,4,0,0,3,1,1,0.48,0.4697,0.48,0,18,23,41
709,17084,2012-12-19,4,1,12,14,0,3,1,1,0.42,0.4242,0.5,0.194,33,185,218
710,14770,2012-09-12,3,1,9,14,0,3,1,1,0.7,0.6364,0.37,0.1642,78,200,278
711,12026,2012-05-21,2,1,5,6,0,1,1,3,0.56,0.5303,0.88,0.2985,3,76,79
712,6833,2011-10-17,4,0,10,6,0,1,1,1,0.5,0.4848,0.55,0.2537,7,107,114
713,13106,2012-07-05,3,1,7,6,0,4,1,1,0.72,0.6667,0.58,0,3,130,133
714,1122,2011-02-19,1,0,2,11,0,6,0,1,0.44,0.4394,0.16,0.5821,47,76,123
715,2251,2011-04-08,2,0,4,15,0,5,1,3,0.34,0.3182,0.87,0.2239,1,24,25
716,4402,2011-07-07,3,0,7,7,0,4,1,2,0.66,0.5909,0.89,0.1045,13,279,292
717,1768,2011-03-19,1,0,3,8,0,6,0,1,0.42,0.4242,0.47,0.4925,11,37,48
718,11450,2012-04-27,2,1,4,6,0,5,1,1,0.4,0.4091,0.43,0.2537,5,115,120
719,6179,2011-09-20,3,0,9,0,0,2,1,2,0.56,0.5303,0.73,0.1642,4,21,25
720,8016,2011-12-05,4,0,12,15,0,1,1,2,0.46,0.4545,0.72,0.0896,16,132,148
721,13038,2012-07-02,3,1,7,10,0,1,1,1,0.8,0.7273,0.43,0.2537,70,104,174
722,14798,2012-09-13,3,1,9,18,0,4,1,1,0.68,0.6364,0.57,0.2537,108,744,852
723,2863,2011-05-04,2,0,5,4,0,3,1,3,0.38,0.3939,0.94,0.3284,1,2,3
724,12091,2012-05-23,2,1,5,23,0,3,1,1,0.6,0.5606,0.83,0.1343,23,83,106
725,7909,2011-12-01,4,0,12,4,0,4,1,1,0.26,0.2424,0.56,0.2836,0,1,1
726,10085,2012-03-01,1,1,3,6,0,4,1,2,0.42,0.4242,0.94,0,2,107,109
727,3485,2011-05-30,2,0,5,2,1,1,0,1,0.64,0.5606,0.94,0.194,17,28,45
728,6110,2011-09-17,3,0,9,3,0,6,0,1,0.46,0.4545,0.72,0.1343,7,21,28
729,17058,2012-12-18,4,1,12,12,0,2,1,3,0.48,0.4697,0.48,0.2537,49,264,313
730,2010,2011-03-29,2,0,3,14,0,2,1,1,0.36,0.3333,0.25,0.2537,20,66,86
731,908,2011-02-10,1,0,2,8,0,4,1,1,0.1,0.0758,0.49,0.3284,5,173,178
732,14506,2012-09-01,3,1,9,14,0,6,0,2,0.86,0.7879,0.44,0.1642,240,274,514
733,17151,2012-12-22,1,1,12,9,0,6,0,1,0.26,0.2273,0.48,0.3881,13,77,90
734,5862,2011-09-06,3,0,9,17,0,2,1,2,0.54,0.5152,0.88,0.3881,15,276,291
735,4872,2011-07-26,3,0,7,21,0,2,1,1,0.78,0.7121,0.49,0.2239,45,222,267
736,4756,2011-07-22,3,0,7,1,0,5,1,1,0.8,0.7879,0.63,0,7,17,24
737,11344,2012-04-22,2,1,4,20,0,0,0,3,0.36,0.3333,0.93,0.4179,1,34,35
738,12256,2012-05-30,2,1,5,20,0,3,1,2,0.54,0.5152,0.6,0.1343,57,374,431
739,11320,2012-04-21,2,1,4,20,0,6,0,3,0.5,0.4848,0.82,0.2985,5,34,39
740,3602,2011-06-03,2,0,6,23,0,5,1,1,0.58,0.5455,0.46,0.1045,30,141,171
741,8919,2012-01-12,1,1,1,11,0,4,1,2,0.34,0.3485,0.81,0.1045,18,101,119
742,8551,2011-12-28,1,0,12,0,0,3,1,1,0.32,0.3182,0.87,0.1642,0,10,10
743,10425,2012-03-15,1,1,3,11,0,4,1,1,0.56,0.5303,0.6,0.1343,60,151,211
744,2821,2011-05-02,2,0,5,10,0,1,1,2,0.54,0.5152,0.77,0.2239,31,77,108
745,12864,2012-06-25,3,1,6,4,0,1,1,1,0.66,0.6061,0.78,0.2537,0,4,4
746,8496,2011-12-25,1,0,12,16,0,0,0,1,0.36,0.3636,0.57,0.1045,35,51,86
747,12296,2012-06-01,2,1,6,12,0,5,1,2,0.7,0.6667,0.74,0.3582,72,238,310
748,2335,2011-04-12,2,0,4,4,0,2,1,2,0.56,0.5303,0.64,0.1343,4,2,6
749,10334,2012-03-11,1,1,3,16,0,0,0,1,0.5,0.4848,0.31,0.3582,208,301,509
750,6693,2011-10-11,4,0,10,10,0,2,1,2,0.6,0.5909,0.69,0.1343,38,111,149
751,12903,2012-06-26,3,1,6,19,0,2,1,1,0.72,0.6515,0.28,0.2239,83,529,612
752,11141,2012-04-14,2,1,4,9,0,6,0,1,0.42,0.4242,0.54,0.1343,59,206,265
753,5199,2011-08-09,3,0,8,12,0,2,1,1,0.82,0.7879,0.56,0.194,60,125,185
754,3054,2011-05-12,2,0,5,3,0,4,1,1,0.44,0.4394,0.88,0.1343,0,5,5
755,10025,2012-02-27,1,1,2,17,0,1,1,1,0.54,0.5152,0.24,0.4478,26,503,529
756,2929,2011-05-06,2,0,5,22,0,5,1,1,0.46,0.4545,0.72,0.2239,46,105,151
757,9914,2012-02-23,1,1,2,2,0,4,1,2,0.44,0.4394,0.62,0.2239,5,4,9
758,5818,2011-09-04,3,0,9,20,0,0,0,1,0.74,0.697,0.7,0.2985,104,125,229
759,4411,2011-07-07,3,0,7,16,0,4,1,1,0.86,0.7727,0.39,0.2239,47,218,265
760,12850,2012-06-24,3,1,6,14,0,0,0,1,0.84,0.7273,0.3,0.2985,253,298,551
761,9513,2012-02-06,1,1,2,7,0,1,1,1,0.16,0.1818,0.86,0.1045,5,229,234
762,7723,2011-11-23,4,0,11,9,0,3,1,2,0.52,0.5,0.94,0.194,3,164,167
763,6673,2011-10-10,4,0,10,14,1,1,0,1,0.74,0.6515,0.37,0,147,223,370
764,2445,2011-04-16,2,0,4,18,0,6,0,2,0.5,0.4848,0.94,0.3881,6,32,38
765,9913,2012-02-23,1,1,2,1,0,4,1,2,0.44,0.4394,0.58,0.2836,3,12,15
766,1594,2011-03-11,1,0,3,21,0,5,1,2,0.3,0.2879,0.52,0.2537,10,43,53
767,14620,2012-09-06,3,1,9,8,0,4,1,3,0.7,0.6667,0.79,0,24,622,646
768,3264,2011-05-20,2,0,5,21,0,5,1,1,0.56,0.5303,0.64,0.1045,40,155,195
769,4348,2011-07-05,3,0,7,1,0,2,1,1,0.7,0.6515,0.65,0.1045,15,24,39
770,5925,2011-09-09,3,0,9,9,0,5,1,3,0.62,0.5455,0.94,0.1642,5,131,136
771,17306,2012-12-28,1,1,12,22,0,5,1,2,0.24,0.2576,0.7,0.0896,13,49,62
772,17037,2012-12-17,4,1,12,15,0,1,1,2,0.42,0.4242,0.88,0,15,196,211
773,3439,2011-05-28,2,0,5,4,0,6,0,1,0.56,0.5303,0.88,0.2537,0,4,4
774,14732,2012-09-11,3,1,9,0,0,2,1,1,0.52,0.5,0.59,0.1045,5,27,32
775,2137,2011-04-03,2,0,4,21,0,0,0,2,0.42,0.4242,0.44,0.2239,8,37,45
776,665,2011-01-31,1,0,1,0,0,1,1,2,0.24,0.2273,0.65,0.2239,1,6,7
777,328,2011-01-15,1,0,1,3,0,6,0,2,0.16,0.2273,0.59,0,1,7,8
778,51,2011-01-03,1,0,1,5,0,1,1,1,0.16,0.1364,0.47,0.2836,0,3,3
779,3939,2011-06-18,2,0,6,0,0,6,0,1,0.62,0.5606,0.88,0.1343,21,83,104
780,9751,2012-02-16,1,1,2,5,0,4,1,2,0.3,0.3333,0.7,0,0,20,20
781,9144,2012-01-21,1,1,1,21,0,6,0,1,0.18,0.1515,0.74,0.3284,5,64,69
782,5618,2011-08-26,3,0,8,23,0,5,1,1,0.7,0.6667,0.84,0.0896,22,114,136
783,7268,2011-11-04,4,0,11,10,0,5,1,2,0.42,0.4242,0.71,0.3284,19,115,134
784,9157,2012-01-22,1,1,1,10,0,0,0,2,0.16,0.1364,0.74,0.2836,9,120,129
785,16902,2012-12-12,4,1,12,0,0,3,1,1,0.3,0.303,0.52,0.1642,1,33,34
786,3412,2011-05-27,2,0,5,1,0,5,1,1,0.7,0.6515,0.58,0.2985,14,36,50
787,4374,2011-07-06,3,0,7,3,0,3,1,1,0.7,0.6667,0.79,0,0,6,6
788,13402,2012-07-17,3,1,7,14,0,2,1,1,0.94,0.8333,0.29,0.2537,54,160,214
789,10713,2012-03-27,2,1,3,11,0,2,1,1,0.3,0.303,0.31,0.1642,34,141,175
790,11359,2012-04-23,2,1,4,11,0,1,1,2,0.32,0.2879,0.7,0.3582,10,91,101
791,658,2011-01-30,1,0,1,17,0,0,0,1,0.3,0.2879,0.56,0.194,6,71,77
792,17240,2012-12-26,1,1,12,4,0,3,1,1,0.22,0.197,0.69,0.3582,0,2,2
793,2004,2011-03-29,2,0,3,8,0,2,1,1,0.24,0.2121,0.35,0.3582,19,268,287
794,14782,2012-09-13,3,1,9,2,0,4,1,1,0.54,0.5152,0.77,0,0,9,9
795,8484,2011-12-25,1,0,12,3,0,0,0,1,0.22,0.2727,0.72,0,1,3,4
796,388,2011-01-17,1,0,1,15,1,1,0,2,0.2,0.2121,0.47,0.1642,21,72,93
797,3943,2011-06-18,2,0,6,4,0,6,0,1,0.6,0.5455,0.88,0.0896,1,4,5
798,14942,2012-09-19,3,1,9,18,0,3,1,1,0.58,0.5455,0.4,0.2836,85,807,892
799,1035,2011-02-15,1,0,2,19,0,2,1,1,0.28,0.2879,0.26,0.1343,3,142,145
800,3190,2011-05-17,2,0,5,19,0,2,1,1,0.6,0.5909,0.69,0.2537,51,298,349
801,2096,2011-04-02,2,0,4,4,0,6,0,1,0.24,0.2424,0.7,0.1642,0,5,5
802,8903,2012-01-11,1,1,1,19,0,3,1,3,0.32,0.303,0.93,0.2239,1,92,93
803,9717,2012-02-14,1,1,2,19,0,2,1,2,0.36,0.3485,0.5,0.1642,11,270,281
804,6358,2011-09-27,4,0,9,11,0,2,1,2,0.66,0.5909,0.89,0.1045,26,97,123
805,13161,2012-07-07,3,1,7,13,0,6,0,2,0.96,0.8636,0.31,0.2537,116,244,360
806,16043,2012-11-06,4,1,11,3,0,2,1,1,0.22,0.2424,0.64,0.1045,0,4,4
807,16920,2012-12-12,4,1,12,18,0,3,1,2,0.32,0.303,0.49,0.2239,25,515,540
808,13702,2012-07-30,3,1,7,2,0,1,1,1,0.68,0.6364,0.74,0,2,6,8
809,2361,2011-04-13,2,0,4,6,0,3,1,3,0.38,0.3939,0.94,0.2239,1,33,34
810,3547,2011-06-01,2,0,6,16,0,3,1,1,0.86,0.803,0.47,0.2985,39,227,266
811,16989,2012-12-15,4,1,12,15,0,6,0,1,0.42,0.4242,0.47,0,95,352,447
812,8290,2011-12-17,4,0,12,1,0,6,0,2,0.3,0.2879,0.52,0.2537,4,39,43
813,7250,2011-11-03,4,0,11,16,0,4,1,1,0.52,0.5,0.48,0.194,33,234,267
814,15934,2012-11-01,4,1,11,14,0,4,1,2,0.4,0.4091,0.5,0.2239,31,154,185
815,260,2011-01-12,1,0,1,6,0,3,1,1,0.12,0.1515,0.93,0.1343,0,16,16
816,14363,2012-08-26,3,1,8,15,0,0,0,3,0.64,0.5758,0.89,0.2836,132,259,391
817,3106,2011-05-14,2,0,5,7,0,6,0,3,0.48,0.4697,1,0,4,28,32
818,15308,2012-10-05,4,1,10,0,0,5,1,1,0.56,0.5303,0.73,0,16,86,102
819,8675,2012-01-02,1,1,1,6,1,1,0,1,0.26,0.2273,0.41,0.3881,0,14,14
820,13087,2012-07-04,3,1,7,11,1,3,0,1,0.82,0.7576,0.46,0.1343,164,321,485
821,14283,2012-08-23,3,1,8,7,0,4,1,2,0.62,0.5758,0.83,0.0896,18,463,481
822,17339,2012-12-30,1,1,12,7,0,0,0,1,0.24,0.2121,0.56,0.3582,0,13,13
823,11472,2012-04-28,2,1,4,4,0,6,0,1,0.34,0.3333,0.49,0.1642,0,2,2
824,13370,2012-07-16,3,1,7,6,0,1,1,1,0.68,0.6364,0.79,0.1343,8,132,140
825,4290,2011-07-02,3,0,7,15,0,6,0,1,0.86,0.7273,0.19,0.1642,168,163,331
826,4414,2011-07-07,3,0,7,19,0,4,1,1,0.82,0.7727,0.52,0.2836,79,286,365
827,15205,2012-09-30,4,1,9,17,0,0,0,1,0.62,0.6212,0.35,0.2836,195,380,575
828,14159,2012-08-18,3,1,8,3,0,6,0,1,0.62,0.5606,0.88,0.194,7,23,30
829,5475,2011-08-21,3,0,8,0,0,0,0,1,0.7,0.6667,0.74,0.194,6,68,74
830,9392,2012-02-01,1,1,2,5,0,3,1,1,0.4,0.4091,0.5,0.1642,0,18,18
831,14094,2012-08-15,3,1,8,10,0,3,1,2,0.72,0.6818,0.62,0.194,70,163,233
832,14058,2012-08-13,3,1,8,22,0,1,1,1,0.72,0.6818,0.62,0.3284,44,148,192
833,13671,2012-07-28,3,1,7,19,0,6,0,1,0.68,0.6364,0.83,0,115,223,338
834,2472,2011-04-17,2,0,4,21,0,0,0,1,0.5,0.4848,0.42,0.194,13,70,83
835,4605,2011-07-15,3,0,7,18,0,5,1,1,0.72,0.6515,0.45,0.2239,102,394,496
836,323,2011-01-14,1,0,1,22,0,5,1,2,0.16,0.2273,0.69,0,2,34,36
837,12037,2012-05-21,2,1,5,17,0,1,1,2,0.66,0.6212,0.69,0.2537,40,468,508
838,6551,2011-10-05,4,0,10,12,0,3,1,1,0.62,0.6212,0.43,0.3284,34,180,214
839,6763,2011-10-14,4,0,10,8,0,5,1,2,0.56,0.5303,0.9,0.1642,23,186,209
840,11288,2012-04-20,2,1,4,12,0,5,1,1,0.58,0.5455,0.53,0.194,102,260,362
841,14906,2012-09-18,3,1,9,6,0,2,1,2,0.64,0.5758,0.89,0.3284,4,163,167
842,4654,2011-07-17,3,0,7,19,0,0,0,1,0.76,0.697,0.55,0.2836,145,234,379
843,10377,2012-03-13,1,1,3,11,0,2,1,1,0.54,0.5152,0.73,0.2836,64,155,219
844,12102,2012-05-24,2,1,5,10,0,4,1,1,0.64,0.6061,0.65,0.1343,47,138,185
845,2949,2011-05-07,2,0,5,18,0,6,0,1,0.58,0.5455,0.37,0.1642,114,175,289
846,13377,2012-07-16,3,1,7,13,0,1,1,1,0.84,0.7879,0.49,0.2836,63,176,239
847,7413,2011-11-10,4,0,11,11,0,4,1,2,0.46,0.4545,0.67,0.3881,9,99,108
848,6349,2011-09-27,4,0,9,2,0,2,1,1,0.62,0.5455,0.94,0.1045,7,4,11
849,16857,2012-12-10,4,1,12,3,0,1,1,2,0.38,0.3939,0.94,0.1045,0,4,4
850,3462,2011-05-29,2,0,5,3,0,0,0,1,0.62,0.5606,0.88,0.1045,2,24,26
851,3363,2011-05-25,2,0,5,0,0,3,1,3,0.6,0.5606,0.83,0.2239,3,32,35
852,1098,2011-02-18,1,0,2,11,0,5,1,1,0.44,0.4394,0.72,0.1642,31,82,113
853,11211,2012-04-17,2,1,4,7,0,2,1,1,0.6,0.6212,0.43,0.2537,18,443,461
854,1329,2011-02-28,1,0,2,15,0,1,1,3,0.42,0.4242,1,0.2985,0,35,35
855,1066,2011-02-17,1,0,2,3,0,4,1,1,0.34,0.3333,0.53,0.194,3,1,4
856,9367,2012-01-31,1,1,1,4,0,2,1,1,0.3,0.2879,0.49,0.194,0,1,1
857,14656,2012-09-07,3,1,9,20,0,5,1,1,0.72,0.6818,0.66,0.2239,51,340,391
858,2282,2011-04-09,2,0,4,22,0,6,0,2,0.36,0.3485,0.93,0.1343,21,66,87
859,13348,2012-07-15,3,1,7,8,0,0,0,2,0.7,0.6667,0.84,0.1343,37,96,133
860,609,2011-01-28,1,0,1,14,0,5,1,3,0.22,0.2727,0.8,0,2,36,38
861,3051,2011-05-12,2,0,5,0,0,4,1,2,0.46,0.4545,0.88,0.2239,5,39,44
862,2118,2011-04-03,2,0,4,2,0,0,0,1,0.26,0.2727,0.7,0.1343,5,19,24
863,13135,2012-07-06,3,1,7,11,0,5,1,1,0.84,0.7273,0.32,0.0896,92,141,233
864,9188,2012-01-23,1,1,1,17,0,1,1,2,0.24,0.2576,0.96,0.1045,6,270,276
865,5447,2011-08-19,3,0,8,20,0,5,1,3,0.62,0.5758,0.83,0.2985,12,46,58
866,3434,2011-05-27,2,0,5,23,0,5,1,1,0.58,0.5455,0.88,0.1343,23,104,127
867,16855,2012-12-10,4,1,12,1,0,1,1,2,0.36,0.3788,1,0,0,4,4
868,6952,2011-10-22,4,0,10,6,0,6,0,1,0.36,0.3788,0.71,0,1,17,18
869,1024,2011-02-15,1,0,2,8,0,2,1,1,0.2,0.1818,0.32,0.3582,10,213,223
870,255,2011-01-11,1,0,1,23,0,2,1,3,0.16,0.197,0.93,0.0896,1,18,19
871,15028,2012-09-23,4,1,9,8,0,0,0,1,0.48,0.4697,0.55,0.3582,38,137,175
872,1412,2011-03-04,1,0,3,2,0,5,1,2,0.18,0.1818,0.64,0.194,0,2,2
873,4280,2011-07-02,3,0,7,5,0,6,0,1,0.58,0.5455,0.73,0.1045,1,13,14
874,5776,2011-09-03,3,0,9,2,0,6,0,2,0.64,0.6061,0.69,0.2239,15,26,41
875,15439,2012-10-10,4,1,10,11,0,3,1,1,0.54,0.5152,0.52,0.194,53,238,291
876,10312,2012-03-10,1,1,3,17,0,6,0,1,0.36,0.3788,0.23,0,104,250,354
877,2003,2011-03-29,2,0,3,7,0,2,1,1,0.22,0.197,0.41,0.3582,5,128,133
878,10891,2012-04-03,2,1,4,22,0,2,1,1,0.5,0.4848,0.51,0,25,133,158
879,1043,2011-02-16,1,0,2,4,0,3,1,1,0.2,0.197,0.51,0.194,0,1,1
880,9021,2012-01-16,1,1,1,17,1,1,0,1,0.26,0.2273,0.48,0.3284,19,174,193
881,8205,2011-12-13,4,0,12,12,0,2,1,1,0.36,0.3333,0.43,0.3582,20,147,167
882,5229,2011-08-10,3,0,8,18,0,3,1,1,0.82,0.7121,0.28,0.2985,70,489,559
883,7686,2011-11-21,4,0,11,20,0,1,1,3,0.4,0.4091,0.87,0.2239,5,75,80
884,15498,2012-10-12,4,1,10,22,0,5,1,1,0.4,0.4091,0.47,0.2985,17,143,160
885,10147,2012-03-03,1,1,3,20,0,6,0,1,0.44,0.4394,0.3,0.1343,28,121,149
886,972,2011-02-13,1,0,2,2,0,0,0,2,0.2,0.2273,0.75,0.0896,1,19,20
887,12490,2012-06-09,2,1,6,14,0,6,0,1,0.82,0.697,0.23,0.194,239,354,593
888,6935,2011-10-21,4,0,10,13,0,5,1,1,0.48,0.4697,0.48,0.3284,43,163,206
889,14385,2012-08-27,3,1,8,13,0,1,1,1,0.76,0.7121,0.57,0.1642,77,211,288
890,2555,2011-04-21,2,0,4,8,0,4,1,2,0.4,0.4091,0.5,0.4925,19,346,365
891,7803,2011-11-26,4,0,11,17,0,6,0,2,0.46,0.4545,0.47,0.1343,62,122,184
892,9141,2012-01-21,1,1,1,18,0,6,0,2,0.2,0.1818,0.75,0.3881,3,107,110
893,8028,2011-12-06,4,0,12,3,0,2,1,2,0.46,0.4545,0.87,0.194,0,3,3
894,2815,2011-05-02,2,0,5,4,0,1,1,1,0.44,0.4394,0.77,0.1642,9,8,17
895,9560,2012-02-08,1,1,2,6,0,3,1,2,0.24,0.2879,0.7,0,3,95,98
896,2451,2011-04-17,2,0,4,0,0,0,0,2,0.44,0.4394,0.77,0.2836,4,29,33
897,14426,2012-08-29,3,1,8,6,0,3,1,1,0.6,0.5909,0.73,0.194,6,175,181
898,7246,2011-11-03,4,0,11,12,0,4,1,1,0.5,0.4848,0.51,0.194,17,162,179
899,7581,2011-11-17,4,0,11,11,0,4,1,3,0.32,0.303,0.66,0.3284,4,93,97
900,12688,2012-06-17,2,1,6,20,0,0,0,1,0.62,0.6212,0.57,0.194,101,201,302
901,17075,2012-12-19,4,1,12,5,0,3,1,1,0.26,0.2879,0.75,0.0896,2,29,31
902,6851,2011-10-18,4,0,10,0,0,2,1,1,0.48,0.4697,0.82,0,8,23,31
903,9237,2012-01-25,1,1,1,18,0,3,1,1,0.32,0.3333,0.66,0.1343,24,415,439
904,358,2011-01-16,1,0,1,9,0,0,0,1,0.22,0.2121,0.51,0.2537,3,29,32
905,14492,2012-09-01,3,1,9,0,0,6,0,1,0.74,0.6818,0.62,0.1045,22,146,168
906,4470,2011-07-10,3,0,7,3,0,0,0,1,0.66,0.6212,0.74,0.0896,6,19,25
907,11393,2012-04-24,2,1,4,21,0,2,1,2,0.46,0.4545,0.28,0.1642,13,213,226
908,11166,2012-04-15,2,1,4,10,0,0,0,1,0.58,0.5455,0.53,0.2239,186,235,421
909,3618,2011-06-04,2,0,6,15,0,6,0,2,0.74,0.6515,0.27,0.4179,180,224,404
910,10611,2012-03-23,2,1,3,5,0,5,1,2,0.5,0.4848,0.94,0,5,29,34
911,9125,2012-01-21,1,1,1,2,0,6,0,3,0.14,0.2121,0.86,0,1,25,26
912,16807,2012-12-08,4,1,12,1,0,6,0,2,0.36,0.3485,0.93,0.1343,16,84,100
913,4255,2011-07-01,3,0,7,4,0,5,1,1,0.62,0.6212,0.57,0,1,5,6
914,2500,2011-04-19,2,0,4,1,0,2,1,1,0.46,0.4545,0.63,0.2239,5,2,7
915,16469,2012-11-23,4,1,11,22,0,5,1,1,0.44,0.4394,0.33,0.5224,16,63,79
916,5158,2011-08-07,3,0,8,19,0,0,0,1,0.72,0.697,0.79,0.1642,68,160,228
917,6154,2011-09-18,3,0,9,23,0,0,0,1,0.54,0.5152,0.68,0.194,10,44,54
918,8511,2011-12-26,1,0,12,8,1,1,0,1,0.32,0.3333,0.45,0.1343,5,13,18
919,12565,2012-06-12,2,1,6,17,0,2,1,2,0.66,0.5909,0.89,0.2836,56,625,681
920,15755,2012-10-23,4,1,10,15,0,2,1,1,0.68,0.6364,0.41,0.2239,76,270,346
921,15582,2012-10-16,4,1,10,10,0,2,1,1,0.5,0.4848,0.48,0.2836,65,157,222
922,8196,2011-12-13,4,0,12,3,0,2,1,1,0.18,0.2424,0.8,0,0,3,3
923,12996,2012-06-30,3,1,6,16,0,6,0,1,0.9,0.7879,0.29,0.1642,109,264,373
924,10908,2012-04-04,2,1,4,15,0,3,1,2,0.64,0.6212,0.44,0.2836,86,182,268
925,13438,2012-07-19,3,1,7,2,0,4,1,1,0.72,0.6818,0.7,0.194,0,7,7
926,12405,2012-06-06,2,1,6,1,0,3,1,1,0.52,0.5,0.68,0,6,21,27
927,1347,2011-03-01,1,0,3,9,0,2,1,1,0.22,0.197,0.55,0.4179,8,116,124
928,6428,2011-09-30,4,0,9,9,0,5,1,1,0.56,0.5303,0.73,0.194,23,214,237
929,7552,2011-11-16,4,0,11,6,0,3,1,2,0.46,0.4545,0.94,0.0896,4,52,56
930,5251,2011-08-11,3,0,8,16,0,4,1,1,0.8,0.697,0.27,0.194,57,241,298
931,2481,2011-04-18,2,0,4,6,0,1,1,1,0.4,0.4091,0.82,0,3,51,54
932,2639,2011-04-24,2,0,4,20,0,0,0,3,0.6,0.5606,0.83,0.2836,34,71,105
933,6889,2011-10-19,4,0,10,15,0,3,1,3,0.54,0.5152,1,0.1343,21,99,120
934,5991,2011-09-12,3,0,9,4,0,1,1,1,0.54,0.5152,0.94,0.1045,0,4,4
935,13659,2012-07-28,3,1,7,7,0,6,0,1,0.72,0.6818,0.7,0.1343,18,58,76
936,17313,2012-12-29,1,1,12,5,0,6,0,2,0.24,0.2424,0.75,0.0896,0,3,3
937,1316,2011-02-28,1,0,2,0,0,1,1,2,0.36,0.3636,0.66,0.1045,5,25,30
938,10176,2012-03-05,1,1,3,1,0,1,1,1,0.24,0.2424,0.48,0.1343,3,3,6
939,2603,2011-04-23,2,0,4,8,0,6,0,2,0.36,0.3333,1,0.2537,15,32,47
940,16356,2012-11-19,4,1,11,5,0,1,1,2,0.36,0.3485,0.66,0.2239,1,38,39
941,5208,2011-08-09,3,0,8,21,0,2,1,1,0.78,0.697,0.46,0.2537,46,184,230
942,7101,2011-10-28,4,0,10,11,0,5,1,1,0.36,0.3485,0.5,0.2239,40,128,168
943,2459,2011-04-17,2,0,4,8,0,0,0,1,0.38,0.3939,0.46,0.3881,7,36,43
944,11573,2012-05-02,2,1,5,9,0,3,1,2,0.56,0.5303,0.88,0,26,289,315
945,12222,2012-05-29,2,1,5,10,0,2,1,1,0.74,0.697,0.7,0.2985,67,116,183
946,5859,2011-09-06,3,0,9,14,0,2,1,3,0.54,0.5152,0.88,0.2836,3,21,24
947,11533,2012-04-30,2,1,4,17,0,1,1,1,0.56,0.5303,0.6,0.1642,66,617,683
948,10072,2012-02-29,1,1,2,17,0,3,1,2,0.4,0.4091,0.87,0.1642,7,246,253
949,8701,2012-01-03,1,1,1,8,0,2,1,1,0.16,0.1364,0.55,0.2836,5,349,354
950,1040,2011-02-16,1,0,2,0,0,3,1,1,0.22,0.2576,0.41,0.0896,0,15,15
951,16190,2012-11-12,4,1,11,7,1,1,0,1,0.4,0.4091,0.87,0,16,248,264
952,11558,2012-05-01,2,1,5,18,0,2,1,1,0.7,0.6515,0.54,0.1343,81,662,743
953,7683,2011-11-21,4,0,11,17,0,1,1,3,0.42,0.4242,0.94,0.2985,10,200,210
954,12284,2012-06-01,2,1,6,0,0,5,1,1,0.66,0.6212,0.5,0.2537,10,76,86
955,7360,2011-11-08,4,0,11,6,0,2,1,1,0.3,0.3333,0.87,0,3,96,99
956,17327,2012-12-29,1,1,12,19,0,6,0,2,0.3,0.2424,0.61,0.2537,7,90,97
957,6460,2011-10-01,4,0,10,17,0,6,0,3,0.4,0.4091,0.76,0.194,58,170,228
958,3563,2011-06-02,2,0,6,8,0,4,1,1,0.7,0.6364,0.32,0.2985,25,442,467
959,1148,2011-02-20,1,0,2,14,0,0,0,1,0.36,0.3485,0.27,0.1642,108,104,212
960,13124,2012-07-06,3,1,7,0,0,5,1,1,0.78,0.7424,0.62,0.1343,39,63,102
961,3849,2011-06-14,2,0,6,6,0,2,1,1,0.54,0.5152,0.56,0.2985,6,107,113
962,16294,2012-11-16,4,1,11,15,0,5,1,1,0.42,0.4242,0.38,0.1343,30,237,267
963,13057,2012-07-03,3,1,7,5,0,2,1,1,0.7,0.6515,0.61,0,2,33,35
964,17017,2012-12-16,4,1,12,19,0,0,0,1,0.36,0.3485,0.93,0.1343,10,99,109
965,9038,2012-01-17,1,1,1,11,0,2,1,2,0.34,0.3485,0.87,0.1045,2,73,75
966,14824,2012-09-14,3,1,9,20,0,5,1,1,0.66,0.6212,0.61,0.1045,67,337,404
967,114,2011-01-05,1,0,1,22,0,3,1,1,0.18,0.197,0.55,0.1343,1,41,42
968,11632,2012-05-04,2,1,5,20,0,5,1,1,0.68,0.6364,0.51,0.1045,58,255,313
969,4451,2011-07-09,3,0,7,8,0,6,0,1,0.7,0.6515,0.7,0.2537,68,114,182
970,11534,2012-04-30,2,1,4,18,0,1,1,2,0.56,0.5303,0.6,0.2239,53,611,664
971,10252,2012-03-08,1,1,3,5,0,4,1,1,0.42,0.4242,0.77,0.2239,1,28,29
972,16351,2012-11-19,4,1,11,0,0,1,1,1,0.36,0.3485,0.66,0.2239,5,22,27
973,2278,2011-04-09,2,0,4,18,0,6,0,2,0.38,0.3939,0.82,0.1045,48,129,177
974,14041,2012-08-13,3,1,8,5,0,1,1,1,0.64,0.6061,0.69,0.1045,3,33,36
975,16692,2012-12-03,4,1,12,6,0,1,1,1,0.36,0.3788,0.93,0,2,136,138
976,8940,2012-01-13,1,1,1,8,0,5,1,1,0.24,0.2121,0.52,0.3582,11,408,419
977,3486,2011-05-30,2,0,5,3,1,1,0,1,0.64,0.5606,0.94,0.194,10,8,18
978,9736,2012-02-15,1,1,2,14,0,3,1,1,0.42,0.4242,0.41,0.3582,6,128,134
979,11459,2012-04-27,2,1,4,15,0,5,1,1,0.52,0.5,0.29,0.4925,101,223,324
980,15965,2012-11-02,4,1,11,21,0,5,1,2,0.36,0.3333,0.46,0.3582,23,133,156
981,11498,2012-04-29,2,1,4,6,0,0,0,1,0.34,0.3333,0.87,0.1343,1,6,7
982,4292,2011-07-02,3,0,7,17,0,6,0,1,0.84,0.7273,0.3,0.2239,179,170,349
983,8733,2012-01-04,1,1,1,16,0,3,1,2,0.18,0.1667,0.4,0.2836,8,123,131
984,9610,2012-02-10,1,1,2,8,0,5,1,1,0.2,0.2121,0.59,0.1642,1,447,448
985,9791,2012-02-17,1,1,2,21,0,5,1,1,0.38,0.3939,0.37,0.194,15,114,129
986,9372,2012-01-31,1,1,1,9,0,2,1,1,0.3,0.2879,0.52,0.194,30,231,261
987,15068,2012-09-25,4,1,9,0,0,2,1,1,0.46,0.4545,0.67,0.1642,8,56,64
988,16881,2012-12-11,4,1,12,3,0,2,1,3,0.36,0.3333,0.76,0.2836,0,3,3
989,2928,2011-05-06,2,0,5,21,0,5,1,1,0.48,0.4697,0.67,0.1343,22,130,152
990,11290,2012-04-20,2,1,4,14,0,5,1,1,0.64,0.6212,0.44,0.2239,156,238,394
991,4619,2011-07-16,3,0,7,8,0,6,0,1,0.66,0.6212,0.65,0.1642,37,90,127
992,4903,2011-07-28,3,0,7,4,0,4,1,1,0.7,0.6515,0.61,0.1045,0,6,6
993,9720,2012-02-14,1,1,2,22,0,2,1,2,0.36,0.3636,0.5,0.1045,5,72,77
994,7572,2011-11-17,4,0,11,2,0,4,1,2,0.42,0.4242,0.82,0.2239,0,5,5
995,9004,2012-01-16,1,1,1,0,1,1,0,1,0.14,0.1515,0.46,0.1343,2,23,25
996,7699,2011-11-22,4,0,11,9,0,2,1,3,0.4,0.4091,0.94,0,2,147,149
997,4639,2011-07-17,3,0,7,4,0,0,0,1,0.62,0.5909,0.73,0.1642,4,6,10
998,16739,2012-12-05,4,1,12,5,0,3,1,1,0.5,0.4848,0.59,0.2836,1,48,49
999,248,2011-01-11,1,0,1,16,0,2,1,2,0.16,0.1515,0.86,0.2239,4,72,76
1000,14569,2012-09-04,3,1,9,5,0,2,1,2,0.66,0.5909,0.89,0,1,37,38
1001,3992,2011-06-20,2,0,6,5,0,1,1,3,0.62,0.5758,0.83,0.1343,0,3,3
1002,5162,2011-08-07,3,0,8,23,0,0,0,1,0.7,0.6667,0.79,0.1045,12,43,55
1003,8226,2011-12-14,4,0,12,9,0,3,1,2,0.3,0.3333,0.61,0,9,230,239
1004,5872,2011-09-07,3,0,9,3,0,3,1,3,0.56,0.5303,0.94,0.1343,1,1,2
1005,4519,2011-07-12,3,0,7,4,0,2,1,1,0.7,0.6667,0.79,0.1642,0,6,6
1006,6182,2011-09-20,3,0,9,3,0,2,1,2,0.54,0.5152,0.83,0.2239,0,3,3
1007,10613,2012-03-23,2,1,3,7,0,5,1,2,0.5,0.4848,0.93,0.1343,28,318,346
1008,12106,2012-05-24,2,1,5,14,0,4,1,1,0.74,0.6818,0.55,0.2239,72,180,252
1009,4930,2011-07-29,3,0,7,7,0,5,1,2,0.74,0.7121,0.79,0.0896,26,228,254
1010,10490,2012-03-18,1,1,3,4,0,0,0,2,0.42,0.4242,0.94,0.1642,6,8,14
1011,15319,2012-10-05,4,1,10,11,0,5,1,1,0.7,0.6515,0.48,0.194,90,214,304
1012,9931,2012-02-23,1,1,2,19,0,4,1,1,0.5,0.4848,0.39,0.0896,20,349,369
1013,7027,2011-10-25,4,0,10,9,0,2,1,1,0.48,0.4697,0.55,0.2239,29,194,223
1014,3100,2011-05-14,2,0,5,1,0,6,0,2,0.5,0.4848,0.88,0.1343,18,64,82
1015,3235,2011-05-19,2,0,5,16,0,4,1,1,0.58,0.5455,0.64,0.194,55,247,302
1016,1600,2011-03-12,1,0,3,3,0,6,0,1,0.24,0.2273,0.65,0.2537,1,6,7
1017,4025,2011-06-21,3,0,6,14,0,2,1,1,0.76,0.7121,0.62,0.2239,44,108,152
1018,5100,2011-08-05,3,0,8,9,0,5,1,1,0.72,0.6667,0.58,0.1045,43,183,226
1019,5764,2011-09-02,3,0,9,14,0,5,1,2,0.7,0.6515,0.61,0.1045,75,208,283
1020,15531,2012-10-14,4,1,10,7,0,0,0,1,0.42,0.4242,0.82,0.2239,7,44,51
1021,7992,2011-12-04,4,0,12,15,0,0,0,1,0.42,0.4242,0.62,0.194,69,227,296
1022,7661,2011-11-20,4,0,11,19,0,0,0,2,0.5,0.4848,0.72,0.1045,17,140,157
1023,2627,2011-04-24,2,0,4,8,0,0,0,1,0.52,0.5,0.94,0.2239,38,42,80
1024,11258,2012-04-19,2,1,4,6,0,4,1,2,0.4,0.4091,0.82,0.1045,4,116,120
1025,8109,2011-12-09,4,0,12,12,0,5,1,1,0.36,0.3333,0.57,0.2985,27,146,173
1026,15549,2012-10-15,4,1,10,1,0,1,1,2,0.58,0.5455,0.64,0.3881,5,24,29
1027,16821,2012-12-08,4,1,12,15,0,6,0,1,0.42,0.4242,0.82,0.1642,167,374,541
1028,16741,2012-12-05,4,1,12,7,0,3,1,3,0.46,0.4545,0.59,0.2985,9,389,398
1029,8769,2012-01-06,1,1,1,4,0,5,1,1,0.22,0.2273,0.69,0.1343,0,3,3
1030,8370,2011-12-20,4,0,12,9,0,2,1,2,0.36,0.3788,0.66,0,14,245,259
1031,1571,2011-03-10,1,0,3,21,0,4,1,3,0.36,0.3485,0,0.2239,1,27,28
1032,17249,2012-12-26,1,1,12,13,0,3,1,3,0.22,0.197,0.87,0.3284,0,15,15
1033,12574,2012-06-13,2,1,6,2,0,3,1,1,0.62,0.5758,0.83,0.1343,0,4,4
1034,1451,2011-03-05,1,0,3,17,0,6,0,2,0.48,0.4697,0.59,0.3582,60,104,164
1035,2563,2011-04-21,2,0,4,16,0,4,1,1,0.52,0.5,0.27,0.3582,66,228,294
1036,2079,2011-04-01,2,0,4,11,0,5,1,1,0.32,0.2879,0.61,0.3582,17,72,89
1037,4094,2011-06-24,3,0,6,11,0,5,1,1,0.8,0.7121,0.38,0.3284,56,147,203
1038,9148,2012-01-22,1,1,1,1,0,0,0,2,0.18,0.1667,0.74,0.2985,1,49,50
1039,14353,2012-08-26,3,1,8,5,0,0,0,1,0.64,0.5758,0.89,0.194,3,13,16
1040,3194,2011-05-17,2,0,5,23,0,2,1,2,0.54,0.5152,0.88,0.2537,7,49,56
1041,13715,2012-07-30,3,1,7,15,0,1,1,1,0.8,0.7424,0.49,0.2537,51,185,236
1042,11551,2012-05-01,2,1,5,11,0,2,1,2,0.66,0.6212,0.65,0.2836,50,179,229
1043,7696,2011-11-22,4,0,11,6,0,2,1,2,0.38,0.3939,0.94,0.1045,1,63,64
1044,2920,2011-05-06,2,0,5,13,0,5,1,1,0.58,0.5455,0.4,0.3284,71,182,253
1045,5532,2011-08-23,3,0,8,9,0,2,1,2,0.66,0.6212,0.44,0,34,191,225
1046,15939,2012-11-01,4,1,11,19,0,4,1,2,0.4,0.4091,0.5,0.1642,28,424,452
1047,7067,2011-10-27,4,0,10,1,0,4,1,1,0.46,0.4545,0.94,0,2,9,11
1048,3208,2011-05-18,2,0,5,13,0,3,1,2,0.56,0.5303,0.83,0.3284,30,92,122
1049,2716,2011-04-28,2,0,4,1,0,4,1,2,0.62,0.5758,0.83,0.3881,8,12,20
1050,7086,2011-10-27,4,0,10,20,0,4,1,1,0.42,0.4242,0.67,0.4925,11,171,182
1051,4170,2011-06-27,3,0,6,15,0,1,1,2,0.74,0.6818,0.55,0,76,126,202
1052,12977,2012-06-29,3,1,6,21,0,5,1,2,0.86,0.8333,0.53,0.194,41,195,236
1053,14167,2012-08-18,3,1,8,11,0,6,0,1,0.72,0.6667,0.51,0,180,356,536
1054,6992,2011-10-23,4,0,10,22,0,0,0,1,0.42,0.4242,0.77,0.1045,25,69,94
1055,15974,2012-11-03,4,1,11,6,0,6,0,2,0.32,0.3182,0.49,0.194,4,17,21
1056,7476,2011-11-13,4,0,11,2,0,0,0,1,0.36,0.3636,0.57,0.1045,9,48,57
1057,7146,2011-10-30,4,0,10,8,0,0,0,1,0.26,0.2576,0.7,0.2239,20,60,80
1058,821,2011-02-06,1,0,2,15,0,0,0,1,0.34,0.3485,0.46,0.0896,52,130,182
1059,292,2011-01-13,1,0,1,14,0,4,1,1,0.22,0.197,0.41,0.3881,3,39,42
1060,14844,2012-09-15,3,1,9,16,0,6,0,2,0.66,0.6212,0.36,0.2239,350,433,783
1061,7865,2011-11-29,4,0,11,8,0,2,1,1,0.54,0.5152,0.77,0.2836,9,440,449
1062,654,2011-01-30,1,0,1,13,0,0,0,1,0.28,0.2879,0.61,0.1045,13,71,84
1063,15381,2012-10-08,4,1,10,1,1,1,0,1,0.34,0.3333,0.87,0.1642,2,35,37
1064,4217,2011-06-29,3,0,6,14,0,3,1,1,0.8,0.697,0.31,0.194,50,138,188
1065,11653,2012-05-05,2,1,5,17,0,6,0,2,0.68,0.6364,0.65,0.2985,204,298,502
1066,12144,2012-05-26,2,1,5,4,0,6,0,1,0.62,0.5606,0.88,0.1343,0,2,2
1067,931,2011-02-11,1,0,2,9,0,5,1,1,0.12,0.1212,0.74,0.2239,8,132,140
1068,4238,2011-06-30,3,0,6,11,0,4,1,1,0.74,0.6515,0.37,0.1343,47,122,169
1069,13211,2012-07-09,3,1,7,15,0,1,1,2,0.76,0.6818,0.45,0.2239,66,214,280
1070,2860,2011-05-04,2,0,5,1,0,3,1,3,0.5,0.4848,0.82,0.2836,1,6,7
1071,9855,2012-02-20,1,1,2,14,1,1,0,1,0.32,0.3182,0.36,0.194,57,206,263
1072,1454,2011-03-05,1,0,3,20,0,6,0,2,0.44,0.4394,0.77,0.3284,12,58,70
1073,1607,2011-03-12,1,0,3,10,0,6,0,1,0.32,0.303,0.66,0.2239,21,78,99
1074,11418,2012-04-25,2,1,4,22,0,3,1,1,0.5,0.4848,0.51,0,22,170,192
1075,3144,2011-05-15,2,0,5,21,0,0,0,1,0.54,0.5152,0.88,0,44,107,151
1076,16841,2012-12-09,4,1,12,11,0,0,0,2,0.4,0.4091,0.87,0.2985,40,210,250
1077,14002,2012-08-11,3,1,8,14,0,6,0,1,0.8,0.7424,0.49,0.2985,248,290,538
1078,4949,2011-07-30,3,0,7,2,0,6,0,1,0.76,0.697,0.55,0.1045,11,31,42
1079,1457,2011-03-05,1,0,3,23,0,6,0,2,0.44,0.4394,0.77,0.2985,10,34,44
1080,6974,2011-10-23,4,0,10,4,0,0,0,1,0.34,0.3636,0.87,0,5,1,6
1081,15946,2012-11-02,4,1,11,2,0,5,1,1,0.32,0.3182,0.66,0.1642,3,7,10
1082,8764,2012-01-05,1,1,1,23,0,4,1,1,0.24,0.2576,0.7,0.1045,4,56,60
1083,17378,2012-12-31,1,1,12,22,0,1,1,1,0.26,0.2727,0.56,0.1343,13,48,61
1084,7956,2011-12-03,4,0,12,3,0,6,0,1,0.24,0.2424,0.7,0.1343,4,5,9
1085,1711,2011-03-16,1,0,3,22,0,3,1,2,0.4,0.4091,0.62,0.3881,11,48,59
1086,863,2011-02-08,1,0,2,9,0,2,1,1,0.24,0.197,0.52,0.4925,7,128,135
1087,5747,2011-09-01,3,0,9,21,0,4,1,2,0.66,0.6212,0.57,0.194,17,160,177
1088,15505,2012-10-13,4,1,10,5,0,6,0,1,0.3,0.2879,0.61,0.194,0,11,11
1089,4829,2011-07-25,3,0,7,2,0,1,1,2,0.74,0.7121,0.79,0.0896,3,3,6
1090,17276,2012-12-27,1,1,12,16,0,4,1,2,0.26,0.2424,0.52,0.2836,23,151,174
1091,9635,2012-02-11,1,1,2,9,0,6,0,3,0.22,0.2424,0.93,0.1045,5,85,90
1092,15664,2012-10-19,4,1,10,20,0,5,1,1,0.52,0.5,0.77,0.194,13,216,229
1093,12774,2012-06-21,3,1,6,10,0,4,1,1,0.84,0.7879,0.49,0.1045,36,114,150
1094,4984,2011-07-31,3,0,7,13,0,0,0,1,0.9,0.7727,0.24,0.1343,142,152,294
1095,15530,2012-10-14,4,1,10,6,0,0,0,1,0.4,0.4091,0.82,0.1642,4,20,24
1096,9598,2012-02-09,1,1,2,20,0,4,1,1,0.32,0.3485,0.36,0,2,197,199
1097,567,2011-01-25,1,0,1,19,0,2,1,2,0.26,0.2576,0.65,0.1642,13,133,146
1098,6307,2011-09-25,4,0,9,8,0,0,0,2,0.62,0.5606,0.88,0,27,59,86
1099,6326,2011-09-26,4,0,9,3,0,1,1,2,0.62,0.5455,0.94,0,0,5,5
1100,6157,2011-09-19,3,0,9,2,0,1,1,2,0.52,0.5,0.72,0.1343,6,7,13
1101,8021,2011-12-05,4,0,12,20,0,1,1,2,0.46,0.4545,0.82,0.1045,15,190,205
1102,4885,2011-07-27,3,0,7,10,0,3,1,1,0.78,0.6818,0.33,0,32,82,114
1103,2862,2011-05-04,2,0,5,3,0,3,1,3,0.42,0.4242,0.88,0.5224,0,1,1
1104,1966,2011-03-27,2,0,3,17,0,0,0,1,0.32,0.303,0.31,0.2537,50,109,159
1105,5944,2011-09-10,3,0,9,4,0,6,0,1,0.58,0.5455,0.94,0.0896,3,4,7
1106,5091,2011-08-05,3,0,8,0,0,5,1,1,0.66,0.6212,0.74,0.1045,13,41,54
1107,10775,2012-03-30,2,1,3,1,0,5,1,1,0.38,0.3939,0.5,0.2836,6,21,27
1108,3048,2011-05-11,2,0,5,21,0,3,1,1,0.54,0.5152,0.6,0,32,202,234
1109,12725,2012-06-19,2,1,6,9,0,2,1,1,0.64,0.6061,0.73,0.0896,40,288,328
1110,11496,2012-04-29,2,1,4,4,0,0,0,2,0.36,0.3485,0.87,0.1343,0,4,4
1111,16443,2012-11-22,4,1,11,20,1,4,0,1,0.34,0.3636,0.71,0,15,37,52
1112,16632,2012-11-30,4,1,11,18,0,5,1,2,0.34,0.3636,0.61,0,20,489,509
1113,4709,2011-07-20,3,0,7,2,0,3,1,1,0.7,0.6667,0.84,0,2,7,9
1114,13445,2012-07-19,3,1,7,9,0,4,1,2,0.76,0.7121,0.58,0.2836,36,282,318
1115,5226,2011-08-10,3,0,8,15,0,3,1,1,0.86,0.7424,0.3,0.3284,53,141,194
1116,16945,2012-12-13,4,1,12,19,0,4,1,1,0.3,0.303,0.45,0.1642,20,328,348
1117,7018,2011-10-25,4,0,10,0,0,2,1,1,0.44,0.4394,0.77,0.1343,4,26,30
1118,11702,2012-05-07,2,1,5,18,0,1,1,2,0.6,0.6212,0.53,0.3582,78,602,680
1119,736,2011-02-03,1,0,2,0,0,4,1,1,0.2,0.1667,0.4,0.4478,1,11,12
1120,1558,2011-03-10,1,0,3,8,0,4,1,3,0.38,0.3939,0,0.2836,1,43,44
1121,13033,2012-07-02,3,1,7,5,0,1,1,2,0.72,0.6667,0.51,0,3,37,40
1122,1442,2011-03-05,1,0,3,8,0,6,0,2,0.3,0.2727,1,0.2985,11,34,45
1123,721,2011-02-02,1,0,2,9,0,3,1,2,0.24,0.2576,0.93,0.0896,4,119,123
1124,14425,2012-08-29,3,1,8,5,0,3,1,1,0.6,0.5909,0.73,0.194,3,37,40
1125,427,2011-01-19,1,0,1,19,0,3,1,1,0.32,0.2879,0.57,0.4179,4,108,112
1126,14910,2012-09-18,3,1,9,10,0,2,1,3,0.68,0.6364,0.79,0.6418,30,130,160
1127,9805,2012-02-18,1,1,2,11,0,6,0,1,0.32,0.3333,0.57,0.1343,102,184,286
1128,10767,2012-03-29,2,1,3,17,0,4,1,1,0.52,0.5,0.38,0.3881,83,620,703
1129,14649,2012-09-07,3,1,9,13,0,5,1,1,0.8,0.7727,0.59,0.2537,71,283,354
1130,3246,2011-05-20,2,0,5,3,0,5,1,1,0.44,0.4394,1,0,1,4,5
1131,10952,2012-04-06,2,1,4,11,0,5,1,1,0.4,0.4091,0.37,0.2985,112,179,291
1132,9250,2012-01-26,1,1,1,7,0,4,1,2,0.28,0.303,0.81,0.0896,11,228,239
1133,10241,2012-03-07,1,1,3,18,0,3,1,1,0.56,0.5303,0.4,0.4627,35,509,544
1134,5722,2011-08-31,3,0,8,20,0,3,1,1,0.66,0.6212,0.57,0.1343,30,259,289
1135,14384,2012-08-27,3,1,8,12,0,1,1,1,0.76,0.7121,0.62,0,69,214,283
1136,6984,2011-10-23,4,0,10,14,0,0,0,1,0.52,0.5,0.55,0.2239,192,216,408
1137,11419,2012-04-25,2,1,4,23,0,3,1,2,0.5,0.4848,0.51,0.0896,10,94,104
1138,285,2011-01-13,1,0,1,7,0,4,1,1,0.12,0.1515,0.54,0.1343,0,72,72
1139,13253,2012-07-11,3,1,7,9,0,3,1,2,0.7,0.6667,0.74,0.1343,30,298,328
1140,8222,2011-12-14,4,0,12,5,0,3,1,2,0.26,0.303,0.81,0,0,26,26
1141,380,2011-01-17,1,0,1,7,1,1,0,2,0.16,0.1818,0.5,0.1343,4,9,13
1142,15816,2012-10-26,4,1,10,4,0,5,1,2,0.52,0.5,0.88,0.1642,1,4,5
1143,9835,2012-02-19,1,1,2,17,0,0,0,2,0.3,0.2879,0.49,0.2537,22,135,157
1144,6936,2011-10-21,4,0,10,14,0,5,1,1,0.52,0.5,0.42,0.2985,67,131,198
1145,11611,2012-05-03,2,1,5,23,0,4,1,1,0.6,0.5606,0.83,0,21,100,121
1146,1164,2011-02-21,1,0,2,6,1,1,0,2,0.42,0.4242,0.26,0.2985,2,6,8
1147,7459,2011-11-12,4,0,11,9,0,6,0,1,0.3,0.303,0.61,0.1642,18,142,160
1148,3740,2011-06-09,2,0,6,17,0,4,1,1,0.9,0.8182,0.37,0.2537,54,355,409
1149,4902,2011-07-28,3,0,7,3,0,4,1,1,0.72,0.6667,0.54,0,0,5,5
1150,7475,2011-11-13,4,0,11,1,0,0,0,2,0.36,0.3485,0.66,0.194,13,58,71
1151,3478,2011-05-29,2,0,5,19,0,0,0,1,0.72,0.697,0.74,0.2537,141,146,287
1152,7609,2011-11-18,4,0,11,15,0,5,1,1,0.34,0.3333,0.29,0.1343,27,151,178
1153,10726,2012-03-28,2,1,3,0,0,3,1,1,0.36,0.3333,0.4,0.2836,1,29,30
1154,11742,2012-05-09,2,1,5,10,0,3,1,2,0.62,0.6061,0.65,0.2537,40,113,153
1155,1689,2011-03-15,1,0,3,23,0,2,1,2,0.32,0.3182,0.87,0.1642,1,17,18
1156,4741,2011-07-21,3,0,7,10,0,4,1,2,0.82,0.8636,0.71,0.2239,31,47,78
1157,10931,2012-04-05,2,1,4,14,0,4,1,1,0.46,0.4545,0.33,0.1642,143,144,287
1158,3044,2011-05-11,2,0,5,17,0,3,1,1,0.64,0.6212,0.47,0.1045,17,242,259
1159,5712,2011-08-31,3,0,8,10,0,3,1,1,0.7,0.6364,0.45,0.1045,33,105,138
1160,16487,2012-11-24,4,1,11,16,0,6,0,1,0.28,0.2424,0.38,0.4478,43,127,170
1161,7384,2011-11-09,4,0,11,6,0,3,1,1,0.3,0.3333,0.87,0,0,98,98
1162,6416,2011-09-29,4,0,9,21,0,4,1,1,0.58,0.5455,0.56,0,30,195,225
1163,6758,2011-10-14,4,0,10,3,0,5,1,1,0.56,0.5303,0.94,0.1343,1,6,7
1164,9882,2012-02-21,1,1,2,18,0,2,1,1,0.38,0.3939,0.4,0.4478,11,414,425
1165,1359,2011-03-01,1,0,3,21,0,2,1,1,0.26,0.303,0.56,0,8,55,63
1166,14239,2012-08-21,3,1,8,11,0,2,1,1,0.7,0.6515,0.54,0,61,195,256
1167,17266,2012-12-27,1,1,12,6,0,4,1,1,0.24,0.197,0.7,0.4925,0,45,45
1168,222,2011-01-10,1,0,1,12,0,1,1,2,0.2,0.1818,0.4,0.2836,5,47,52
1169,7576,2011-11-17,4,0,11,6,0,4,1,3,0.36,0.3485,0.57,0.2239,3,72,75
1170,12463,2012-06-08,2,1,6,11,0,5,1,1,0.7,0.6364,0.42,0.2537,65,199,264
1171,8073,2011-12-08,4,0,12,0,0,4,1,2,0.26,0.2273,0.87,0.2985,0,21,21
1172,11018,2012-04-09,2,1,4,5,0,1,1,1,0.44,0.4394,0.24,0.194,2,30,32
1173,1635,2011-03-13,1,0,3,15,0,0,0,1,0.48,0.4697,0.39,0.3284,149,155,304
1174,14760,2012-09-12,3,1,9,4,0,3,1,1,0.5,0.4848,0.72,0.0896,0,5,5
1175,4167,2011-06-27,3,0,6,12,0,1,1,2,0.72,0.6667,0.54,0,40,130,170
1176,16676,2012-12-02,4,1,12,14,0,0,0,1,0.44,0.4394,0.62,0.2537,142,331,473
1177,14763,2012-09-12,3,1,9,7,0,3,1,1,0.52,0.5,0.72,0,24,533,557
1178,14449,2012-08-30,3,1,8,5,0,4,1,1,0.62,0.5909,0.73,0,2,33,35
1179,12398,2012-06-05,2,1,6,18,0,2,1,1,0.6,0.6212,0.43,0.194,111,679,790
1180,6221,2011-09-21,3,0,9,18,0,3,1,3,0.64,0.5758,0.83,0.1642,24,384,408
1181,12457,2012-06-08,2,1,6,5,0,5,1,1,0.5,0.4848,0.72,0.1045,1,28,29
1182,5223,2011-08-10,3,0,8,12,0,3,1,1,0.82,0.7273,0.38,0.2985,74,166,240
1183,10558,2012-03-21,2,1,3,0,0,3,1,1,0.52,0.5,0.88,0,4,29,33
1184,17074,2012-12-19,4,1,12,4,0,3,1,1,0.24,0.2424,0.75,0.1343,1,6,7
1185,14711,2012-09-10,3,1,9,3,0,1,1,1,0.52,0.5,0.68,0.2836,5,7,12
1186,14055,2012-08-13,3,1,8,19,0,1,1,1,0.74,0.6818,0.58,0.1642,88,467,555
1187,6282,2011-09-24,4,0,9,7,0,6,0,2,0.56,0.5303,0.88,0.1045,12,34,46
1188,12232,2012-05-29,2,1,5,20,0,2,1,3,0.7,0.6515,0.61,0.5224,36,168,204
1189,7880,2011-11-29,4,0,11,23,0,2,1,1,0.36,0.3333,0.76,0.3881,0,53,53
1190,2300,2011-04-10,2,0,4,16,0,0,0,2,0.52,0.5,0.72,0.1642,135,153,288
1191,13592,2012-07-25,3,1,7,12,0,3,1,1,0.76,0.6667,0.33,0,77,233,310
1192,8036,2011-12-06,4,0,12,11,0,2,1,3,0.46,0.4545,0.94,0.2537,4,28,32
1193,17368,2012-12-31,1,1,12,12,0,1,1,2,0.24,0.2273,0.56,0.194,52,172,224
1194,7140,2011-10-30,4,0,10,2,0,0,0,1,0.22,0.2121,0.87,0.2836,7,43,50
1195,9631,2012-02-11,1,1,2,5,0,6,0,3,0.22,0.2273,0.93,0.1642,0,2,2
1196,6956,2011-10-22,4,0,10,10,0,6,0,2,0.44,0.4394,0.62,0.1045,87,149,236
1197,11110,2012-04-13,2,1,4,2,0,5,1,1,0.34,0.3333,0.49,0.194,6,5,11
1198,8404,2011-12-21,1,0,12,19,0,3,1,2,0.5,0.4848,0.94,0.3284,9,200,209
1199,8105,2011-12-09,4,0,12,8,0,5,1,1,0.24,0.2879,0.81,0,7,378,385
1200,4966,2011-07-30,3,0,7,19,0,6,0,1,0.74,0.6515,0.33,0.2239,101,155,256
1201,8816,2012-01-08,1,1,1,3,0,0,0,1,0.34,0.3333,0.42,0.1343,6,26,32
1202,4731,2011-07-21,3,0,7,0,0,4,1,2,0.76,0.7424,0.75,0.194,13,29,42
1203,5047,2011-08-03,3,0,8,4,0,3,1,2,0.76,0.697,0.52,0.1642,0,7,7
1204,12634,2012-06-15,2,1,6,14,0,5,1,1,0.72,0.6515,0.39,0.194,121,255,376
1205,2326,2011-04-11,2,0,4,19,0,1,1,1,0.72,0.6667,0.51,0.4478,73,211,284
1206,6396,2011-09-29,4,0,9,1,0,4,1,2,0.6,0.5,1,0.194,3,20,23
1207,6562,2011-10-05,4,0,10,23,0,3,1,1,0.5,0.4848,0.77,0.1045,9,64,73
1208,5228,2011-08-10,3,0,8,17,0,3,1,1,0.84,0.7121,0.26,0.2985,71,513,584
1209,6741,2011-10-13,4,0,10,10,0,4,1,3,0.56,0.5303,1,0.1343,16,53,69
1210,17305,2012-12-28,1,1,12,21,0,5,1,2,0.24,0.2424,0.7,0.1343,17,75,92
1211,2142,2011-04-04,2,0,4,2,0,1,1,1,0.38,0.3939,0.66,0.2537,1,1,2
1212,14031,2012-08-12,3,1,8,19,0,0,0,1,0.74,0.6515,0.4,0.1343,148,317,465
1213,3573,2011-06-02,2,0,6,18,0,4,1,1,0.74,0.6515,0.22,0.3881,74,451,525
1214,14686,2012-09-09,3,1,9,2,0,0,0,1,0.54,0.5152,0.77,0.2836,15,81,96
1215,13308,2012-07-13,3,1,7,16,0,5,1,2,0.8,0.7121,0.36,0.2239,111,381,492
1216,842,2011-02-07,1,0,2,12,0,1,1,2,0.32,0.3485,0.62,0,7,59,66
1217,6342,2011-09-26,4,0,9,19,0,1,1,1,0.66,0.6061,0.82,0.0896,36,347,383
1218,8146,2011-12-11,4,0,12,1,0,0,0,1,0.16,0.1515,0.59,0.2239,8,54,62
1219,14974,2012-09-21,3,1,9,2,0,5,1,1,0.52,0.5,0.72,0,6,8,14
1220,3814,2011-06-12,2,0,6,19,0,0,0,1,0.7,0.6667,0.74,0.1045,67,156,223
1221,4368,2011-07-05,3,0,7,21,0,2,1,1,0.78,0.7424,0.62,0.2537,77,168,245
1222,15658,2012-10-19,4,1,10,14,0,5,1,1,0.66,0.6212,0.61,0.2537,88,277,365
1223,7888,2011-11-30,4,0,11,7,0,3,1,1,0.26,0.2727,0.81,0.1045,9,276,285
1224,8830,2012-01-08,1,1,1,17,0,0,0,1,0.38,0.3939,0.4,0.2239,22,197,219
1225,16456,2012-11-23,4,1,11,9,0,5,1,1,0.28,0.2879,0.75,0.1045,32,80,112
1226,2449,2011-04-16,2,0,4,22,0,6,0,3,0.42,0.4242,1,0,2,22,24
1227,4502,2011-07-11,3,0,7,11,0,1,1,1,0.82,0.7879,0.56,0.2985,39,89,128
1228,1011,2011-02-14,1,0,2,18,0,1,1,1,0.4,0.4091,0.4,0.6119,11,194,205
1229,8900,2012-01-11,1,1,1,16,0,3,1,2,0.34,0.3182,0.87,0.2537,6,112,118
1230,9034,2012-01-17,1,1,1,7,0,2,1,3,0.3,0.2879,0.81,0.2239,5,121,126
1231,5816,2011-09-04,3,0,9,18,0,0,0,1,0.76,0.7273,0.66,0.194,187,169,356
1232,7592,2011-11-17,4,0,11,22,0,4,1,1,0.26,0.2424,0.52,0.2537,1,83,84
1233,448,2011-01-20,1,0,1,16,0,4,1,2,0.3,0.303,0.49,0.1343,8,83,91
1234,7989,2011-12-04,4,0,12,12,0,0,0,1,0.36,0.3485,0.81,0.1642,82,247,329
1235,978,2011-02-13,1,0,2,9,0,0,0,2,0.24,0.2273,0.6,0.2239,12,35,47
1236,6139,2011-09-18,3,0,9,8,0,0,0,1,0.46,0.4545,0.72,0.2537,16,53,69
1237,11682,2012-05-06,2,1,5,22,0,0,0,1,0.56,0.5303,0.73,0.1642,44,113,157
1238,14034,2012-08-12,3,1,8,22,0,0,0,1,0.7,0.6515,0.58,0.1343,40,141,181
1239,9373,2012-01-31,1,1,1,10,0,2,1,2,0.32,0.3182,0.57,0.194,34,110,144
1240,8595,2011-12-29,1,0,12,21,0,4,1,2,0.28,0.2879,0.61,0.1343,8,60,68
1241,13208,2012-07-09,3,1,7,12,0,1,1,2,0.74,0.6818,0.58,0.1343,61,205,266
1242,16015,2012-11-04,4,1,11,23,0,0,0,2,0.3,0.303,0.56,0.1642,12,41,53
1243,9625,2012-02-10,1,1,2,23,0,5,1,2,0.3,0.3182,0.7,0.0896,1,64,65
1244,10642,2012-03-24,2,1,3,12,0,6,0,3,0.52,0.5,0.94,0.2239,61,122,183
1245,16502,2012-11-25,4,1,11,7,0,0,0,2,0.22,0.2424,0.51,0.1045,2,19,21
1246,12852,2012-06-24,3,1,6,16,0,0,0,1,0.84,0.7273,0.3,0.2537,181,280,461
1247,14932,2012-09-19,3,1,9,8,0,3,1,1,0.52,0.5,0.59,0.2239,39,758,797
1248,16667,2012-12-02,4,1,12,5,0,0,0,2,0.26,0.303,0.93,0,1,7,8
1249,15181,2012-09-29,4,1,9,17,0,6,0,1,0.6,0.6212,0.38,0.3582,256,456,712
1250,2642,2011-04-24,2,0,4,23,0,0,0,3,0.54,0.5152,1,0.0896,5,37,42
1251,2572,2011-04-22,2,0,4,1,0,5,1,1,0.36,0.3333,0.53,0.2537,2,22,24
1252,4857,2011-07-26,3,0,7,6,0,2,1,1,0.68,0.6364,0.83,0.2239,2,108,110
1253,10209,2012-03-06,1,1,3,10,0,2,1,1,0.24,0.2576,0.44,0,16,113,129
1254,3036,2011-05-11,2,0,5,9,0,3,1,1,0.52,0.5,0.72,0.1343,21,182,203
1255,2586,2011-04-22,2,0,4,15,0,5,1,3,0.34,0.3333,0.87,0.194,13,62,75
1256,6779,2011-10-15,4,0,10,0,0,6,0,1,0.46,0.4545,0.55,0.1045,18,88,106
1257,4882,2011-07-27,3,0,7,7,0,3,1,1,0.72,0.6667,0.48,0.2537,34,313,347
1258,2040,2011-03-30,2,0,3,20,0,3,1,3,0.24,0.2121,0.93,0.2985,4,40,44
1259,9852,2012-02-20,1,1,2,11,1,1,0,1,0.26,0.2273,0.48,0.3582,45,163,208
1260,4961,2011-07-30,3,0,7,14,0,6,0,1,0.9,0.7879,0.29,0,112,193,305
1261,3652,2011-06-06,2,0,6,1,0,1,1,1,0.6,0.5606,0.83,0.1343,9,5,14
1262,14519,2012-09-02,3,1,9,3,0,0,0,1,0.66,0.5909,0.89,0.0896,9,33,42
1263,5246,2011-08-11,3,0,8,11,0,4,1,1,0.76,0.6667,0.35,0.2537,59,128,187
1264,16266,2012-11-15,4,1,11,11,0,4,1,2,0.34,0.3333,0.61,0.1343,28,138,166
1265,1167,2011-02-21,1,0,2,9,1,1,0,2,0.32,0.303,0.57,0.2836,11,46,57
1266,10133,2012-03-03,1,1,3,6,0,6,0,2,0.36,0.3636,0.93,0.0896,1,6,7
1267,14971,2012-09-20,3,1,9,23,0,4,1,1,0.54,0.5152,0.68,0.1045,17,137,154
1268,11994,2012-05-19,2,1,5,22,0,6,0,1,0.64,0.6212,0.47,0,104,234,338
1269,9424,2012-02-02,1,1,2,13,0,4,1,2,0.42,0.4242,0.77,0,13,124,137
1270,16803,2012-12-07,4,1,12,21,0,5,1,2,0.36,0.3636,0.93,0.1045,9,162,171
1271,1145,2011-02-20,1,0,2,11,0,0,0,2,0.3,0.303,0.33,0.1642,72,89,161
1272,9605,2012-02-10,1,1,2,3,0,5,1,1,0.26,0.2879,0.56,0.0896,0,5,5
1273,2482,2011-04-18,2,0,4,7,0,1,1,1,0.46,0.4545,0.63,0,12,156,168
1274,11335,2012-04-22,2,1,4,11,0,0,0,3,0.38,0.3939,0.87,0.2985,7,70,77
1275,17290,2012-12-28,1,1,12,6,0,5,1,1,0.22,0.2121,0.64,0.2836,2,49,51
1276,12206,2012-05-28,2,1,5,18,1,1,0,1,0.8,0.7727,0.59,0.2985,132,251,383
1277,16279,2012-11-16,4,1,11,0,0,5,1,2,0.32,0.3333,0.66,0.1045,7,58,65
1278,410,2011-01-19,1,0,1,1,0,3,1,3,0.22,0.2273,0.93,0.1343,1,6,7
1279,2130,2011-04-03,2,0,4,14,0,0,0,1,0.46,0.4545,0.31,0.1343,240,109,349
1280,7557,2011-11-16,4,0,11,11,0,3,1,3,0.46,0.4545,0.94,0.0896,7,53,60
1281,6260,2011-09-23,4,0,9,9,0,5,1,3,0.62,0.5152,1,0.1343,3,108,111
1282,6799,2011-10-15,4,0,10,20,0,6,0,1,0.5,0.4848,0.48,0.1343,42,137,179
1283,150,2011-01-07,1,0,1,12,0,5,1,2,0.2,0.197,0.37,0.2537,9,50,59
1284,7917,2011-12-01,4,0,12,12,0,4,1,1,0.36,0.3485,0.46,0.2239,9,139,148
1285,15573,2012-10-16,4,1,10,1,0,2,1,1,0.44,0.4394,0.67,0.194,4,9,13
1286,15373,2012-10-07,4,1,10,17,0,0,0,3,0.4,0.4091,0.82,0.2239,35,122,157
1287,95,2011-01-05,1,0,1,2,0,3,1,1,0.16,0.197,0.74,0.0896,0,2,2
1288,11292,2012-04-20,2,1,4,16,0,5,1,1,0.66,0.6212,0.44,0.194,151,429,580
1289,15050,2012-09-24,4,1,9,6,0,1,1,1,0.46,0.4545,0.59,0,6,162,168
1290,11745,2012-05-09,2,1,5,13,0,3,1,2,0.64,0.6212,0.53,0.2537,50,216,266
1291,8837,2012-01-09,1,1,1,0,0,1,1,1,0.24,0.2273,0.6,0.2239,3,12,15
1292,4126,2011-06-25,3,0,6,19,0,6,0,1,0.72,0.6667,0.48,0.2836,121,254,375
1293,10355,2012-03-12,1,1,3,13,0,1,1,2,0.54,0.5152,0.32,0.2537,74,176,250
1294,3548,2011-06-01,2,0,6,17,0,3,1,1,0.86,0.803,0.47,0.2985,52,434,486
1295,2267,2011-04-09,2,0,4,7,0,6,0,2,0.3,0.303,0.93,0.1642,8,13,21
1296,58,2011-01-03,1,0,1,12,0,1,1,1,0.22,0.2121,0.35,0.2985,13,48,61
1297,3906,2011-06-16,2,0,6,15,0,4,1,2,0.7,0.6515,0.61,0.2985,32,127,159
1298,10264,2012-03-08,1,1,3,17,0,4,1,1,0.62,0.6212,0.38,0.6567,52,545,597
1299,7811,2011-11-27,4,0,11,1,0,0,0,1,0.36,0.3788,0.81,0,9,35,44
1300,11834,2012-05-13,2,1,5,6,0,0,0,1,0.52,0.5,0.68,0.1642,6,15,21
1301,1963,2011-03-27,2,0,3,14,0,0,0,1,0.32,0.3182,0.36,0.1642,61,103,164
1302,14205,2012-08-20,3,1,8,1,0,1,1,1,0.6,0.5606,0.83,0.1642,0,10,10
1303,14859,2012-09-16,3,1,9,7,0,0,0,1,0.5,0.4848,0.77,0.1045,28,43,71
1304,8407,2011-12-21,1,0,12,22,0,3,1,1,0.5,0.4848,0.88,0.2537,3,102,105
1305,5171,2011-08-08,3,0,8,8,0,1,1,1,0.74,0.6818,0.58,0.3284,29,320,349
1306,7730,2011-11-23,4,0,11,16,0,3,1,2,0.4,0.4091,0.62,0.4627,4,169,173
1307,12769,2012-06-21,3,1,6,5,0,4,1,1,0.7,0.6667,0.84,0.1045,3,37,40
1308,9569,2012-02-08,1,1,2,15,0,3,1,3,0.3,0.3182,0.61,0.1045,5,49,54
1309,17259,2012-12-26,1,1,12,23,0,3,1,3,0.26,0.2273,0.87,0.2985,2,8,10
1310,2190,2011-04-06,2,0,4,2,0,3,1,1,0.24,0.2424,0.7,0.1343,0,5,5
1311,11210,2012-04-17,2,1,4,6,0,2,1,1,0.6,0.6212,0.46,0.2537,8,136,144
1312,12141,2012-05-26,2,1,5,1,0,6,0,1,0.64,0.5758,0.83,0.1343,18,64,82
1313,9499,2012-02-05,1,1,2,16,0,0,0,1,0.3,0.2879,0.56,0.2239,35,261,296
1314,14029,2012-08-12,3,1,8,17,0,0,0,1,0.8,0.697,0.33,0,186,319,505
1315,13943,2012-08-09,3,1,8,3,0,4,1,1,0.68,0.6364,0.83,0.0896,1,5,6
1316,7739,2011-11-24,4,0,11,1,1,4,0,1,0.32,0.2879,0.57,0.4179,1,23,24
1317,15383,2012-10-08,4,1,10,3,1,1,0,1,0.34,0.3485,0.81,0.1045,2,8,10
1318,7203,2011-11-01,4,0,11,17,0,2,1,1,0.44,0.4394,0.54,0.1642,36,470,506
1319,12968,2012-06-29,3,1,6,12,0,5,1,2,0.92,0.8788,0.4,0.2537,53,173,226
1320,6135,2011-09-18,3,0,9,4,0,0,0,1,0.44,0.4394,0.77,0.2239,1,0,1
1321,11913,2012-05-16,2,1,5,13,0,3,1,1,0.72,0.6515,0.42,0,77,273,350
1322,12485,2012-06-09,2,1,6,9,0,6,0,1,0.64,0.6212,0.57,0.1642,99,241,340
1323,3288,2011-05-21,2,0,5,21,0,6,0,1,0.62,0.6061,0.61,0.1045,77,150,227
1324,6557,2011-10-05,4,0,10,18,0,3,1,1,0.6,0.6212,0.53,0.1642,57,536,593
1325,5806,2011-09-04,3,0,9,8,0,0,0,1,0.66,0.6061,0.78,0.1642,21,49,70
1326,9801,2012-02-18,1,1,2,7,0,6,0,1,0.24,0.2879,0.7,0,8,33,41
1327,15639,2012-10-18,4,1,10,19,0,4,1,2,0.56,0.5303,0.68,0.2985,42,471,513
1328,103,2011-01-05,1,0,1,11,0,3,1,1,0.26,0.2273,0.33,0.3284,12,34,46
1329,5362,2011-08-16,3,0,8,7,0,2,1,1,0.64,0.6061,0.69,0.2537,18,328,346
1330,12635,2012-06-15,2,1,6,15,0,5,1,1,0.72,0.6515,0.39,0.194,107,270,377
1331,4706,2011-07-19,3,0,7,23,0,2,1,3,0.72,0.697,0.79,0.1642,19,73,92
1332,8251,2011-12-15,4,0,12,10,0,4,1,2,0.4,0.4091,0.58,0.2985,4,105,109
1333,12643,2012-06-15,2,1,6,23,0,5,1,1,0.62,0.6212,0.53,0.2537,46,176,222
1334,13181,2012-07-08,3,1,7,9,0,0,0,1,0.86,0.8182,0.5,0.1045,70,172,242
1335,12717,2012-06-19,2,1,6,1,0,2,1,2,0.6,0.5758,0.78,0.1642,1,13,14
1336,3450,2011-05-28,2,0,5,15,0,6,0,1,0.74,0.6818,0.55,0.2239,187,187,374
1337,15702,2012-10-21,4,1,10,10,0,0,0,1,0.5,0.4848,0.48,0.2985,167,276,443
1338,2544,2011-04-20,2,0,4,21,0,3,1,1,0.66,0.6212,0.36,0.2836,38,134,172
1339,14180,2012-08-19,3,1,8,0,0,0,0,1,0.66,0.6212,0.57,0.0896,44,143,187
1340,16085,2012-11-07,4,1,11,21,0,3,1,2,0.32,0.303,0.49,0.2985,5,121,126
1341,15374,2012-10-07,4,1,10,18,0,0,0,3,0.4,0.4091,0.82,0.194,24,82,106
1342,13138,2012-07-06,3,1,7,14,0,5,1,1,0.9,0.803,0.31,0.1642,91,184,275
1343,17116,2012-12-20,4,1,12,22,0,4,1,3,0.34,0.3333,0.87,0.194,1,20,21
1344,16798,2012-12-07,4,1,12,16,0,5,1,1,0.36,0.3485,0.76,0.1343,39,336,375
1345,641,2011-01-29,1,0,1,23,0,6,0,1,0.16,0.197,0.8,0.0896,3,30,33
1346,13389,2012-07-17,3,1,7,1,0,2,1,1,0.74,0.697,0.7,0,4,21,25
1347,10421,2012-03-15,1,1,3,7,0,4,1,1,0.44,0.4394,0.72,0.0896,14,367,381
1348,2479,2011-04-18,2,0,4,4,0,1,1,1,0.4,0.4091,0.87,0.1642,2,4,6
1349,14147,2012-08-17,3,1,8,15,0,5,1,1,0.86,0.2424,0.3,0.4627,127,256,383
1350,12433,2012-06-07,2,1,6,5,0,4,1,1,0.48,0.4697,0.82,0.0896,0,34,34
1351,10191,2012-03-05,1,1,3,16,0,1,1,1,0.3,0.2727,0.45,0.2985,30,180,210
1352,11284,2012-04-20,2,1,4,8,0,5,1,1,0.44,0.4394,0.94,0,32,668,700
1353,11935,2012-05-17,2,1,5,11,0,4,1,1,0.58,0.5455,0.49,0.2239,77,202,279
1354,8827,2012-01-08,1,1,1,14,0,0,0,1,0.4,0.4091,0.4,0.194,75,253,328
1355,16032,2012-11-05,4,1,11,16,0,1,1,1,0.36,0.3333,0.43,0.2836,35,325,360
1356,6878,2011-10-19,4,0,10,4,0,3,1,3,0.5,0.4848,0.94,0.194,0,3,3
1357,10811,2012-03-31,2,1,3,13,0,6,0,1,0.54,0.5152,0.6,0.1343,265,373,638
1358,8158,2011-12-11,4,0,12,13,0,0,0,1,0.3,0.3333,0.31,0,44,224,268
1359,12536,2012-06-11,2,1,6,12,0,1,1,2,0.8,0.7273,0.43,0.194,63,198,261
1360,7029,2011-10-25,4,0,10,11,0,2,1,1,0.52,0.5,0.48,0.2836,46,120,166
1361,17149,2012-12-22,1,1,12,7,0,6,0,1,0.26,0.2273,0.44,0.4179,2,18,20
1362,2719,2011-04-28,2,0,4,4,0,4,1,2,0.62,0.5758,0.83,0.4179,4,5,9
1363,5272,2011-08-12,3,0,8,13,0,5,1,1,0.78,0.6818,0.29,0.0896,74,179,253
1364,3473,2011-05-29,2,0,5,14,0,0,0,1,0.74,0.697,0.7,0.2836,183,168,351
1365,2827,2011-05-02,2,0,5,16,0,1,1,1,0.66,0.6212,0.61,0.2239,49,220,269
1366,9840,2012-02-19,1,1,2,22,0,0,0,3,0.24,0.2576,0.75,0.0896,8,47,55
1367,12371,2012-06-04,2,1,6,15,0,1,1,1,0.66,0.6212,0.39,0.2985,77,215,292
1368,17025,2012-12-17,4,1,12,3,0,1,1,2,0.36,0.3788,0.93,0,0,3,3
1369,14226,2012-08-20,3,1,8,22,0,1,1,2,0.6,0.5606,0.83,0,25,136,161
1370,7235,2011-11-03,4,0,11,1,0,4,1,1,0.34,0.3333,0.81,0.1343,3,12,15
1371,12528,2012-06-11,2,1,6,4,0,1,1,1,0.64,0.5909,0.78,0.1343,0,7,7
1372,1982,2011-03-28,2,0,3,10,0,1,1,1,0.24,0.2273,0.3,0.194,22,47,69
1373,8629,2011-12-31,1,0,12,7,0,6,0,3,0.38,0.3939,0.76,0,6,13,19
1374,1430,2011-03-04,1,0,3,20,0,5,1,2,0.3,0.2879,0.7,0.194,9,78,87
1375,13391,2012-07-17,3,1,7,3,0,2,1,1,0.72,0.6818,0.66,0,0,3,3
1376,11423,2012-04-26,2,1,4,3,0,4,1,2,0.48,0.4697,0.55,0.0896,1,5,6
1377,6713,2011-10-12,4,0,10,6,0,3,1,2,0.54,0.5152,0.88,0.2537,5,107,112
1378,4075,2011-06-23,3,0,6,16,0,4,1,2,0.74,0.6818,0.62,0.2985,58,217,275
1379,4442,2011-07-08,3,0,7,23,0,5,1,2,0.66,0.6061,0.78,0.0896,40,111,151
1380,15282,2012-10-03,4,1,10,22,0,3,1,1,0.66,0.6212,0.74,0,9,232,241
1381,5006,2011-08-01,3,0,8,11,0,1,1,1,0.88,0.7727,0.32,0.1642,53,66,119
1382,15916,2012-10-31,4,1,10,20,0,3,1,2,0.4,0.4091,0.5,0.194,9,259,268
1383,4154,2011-06-26,3,0,6,23,0,0,0,1,0.7,0.6515,0.54,0.0896,14,64,78
1384,12109,2012-05-24,2,1,5,17,0,4,1,1,0.74,0.6818,0.55,0.2836,120,678,798
1385,2389,2011-04-14,2,0,4,10,0,4,1,1,0.5,0.4848,0.51,0.194,21,68,89
1386,13463,2012-07-20,3,1,7,3,0,5,1,2,0.66,0.5909,0.89,0.1045,7,29,36
1387,1497,2011-03-07,1,0,3,17,0,1,1,1,0.34,0.303,0.29,0.3582,27,206,233
1388,5801,2011-09-04,3,0,9,3,0,0,0,1,0.64,0.5758,0.89,0.194,20,23,43
1389,1990,2011-03-28,2,0,3,18,0,1,1,1,0.32,0.303,0.21,0.2836,21,220,241
1390,13657,2012-07-28,3,1,7,5,0,6,0,1,0.68,0.6364,0.79,0.1642,4,10,14
1391,4817,2011-07-24,3,0,7,14,0,0,0,1,0.86,0.8182,0.5,0.2836,79,204,283
1392,3711,2011-06-08,2,0,6,12,0,3,1,1,0.88,0.8182,0.42,0.1343,15,134,149
1393,11467,2012-04-27,2,1,4,23,0,5,1,1,0.4,0.4091,0.4,0.2537,11,105,116
1394,9788,2012-02-17,1,1,2,18,0,5,1,1,0.4,0.4091,0.35,0.2537,15,362,377
1395,7361,2011-11-08,4,0,11,7,0,2,1,1,0.3,0.3182,0.87,0.1045,7,316,323
1396,2875,2011-05-04,2,0,5,16,0,3,1,1,0.5,0.4848,0.45,0.4627,22,173,195
1397,4270,2011-07-01,3,0,7,19,0,5,1,1,0.78,0.6667,0.25,0.194,80,238,318
1398,11433,2012-04-26,2,1,4,13,0,4,1,2,0.5,0.4848,0.82,0.1642,19,178,197
1399,2007,2011-03-29,2,0,3,11,0,2,1,2,0.34,0.303,0.25,0.3881,18,63,81
1400,6210,2011-09-21,3,0,9,7,0,3,1,2,0.54,0.5152,1,0.194,18,312,330
1401,9491,2012-02-05,1,1,2,8,0,0,0,2,0.24,0.2424,0.75,0.1642,4,58,62
1402,9926,2012-02-23,1,1,2,14,0,4,1,1,0.54,0.5152,0.37,0.2537,36,156,192
1403,9647,2012-02-11,1,1,2,21,0,6,0,1,0.14,0.0758,0.43,0.6418,5,43,48
1404,4266,2011-07-01,3,0,7,15,0,5,1,1,0.82,0.697,0.21,0.2537,82,299,381
1405,15227,2012-10-01,4,1,10,15,0,1,1,2,0.62,0.6212,0.43,0.1343,95,234,329
1406,5035,2011-08-02,3,0,8,16,0,2,1,1,0.9,0.7727,0.25,0.2836,58,216,274
1407,9035,2012-01-17,1,1,1,8,0,2,1,3,0.3,0.2879,0.81,0.2836,3,90,93
1408,13276,2012-07-12,3,1,7,8,0,4,1,1,0.68,0.6364,0.65,0.1343,49,653,702
1409,7048,2011-10-26,4,0,10,6,0,3,1,1,0.42,0.4242,0.71,0.2239,0,92,92
1410,11458,2012-04-27,2,1,4,14,0,5,1,1,0.46,0.4545,0.33,0.3284,94,206,300
1411,14279,2012-08-23,3,1,8,3,0,4,1,1,0.62,0.5758,0.83,0.0896,3,6,9
1412,5850,2011-09-06,3,0,9,5,0,2,1,3,0.54,0.5152,0.88,0.3582,1,20,21
1413,9971,2012-02-25,1,1,2,11,0,6,0,1,0.3,0.2576,0.39,0.6119,23,187,210
1414,17085,2012-12-19,4,1,12,15,0,3,1,1,0.42,0.4242,0.5,0.2836,28,209,237
1415,11807,2012-05-12,2,1,5,3,0,6,0,1,0.48,0.4697,0.59,0,14,20,34
1416,12278,2012-05-31,2,1,5,18,0,4,1,1,0.74,0.6515,0.3,0.194,85,700,785
1417,9293,2012-01-28,1,1,1,2,0,6,0,1,0.26,0.303,0.6,0,3,38,41
1418,13961,2012-08-09,3,1,8,21,0,4,1,2,0.7,0.6515,0.58,0.1642,50,286,336
1419,11469,2012-04-28,2,1,4,1,0,6,0,1,0.36,0.3333,0.5,0.2985,7,60,67
1420,6291,2011-09-24,4,0,9,16,0,6,0,2,0.64,0.5909,0.78,0.0896,167,282,449
1421,8298,2011-12-17,4,0,12,9,0,6,0,2,0.26,0.2424,0.56,0.2537,5,95,100
1422,3781,2011-06-11,2,0,6,10,0,6,0,1,0.74,0.6818,0.58,0.1642,91,173,264
1423,701,2011-02-01,1,0,2,13,0,2,1,2,0.2,0.2576,0.86,0,3,49,52
1424,8362,2011-12-20,4,0,12,1,0,2,1,1,0.36,0.3788,0.53,0,0,6,6
1425,1120,2011-02-19,1,0,2,9,0,6,0,1,0.4,0.4091,0.16,0.6567,18,37,55
1426,15802,2012-10-25,4,1,10,14,0,4,1,1,0.6,0.5909,0.73,0.1343,71,214,285
1427,2547,2011-04-21,2,0,4,0,0,4,1,1,0.56,0.5303,0.43,0.3582,11,33,44
1428,5728,2011-09-01,3,0,9,2,0,4,1,1,0.58,0.5455,0.78,0.0896,14,11,25
1429,13493,2012-07-21,3,1,7,9,0,6,0,2,0.58,0.5455,0.83,0.194,32,175,207
1430,13229,2012-07-10,3,1,7,9,0,2,1,1,0.74,0.697,0.66,0.1343,47,284,331
1431,5513,2011-08-22,3,0,8,14,0,1,1,1,0.74,0.6515,0.3,0.3881,88,137,225
1432,16208,2012-11-13,4,1,11,1,0,2,1,3,0.44,0.4394,0.88,0.6418,0,5,5
1433,1315,2011-02-27,1,0,2,23,0,0,0,2,0.36,0.3485,0.62,0.1642,6,53,59
1434,6246,2011-09-22,3,0,9,19,0,4,1,2,0.64,0.5758,0.89,0.0896,32,388,420
1435,14482,2012-08-31,3,1,8,14,0,5,1,1,0.9,0.7727,0.25,0.2239,112,324,436
1436,7975,2011-12-03,4,0,12,22,0,6,0,2,0.32,0.3333,0.61,0.0896,17,97,114
1437,3523,2011-05-31,2,0,5,16,0,2,1,1,0.9,0.8333,0.39,0.1343,44,205,249
1438,4510,2011-07-11,3,0,7,19,0,1,1,1,0.84,0.8333,0.59,0.3284,80,293,373
1439,12379,2012-06-04,2,1,6,23,0,1,1,1,0.58,0.5455,0.49,0.2985,8,78,86
1440,3753,2011-06-10,2,0,6,6,0,5,1,1,0.66,0.6061,0.78,0.0896,10,94,104
1441,15418,2012-10-09,4,1,10,14,0,2,1,2,0.54,0.5152,0.64,0.194,43,201,244
1442,10273,2012-03-09,1,1,3,2,0,5,1,3,0.48,0.4697,0.77,0.4179,2,9,11
1443,16626,2012-11-30,4,1,11,12,0,5,1,2,0.38,0.3939,0.46,0,25,243,268
1444,16265,2012-11-15,4,1,11,10,0,4,1,2,0.32,0.3333,0.66,0.1343,11,142,153
1445,14069,2012-08-14,3,1,8,9,0,2,1,2,0.7,0.6667,0.74,0,48,354,402
1446,16854,2012-12-10,4,1,12,0,0,1,1,3,0.36,0.3636,1,0.0896,0,20,20
1447,14735,2012-09-11,3,1,9,3,0,2,1,1,0.48,0.4697,0.67,0.1343,1,7,8
1448,9858,2012-02-20,1,1,2,17,1,1,0,1,0.38,0.3939,0.27,0.2537,27,226,253
1449,4221,2011-06-29,3,0,6,18,0,3,1,1,0.8,0.697,0.29,0.2985,78,510,588
1450,5934,2011-09-09,3,0,9,18,0,5,1,1,0.7,0.6667,0.79,0.194,33,377,410
1451,4990,2011-07-31,3,0,7,19,0,0,0,1,0.8,0.7576,0.55,0.3284,87,187,274
1452,12353,2012-06-03,2,1,6,21,0,0,0,1,0.62,0.6212,0.43,0.1642,66,180,246
1453,8455,2011-12-23,1,0,12,22,0,5,1,1,0.32,0.3182,0.66,0.194,4,43,47
1454,2681,2011-04-26,2,0,4,14,0,2,1,1,0.72,0.6667,0.58,0.3284,40,115,155
1455,951,2011-02-12,1,0,2,5,0,6,0,1,0.12,0.1667,0.74,0.0896,0,1,1
1456,827,2011-02-06,1,0,2,21,0,0,0,1,0.26,0.303,0.6,0,5,22,27
1457,2752,2011-04-29,2,0,4,13,0,5,1,1,0.56,0.5303,0.37,0.2985,74,234,308
1458,275,2011-01-12,1,0,1,21,0,3,1,1,0.16,0.1364,0.55,0.3284,0,57,57
1459,6052,2011-09-14,3,0,9,17,0,3,1,1,0.76,0.697,0.52,0.2836,87,512,599
1460,14305,2012-08-24,3,1,8,5,0,5,1,1,0.64,0.5909,0.78,0,1,37,38
1461,2931,2011-05-07,2,0,5,0,0,6,0,1,0.42,0.4242,0.82,0.1343,10,76,86
1462,16452,2012-11-23,4,1,11,5,0,5,1,1,0.24,0.2879,0.81,0,0,10,10
1463,2615,2011-04-23,2,0,4,20,0,6,0,2,0.54,0.5152,0.88,0.2537,45,138,183
1464,10943,2012-04-06,2,1,4,2,0,5,1,1,0.36,0.3333,0.5,0.3881,6,5,11
1465,3965,2011-06-19,2,0,6,2,0,0,0,1,0.68,0.6364,0.74,0.0896,13,59,72
1466,928,2011-02-11,1,0,2,6,0,5,1,1,0.1,0.1818,0.68,0,1,23,24
1467,12651,2012-06-16,2,1,6,7,0,6,0,1,0.54,0.5152,0.68,0.194,10,68,78
1468,9737,2012-02-15,1,1,2,15,0,3,1,1,0.42,0.4242,0.41,0.2239,7,164,171
1469,9820,2012-02-19,1,1,2,2,0,0,0,2,0.3,0.2879,0.36,0.2836,3,45,48
1470,16263,2012-11-15,4,1,11,8,0,4,1,2,0.3,0.2879,0.61,0.2239,21,625,646
1471,14875,2012-09-16,3,1,9,23,0,0,0,1,0.54,0.5152,0.68,0.1045,9,85,94
1472,5397,2011-08-17,3,0,8,18,0,3,1,1,0.76,0.697,0.55,0.2537,86,470,556
1473,9697,2012-02-13,1,1,2,23,0,1,1,1,0.28,0.3182,0.41,0,2,34,36
1474,7059,2011-10-26,4,0,10,17,0,3,1,2,0.52,0.5,0.77,0.1045,40,414,454
1475,17192,2012-12-24,1,1,12,2,0,1,1,1,0.2,0.2576,0.75,0,0,5,5
1476,16155,2012-11-10,4,1,11,20,0,6,0,1,0.44,0.4394,0.54,0,39,153,192
1477,13575,2012-07-24,3,1,7,19,0,2,1,1,0.76,0.7121,0.62,0.1642,109,523,632
1478,8046,2011-12-06,4,0,12,21,0,2,1,2,0.44,0.4394,1,0.194,6,108,114
1479,12617,2012-06-14,2,1,6,21,0,4,1,1,0.64,0.6061,0.65,0.1642,67,270,337
1480,8289,2011-12-17,4,0,12,0,0,6,0,1,0.3,0.2879,0.49,0.2836,3,59,62
1481,2797,2011-05-01,2,0,5,10,0,0,0,2,0.48,0.4697,0.63,0.194,109,155,264
1482,10964,2012-04-06,2,1,4,23,0,5,1,1,0.42,0.4242,0.3,0.2836,21,92,113
1483,10941,2012-04-06,2,1,4,0,0,5,1,1,0.4,0.4091,0.43,0,12,49,61
1484,12704,2012-06-18,2,1,6,12,0,1,1,3,0.56,0.5303,0.78,0.1343,29,139,168
1485,9003,2012-01-15,1,1,1,23,0,0,0,1,0.16,0.197,0.43,0.0896,3,26,29
1486,12243,2012-05-30,2,1,5,7,0,3,1,3,0.6,0.5758,0.78,0.194,14,469,483
1487,3315,2011-05-23,2,0,5,0,0,1,1,2,0.56,0.5303,0.88,0.1343,23,18,41
1488,17041,2012-12-17,4,1,12,19,0,1,1,2,0.42,0.4242,0.88,0.1343,7,333,340
1489,3480,2011-05-29,2,0,5,21,0,0,0,1,0.68,0.6364,0.83,0.1642,107,122,229
1490,15982,2012-11-03,4,1,11,14,0,6,0,2,0.36,0.3333,0.5,0.3284,136,319,455
1491,6661,2011-10-10,4,0,10,2,1,1,0,1,0.48,0.4697,0.88,0,4,15,19
1492,1091,2011-02-18,1,0,2,4,0,5,1,1,0.46,0.4545,0.67,0.2537,0,1,1
1493,5285,2011-08-13,3,0,8,2,0,6,0,1,0.68,0.6364,0.57,0,16,58,74
1494,3708,2011-06-08,2,0,6,9,0,3,1,1,0.76,0.7121,0.58,0.1642,34,168,202
1495,15812,2012-10-26,4,1,10,0,0,5,1,2,0.54,0.5152,0.77,0,6,65,71
1496,5332,2011-08-15,3,0,8,1,0,1,1,2,0.6,0.5455,0.88,0.1343,1,9,10
1497,3442,2011-05-28,2,0,5,7,0,6,0,1,0.6,0.5606,0.83,0.2537,17,33,50
1498,9052,2012-01-18,1,1,1,1,0,3,1,2,0.46,0.4545,0.77,0.3284,0,10,10
1499,9923,2012-02-23,1,1,2,11,0,4,1,1,0.48,0.4697,0.48,0.2836,54,128,182
1500,9692,2012-02-13,1,1,2,18,0,1,1,1,0.34,0.3182,0.25,0.2537,6,399,405
1501,10057,2012-02-29,1,1,2,1,0,3,1,1,0.32,0.3333,0.49,0.1045,0,6,6
1502,8065,2011-12-07,4,0,12,16,0,3,1,3,0.42,0.4242,0.94,0.194,3,28,31
1503,2215,2011-04-07,2,0,4,3,0,4,1,1,0.36,0.3485,0.66,0.194,0,3,3
1504,6561,2011-10-05,4,0,10,22,0,3,1,1,0.52,0.5,0.72,0,20,134,154
1505,13221,2012-07-10,3,1,7,1,0,2,1,1,0.7,0.6667,0.74,0.1343,0,15,15
1506,3324,2011-05-23,2,0,5,9,0,1,1,1,0.6,0.5455,0.88,0.2239,36,131,167
1507,5901,2011-09-08,3,0,9,9,0,4,1,2,0.62,0.5152,1,0.2537,4,65,69
1508,15695,2012-10-21,4,1,10,3,0,0,0,1,0.38,0.3939,0.66,0.0896,12,29,41
1509,13818,2012-08-03,3,1,8,22,0,5,1,1,0.76,0.7273,0.7,0.2537,46,156,202
1510,13403,2012-07-17,3,1,7,15,0,2,1,1,0.92,0.8182,0.31,0.1642,57,187,244
1511,6875,2011-10-19,4,0,10,0,0,3,1,2,0.52,0.5,0.77,0.194,11,23,34
1512,14368,2012-08-26,3,1,8,20,0,0,0,1,0.64,0.5758,0.89,0.1642,40,171,211
1513,7164,2011-10-31,4,0,10,2,0,1,1,1,0.24,0.2879,0.87,0,0,3,3
1514,12788,2012-06-22,3,1,6,0,0,5,1,2,0.76,0.7273,0.7,0.1045,16,77,93
1515,6858,2011-10-18,4,0,10,7,0,2,1,1,0.46,0.4545,0.88,0.0896,15,326,341
1516,602,2011-01-28,1,0,1,7,0,5,1,2,0.16,0.197,0.86,0.0896,2,58,60
1517,10797,2012-03-30,2,1,3,23,0,5,1,1,0.36,0.3788,0.71,0,16,107,123
1518,12557,2012-06-12,2,1,6,9,0,2,1,2,0.64,0.5758,0.89,0.2836,31,254,285
1519,8815,2012-01-08,1,1,1,2,0,0,0,1,0.36,0.3333,0.37,0.2836,10,57,67
1520,15179,2012-09-29,4,1,9,15,0,6,0,1,0.6,0.6212,0.43,0.2537,271,456,727
1521,2584,2011-04-22,2,0,4,13,0,5,1,3,0.34,0.3333,0.87,0.194,3,37,40
1522,14275,2012-08-22,3,1,8,23,0,3,1,1,0.64,0.5758,0.83,0,27,113,140
1523,11106,2012-04-12,2,1,4,22,0,4,1,1,0.42,0.4242,0.35,0.194,15,143,158
1524,14122,2012-08-16,3,1,8,14,0,4,1,1,0.82,0.7121,0.32,0,72,176,248
1525,4644,2011-07-17,3,0,7,9,0,0,0,1,0.72,0.6667,0.58,0.2239,74,110,184
1526,4202,2011-06-28,3,0,6,23,0,2,1,1,0.7,0.6515,0.7,0.2836,23,58,81
1527,12762,2012-06-20,2,1,6,22,0,3,1,1,0.82,0.7576,0.46,0.1045,31,226,257
1528,10260,2012-03-08,1,1,3,13,0,4,1,2,0.6,0.6212,0.49,0.6418,35,198,233
1529,12355,2012-06-03,2,1,6,23,0,0,0,1,0.58,0.5455,0.53,0.1045,26,82,108
1530,11147,2012-04-14,2,1,4,15,0,6,0,2,0.64,0.6212,0.27,0.3582,311,347,658
1531,8603,2011-12-30,1,0,12,5,0,5,1,1,0.22,0.2576,0.75,0.0896,0,10,10
1532,14293,2012-08-23,3,1,8,17,0,4,1,1,0.76,0.6818,0.45,0.2239,111,709,820
1533,11032,2012-04-09,2,1,4,19,0,1,1,1,0.52,0.5,0.34,0.3582,35,386,421
1534,9480,2012-02-04,1,1,2,21,0,6,0,3,0.24,0.2424,0.93,0.1343,4,74,78
1535,6704,2011-10-11,4,0,10,21,0,2,1,2,0.58,0.5455,0.78,0.194,17,158,175
1536,2203,2011-04-06,2,0,4,15,0,3,1,1,0.52,0.5,0.32,0.3284,34,83,117
1537,6432,2011-09-30,4,0,9,13,0,5,1,2,0.66,0.6212,0.47,0.3284,72,194,266
1538,2128,2011-04-03,2,0,4,12,0,0,0,1,0.44,0.4394,0.38,0.2836,166,147,313
1539,5865,2011-09-06,3,0,9,20,0,2,1,3,0.54,0.5152,0.88,0.2985,13,150,163
1540,10039,2012-02-28,1,1,2,7,0,2,1,1,0.28,0.2576,0.45,0.2985,12,313,325
1541,9951,2012-02-24,1,1,2,15,0,5,1,3,0.4,0.4091,0.87,0.194,11,83,94
1542,440,2011-01-20,1,0,1,8,0,4,1,1,0.22,0.2121,0.55,0.2836,2,247,249
1543,13090,2012-07-04,3,1,7,14,1,3,0,1,0.9,0.8182,0.37,0.1642,190,357,547
1544,12031,2012-05-21,2,1,5,11,0,1,1,2,0.6,0.5606,0.83,0.1642,24,82,106
1545,14319,2012-08-24,3,1,8,19,0,5,1,2,0.72,0.6667,0.58,0.1642,106,430,536
1546,7541,2011-11-15,4,0,11,19,0,2,1,2,0.5,0.4848,0.72,0.3582,27,259,286
1547,7657,2011-11-20,4,0,11,15,0,0,0,2,0.52,0.5,0.68,0.194,109,242,351
1548,15357,2012-10-07,4,1,10,1,0,0,0,1,0.44,0.4394,0.54,0.2239,29,80,109
1549,8197,2011-12-13,4,0,12,4,0,2,1,1,0.2,0.2576,0.8,0,0,4,4
1550,15937,2012-11-01,4,1,11,17,0,4,1,3,0.4,0.4091,0.5,0.2239,37,652,689
1551,7488,2011-11-13,4,0,11,14,0,0,0,2,0.54,0.5152,0.28,0.4925,108,263,371
1552,340,2011-01-15,1,0,1,15,0,6,0,2,0.32,0.3182,0.36,0.194,21,108,129
1553,13721,2012-07-30,3,1,7,21,0,1,1,1,0.72,0.6818,0.7,0.194,71,251,322
1554,16461,2012-11-23,4,1,11,14,0,5,1,1,0.5,0.4848,0.36,0.2537,240,195,435
1555,3078,2011-05-13,2,0,5,3,0,5,1,2,0.5,0.4848,0.88,0.1343,2,2,4
1556,9133,2012-01-21,1,1,1,10,0,6,0,3,0.16,0.1515,0.93,0.2537,0,45,45
1557,3546,2011-06-01,2,0,6,15,0,3,1,1,0.9,0.8333,0.39,0.2985,25,127,152
1558,2484,2011-04-18,2,0,4,9,0,1,1,2,0.5,0.4848,0.55,0.1045,37,132,169
1559,15242,2012-10-02,4,1,10,6,0,2,1,3,0.58,0.5455,0.83,0.1045,3,176,179
1560,1625,2011-03-13,1,0,3,5,0,0,0,1,0.36,0.3485,0.62,0.1343,0,3,3
1561,14953,2012-09-20,3,1,9,5,0,4,1,1,0.44,0.4394,0.77,0.1045,4,52,56
1562,16163,2012-11-11,4,1,11,4,0,0,0,1,0.32,0.3333,0.81,0.1045,5,6,11
1563,15717,2012-10-22,4,1,10,1,0,1,1,1,0.4,0.4091,0.71,0,0,11,11
1564,904,2011-02-10,1,0,2,4,0,4,1,2,0.14,0.1364,0.59,0.2239,0,1,1
1565,17326,2012-12-29,1,1,12,18,0,6,0,1,0.3,0.2424,0.7,0.194,8,102,110
1566,9149,2012-01-22,1,1,1,2,0,0,0,2,0.18,0.1667,0.74,0.2836,1,46,47
1567,5279,2011-08-12,3,0,8,20,0,5,1,1,0.72,0.6515,0.42,0.2239,77,210,287
1568,13362,2012-07-15,3,1,7,22,0,0,0,1,0.72,0.697,0.74,0.1045,34,96,130
1569,14457,2012-08-30,3,1,8,13,0,4,1,1,0.76,0.6818,0.48,0.1045,76,214,290
1570,16375,2012-11-20,4,1,11,0,0,2,1,1,0.32,0.3333,0.7,0.1343,3,26,29
1571,6378,2011-09-28,4,0,9,7,0,3,1,3,0.6,0.5152,0.94,0.1642,8,177,185
1572,8959,2012-01-14,1,1,1,3,0,6,0,1,0.14,0.1667,0.54,0.1045,6,14,20
1573,367,2011-01-16,1,0,1,18,0,0,0,1,0.2,0.2121,0.4,0.1642,11,56,67
1574,16344,2012-11-18,4,1,11,17,0,0,0,2,0.38,0.3939,0.66,0.2537,48,232,280
1575,4861,2011-07-26,3,0,7,10,0,2,1,1,0.8,0.697,0.31,0.2239,42,96,138
1576,6864,2011-10-18,4,0,10,13,0,2,1,2,0.64,0.6212,0.38,0.194,48,171,219
1577,2951,2011-05-07,2,0,5,20,0,6,0,1,0.56,0.5303,0.43,0.1343,82,137,219
1578,17253,2012-12-26,1,1,12,17,0,3,1,3,0.26,0.2273,0.93,0.3582,2,51,53
1579,8905,2012-01-11,1,1,1,21,0,3,1,3,0.34,0.3182,0.87,0.2239,0,29,29
1580,484,2011-01-22,1,0,1,4,0,6,0,2,0.02,0.0152,0.48,0.2985,0,3,3
1581,7655,2011-11-20,4,0,11,13,0,0,0,2,0.54,0.5152,0.6,0.194,84,285,369
1582,15515,2012-10-13,4,1,10,15,0,6,0,1,0.5,0.4848,0.36,0.194,251,364,615
1583,13035,2012-07-02,3,1,7,7,0,1,1,1,0.74,0.6667,0.51,0.1045,8,390,398
1584,10201,2012-03-06,1,1,3,2,0,2,1,1,0.2,0.197,0.44,0.2239,0,4,4
1585,9986,2012-02-26,1,1,2,2,0,0,0,1,0.24,0.2121,0.44,0.3284,5,37,42
1586,201,2011-01-09,1,0,1,15,0,0,0,1,0.22,0.197,0.35,0.3582,5,77,82
1587,9633,2012-02-11,1,1,2,7,0,6,0,3,0.22,0.2273,0.93,0.1343,0,19,19
1588,11177,2012-04-15,2,1,4,21,0,0,0,1,0.62,0.6212,0.57,0.2537,76,153,229
1589,10099,2012-03-01,1,1,3,20,0,4,1,1,0.44,0.4394,0.44,0.4179,12,242,254
1590,12029,2012-05-21,2,1,5,9,0,1,1,3,0.56,0.5303,0.88,0.2239,14,172,186
1591,7223,2011-11-02,4,0,11,13,0,3,1,1,0.48,0.4697,0.48,0.1642,22,139,161
1592,17090,2012-12-19,4,1,12,20,0,3,1,1,0.36,0.3485,0.57,0.2239,10,231,241
1593,4329,2011-07-04,3,0,7,6,1,1,0,1,0.64,0.5758,0.89,0.1642,5,11,16
1594,13802,2012-08-03,3,1,8,6,0,5,1,1,0.66,0.6061,0.83,0.2239,5,158,163
1595,8887,2012-01-11,1,1,1,3,0,3,1,1,0.22,0.2727,0.8,0,0,4,4
1596,10632,2012-03-24,2,1,3,2,0,6,0,1,0.54,0.5152,0.77,0.1045,14,55,69
1597,13694,2012-07-29,3,1,7,18,0,0,0,1,0.8,0.7121,0.41,0.2985,117,302,419
1598,10306,2012-03-10,1,1,3,11,0,6,0,1,0.3,0.2727,0.33,0.3284,56,218,274
1599,7724,2011-11-23,4,0,11,10,0,3,1,2,0.52,0.5,0.94,0.194,6,70,76
1600,10253,2012-03-08,1,1,3,6,0,4,1,1,0.42,0.4242,0.77,0.2537,4,105,109
1601,14746,2012-09-11,3,1,9,14,0,2,1,1,0.68,0.6212,0.3,0.0896,74,181,255
1602,14221,2012-08-20,3,1,8,17,0,1,1,1,0.7,0.6515,0.58,0.2836,83,810,893
1603,11958,2012-05-18,2,1,5,10,0,5,1,1,0.6,0.6212,0.46,0.1343,74,181,255
1604,4489,2011-07-10,3,0,7,22,0,0,0,1,0.74,0.697,0.66,0.2239,56,87,143
1605,86,2011-01-04,1,0,1,17,0,2,1,1,0.28,0.2727,0.48,0.2239,10,202,212
1606,168,2011-01-08,1,0,1,6,0,6,0,2,0.16,0.1667,0.74,0.1642,0,2,2
1607,9287,2012-01-27,1,1,1,20,0,5,1,1,0.34,0.303,0.53,0.3582,6,153,159
1608,3015,2011-05-10,2,0,5,12,0,2,1,2,0.6,0.6212,0.38,0,47,170,217
1609,1695,2011-03-16,1,0,3,6,0,3,1,2,0.3,0.3182,0.93,0.1045,1,30,31
1610,10945,2012-04-06,2,1,4,4,0,5,1,1,0.34,0.3182,0.49,0.2537,2,3,5
1611,11001,2012-04-08,2,1,4,12,0,0,0,1,0.54,0.5152,0.24,0.2537,198,259,457
1612,5016,2011-08-01,3,0,8,21,0,1,1,1,0.7,0.6515,0.7,0.2537,42,178,220
1613,14330,2012-08-25,3,1,8,6,0,6,0,2,0.64,0.5909,0.78,0.1642,5,25,30
1614,1200,2011-02-23,1,0,2,0,0,3,1,1,0.14,0.1364,0.5,0.194,0,6,6
1615,1784,2011-03-20,1,0,3,0,0,0,0,1,0.34,0.303,0.49,0.4179,7,33,40
1616,9808,2012-02-18,1,1,2,14,0,6,0,1,0.44,0.4394,0.35,0.3582,183,244,427
1617,8664,2012-01-01,1,1,1,18,0,0,0,3,0.46,0.4545,0.59,0.2537,25,81,106
1618,16926,2012-12-13,4,1,12,0,0,4,1,2,0.28,0.2727,0.52,0.2239,1,31,32
1619,17047,2012-12-18,4,1,12,1,0,2,1,2,0.44,0.4394,0.94,0.1343,0,15,15
1620,9309,2012-01-28,1,1,1,18,0,6,0,1,0.42,0.4242,0.41,0.2239,40,201,241
1621,1419,2011-03-04,1,0,3,9,0,5,1,1,0.22,0.2273,0.6,0.1343,12,138,150
1622,14655,2012-09-07,3,1,9,19,0,5,1,1,0.74,0.6818,0.62,0.2836,70,498,568
1623,1706,2011-03-16,1,0,3,17,0,3,1,2,0.44,0.4394,0.54,0.2985,37,216,253
1624,8345,2011-12-19,4,0,12,8,0,1,1,1,0.2,0.197,0.75,0.194,8,389,397
1625,47,2011-01-02,1,0,1,23,0,0,0,1,0.22,0.2273,0.47,0.1642,0,8,8
1626,14530,2012-09-02,3,1,9,14,0,0,0,3,0.72,0.697,0.79,0.0896,249,208,457
1627,7801,2011-11-26,4,0,11,15,0,6,0,2,0.5,0.4848,0.42,0.1045,154,160,314
1628,6400,2011-09-29,4,0,9,5,0,4,1,2,0.6,0.5455,0.88,0.1045,0,22,22
1629,5387,2011-08-17,3,0,8,8,0,3,1,1,0.7,0.6515,0.54,0.1642,35,452,487
1630,7409,2011-11-10,4,0,11,7,0,4,1,2,0.38,0.3939,0.94,0.1642,6,266,272
1631,6097,2011-09-16,3,0,9,14,0,5,1,2,0.54,0.5152,0.45,0.1642,49,176,225
1632,4345,2011-07-04,3,0,7,22,1,1,0,2,0.74,0.6818,0.62,0.1343,115,211,326
1633,14781,2012-09-13,3,1,9,1,0,4,1,1,0.54,0.5152,0.77,0.0896,6,22,28
1634,1523,2011-03-08,1,0,3,19,0,2,1,1,0.34,0.3485,0.31,0.1045,9,141,150
1635,11190,2012-04-16,2,1,4,10,1,1,0,1,0.62,0.6061,0.69,0.2537,75,149,224
1636,12713,2012-06-18,2,1,6,21,0,1,1,2,0.62,0.5909,0.73,0.1045,35,238,273
1637,5562,2011-08-24,3,0,8,15,0,3,1,1,0.76,0.6818,0.48,0.4478,63,141,204
1638,305,2011-01-14,1,0,1,3,0,5,1,1,0.1,0.1364,0.54,0.1045,0,1,1
1639,15997,2012-11-04,4,1,11,5,0,0,0,1,0.26,0.2727,0.65,0.1045,0,5,5
1640,1079,2011-02-17,1,0,2,16,0,4,1,2,0.56,0.5303,0.35,0.2985,29,117,146
1641,421,2011-01-19,1,0,1,13,0,3,1,1,0.4,0.4091,0.62,0.2836,11,67,78
1642,6917,2011-10-20,4,0,10,19,0,4,1,1,0.46,0.4545,0.51,0.3582,20,278,298
1643,128,2011-01-06,1,0,1,13,0,4,1,1,0.26,0.2727,0.35,0.1045,12,55,67
1644,11148,2012-04-14,2,1,4,16,0,6,0,2,0.64,0.6212,0.27,0.3582,253,329,582
1645,625,2011-01-29,1,0,1,7,0,6,0,1,0.16,0.1818,0.59,0.1045,1,4,5
1646,15467,2012-10-11,4,1,10,15,0,4,1,1,0.52,0.5,0.34,0.1642,102,358,460
1647,13588,2012-07-25,3,1,7,8,0,3,1,1,0.7,0.6364,0.42,0.2537,43,745,788
1648,4231,2011-06-30,3,0,6,4,0,4,1,1,0.58,0.5455,0.64,0.1343,2,4,6
1649,16086,2012-11-07,4,1,11,22,0,3,1,3,0.3,0.2879,0.56,0.2537,4,56,60
1650,10114,2012-03-02,1,1,3,11,0,5,1,1,0.38,0.3939,0.46,0.194,40,154,194
1651,6436,2011-09-30,4,0,9,17,0,5,1,1,0.62,0.6212,0.53,0.194,94,497,591
1652,16229,2012-11-13,4,1,11,22,0,2,1,1,0.26,0.2273,0.56,0.3284,15,120,135
1653,5679,2011-08-30,3,0,8,1,0,2,1,1,0.56,0.5303,0.68,0.1045,6,7,13
1654,730,2011-02-02,1,0,2,18,0,3,1,1,0.34,0.2879,0.42,0.5522,7,175,182
1655,6542,2011-10-05,4,0,10,3,0,3,1,1,0.46,0.4545,0.82,0.1045,1,5,6
1656,4099,2011-06-24,3,0,6,16,0,5,1,1,0.8,0.697,0.33,0.4179,80,247,327
1657,14831,2012-09-15,3,1,9,3,0,6,0,1,0.6,0.5909,0.73,0.2537,6,31,37
1658,13498,2012-07-21,3,1,7,14,0,6,0,2,0.6,0.5455,0.88,0.2537,121,222,343
1659,15004,2012-09-22,3,1,9,8,0,6,0,1,0.6,0.5909,0.73,0.2985,21,197,218
1660,15656,2012-10-19,4,1,10,12,0,5,1,1,0.64,0.6061,0.69,0.2239,74,258,332
1661,426,2011-01-19,1,0,1,18,0,3,1,1,0.34,0.3182,0.61,0.2836,5,156,161
1662,10621,2012-03-23,2,1,3,15,0,5,1,2,0.72,0.6515,0.42,0.1343,191,281,472
1663,16796,2012-12-07,4,1,12,14,0,5,1,2,0.36,0.3485,0.71,0.1642,40,175,215
1664,15663,2012-10-19,4,1,10,19,0,5,1,1,0.54,0.5152,0.88,0.1642,19,213,232
1665,14622,2012-09-06,3,1,9,10,0,4,1,3,0.66,0.5909,0.94,0.1343,9,40,49
1666,13291,2012-07-12,3,1,7,23,0,4,1,2,0.7,0.6515,0.51,0.2239,33,178,211
1667,8607,2011-12-30,1,0,12,9,0,5,1,1,0.26,0.303,0.75,0,19,175,194
1668,15571,2012-10-15,4,1,10,23,0,1,1,1,0.46,0.4545,0.63,0.2239,9,72,81
1669,7021,2011-10-25,4,0,10,3,0,2,1,1,0.4,0.4091,0.87,0,1,3,4
1670,6648,2011-10-09,4,0,10,13,0,0,0,1,0.66,0.6212,0.44,0.0896,225,193,418
1671,7198,2011-11-01,4,0,11,12,0,2,1,1,0.5,0.4848,0.48,0.0896,23,153,176
1672,15301,2012-10-04,4,1,10,17,0,4,1,1,0.7,0.6515,0.51,0.2239,112,789,901
1673,2175,2011-04-05,2,0,4,11,0,2,1,3,0.32,0.2879,0.81,0.4478,1,18,19
1674,2276,2011-04-09,2,0,4,16,0,6,0,2,0.38,0.3939,0.82,0,73,118,191
1675,382,2011-01-17,1,0,1,9,1,1,0,2,0.16,0.1515,0.47,0.2239,8,39,47
1676,4951,2011-07-30,3,0,7,4,0,6,0,1,0.72,0.6818,0.66,0.1642,4,6,10
1677,16165,2012-11-11,4,1,11,6,0,0,0,1,0.3,0.3182,0.87,0.0896,3,16,19
1678,2535,2011-04-20,2,0,4,12,0,3,1,1,0.7,0.6515,0.48,0.3881,28,117,145
1679,5027,2011-08-02,3,0,8,8,0,2,1,1,0.74,0.6818,0.58,0.2836,37,398,435
1680,14699,2012-09-09,3,1,9,15,0,0,0,1,0.72,0.6515,0.32,0.2537,284,412,696
1681,1721,2011-03-17,1,0,3,8,0,4,1,1,0.36,0.3485,0.66,0.1343,17,282,299
1682,3211,2011-05-18,2,0,5,16,0,3,1,1,0.6,0.5909,0.73,0.194,53,241,294
1683,12751,2012-06-20,2,1,6,11,0,3,1,1,0.84,0.7879,0.49,0.194,54,134,188
1684,7901,2011-11-30,4,0,11,20,0,3,1,2,0.32,0.303,0.57,0.2836,6,184,190
1685,10467,2012-03-17,1,1,3,5,0,6,0,2,0.42,0.4242,0.94,0.0896,5,3,8
1686,9528,2012-02-06,1,1,2,22,0,1,1,1,0.3,0.303,0.65,0.1343,4,83,87
1687,3483,2011-05-30,2,0,5,0,1,1,0,1,0.64,0.5606,0.94,0.194,38,65,103
1688,4116,2011-06-25,3,0,6,9,0,6,0,1,0.72,0.6515,0.45,0.2537,47,139,186
1689,9759,2012-02-16,1,1,2,13,0,4,1,3,0.34,0.3182,0.71,0.2537,2,62,64
1690,3705,2011-06-08,2,0,6,6,0,3,1,1,0.64,0.5758,0.89,0.1343,13,103,116
1691,12941,2012-06-28,3,1,6,9,0,4,1,1,0.7,0.6515,0.54,0.1642,33,318,351
1692,7199,2011-11-01,4,0,11,13,0,2,1,1,0.48,0.4697,0.55,0.194,20,147,167
1693,12757,2012-06-20,2,1,6,17,0,3,1,1,0.9,0.8182,0.37,0,80,611,691
1694,15264,2012-10-03,4,1,10,4,0,3,1,2,0.6,0.5,1,0,2,9,11
1695,11801,2012-05-11,2,1,5,21,0,5,1,1,0.6,0.6061,0.28,0.1045,45,225,270
1696,7577,2011-11-17,4,0,11,7,0,4,1,3,0.34,0.3182,0.61,0.2836,4,164,168
1697,6922,2011-10-21,4,0,10,0,0,5,1,1,0.4,0.4091,0.62,0.2537,8,42,50
1698,8785,2012-01-06,1,1,1,20,0,5,1,1,0.42,0.4242,0.41,0.194,14,163,177
1699,8423,2011-12-22,1,0,12,14,0,4,1,2,0.46,0.4545,0.63,0,23,136,159
1700,14691,2012-09-09,3,1,9,7,0,0,0,1,0.54,0.5152,0.73,0.1642,20,50,70
1701,10317,2012-03-10,1,1,3,22,0,6,0,1,0.26,0.2576,0.44,0.1642,19,81,100
1702,6190,2011-09-20,3,0,9,11,0,2,1,3,0.56,0.5303,0.88,0.1642,8,48,56
1703,9970,2012-02-25,1,1,2,10,0,6,0,1,0.26,0.2273,0.6,0.3582,24,159,183
1704,4788,2011-07-23,3,0,7,9,0,6,0,1,0.84,0.7879,0.49,0.1642,30,102,132
1705,12886,2012-06-26,3,1,6,2,0,2,1,1,0.56,0.5303,0.43,0.2836,2,7,9
1706,12075,2012-05-23,2,1,5,7,0,3,1,1,0.58,0.5455,0.83,0,16,452,468
1707,9395,2012-02-01,1,1,2,8,0,3,1,3,0.36,0.3636,0.73,0.1045,15,505,520
1708,4124,2011-06-25,3,0,6,17,0,6,0,1,0.74,0.6667,0.42,0.2239,152,247,399
1709,3394,2011-05-26,2,0,5,7,0,4,1,2,0.62,0.5455,0.94,0.2537,16,270,286
1710,11644,2012-05-05,2,1,5,8,0,6,0,1,0.58,0.5455,0.83,0.0896,42,155,197
1711,12709,2012-06-18,2,1,6,17,0,1,1,2,0.6,0.5909,0.73,0.194,54,669,723
1712,13827,2012-08-04,3,1,8,7,0,6,0,1,0.72,0.697,0.77,0.1642,18,49,67
1713,12280,2012-05-31,2,1,5,20,0,4,1,1,0.68,0.6364,0.44,0.1642,88,391,479
1714,14565,2012-09-04,3,1,9,1,0,2,1,1,0.68,0.6364,0.82,0.1343,15,9,24
1715,5439,2011-08-19,3,0,8,12,0,5,1,2,0.74,0.6818,0.62,0.0896,54,168,222
1716,1715,2011-03-17,1,0,3,2,0,4,1,1,0.34,0.303,0.71,0.2985,3,5,8
1717,16838,2012-12-09,4,1,12,8,0,0,0,3,0.4,0.4091,0.87,0.1642,1,68,69
1718,14282,2012-08-23,3,1,8,6,0,4,1,2,0.6,0.5455,0.88,0.0896,14,178,192
1719,5803,2011-09-04,3,0,9,5,0,0,0,1,0.64,0.5758,0.83,0.1343,1,5,6
1720,8324,2011-12-18,4,0,12,11,0,0,0,2,0.24,0.2273,0.6,0.2239,20,168,188
1721,16056,2012-11-06,4,1,11,16,0,2,1,1,0.34,0.3333,0.46,0.1642,33,369,402
1722,10883,2012-04-03,2,1,4,14,0,2,1,1,0.56,0.5303,0.21,0.2239,120,191,311
1723,8642,2011-12-31,1,0,12,20,0,6,0,1,0.42,0.4242,0.54,0.2239,8,63,71
1724,10576,2012-03-21,2,1,3,18,0,3,1,1,0.6,0.5909,0.69,0,152,627,779
1725,10766,2012-03-29,2,1,3,16,0,4,1,1,0.52,0.5,0.36,0.3284,67,321,388
1726,15595,2012-10-16,4,1,10,23,0,2,1,1,0.4,0.4091,0.71,0,23,176,199
1727,1277,2011-02-26,1,0,2,8,0,6,0,2,0.24,0.2879,0.6,0,2,55,57
1728,903,2011-02-10,1,0,2,2,0,4,1,3,0.14,0.1515,0.8,0.1343,0,3,3
1729,6142,2011-09-18,3,0,9,11,0,0,0,1,0.52,0.5,0.68,0.2239,116,201,317
1730,10300,2012-03-10,1,1,3,5,0,6,0,1,0.22,0.2121,0.42,0.2836,3,7,10
1731,104,2011-01-05,1,0,1,12,0,3,1,1,0.26,0.2273,0.33,0.3284,5,74,79
1732,4399,2011-07-07,3,0,7,4,0,4,1,1,0.64,0.5758,0.89,0.1045,0,4,4
1733,11007,2012-04-08,2,1,4,18,0,0,0,1,0.62,0.6061,0.25,0.3284,151,159,310
1734,2070,2011-04-01,2,0,4,2,0,5,1,3,0.26,0.2576,0.93,0.194,0,7,7
1735,5432,2011-08-19,3,0,8,5,0,5,1,1,0.64,0.5758,0.83,0,1,16,17
1736,4120,2011-06-25,3,0,6,13,0,6,0,1,0.74,0.6515,0.4,0.2836,140,231,371
1737,7133,2011-10-29,4,0,10,19,0,6,0,1,0.24,0.2121,0.87,0.3582,3,36,39
1738,11352,2012-04-23,2,1,4,4,0,1,1,3,0.3,0.2879,0.81,0.2836,0,3,3
1739,6026,2011-09-13,3,0,9,15,0,2,1,1,0.74,0.6667,0.51,0.2985,35,145,180
1740,2859,2011-05-04,2,0,5,0,0,3,1,3,0.52,0.5,0.77,0.1642,5,22,27
1741,7079,2011-10-27,4,0,10,13,0,4,1,2,0.5,0.4848,0.88,0.1642,10,64,74
1742,15856,2012-10-27,4,1,10,20,0,6,0,2,0.52,0.5,0.72,0.2239,58,238,296
1743,16874,2012-12-10,4,1,12,20,0,1,1,1,0.46,0.4545,0.88,0.2537,13,287,300
1744,8095,2011-12-08,4,0,12,22,0,4,1,1,0.26,0.2727,0.65,0.1343,8,84,92
1745,14940,2012-09-19,3,1,9,16,0,3,1,1,0.62,0.6212,0.35,0,69,397,466
1746,12826,2012-06-23,3,1,6,14,0,6,0,1,0.78,0.6818,0.33,0.2537,238,371,609
1747,1694,2011-03-16,1,0,3,5,0,3,1,2,0.3,0.3182,0.93,0.1045,0,3,3
1748,6602,2011-10-07,4,0,10,15,0,5,1,1,0.66,0.6212,0.41,0,68,202,270
1749,4027,2011-06-21,3,0,6,16,0,2,1,1,0.8,0.7727,0.59,0.2239,62,273,335
1750,15927,2012-11-01,4,1,11,7,0,4,1,2,0.36,0.3485,0.57,0.1642,6,414,420
1751,14188,2012-08-19,3,1,8,8,0,0,0,2,0.64,0.6061,0.69,0.1045,34,90,124
1752,5643,2011-08-28,3,0,8,13,0,0,0,1,0.76,0.6818,0.45,0.3582,129,302,431
1753,9501,2012-02-05,1,1,2,18,0,0,0,1,0.3,0.2879,0.52,0.2537,10,171,181
1754,1770,2011-03-19,1,0,3,10,0,6,0,1,0.44,0.4394,0.38,0.4179,55,85,140
1755,9925,2012-02-23,1,1,2,13,0,4,1,1,0.52,0.5,0.39,0.194,30,188,218
1756,6619,2011-10-08,4,0,10,8,0,6,0,1,0.46,0.4545,0.82,0,14,89,103
1757,12649,2012-06-16,2,1,6,5,0,6,0,1,0.54,0.5152,0.68,0.1045,2,21,23
1758,5763,2011-09-02,3,0,9,13,0,5,1,2,0.68,0.6364,0.65,0.1343,72,207,279
1759,7230,2011-11-02,4,0,11,20,0,3,1,1,0.4,0.4091,0.66,0.1343,5,177,182
1760,11122,2012-04-13,2,1,4,14,0,5,1,1,0.52,0.5,0.27,0,125,223,348
1761,13851,2012-08-05,3,1,8,7,0,0,0,1,0.74,0.7121,0.74,0.2985,18,50,68
1762,7239,2011-11-03,4,0,11,5,0,4,1,1,0.32,0.3333,0.81,0.1343,1,27,28
1763,12452,2012-06-08,2,1,6,0,0,5,1,1,0.56,0.5303,0.56,0.1642,18,59,77
1764,14643,2012-09-07,3,1,9,7,0,5,1,1,0.64,0.5758,0.89,0.1045,21,465,486
1765,12986,2012-06-30,3,1,6,6,0,6,0,1,0.64,0.5758,0.89,0.1642,6,36,42
1766,10329,2012-03-11,1,1,3,11,0,0,0,1,0.36,0.3333,0.43,0.2836,90,209,299
1767,1837,2011-03-22,2,0,3,6,0,2,1,1,0.4,0.4091,0.87,0.2537,2,58,60
1768,6455,2011-10-01,4,0,10,12,0,6,0,2,0.4,0.4091,0.82,0.2537,28,130,158
1769,9085,2012-01-19,1,1,1,10,0,4,1,1,0.14,0.2121,0.59,0,10,98,108
1770,16751,2012-12-05,4,1,12,17,0,3,1,1,0.44,0.4394,0.35,0.2836,29,576,605
1771,11622,2012-05-04,2,1,5,10,0,5,1,2,0.62,0.5909,0.73,0.1343,45,154,199
1772,9192,2012-01-23,1,1,1,21,0,1,1,2,0.26,0.2424,1,0.2836,8,112,120
1773,4789,2011-07-23,3,0,7,10,0,6,0,1,0.86,0.7879,0.41,0.2239,61,137,198
1774,4316,2011-07-03,3,0,7,17,0,0,0,3,0.8,0.7424,0.49,0.8507,181,177,358
1775,14466,2012-08-30,3,1,8,22,0,4,1,1,0.7,0.6515,0.7,0,38,253,291
1776,3070,2011-05-12,2,0,5,19,0,4,1,2,0.6,0.6061,0.64,0.194,59,305,364
1777,12741,2012-06-20,2,1,6,1,0,3,1,1,0.68,0.6364,0.79,0.194,7,20,27
1778,7222,2011-11-02,4,0,11,12,0,3,1,1,0.46,0.4545,0.55,0.1642,32,157,189
1779,12312,2012-06-02,2,1,6,4,0,6,0,1,0.54,0.5152,0.68,0.2836,2,11,13
1780,3289,2011-05-21,2,0,5,22,0,6,0,1,0.6,0.5909,0.69,0.1343,78,126,204
1781,13421,2012-07-18,3,1,7,9,0,3,1,1,0.82,0.7879,0.56,0,44,253,297
1782,16866,2012-12-10,4,1,12,12,0,1,1,3,0.44,0.4394,1,0.2239,23,150,173
1783,6000,2011-09-12,3,0,9,13,0,1,1,1,0.72,0.6667,0.54,0.1045,43,120,163
1784,13210,2012-07-09,3,1,7,14,0,1,1,2,0.74,0.6818,0.55,0.2537,58,184,242
1785,14191,2012-08-19,3,1,8,11,0,0,0,3,0.64,0.5909,0.78,0.1642,83,189,272
1786,10951,2012-04-06,2,1,4,10,0,5,1,1,0.36,0.3333,0.4,0.3284,81,157,238
1787,10712,2012-03-27,2,1,3,10,0,2,1,1,0.26,0.2576,0.35,0.2239,20,118,138
1788,8471,2011-12-24,1,0,12,14,0,6,0,1,0.34,0.303,0.39,0.2985,15,70,85
1789,352,2011-01-16,1,0,1,3,0,0,0,1,0.22,0.2727,0.69,0,9,6,15
1790,11663,2012-05-06,2,1,5,3,0,0,0,2,0.54,0.5152,0.83,0.194,9,19,28
1791,16387,2012-11-20,4,1,11,12,0,2,1,2,0.42,0.4242,0.67,0,70,243,313
1792,2088,2011-04-01,2,0,4,20,0,5,1,1,0.32,0.3182,0.53,0.194,2,75,77
1793,6691,2011-10-11,4,0,10,8,0,2,1,2,0.56,0.5303,0.83,0.1045,31,375,406
1794,16467,2012-11-23,4,1,11,20,0,5,1,1,0.46,0.4545,0.41,0.0896,42,100,142
1795,10430,2012-03-15,1,1,3,16,0,4,1,1,0.72,0.6515,0.37,0.3881,95,331,426
1796,3195,2011-05-18,2,0,5,0,0,3,1,2,0.54,0.5152,0.88,0.2239,8,15,23
1797,13441,2012-07-19,3,1,7,5,0,4,1,2,0.72,0.6818,0.7,0.1045,5,35,40
1798,13679,2012-07-29,3,1,7,3,0,0,0,1,0.66,0.6212,0.69,0.2239,18,37,55
1799,6316,2011-09-25,4,0,9,17,0,0,0,1,0.68,0.6364,0.74,0,145,275,420
1800,10142,2012-03-03,1,1,3,15,0,6,0,1,0.48,0.4697,0.29,0.2985,145,254,399
1801,1065,2011-02-17,1,0,2,2,0,4,1,2,0.34,0.3182,0.53,0.2239,2,4,6
1802,13380,2012-07-16,3,1,7,16,0,1,1,3,0.76,0.7273,0.66,0.5821,77,309,386
1803,5116,2011-08-06,3,0,8,1,0,6,0,1,0.66,0.6061,0.78,0.1642,17,50,67
1804,3270,2011-05-21,2,0,5,3,0,6,0,1,0.48,0.4697,0.82,0.1045,7,12,19
1805,9981,2012-02-25,1,1,2,21,0,6,0,1,0.24,0.2121,0.35,0.3284,5,80,85
1806,6931,2011-10-21,4,0,10,9,0,5,1,2,0.42,0.4242,0.58,0.1343,33,189,222
1807,10672,2012-03-25,2,1,3,18,0,0,0,1,0.5,0.4848,0.72,0.0896,202,289,491
1808,564,2011-01-25,1,0,1,16,0,2,1,2,0.32,0.3485,0.42,0,14,102,116
1809,17145,2012-12-22,1,1,12,3,0,6,0,1,0.26,0.2121,0.48,0.4478,0,7,7
1810,13841,2012-08-04,3,1,8,21,0,6,0,1,0.8,0.7727,0.59,0.2537,96,193,289
1811,3222,2011-05-19,2,0,5,3,0,4,1,1,0.48,0.4697,1,0,1,3,4
1812,9626,2012-02-11,1,1,2,0,0,6,0,2,0.3,0.303,0.7,0.1343,3,50,53
1813,9023,2012-01-16,1,1,1,19,1,1,0,1,0.26,0.2424,0.56,0.2836,10,134,144
1814,14301,2012-08-24,3,1,8,1,0,5,1,2,0.64,0.6061,0.73,0,5,37,42
1815,512,2011-01-23,1,0,1,10,0,0,0,1,0.14,0.1061,0.46,0.3881,7,51,58
1816,9460,2012-02-04,1,1,2,1,0,6,0,1,0.26,0.2727,0.7,0.1045,0,43,43
1817,16762,2012-12-06,4,1,12,4,0,4,1,1,0.22,0.2121,0.55,0.2985,1,8,9
1818,3215,2011-05-18,2,0,5,20,0,3,1,3,0.56,0.5303,0.88,0.1343,24,189,213
1819,2027,2011-03-30,2,0,3,7,0,3,1,2,0.32,0.3333,0.45,0.1045,8,128,136
1820,1036,2011-02-15,1,0,2,20,0,2,1,1,0.26,0.2727,0.33,0.1045,3,98,101
1821,5538,2011-08-23,3,0,8,15,0,2,1,1,0.72,0.6515,0.34,0.2239,178,423,601
1822,3377,2011-05-25,2,0,5,14,0,3,1,1,0.74,0.6818,0.55,0.1642,47,121,168
1823,11067,2012-04-11,2,1,4,7,0,3,1,1,0.28,0.2879,0.52,0.1343,18,303,321
1824,5072,2011-08-04,3,0,8,5,0,4,1,2,0.68,0.6364,0.89,0,3,17,20
1825,1319,2011-02-28,1,0,2,5,0,1,1,2,0.34,0.3636,0.93,0,1,4,5
1826,15147,2012-09-28,4,1,9,7,0,5,1,2,0.56,0.5303,0.94,0,10,384,394
1827,8760,2012-01-05,1,1,1,19,0,4,1,1,0.34,0.3485,0.34,0.0896,10,255,265
1828,16309,2012-11-17,4,1,11,6,0,6,0,1,0.24,0.2273,0.7,0.2239,0,21,21
1829,8737,2012-01-04,1,1,1,20,0,3,1,2,0.2,0.197,0.4,0.194,2,121,123
1830,7310,2011-11-06,4,0,11,4,0,0,0,1,0.24,0.2879,0.87,0,0,6,6
1831,17223,2012-12-25,1,1,12,11,1,2,0,1,0.3,0.3182,0.75,0.0896,43,43,86
1832,7585,2011-11-17,4,0,11,15,0,4,1,2,0.34,0.303,0.49,0.4478,10,106,116
1833,15415,2012-10-09,4,1,10,11,0,2,1,2,0.48,0.4697,0.69,0.194,37,156,193
1834,16849,2012-12-09,4,1,12,19,0,0,0,3,0.38,0.3939,0.94,0.0896,12,110,122
1835,13281,2012-07-12,3,1,7,13,0,4,1,1,0.8,0.697,0.33,0.2239,52,225,277
1836,1154,2011-02-20,1,0,2,20,0,0,0,2,0.34,0.3636,0.42,0,12,30,42
1837,11885,2012-05-15,2,1,5,9,0,2,1,2,0.58,0.5455,0.88,0.0896,28,327,355
1838,11518,2012-04-30,2,1,4,2,0,1,1,1,0.42,0.4242,0.71,0.1343,3,5,8
1839,252,2011-01-11,1,0,1,20,0,2,1,3,0.16,0.1515,0.93,0.194,0,32,32
1840,5772,2011-09-02,3,0,9,22,0,5,1,2,0.64,0.6061,0.73,0.1642,33,114,147
1841,10442,2012-03-16,1,1,3,4,0,5,1,2,0.4,0.4091,0.87,0.2537,0,3,3
1842,11360,2012-04-23,2,1,4,12,0,1,1,3,0.34,0.303,0.71,0.3582,12,117,129
1843,4751,2011-07-21,3,0,7,20,0,4,1,1,0.84,0.8939,0.71,0.2239,38,199,237
1844,8910,2012-01-12,1,1,1,2,0,4,1,3,0.36,0.3485,0.93,0.2537,1,1,2
1845,12340,2012-06-03,2,1,6,8,0,0,0,1,0.54,0.5152,0.6,0.0896,30,110,140
1846,151,2011-01-07,1,0,1,13,0,5,1,2,0.2,0.1818,0.37,0.2836,9,64,73
1847,10293,2012-03-09,1,1,3,22,0,5,1,1,0.34,0.2879,0.31,0.4925,7,100,107
1848,11283,2012-04-20,2,1,4,7,0,5,1,1,0.42,0.4242,0.94,0,9,350,359
1849,3469,2011-05-29,2,0,5,10,0,0,0,2,0.66,0.6061,0.83,0.2239,130,121,251
1850,1536,2011-03-09,1,0,3,8,0,3,1,2,0.24,0.2424,0.87,0.1343,11,238,249
1851,10689,2012-03-26,2,1,3,11,0,1,1,1,0.48,0.4697,0.31,0.5821,47,131,178
1852,11966,2012-05-18,2,1,5,18,0,5,1,1,0.64,0.6212,0.38,0.2239,99,570,669
1853,8181,2011-12-12,4,0,12,12,0,1,1,1,0.28,0.2879,0.52,0.1045,7,138,145
1854,1278,2011-02-26,1,0,2,9,0,6,0,2,0.26,0.2576,0.56,0.1642,9,65,74
1855,2158,2011-04-04,2,0,4,18,0,1,1,2,0.72,0.6364,0.23,0.4925,78,308,386
1856,6088,2011-09-16,3,0,9,5,0,5,1,1,0.38,0.3939,0.76,0.194,2,30,32
1857,9503,2012-02-05,1,1,2,20,0,0,0,1,0.28,0.2727,0.56,0.194,3,47,50
1858,8024,2011-12-05,4,0,12,23,0,1,1,2,0.46,0.4545,0.88,0.1343,8,54,62
1859,2496,2011-04-18,2,0,4,21,0,1,1,1,0.56,0.5303,0.37,0.2836,20,131,151
1860,3782,2011-06-11,2,0,6,11,0,6,0,1,0.76,0.7121,0.62,0.1343,110,215,325
1861,1373,2011-03-02,1,0,3,11,0,3,1,1,0.34,0.303,0.53,0.3284,8,65,73
1862,7303,2011-11-05,4,0,11,21,0,6,0,1,0.32,0.3485,0.66,0,19,99,118
1863,1684,2011-03-15,1,0,3,18,0,2,1,2,0.36,0.3333,0.62,0.2985,18,207,225
1864,13136,2012-07-06,3,1,7,12,0,5,1,1,0.88,0.7576,0.28,0.1045,111,220,331
1865,17021,2012-12-16,4,1,12,23,0,0,0,2,0.36,0.3485,0.93,0.1343,4,29,33
1866,2575,2011-04-22,2,0,4,4,0,5,1,1,0.34,0.3182,0.53,0.2836,1,2,3
1867,6490,2011-10-02,4,0,10,23,0,0,0,1,0.36,0.3636,0.81,0.0896,6,19,25
1868,2880,2011-05-04,2,0,5,21,0,3,1,1,0.4,0.4091,0.62,0.1642,17,133,150
1869,15983,2012-11-03,4,1,11,15,0,6,0,2,0.36,0.3182,0.46,0.4478,117,331,448
1870,14580,2012-09-04,3,1,9,16,0,2,1,1,0.76,0.7273,0.7,0.4179,61,397,458
1871,4334,2011-07-04,3,0,7,11,1,1,0,2,0.76,0.697,0.55,0.0896,177,172,349
1872,4468,2011-07-10,3,0,7,1,0,0,0,1,0.7,0.6515,0.61,0.1343,19,94,113
1873,8575,2011-12-29,1,0,12,1,0,4,1,1,0.22,0.2121,0.47,0.2239,0,15,15
1874,16737,2012-12-05,4,1,12,3,0,3,1,1,0.48,0.4697,0.67,0.1343,0,7,7
1875,12305,2012-06-01,2,1,6,21,0,5,1,3,0.64,0.5909,0.78,0.2537,12,73,85
1876,17078,2012-12-19,4,1,12,8,0,3,1,1,0.24,0.2576,0.87,0.1045,13,665,678
1877,12415,2012-06-06,2,1,6,11,0,3,1,1,0.62,0.6212,0.43,0.0896,65,161,226
1878,10370,2012-03-13,1,1,3,4,0,2,1,2,0.46,0.4545,0.82,0.194,0,1,1
1879,6988,2011-10-23,4,0,10,18,0,0,0,1,0.5,0.4848,0.63,0.1045,88,196,284
1880,14678,2012-09-08,3,1,9,18,0,6,0,3,0.58,0.5455,0.83,0.1343,27,140,167
1881,11521,2012-04-30,2,1,4,5,0,1,1,1,0.38,0.3939,0.62,0.2537,1,19,20
1882,16514,2012-11-25,4,1,11,19,0,0,0,1,0.26,0.303,0.41,0,13,114,127
1883,5509,2011-08-22,3,0,8,10,0,1,1,1,0.7,0.6515,0.48,0.2836,36,85,121
1884,11967,2012-05-18,2,1,5,19,0,5,1,1,0.62,0.6212,0.41,0.194,91,392,483
1885,5895,2011-09-08,3,0,9,3,0,4,1,3,0.62,0.5455,0.94,0,0,2,2
1886,3403,2011-05-26,2,0,5,16,0,4,1,2,0.8,0.7424,0.49,0.3582,58,233,291
1887,677,2011-01-31,1,0,1,12,0,1,1,2,0.18,0.2121,0.55,0.1045,6,62,68
1888,8172,2011-12-12,4,0,12,3,0,1,1,1,0.18,0.2424,0.74,0,0,2,2
1889,8458,2011-12-24,1,0,12,1,0,6,0,2,0.32,0.3485,0.66,0,1,15,16
1890,1007,2011-02-14,1,0,2,14,0,1,1,1,0.6,0.5909,0.15,0.4925,14,76,90
1891,11734,2012-05-09,2,1,5,2,0,3,1,3,0.56,0.5303,0.88,0.4478,0,1,1
1892,14547,2012-09-03,3,1,9,7,1,1,0,1,0.68,0.6364,0.85,0,6,37,43
1893,3657,2011-06-06,2,0,6,6,0,1,1,1,0.58,0.5455,0.88,0,11,101,112
1894,16117,2012-11-09,4,1,11,6,0,5,1,1,0.26,0.2727,0.65,0.1045,5,126,131
1895,15410,2012-10-09,4,1,10,6,0,2,1,2,0.38,0.3939,0.82,0.2537,2,141,143
1896,16354,2012-11-19,4,1,11,3,0,1,1,2,0.36,0.3485,0.66,0.2239,0,2,2
1897,5766,2011-09-02,3,0,9,16,0,5,1,2,0.7,0.6515,0.61,0.1343,82,299,381
1898,1289,2011-02-26,1,0,2,20,0,6,0,1,0.3,0.303,0.56,0.1642,8,60,68
1899,3887,2011-06-15,2,0,6,20,0,3,1,1,0.66,0.6212,0.44,0.1642,57,273,330
1900,7099,2011-10-28,4,0,10,9,0,5,1,1,0.32,0.303,0.57,0.2239,19,210,229
1901,14371,2012-08-26,3,1,8,23,0,0,0,1,0.62,0.5758,0.83,0.0896,21,59,80
1902,12369,2012-06-04,2,1,6,13,0,1,1,1,0.64,0.6212,0.41,0.3582,85,189,274
1903,12394,2012-06-05,2,1,6,14,0,2,1,2,0.58,0.5455,0.46,0.1642,82,194,276
1904,12587,2012-06-13,2,1,6,15,0,3,1,1,0.72,0.6515,0.32,0.4925,65,216,281
1905,2178,2011-04-05,2,0,4,14,0,2,1,2,0.36,0.3182,0.57,0.4925,9,67,76
1906,4852,2011-07-26,3,0,7,1,0,2,1,1,0.7,0.6667,0.79,0.1045,6,6,12
1907,6970,2011-10-23,4,0,10,0,0,0,0,1,0.36,0.3788,0.87,0,24,64,88
1908,3945,2011-06-18,2,0,6,6,0,6,0,1,0.62,0.5758,0.83,0.1045,9,18,27
1909,5413,2011-08-18,3,0,8,10,0,4,1,1,0.74,0.697,0.66,0.2537,37,92,129
1910,13192,2012-07-08,3,1,7,20,0,0,0,1,0.76,0.7273,0.7,0.0896,79,206,285
1911,11894,2012-05-15,2,1,5,18,0,2,1,1,0.7,0.6515,0.61,0.0896,68,665,733
1912,14617,2012-09-06,3,1,9,5,0,4,1,2,0.7,0.6667,0.84,0.194,3,35,38
1913,13252,2012-07-11,3,1,7,8,0,3,1,2,0.68,0.6364,0.79,0.1642,30,644,674
1914,4931,2011-07-29,3,0,7,8,0,5,1,2,0.76,0.7727,0.77,0,30,354,384
1915,11883,2012-05-15,2,1,5,7,0,2,1,3,0.56,0.5303,0.94,0.1343,1,91,92
1916,15345,2012-10-06,4,1,10,13,0,6,0,2,0.64,0.6212,0.57,0.5224,310,400,710
1917,10892,2012-04-03,2,1,4,23,0,2,1,1,0.5,0.4848,0.59,0,13,66,79
1918,8761,2012-01-05,1,1,1,20,0,4,1,1,0.3,0.3333,0.49,0,5,172,177
1919,17333,2012-12-30,1,1,12,1,0,0,0,2,0.26,0.2273,0.56,0.4179,1,27,28
1920,8293,2011-12-17,4,0,12,4,0,6,0,1,0.24,0.2424,0.65,0.1642,0,9,9
1921,1444,2011-03-05,1,0,3,10,0,6,0,2,0.34,0.3333,0.93,0.194,34,69,103
1922,3423,2011-05-27,2,0,5,12,0,5,1,2,0.76,0.697,0.55,0.2985,53,190,243
1923,14468,2012-08-31,3,1,8,0,0,5,1,1,0.68,0.6364,0.83,0.1642,13,69,82
1924,11040,2012-04-10,2,1,4,3,0,2,1,1,0.36,0.3485,0.71,0.1343,0,2,2
1925,9574,2012-02-08,1,1,2,20,0,3,1,3,0.24,0.2424,0.87,0.1343,3,122,125
1926,11823,2012-05-12,2,1,5,19,0,6,0,2,0.64,0.6212,0.36,0.1642,166,273,439
1927,2316,2011-04-11,2,0,4,9,0,1,1,2,0.56,0.5303,0.83,0.2836,33,132,165
1928,6271,2011-09-23,4,0,9,20,0,5,1,1,0.6,0.5152,0.94,0,21,158,179
1929,15661,2012-10-19,4,1,10,17,0,5,1,3,0.62,0.6061,0.69,0.3582,48,377,425
1930,14158,2012-08-18,3,1,8,2,0,6,0,3,0.62,0.5606,0.88,0.1642,4,39,43
1931,6249,2011-09-22,3,0,9,22,0,4,1,2,0.62,0.5152,1,0.0896,21,166,187
1932,11545,2012-05-01,2,1,5,5,0,2,1,2,0.52,0.5,0.72,0.0896,0,17,17
1933,467,2011-01-21,1,0,1,11,0,5,1,1,0.22,0.1818,0.41,0.4627,6,53,59
1934,534,2011-01-24,1,0,1,9,0,1,1,1,0.06,0.1515,0.41,0,4,98,102
1935,9274,2012-01-27,1,1,1,7,0,5,1,2,0.42,0.4242,1,0.2985,6,128,134
1936,15058,2012-09-24,4,1,9,14,0,1,1,1,0.6,0.6061,0.28,0,77,226,303
1937,6665,2011-10-10,4,0,10,6,1,1,0,1,0.44,0.4394,0.94,0,5,39,44
1938,4635,2011-07-17,3,0,7,0,0,0,0,1,0.66,0.6212,0.65,0.2239,34,91,125
1939,7882,2011-11-30,4,0,11,1,0,3,1,1,0.34,0.303,0.66,0.3284,0,8,8
1940,12019,2012-05-20,2,1,5,23,0,0,0,3,0.6,0.5758,0.78,0.3582,32,54,86
1941,16521,2012-11-26,4,1,11,2,0,1,1,1,0.2,0.2576,0.69,0,0,5,5
1942,1714,2011-03-17,1,0,3,1,0,4,1,1,0.36,0.3485,0.71,0.2239,1,11,12
1943,8695,2012-01-03,1,1,1,2,0,2,1,1,0.18,0.1667,0.51,0.2537,0,3,3
1944,3590,2011-06-03,2,0,6,11,0,5,1,1,0.64,0.6212,0.31,0.3284,57,135,192
1945,4707,2011-07-20,3,0,7,0,0,3,1,1,0.7,0.6667,0.84,0.1045,11,29,40
1946,10304,2012-03-10,1,1,3,9,0,6,0,1,0.24,0.2121,0.41,0.3284,21,127,148
1947,12645,2012-06-16,2,1,6,1,0,6,0,1,0.56,0.5303,0.56,0,16,79,95
1948,3275,2011-05-21,2,0,5,8,0,6,0,1,0.56,0.5303,0.68,0.2836,29,97,126
1949,639,2011-01-29,1,0,1,21,0,6,0,1,0.18,0.2121,0.74,0.0896,1,35,36
1950,10586,2012-03-22,2,1,3,4,0,4,1,2,0.48,0.4697,1,0.0896,0,6,6
1951,13623,2012-07-26,3,1,7,19,0,4,1,1,0.9,0.8636,0.45,0.3284,80,534,614
1952,10445,2012-03-16,1,1,3,7,0,5,1,2,0.4,0.4091,0.87,0.194,13,265,278
1953,15760,2012-10-23,4,1,10,20,0,2,1,1,0.58,0.5455,0.64,0.1343,45,334,379
1954,11921,2012-05-16,2,1,5,21,0,3,1,1,0.64,0.6061,0.73,0.194,63,330,393
1955,15898,2012-10-31,4,1,10,2,0,3,1,2,0.3,0.303,0.81,0.1343,0,7,7
1956,7320,2011-11-06,4,0,11,14,0,0,0,1,0.46,0.4545,0.55,0.194,101,219,320
1957,14406,2012-08-28,3,1,8,10,0,2,1,1,0.74,0.6818,0.62,0.2537,39,165,204
1958,3112,2011-05-14,2,0,5,13,0,6,0,3,0.52,0.5,1,0.0896,68,180,248
1959,9980,2012-02-25,1,1,2,20,0,6,0,1,0.26,0.2121,0.3,0.5522,10,95,105
1960,10045,2012-02-28,1,1,2,13,0,2,1,1,0.36,0.3636,0.32,0.1045,16,174,190
1961,12377,2012-06-04,2,1,6,21,0,1,1,1,0.58,0.5455,0.49,0.2537,40,225,265
1962,16580,2012-11-28,4,1,11,13,0,3,1,1,0.34,0.3333,0.42,0.194,21,193,214
1963,12352,2012-06-03,2,1,6,20,0,0,0,1,0.66,0.6212,0.39,0.194,84,230,314
1964,8130,2011-12-10,4,0,12,9,0,6,0,1,0.28,0.2576,0.61,0.2836,15,134,149
1965,5941,2011-09-10,3,0,9,1,0,6,0,2,0.62,0.5455,0.94,0,16,67,83
1966,14010,2012-08-11,3,1,8,22,0,6,0,2,0.66,0.5909,0.89,0.1642,40,128,168
1967,4666,2011-07-18,3,0,7,7,0,1,1,1,0.68,0.6364,0.74,0.2239,22,255,277
1968,1945,2011-03-26,2,0,3,19,0,6,0,2,0.28,0.2727,0.45,0.2537,45,93,138
1969,13163,2012-07-07,3,1,7,15,0,6,0,1,0.96,0.8485,0.26,0,113,193,306
1970,9213,2012-01-24,1,1,1,18,0,2,1,1,0.4,0.4091,0.62,0.0896,32,391,423
1971,17178,2012-12-23,1,1,12,12,0,0,0,1,0.3,0.2879,0.42,0.194,52,144,196
1972,1248,2011-02-25,1,0,2,2,0,5,1,2,0.32,0.3485,1,0,0,3,3
1973,412,2011-01-19,1,0,1,4,0,3,1,3,0.22,0.2273,0.93,0.1343,1,1,2
1974,7766,2011-11-25,4,0,11,4,0,5,1,1,0.3,0.3182,0.75,0.1045,4,3,7
1975,5147,2011-08-07,3,0,8,8,0,0,0,1,0.72,0.697,0.79,0.194,23,66,89
1976,1567,2011-03-10,1,0,3,17,0,4,1,2,0.44,0.4394,0,0.3881,2,109,111
1977,17285,2012-12-28,1,1,12,1,0,5,1,1,0.24,0.2273,0.6,0.194,0,9,9
1978,14945,2012-09-19,3,1,9,21,0,3,1,1,0.5,0.4848,0.59,0.1642,25,324,349
1979,9314,2012-01-28,1,1,1,23,0,6,0,1,0.32,0.3182,0.31,0.194,6,79,85
1980,8438,2011-12-23,1,0,12,5,0,5,1,1,0.36,0.3485,0.93,0.194,0,8,8
1981,9543,2012-02-07,1,1,2,13,0,2,1,1,0.44,0.4394,0.38,0.2537,15,169,184
1982,1531,2011-03-09,1,0,3,3,0,3,1,1,0.24,0.2576,0.7,0.0896,1,2,3
1983,11233,2012-04-18,2,1,4,5,0,3,1,2,0.5,0.4848,0.39,0.2836,0,34,34
1984,7349,2011-11-07,4,0,11,19,0,1,1,1,0.46,0.4545,0.59,0,20,280,300
1985,1731,2011-03-17,1,0,3,18,0,4,1,2,0.46,0.4545,0.59,0.1642,50,260,310
1986,16618,2012-11-30,4,1,11,4,0,5,1,1,0.22,0.2727,0.75,0,0,3,3
1987,689,2011-02-01,1,0,2,0,0,2,1,2,0.16,0.1818,0.64,0.1045,2,6,8
1988,13846,2012-08-05,3,1,8,2,0,0,0,1,0.74,0.697,0.7,0.2985,5,68,73
1989,1394,2011-03-03,1,0,3,8,0,4,1,1,0.14,0.1212,0.39,0.2985,4,216,220
1990,15672,2012-10-20,4,1,10,4,0,6,0,1,0.44,0.4394,0.72,0,9,9,18
1991,14814,2012-09-14,3,1,9,10,0,5,1,2,0.68,0.6364,0.65,0,75,171,246
1992,1545,2011-03-09,1,0,3,17,0,3,1,2,0.34,0.303,0.76,0.2985,18,176,194
1993,12187,2012-05-27,2,1,5,23,0,0,0,3,0.62,0.5758,0.83,0.1343,31,65,96
1994,4803,2011-07-24,3,0,7,0,0,0,0,1,0.8,0.7727,0.59,0.1045,42,77,119
1995,12726,2012-06-19,2,1,6,10,0,2,1,1,0.64,0.6061,0.73,0.0896,44,136,180
1996,14960,2012-09-20,3,1,9,12,0,4,1,1,0.62,0.6212,0.43,0.1343,57,233,290
1997,9056,2012-01-18,1,1,1,5,0,3,1,1,0.34,0.2879,0.46,0.5224,0,29,29
1998,4507,2011-07-11,3,0,7,16,0,1,1,1,0.86,0.8485,0.56,0.3881,57,182,239
1999,5726,2011-09-01,3,0,9,0,0,4,1,1,0.6,0.5758,0.78,0.1045,18,33,51
2000,752,2011-02-03,1,0,2,17,0,4,1,1,0.2,0.197,0.4,0.194,5,170,175
2001,17168,2012-12-23,1,1,12,2,0,0,0,1,0.2,0.2121,0.51,0.1642,1,17,18
2002,14749,2012-09-11,3,1,9,17,0,2,1,1,0.7,0.6364,0.28,0,168,802,970
2003,10639,2012-03-24,2,1,3,9,0,6,0,2,0.52,0.5,0.83,0.1343,96,153,249
2004,10756,2012-03-29,2,1,3,6,0,4,1,1,0.46,0.4545,0.59,0.2537,3,114,117
2005,519,2011-01-23,1,0,1,17,0,0,0,1,0.14,0.1061,0.26,0.3881,5,50,55
2006,9939,2012-02-24,1,1,2,3,0,5,1,1,0.42,0.4242,0.82,0.1343,0,5,5
2007,12084,2012-05-23,2,1,5,16,0,3,1,3,0.7,0.6515,0.61,0.0896,62,216,278
2008,5514,2011-08-22,3,0,8,15,0,1,1,1,0.74,0.6515,0.3,0.2985,72,127,199
2009,12974,2012-06-29,3,1,6,18,0,5,1,1,0.96,0.8636,0.31,0,50,414,464
2010,14111,2012-08-16,3,1,8,3,0,4,1,1,0.62,0.5909,0.73,0.2537,0,4,4
2011,11271,2012-04-19,2,1,4,19,0,4,1,1,0.58,0.5455,0.46,0.1343,70,516,586
2012,13985,2012-08-10,3,1,8,21,0,5,1,1,0.74,0.697,0.66,0.2537,50,236,286
2013,55,2011-01-03,1,0,1,9,0,1,1,1,0.16,0.1364,0.43,0.3881,7,81,88
2014,7016,2011-10-24,4,0,10,22,0,1,1,1,0.48,0.4697,0.75,0.1642,3,76,79
2015,9060,2012-01-18,1,1,1,9,0,3,1,1,0.28,0.2576,0.52,0.3284,6,196,202
2016,1124,2011-02-19,1,0,2,13,0,6,0,1,0.44,0.4394,0.16,0.6119,52,103,155
2017,4032,2011-06-21,3,0,6,21,0,2,1,1,0.72,0.697,0.74,0.194,38,191,229
2018,9846,2012-02-20,1,1,2,5,1,1,0,2,0.24,0.2121,0.6,0.3582,0,6,6
2019,2255,2011-04-08,2,0,4,19,0,5,1,3,0.3,0.2727,0.93,0.4179,1,52,53
2020,6519,2011-10-04,4,0,10,4,0,2,1,1,0.4,0.4091,0.82,0.0896,3,4,7
2021,12239,2012-05-30,2,1,5,3,0,3,1,3,0.62,0.5606,0.88,0.1343,0,5,5
2022,16247,2012-11-14,4,1,11,16,0,3,1,1,0.34,0.3485,0.46,0.1045,31,290,321
2023,16181,2012-11-11,4,1,11,22,0,0,0,1,0.42,0.4242,0.71,0.194,21,113,134
2024,15048,2012-09-24,4,1,9,4,0,1,1,1,0.44,0.4394,0.67,0.1045,0,8,8
2025,6877,2011-10-19,4,0,10,2,0,3,1,2,0.52,0.5,0.77,0.194,1,6,7
2026,10418,2012-03-15,1,1,3,4,0,4,1,1,0.44,0.4394,0.77,0.1045,11,3,14
2027,4983,2011-07-31,3,0,7,12,0,0,0,1,0.9,0.7727,0.25,0.194,146,192,338
2028,9793,2012-02-17,1,1,2,23,0,5,1,1,0.36,0.3485,0.4,0.194,10,72,82
2029,16228,2012-11-13,4,1,11,21,0,2,1,1,0.3,0.2727,0.49,0.3582,9,178,187
2030,31,2011-01-02,1,0,1,7,0,0,0,2,0.4,0.4091,0.76,0.194,0,1,1
2031,14241,2012-08-21,3,1,8,13,0,2,1,1,0.74,0.6515,0.4,0,76,255,331
2032,1054,2011-02-16,1,0,2,15,0,3,1,1,0.46,0.4545,0.28,0.4179,35,82,117
2033,9391,2012-02-01,1,1,2,4,0,3,1,1,0.4,0.4091,0.5,0.1642,0,1,1
2034,9120,2012-01-20,1,1,1,21,0,5,1,2,0.2,0.2273,0.37,0.0896,5,99,104
2035,4850,2011-07-25,3,0,7,23,0,1,1,1,0.7,0.6667,0.84,0.0896,23,64,87
2036,4844,2011-07-25,3,0,7,17,0,1,1,1,0.72,0.697,0.74,0,48,437,485
2037,14728,2012-09-10,3,1,9,20,0,1,1,1,0.6,0.6212,0.4,0.194,34,356,390
2038,14134,2012-08-17,3,1,8,2,0,5,1,1,0.66,0.2424,0.61,0.1343,4,15,19
2039,10671,2012-03-25,2,1,3,17,0,0,0,1,0.5,0.4848,0.72,0.0896,146,273,419
2040,17246,2012-12-26,1,1,12,10,0,3,1,3,0.2,0.1818,0.86,0.2985,0,8,8
2041,12580,2012-06-13,2,1,6,8,0,3,1,2,0.62,0.5909,0.73,0.5224,41,672,713
2042,4070,2011-06-23,3,0,6,11,0,4,1,3,0.76,0.7273,0.66,0.2537,28,108,136
2043,12815,2012-06-23,3,1,6,3,0,6,0,2,0.64,0.5758,0.83,0.0896,10,32,42
2044,4833,2011-07-25,3,0,7,6,0,1,1,2,0.72,0.7121,0.84,0.0896,7,100,107
2045,13900,2012-08-07,3,1,8,8,0,2,1,2,0.7,0.6515,0.7,0.1642,41,664,705
2046,11150,2012-04-14,2,1,4,18,0,6,0,2,0.62,0.6212,0.35,0.2239,197,284,481
2047,16709,2012-12-03,4,1,12,23,0,1,1,1,0.42,0.4242,0.82,0.1045,9,93,102
2048,7442,2011-11-11,4,0,11,16,1,5,0,1,0.36,0.3333,0.34,0.3284,49,189,238
2049,2086,2011-04-01,2,0,4,18,0,5,1,1,0.34,0.303,0.46,0.3284,36,205,241
2050,6837,2011-10-17,4,0,10,10,0,1,1,1,0.52,0.5,0.45,0.1642,43,92,135
2051,10769,2012-03-29,2,1,3,19,0,4,1,1,0.48,0.4697,0.39,0.2836,47,421,468
2052,3430,2011-05-27,2,0,5,19,0,5,1,3,0.6,0.5758,0.78,0.2537,69,210,279
2053,5043,2011-08-03,3,0,8,0,0,3,1,2,0.8,0.7424,0.49,0.1642,11,32,43
2054,2715,2011-04-28,2,0,4,0,0,4,1,1,0.64,0.5909,0.78,0.3582,13,41,54
2055,4343,2011-07-04,3,0,7,20,1,1,0,2,0.76,0.697,0.55,0.1045,195,191,386
2056,14512,2012-09-01,3,1,9,20,0,6,0,3,0.76,0.7273,0.67,0.2537,67,140,207
2057,14557,2012-09-03,3,1,9,17,1,1,0,1,0.74,0.697,0.7,0.1343,181,317,498
2058,10459,2012-03-16,1,1,3,21,0,5,1,2,0.44,0.4394,0.94,0,8,144,152
2059,7542,2011-11-15,4,0,11,20,0,2,1,2,0.48,0.4697,0.82,0.1343,26,212,238
2060,12430,2012-06-07,2,1,6,2,0,4,1,1,0.52,0.5,0.77,0.0896,0,12,12
2061,12244,2012-05-30,2,1,5,8,0,3,1,2,0.6,0.5909,0.73,0.1642,29,642,671
2062,13415,2012-07-18,3,1,7,3,0,3,1,1,0.74,0.697,0.66,0.1343,2,2,4
2063,7183,2011-10-31,4,0,10,21,0,1,1,2,0.36,0.3485,0.76,0.194,7,109,116
2064,13529,2012-07-22,3,1,7,21,0,0,0,1,0.7,0.6667,0.79,0.1045,88,257,345
2065,9936,2012-02-24,1,1,2,0,0,5,1,2,0.44,0.4394,0.58,0.0896,12,34,46
2066,189,2011-01-09,1,0,1,3,0,0,0,1,0.1,0.0758,0.46,0.4179,0,4,4
2067,9397,2012-02-01,1,1,2,10,0,3,1,1,0.4,0.4091,0.62,0.1343,9,124,133
2068,8690,2012-01-02,1,1,1,21,1,1,0,2,0.24,0.2121,0.41,0.3284,3,63,66
2069,16168,2012-11-11,4,1,11,9,0,0,0,1,0.36,0.3788,0.77,0,94,179,273
2070,4849,2011-07-25,3,0,7,22,0,1,1,1,0.7,0.6667,0.84,0,13,112,125
2071,15981,2012-11-03,4,1,11,13,0,6,0,2,0.36,0.3333,0.46,0.3582,110,339,449
2072,12093,2012-05-24,2,1,5,1,0,4,1,1,0.6,0.5455,0.88,0.0896,9,21,30
2073,9661,2012-02-12,1,1,2,11,0,0,0,1,0.12,0.1061,0.42,0.2985,3,121,124
2074,9186,2012-01-23,1,1,1,15,0,1,1,2,0.22,0.2121,1,0.2239,10,64,74
2075,294,2011-01-13,1,0,1,16,0,4,1,1,0.24,0.2121,0.38,0.3582,2,76,78
2076,7045,2011-10-26,4,0,10,3,0,3,1,1,0.44,0.4394,0.67,0.2239,0,3,3
2077,12981,2012-06-30,3,1,6,1,0,6,0,3,0.64,0.5758,0.89,0.2239,3,55,58
2078,5881,2011-09-07,3,0,9,12,0,3,1,3,0.56,0.5303,0.94,0,1,21,22
2079,3754,2011-06-10,2,0,6,7,0,5,1,1,0.72,0.6818,0.66,0.1045,25,242,267
2080,10026,2012-02-27,1,1,2,18,0,1,1,1,0.52,0.5,0.27,0.4179,10,517,527
2081,9895,2012-02-22,1,1,2,7,0,3,1,1,0.32,0.3333,0.76,0.0896,10,292,302
2082,13771,2012-08-01,3,1,8,23,0,3,1,1,0.7,0.6667,0.74,0,18,134,152
2083,6518,2011-10-04,4,0,10,3,0,2,1,1,0.4,0.4091,0.82,0.1045,3,3,6
2084,7255,2011-11-03,4,0,11,21,0,4,1,1,0.4,0.4091,0.76,0.1343,4,140,144
2085,11964,2012-05-18,2,1,5,16,0,5,1,1,0.66,0.6212,0.34,0.2537,151,417,568
2086,1535,2011-03-09,1,0,3,7,0,3,1,2,0.24,0.2424,0.87,0.1642,18,123,141
2087,15307,2012-10-04,4,1,10,23,0,4,1,1,0.6,0.6212,0.56,0.0896,18,137,155
2088,7276,2011-11-04,4,0,11,18,0,5,1,1,0.42,0.4242,0.32,0.4627,35,339,374
2089,10816,2012-03-31,2,1,3,18,0,6,0,2,0.44,0.4394,0.72,0.4627,102,239,341
2090,11021,2012-04-09,2,1,4,8,0,1,1,1,0.44,0.4394,0.3,0.194,22,595,617
2091,15724,2012-10-22,4,1,10,8,0,1,1,1,0.44,0.4394,0.67,0,32,696,728
2092,7982,2011-12-04,4,0,12,5,0,0,0,1,0.26,0.303,0.81,0,2,2,4
2093,9902,2012-02-22,1,1,2,14,0,3,1,1,0.44,0.4394,0.54,0.3284,35,142,177
2094,6811,2011-10-16,4,0,10,8,0,0,0,1,0.44,0.4394,0.62,0.194,28,71,99
2095,11348,2012-04-23,2,1,4,0,0,1,1,3,0.36,0.3333,0.81,0.4179,0,6,6
2096,4408,2011-07-07,3,0,7,13,0,4,1,1,0.86,0.7879,0.41,0,48,107,155
2097,12165,2012-05-27,2,1,5,1,0,0,0,1,0.66,0.6212,0.74,0.2239,17,61,78
2098,9565,2012-02-08,1,1,2,11,0,3,1,2,0.26,0.2576,0.65,0.2239,5,97,102
2099,674,2011-01-31,1,0,1,9,0,1,1,2,0.16,0.1364,0.59,0.2985,0,112,112
2100,7345,2011-11-07,4,0,11,15,0,1,1,1,0.56,0.5303,0.37,0.1045,38,132,170
2101,6848,2011-10-17,4,0,10,21,0,1,1,1,0.5,0.4848,0.77,0.1045,36,141,177
2102,14329,2012-08-25,3,1,8,5,0,6,0,2,0.64,0.6061,0.73,0.1642,4,10,14
2103,12839,2012-06-24,3,1,6,3,0,0,0,2,0.66,0.6212,0.65,0.0896,19,41,60
2104,12727,2012-06-19,2,1,6,11,0,2,1,1,0.66,0.6212,0.69,0.1343,56,174,230
2105,13700,2012-07-30,3,1,7,0,0,1,1,1,0.7,0.6667,0.74,0.0896,12,46,58
2106,4562,2011-07-13,3,0,7,23,0,3,1,1,0.66,0.6061,0.83,0.2537,33,83,116
2107,11542,2012-05-01,2,1,5,2,0,2,1,2,0.5,0.4848,0.72,0.0896,1,7,8
2108,14948,2012-09-20,3,1,9,0,0,4,1,1,0.5,0.4848,0.63,0,12,46,58
2109,3209,2011-05-18,2,0,5,14,0,3,1,2,0.58,0.5455,0.78,0.2836,44,94,138
2110,3764,2011-06-10,2,0,6,17,0,5,1,1,0.82,0.7727,0.52,0.2239,63,454,517
2111,16928,2012-12-13,4,1,12,2,0,4,1,2,0.26,0.2424,0.56,0.2537,3,5,8
2112,2885,2011-05-05,2,0,5,2,0,4,1,1,0.34,0.3182,0.66,0.2239,1,4,5
2113,8949,2012-01-13,1,1,1,17,0,5,1,1,0.28,0.2424,0.33,0.4179,15,317,332
2114,4036,2011-06-22,3,0,6,1,0,3,1,1,0.66,0.6061,0.78,0.1343,2,19,21
2115,3600,2011-06-03,2,0,6,21,0,5,1,1,0.64,0.6212,0.29,0.1045,51,196,247
2116,14362,2012-08-26,3,1,8,14,0,0,0,1,0.64,0.5758,0.89,0.1045,125,252,377
2117,14350,2012-08-26,3,1,8,2,0,0,0,2,0.64,0.5758,0.89,0.2239,12,104,116
2118,1651,2011-03-14,1,0,3,8,0,1,1,2,0.3,0.303,0.56,0.1343,24,217,241
2119,15119,2012-09-27,4,1,9,3,0,4,1,1,0.6,0.5758,0.78,0,0,7,7
2120,11231,2012-04-18,2,1,4,3,0,3,1,2,0.5,0.4848,0.42,0.2239,0,6,6
2121,13799,2012-08-03,3,1,8,3,0,5,1,1,0.68,0.6364,0.79,0.2239,1,5,6
2122,16215,2012-11-13,4,1,11,8,0,2,1,3,0.32,0.303,0.87,0.2537,4,207,211
2123,7649,2011-11-20,4,0,11,7,0,0,0,1,0.42,0.4242,0.67,0.2239,4,19,23
2124,6393,2011-09-28,4,0,9,22,0,3,1,1,0.6,0.5455,0.88,0.0896,19,68,87
2125,2486,2011-04-18,2,0,4,11,0,1,1,2,0.54,0.5152,0.52,0.0896,36,87,123
2126,3583,2011-06-03,2,0,6,4,0,5,1,1,0.52,0.5,0.48,0.3284,1,5,6
2127,15114,2012-09-26,4,1,9,22,0,3,1,3,0.62,0.6061,0.69,0.194,21,194,215
2128,8814,2012-01-08,1,1,1,1,0,0,0,1,0.34,0.3333,0.42,0.194,10,62,72
2129,3257,2011-05-20,2,0,5,14,0,5,1,1,0.62,0.6212,0.53,0.2239,66,131,197
2130,399,2011-01-18,1,0,1,14,0,2,1,2,0.22,0.2273,0.8,0.1642,2,26,28
2131,1806,2011-03-20,1,0,3,22,0,0,0,2,0.34,0.303,0.53,0.3284,8,30,38
2132,3847,2011-06-14,2,0,6,4,0,2,1,1,0.54,0.5152,0.6,0.2537,0,3,3
2133,16123,2012-11-09,4,1,11,12,0,5,1,1,0.44,0.4394,0.41,0.3284,48,214,262
2134,12647,2012-06-16,2,1,6,3,0,6,0,1,0.56,0.5303,0.6,0.0896,8,19,27
2135,12194,2012-05-28,2,1,5,6,1,1,0,1,0.62,0.5909,0.73,0.1642,6,14,20
2136,1476,2011-03-06,1,0,3,19,0,0,0,3,0.3,0.2576,1,0.4925,0,11,11
2137,8538,2011-12-27,1,0,12,11,0,2,1,3,0.32,0.3333,0.66,0.1045,6,24,30
2138,14577,2012-09-04,3,1,9,13,0,2,1,1,0.8,0.7576,0.55,0.4478,72,203,275
2139,12327,2012-06-02,2,1,6,19,0,6,0,1,0.64,0.6212,0.36,0.1642,185,369,554
2140,10438,2012-03-16,1,1,3,0,0,5,1,1,0.44,0.4394,0.77,0.2537,8,49,57
2141,8840,2012-01-09,1,1,1,3,0,1,1,1,0.24,0.2424,0.52,0.1642,0,3,3
2142,17171,2012-12-23,1,1,12,5,0,0,0,1,0.2,0.2576,0.51,0,0,6,6
2143,13006,2012-07-01,3,1,7,2,0,0,0,1,0.72,0.697,0.74,0.0896,21,69,90
2144,9423,2012-02-02,1,1,2,12,0,4,1,1,0.42,0.4242,0.82,0,8,140,148
2145,16098,2012-11-08,4,1,11,11,0,4,1,1,0.36,0.3333,0.29,0.3881,16,155,171
2146,6087,2011-09-16,3,0,9,4,0,5,1,1,0.4,0.4091,0.71,0.2836,1,3,4
2147,3025,2011-05-10,2,0,5,22,0,2,1,1,0.52,0.5,0.55,0.1045,29,121,150
2148,12404,2012-06-06,2,1,6,0,0,3,1,1,0.52,0.5,0.59,0.0896,3,46,49
2149,281,2011-01-13,1,0,1,3,0,4,1,1,0.14,0.1212,0.5,0.3284,0,3,3
2150,17222,2012-12-25,1,1,12,10,1,2,0,1,0.28,0.3182,0.81,0,11,21,32
2151,14101,2012-08-15,3,1,8,17,0,3,1,1,0.74,0.6818,0.55,0.2836,102,749,851
2152,8609,2011-12-30,1,0,12,11,0,5,1,1,0.32,0.3182,0.66,0.194,45,126,171
2153,10813,2012-03-31,2,1,3,15,0,6,0,2,0.52,0.5,0.59,0.2836,275,330,605
2154,6149,2011-09-18,3,0,9,18,0,0,0,2,0.56,0.5303,0.6,0.1045,66,223,289
2155,4247,2011-06-30,3,0,6,20,0,4,1,1,0.74,0.6515,0.33,0.194,55,285,340
2156,16430,2012-11-22,4,1,11,7,1,4,0,1,0.22,0.2273,0.75,0.1343,7,49,56
2157,1890,2011-03-24,2,0,3,12,0,4,1,2,0.3,0.2727,0.7,0.3284,12,82,94
2158,4780,2011-07-23,3,0,7,1,0,6,0,1,0.82,0.7727,0.52,0.1045,13,57,70
2159,9527,2012-02-06,1,1,2,21,0,1,1,1,0.32,0.3182,0.57,0.1642,11,143,154
2160,4490,2011-07-10,3,0,7,23,0,0,0,1,0.72,0.6818,0.66,0.2537,19,53,72
2161,11713,2012-05-08,2,1,5,5,0,2,1,2,0.52,0.5,0.72,0.2836,0,20,20
2162,14972,2012-09-21,3,1,9,0,0,5,1,1,0.54,0.5152,0.68,0,13,53,66
2163,12221,2012-05-29,2,1,5,9,0,2,1,1,0.72,0.6818,0.7,0.2537,26,231,257
2164,9484,2012-02-05,1,1,2,1,0,0,0,2,0.24,0.2576,0.93,0.1045,5,46,51
2165,12572,2012-06-13,2,1,6,0,0,3,1,2,0.66,0.5909,0.94,0.194,7,27,34
2166,17230,2012-12-25,1,1,12,18,1,2,0,2,0.32,0.303,0.66,0.2537,20,23,43
2167,12806,2012-06-22,3,1,6,18,0,5,1,2,0.8,0.7576,0.55,0.194,62,443,505
2168,15572,2012-10-16,4,1,10,0,0,2,1,1,0.46,0.4545,0.63,0.3881,3,45,48
2169,4708,2011-07-20,3,0,7,1,0,3,1,1,0.7,0.6667,0.84,0,4,7,11
2170,6238,2011-09-22,3,0,9,11,0,4,1,2,0.64,0.5758,0.89,0.194,23,142,165
2171,12787,2012-06-21,3,1,6,23,0,4,1,1,0.8,0.7727,0.59,0.0896,12,134,146
2172,9862,2012-02-20,1,1,2,21,1,1,0,1,0.3,0.303,0.39,0.1642,8,90,98
2173,14720,2012-09-10,3,1,9,12,0,1,1,1,0.64,0.6212,0.44,0.3881,76,256,332
2174,2999,2011-05-09,2,0,5,20,0,1,1,1,0.54,0.5152,0.49,0.194,25,214,239
2175,11137,2012-04-14,2,1,4,5,0,6,0,1,0.36,0.3636,0.66,0.1045,2,5,7
2176,6196,2011-09-20,3,0,9,17,0,2,1,1,0.6,0.5606,0.83,0.1045,66,445,511
2177,506,2011-01-23,1,0,1,3,0,0,0,1,0.02,0.0606,0.62,0.1343,1,4,5
2178,16218,2012-11-13,4,1,11,11,0,2,1,1,0.32,0.303,0.7,0.2537,22,133,155
2179,14235,2012-08-21,3,1,8,7,0,2,1,1,0.6,0.5758,0.78,0.1045,19,500,519
2180,13907,2012-08-07,3,1,8,15,0,2,1,1,0.8,0.7424,0.52,0,100,206,306
2181,2112,2011-04-02,2,0,4,20,0,6,0,1,0.34,0.3182,0.53,0.2836,29,56,85
2182,17067,2012-12-18,4,1,12,21,0,2,1,1,0.36,0.3485,0.5,0.2239,9,159,168
2183,7931,2011-12-02,4,0,12,2,0,5,1,1,0.24,0.2879,0.75,0,0,10,10
2184,5692,2011-08-30,3,0,8,14,0,2,1,1,0.74,0.6515,0.33,0.1642,58,151,209
2185,3503,2011-05-30,2,0,5,20,1,1,0,1,0.76,0.7121,0.58,0,69,168,237
2186,5724,2011-08-31,3,0,8,22,0,3,1,1,0.64,0.6061,0.69,0,20,137,157
2187,6439,2011-09-30,4,0,9,20,0,5,1,1,0.54,0.5152,0.52,0.2836,28,202,230
2188,14376,2012-08-27,3,1,8,4,0,1,1,1,0.62,0.5758,0.83,0,1,11,12
2189,4936,2011-07-29,3,0,7,13,0,5,1,1,0.94,0.8333,0.31,0,42,114,156
2190,8219,2011-12-14,4,0,12,2,0,3,1,1,0.26,0.303,0.75,0,0,2,2
2191,10743,2012-03-28,2,1,3,17,0,3,1,1,0.6,0.6061,0.6,0.2239,72,532,604
2192,5382,2011-08-17,3,0,8,3,0,3,1,1,0.64,0.5909,0.78,0,1,4,5
2193,7154,2011-10-30,4,0,10,16,0,0,0,1,0.42,0.4242,0.32,0.1343,107,213,320
2194,12440,2012-06-07,2,1,6,12,0,4,1,1,0.7,0.6364,0.42,0,62,274,336
2195,7771,2011-11-25,4,0,11,9,0,5,1,1,0.32,0.3485,0.76,0,25,70,95
2196,12710,2012-06-18,2,1,6,18,0,1,1,2,0.62,0.6061,0.69,0.1642,47,595,642
2197,6613,2011-10-08,4,0,10,2,0,6,0,1,0.46,0.4545,0.82,0,4,41,45
2198,6923,2011-10-21,4,0,10,1,0,5,1,1,0.4,0.4091,0.62,0.2239,7,19,26
2199,2302,2011-04-10,2,0,4,18,0,0,0,1,0.5,0.4848,0.77,0.194,103,137,240
2200,14674,2012-09-08,3,1,9,14,0,6,0,1,0.82,0.7727,0.52,0.4478,260,366,626
2201,8488,2011-12-25,1,0,12,8,0,0,0,1,0.2,0.2121,0.8,0.1642,1,4,5
2202,8080,2011-12-08,4,0,12,7,0,4,1,1,0.22,0.2121,0.6,0.2239,11,233,244
2203,5002,2011-08-01,3,0,8,7,0,1,1,1,0.74,0.6818,0.62,0,24,258,282
2204,8588,2011-12-29,1,0,12,14,0,4,1,2,0.3,0.3333,0.52,0,30,112,142
2205,13321,2012-07-14,3,1,7,5,0,6,0,2,0.64,0.6061,0.73,0.1045,0,5,5
2206,8395,2011-12-21,1,0,12,10,0,3,1,2,0.48,0.4697,0.82,0.4179,6,83,89
2207,12166,2012-05-27,2,1,5,2,0,0,0,1,0.64,0.6061,0.73,0.2239,16,45,61
2208,14312,2012-08-24,3,1,8,12,0,5,1,2,0.76,0.6818,0.45,0.0896,95,276,371
2209,4111,2011-06-25,3,0,6,4,0,6,0,1,0.64,0.6212,0.57,0.194,7,4,11
2210,7855,2011-11-28,4,0,11,22,0,1,1,2,0.52,0.5,0.83,0.1045,7,102,109
2211,13466,2012-07-20,3,1,7,6,0,5,1,2,0.66,0.5909,0.89,0.1642,3,123,126
2212,11481,2012-04-28,2,1,4,13,0,6,0,2,0.4,0.4091,0.37,0,120,269,389
2213,12396,2012-06-05,2,1,6,16,0,2,1,1,0.6,0.6212,0.43,0.194,91,382,473
2214,10457,2012-03-16,1,1,3,19,0,5,1,2,0.46,0.4545,0.88,0,23,273,296
2215,7812,2011-11-27,4,0,11,2,0,0,0,1,0.34,0.3636,0.81,0,9,22,31
2216,11128,2012-04-13,2,1,4,20,0,5,1,1,0.5,0.4848,0.29,0.1343,44,242,286
2217,5953,2011-09-10,3,0,9,13,0,6,0,1,0.74,0.6818,0.55,0.2836,131,239,370
2218,6272,2011-09-23,4,0,9,21,0,5,1,1,0.6,0.5,1,0.1642,17,121,138
2219,7347,2011-11-07,4,0,11,17,0,1,1,1,0.5,0.4848,0.45,0.1642,39,489,528
2220,11506,2012-04-29,2,1,4,14,0,0,0,1,0.54,0.5152,0.34,0,281,372,653
2221,9989,2012-02-26,1,1,2,5,0,0,0,1,0.22,0.2121,0.44,0.2239,0,5,5
2222,2217,2011-04-07,2,0,4,5,0,4,1,1,0.34,0.3182,0.76,0.2239,0,6,6
2223,2731,2011-04-28,2,0,4,16,0,4,1,1,0.62,0.5909,0.78,0.2537,42,228,270
2224,15009,2012-09-22,3,1,9,13,0,6,0,1,0.74,0.6667,0.51,0.3582,273,434,707
2225,1128,2011-02-19,1,0,2,17,0,6,0,1,0.42,0.4242,0.19,0.6119,36,91,127
2226,14599,2012-09-05,3,1,9,11,0,3,1,2,0.78,0.7424,0.62,0.1642,61,156,217
2227,1800,2011-03-20,1,0,3,16,0,0,0,1,0.42,0.4242,0.32,0,92,132,224
2228,6780,2011-10-15,4,0,10,1,0,6,0,1,0.46,0.4545,0.55,0.2537,9,64,73
2229,7669,2011-11-21,4,0,11,3,0,1,1,3,0.44,0.4394,1,0.1343,0,4,4
2230,5212,2011-08-10,3,0,8,1,0,3,1,1,0.72,0.6667,0.54,0.194,7,10,17
2231,12466,2012-06-08,2,1,6,14,0,5,1,1,0.76,0.6667,0.31,0.3881,128,245,373
2232,10120,2012-03-02,1,1,3,17,0,5,1,3,0.36,0.3485,0.81,0.2239,5,123,128
2233,2035,2011-03-30,2,0,3,15,0,3,1,3,0.28,0.2576,0.81,0.2985,14,56,70
2234,8843,2012-01-09,1,1,1,6,0,1,1,2,0.22,0.2273,0.6,0.1343,3,85,88
2235,12665,2012-06-16,2,1,6,21,0,6,0,2,0.64,0.6212,0.5,0.2239,98,192,290
2236,4102,2011-06-24,3,0,6,19,0,5,1,1,0.74,0.6515,0.4,0.2239,92,293,385
2237,12646,2012-06-16,2,1,6,2,0,6,0,1,0.58,0.5455,0.53,0,12,55,67
2238,15034,2012-09-23,4,1,9,14,0,0,0,1,0.6,0.6212,0.38,0.194,266,400,666
2239,14603,2012-09-05,3,1,9,15,0,3,1,1,0.78,0.7727,0.7,0.194,41,204,245
2240,10625,2012-03-23,2,1,3,19,0,5,1,1,0.66,0.6212,0.5,0.194,213,473,686
2241,3446,2011-05-28,2,0,5,11,0,6,0,1,0.7,0.6515,0.65,0.2239,171,178,349
2242,13022,2012-07-01,3,1,7,18,0,0,0,1,0.88,0.7727,0.32,0.3582,95,275,370
2243,4246,2011-06-30,3,0,6,19,0,4,1,1,0.74,0.6515,0.33,0.194,89,366,455
2244,8777,2012-01-06,1,1,1,12,0,5,1,1,0.36,0.3333,0.5,0.2537,23,168,191
2245,618,2011-01-28,1,0,1,23,0,5,1,1,0.24,0.2273,0.6,0.2239,1,22,23
2246,9968,2012-02-25,1,1,2,8,0,6,0,1,0.26,0.2273,0.48,0.2985,3,90,93
2247,11983,2012-05-19,2,1,5,11,0,6,0,1,0.62,0.6212,0.38,0.0896,235,351,586
2248,14394,2012-08-27,3,1,8,22,0,1,1,1,0.7,0.6667,0.84,0.194,30,131,161
2249,16733,2012-12-04,4,1,12,23,0,2,1,1,0.48,0.4697,0.67,0.2537,5,91,96
2250,11214,2012-04-17,2,1,4,10,0,2,1,1,0.6,0.6212,0.38,0.4179,52,165,217
2251,10171,2012-03-04,1,1,3,20,0,0,0,1,0.28,0.2727,0.38,0.2537,8,80,88
2252,13735,2012-07-31,3,1,7,11,0,2,1,1,0.76,0.7121,0.58,0,54,170,224
2253,3845,2011-06-14,2,0,6,2,0,2,1,1,0.6,0.6212,0.49,0.2836,2,8,10
2254,178,2011-01-08,1,0,1,16,0,6,0,1,0.18,0.1364,0.29,0.4478,8,68,76
2255,11194,2012-04-16,2,1,4,14,1,1,0,1,0.76,0.6818,0.45,0.3284,105,183,288
2256,15693,2012-10-21,4,1,10,1,0,0,0,1,0.42,0.4242,0.58,0.2239,20,97,117
2257,15221,2012-10-01,4,1,10,9,0,1,1,2,0.52,0.5,0.63,0,26,314,340
2258,11378,2012-04-24,2,1,4,6,0,2,1,1,0.3,0.2879,0.7,0.2239,3,117,120
2259,7472,2011-11-12,4,0,11,22,0,6,0,1,0.42,0.4242,0.47,0.2537,30,88,118
2260,11686,2012-05-07,2,1,5,2,0,1,1,1,0.5,0.4848,0.77,0.194,1,5,6
2261,9130,2012-01-21,1,1,1,7,0,6,0,3,0.16,0.1667,0.93,0.1642,3,10,13
2262,6825,2011-10-16,4,0,10,22,0,0,0,1,0.56,0.5303,0.49,0.4179,42,88,130
2263,1093,2011-02-18,1,0,2,6,0,5,1,2,0.44,0.4394,0.72,0.1642,2,48,50
2264,4418,2011-07-07,3,0,7,23,0,4,1,1,0.72,0.6818,0.66,0,31,98,129
2265,8728,2012-01-04,1,1,1,11,0,3,1,2,0.08,0.1212,0.42,0.0896,6,40,46
2266,10477,2012-03-17,1,1,3,15,0,6,0,1,0.64,0.6212,0.53,0.1343,357,322,679
2267,8010,2011-12-05,4,0,12,9,0,1,1,2,0.36,0.3636,0.87,0.0896,12,178,190
2268,36,2011-01-02,1,0,1,12,0,0,0,2,0.36,0.3333,0.66,0.2985,20,73,93
2269,474,2011-01-21,1,0,1,18,0,5,1,1,0.12,0.1212,0.3,0.2537,1,119,120
2270,13007,2012-07-01,3,1,7,3,0,0,0,1,0.72,0.7121,0.84,0.1343,6,27,33
2271,4739,2011-07-21,3,0,7,8,0,4,1,2,0.76,0.7576,0.79,0.1642,23,358,381
2272,15991,2012-11-03,4,1,11,23,0,6,0,1,0.32,0.3333,0.57,0.1045,15,133,148
2273,10175,2012-03-05,1,1,3,0,0,1,1,1,0.24,0.2273,0.44,0.194,2,15,17
2274,15699,2012-10-21,4,1,10,7,0,0,0,1,0.4,0.4091,0.62,0,13,43,56
2275,9708,2012-02-14,1,1,2,10,0,2,1,2,0.26,0.2727,0.6,0.1343,8,90,98
2276,11438,2012-04-26,2,1,4,18,0,4,1,2,0.54,0.5152,0.77,0.194,75,589,664
2277,8301,2011-12-17,4,0,12,12,0,6,0,2,0.28,0.2576,0.45,0.2836,28,216,244
2278,12470,2012-06-08,2,1,6,18,0,5,1,1,0.76,0.6667,0.27,0.2239,147,576,723
2279,10481,2012-03-17,1,1,3,19,0,6,0,1,0.58,0.5455,0.64,0.2836,155,262,417
2280,15041,2012-09-23,4,1,9,21,0,0,0,2,0.52,0.5,0.48,0.1045,51,145,196
2281,3080,2011-05-13,2,0,5,5,0,5,1,2,0.5,0.4848,0.88,0.194,1,24,25
2282,6995,2011-10-24,4,0,10,1,0,1,1,1,0.4,0.4091,0.82,0.1343,7,8,15
2283,1682,2011-03-15,1,0,3,16,0,2,1,2,0.38,0.3939,0.46,0.3284,21,93,114
2284,1453,2011-03-05,1,0,3,19,0,6,0,2,0.46,0.4545,0.67,0.3284,27,62,89
2285,14676,2012-09-08,3,1,9,16,0,6,0,3,0.56,0.5303,0.88,0.194,19,95,114
2286,2110,2011-04-02,2,0,4,18,0,6,0,1,0.38,0.3939,0.54,0.194,69,110,179
2287,1366,2011-03-02,1,0,3,4,0,3,1,1,0.2,0.2121,0.75,0.1343,1,0,1
2288,13101,2012-07-05,3,1,7,1,0,4,1,1,0.74,0.6667,0.51,0.2836,6,24,30
2289,9665,2012-02-12,1,1,2,15,0,0,0,1,0.16,0.1212,0.4,0.5522,5,150,155
2290,15042,2012-09-23,4,1,9,22,0,0,0,1,0.52,0.5,0.48,0,40,98,138
2291,4611,2011-07-16,3,0,7,0,0,6,0,1,0.62,0.6061,0.65,0.194,42,68,110
2292,300,2011-01-13,1,0,1,22,0,4,1,1,0.14,0.1212,0.46,0.3284,0,30,30
2293,1108,2011-02-18,1,0,2,21,0,5,1,1,0.58,0.5455,0.21,0.4925,11,61,72
2294,11791,2012-05-11,2,1,5,11,0,5,1,1,0.56,0.5303,0.35,0.2537,88,203,291
2295,14214,2012-08-20,3,1,8,10,0,1,1,2,0.64,0.6061,0.69,0.0896,69,124,193
2296,9244,2012-01-26,1,1,1,1,0,4,1,2,0.28,0.3182,0.75,0,5,16,21
2297,3249,2011-05-20,2,0,5,6,0,5,1,1,0.46,0.4545,0.88,0.1045,15,102,117
2298,6904,2011-10-20,4,0,10,6,0,4,1,1,0.44,0.4394,0.82,0.4179,5,87,92
2299,2446,2011-04-16,2,0,4,19,0,6,0,2,0.52,0.5,0.94,0.4179,9,62,71
2300,1609,2011-03-12,1,0,3,12,0,6,0,1,0.34,0.3182,0.53,0.2836,51,107,158
2301,6474,2011-10-02,4,0,10,7,0,0,0,1,0.34,0.3333,0.76,0.194,5,24,29
2302,11630,2012-05-04,2,1,5,18,0,5,1,1,0.7,0.6515,0.54,0.4627,77,564,641
2303,17227,2012-12-25,1,1,12,15,1,2,0,1,0.36,0.3333,0.5,0.2537,51,56,107
2304,2630,2011-04-24,2,0,4,11,0,0,0,1,0.66,0.6212,0.65,0.1343,124,193,317
2305,9,2011-01-01,1,0,1,8,0,6,0,1,0.24,0.2879,0.75,0,1,7,8
2306,9301,2012-01-28,1,1,1,10,0,6,0,1,0.26,0.2727,0.7,0.1343,27,164,191
2307,12663,2012-06-16,2,1,6,19,0,6,0,2,0.7,0.6364,0.42,0.194,184,277,461
2308,9705,2012-02-14,1,1,2,7,0,2,1,2,0.24,0.2576,0.6,0.0896,4,276,280
2309,14908,2012-09-18,3,1,9,8,0,2,1,2,0.66,0.6061,0.83,0.5522,32,640,672
2310,4128,2011-06-25,3,0,6,21,0,6,0,1,0.68,0.6364,0.51,0.1642,62,140,202
2311,13224,2012-07-10,3,1,7,4,0,2,1,1,0.68,0.6364,0.79,0.1343,0,4,4
2312,4190,2011-06-28,3,0,6,11,0,2,1,1,0.82,0.7576,0.46,0,49,118,167
2313,9486,2012-02-05,1,1,2,3,0,0,0,3,0.24,0.2576,0.87,0.0896,4,13,17
2314,10782,2012-03-30,2,1,3,8,0,5,1,1,0.32,0.3182,0.66,0.1642,38,555,593
2315,13373,2012-07-16,3,1,7,9,0,1,1,1,0.76,0.7121,0.62,0.1642,51,297,348
2316,1006,2011-02-14,1,0,2,13,0,1,1,1,0.58,0.5455,0.19,0.3881,27,93,120
2317,4763,2011-07-22,3,0,7,8,0,5,1,2,0.84,0.8485,0.63,0.1642,30,292,322
2318,15679,2012-10-20,4,1,10,11,0,6,0,1,0.54,0.5152,0.52,0.2239,204,408,612
2319,8758,2012-01-05,1,1,1,17,0,4,1,2,0.36,0.3485,0.34,0.194,19,393,412
2320,15074,2012-09-25,4,1,9,6,0,2,1,1,0.44,0.4394,0.77,0.2239,5,189,194
2321,15950,2012-11-02,4,1,11,6,0,5,1,1,0.3,0.303,0.7,0.1642,2,120,122
2322,4150,2011-06-26,3,0,6,19,0,0,0,2,0.72,0.6667,0.48,0.1343,89,228,317
2323,14277,2012-08-23,3,1,8,1,0,4,1,1,0.62,0.5758,0.83,0,10,15,25
2324,5621,2011-08-27,3,0,8,2,0,6,0,1,0.7,0.6667,0.84,0.194,18,59,77
2325,751,2011-02-03,1,0,2,16,0,4,1,1,0.22,0.2121,0.37,0.2537,5,73,78
2326,1191,2011-02-22,1,0,2,15,0,2,1,1,0.24,0.2273,0.48,0.194,2,67,69
2327,4169,2011-06-27,3,0,6,14,0,1,1,2,0.72,0.6667,0.58,0.0896,58,100,158
2328,4105,2011-06-24,3,0,6,22,0,5,1,1,0.7,0.6515,0.48,0,41,126,167
2329,13803,2012-08-03,3,1,8,7,0,5,1,1,0.7,0.6667,0.74,0.1045,25,396,421
2330,4005,2011-06-20,2,0,6,18,0,1,1,1,0.7,0.6515,0.61,0.2537,64,474,538
2331,4717,2011-07-20,3,0,7,10,0,3,1,1,0.76,0.7273,0.7,0,34,76,110
2332,16544,2012-11-27,4,1,11,1,0,2,1,2,0.32,0.3333,0.7,0.1343,0,6,6
2333,11287,2012-04-20,2,1,4,11,0,5,1,1,0.54,0.5152,0.68,0.1642,64,190,254
2334,14987,2012-09-21,3,1,9,15,0,5,1,1,0.7,0.6515,0.54,0.2239,90,333,423
2335,10022,2012-02-27,1,1,2,14,0,1,1,1,0.46,0.4545,0.36,0.2836,24,134,158
2336,6463,2011-10-01,4,0,10,20,0,6,0,3,0.36,0.3636,0.87,0.1045,8,58,66
2337,4841,2011-07-25,3,0,7,14,0,1,1,2,0.72,0.697,0.79,0.194,28,62,90
2338,7464,2011-11-12,4,0,11,14,0,6,0,1,0.5,0.4848,0.36,0.2985,191,244,435
2339,13647,2012-07-27,3,1,7,19,0,5,1,1,0.82,0.7727,0.52,0.194,93,423,516
2340,6596,2011-10-07,4,0,10,9,0,5,1,1,0.48,0.4697,0.77,0,34,207,241
2341,14957,2012-09-20,3,1,9,9,0,4,1,1,0.56,0.5303,0.6,0.0896,25,330,355
2342,1311,2011-02-27,1,0,2,19,0,0,0,1,0.4,0.4091,0.54,0.1343,16,86,102
2343,12078,2012-05-23,2,1,5,10,0,3,1,1,0.62,0.5909,0.78,0.0896,52,139,191
2344,10384,2012-03-13,1,1,3,18,0,2,1,1,0.7,0.6364,0.34,0.2985,96,638,734
2345,7701,2011-11-22,4,0,11,11,0,2,1,3,0.4,0.4091,0.94,0.1343,4,28,32
2346,9863,2012-02-20,1,1,2,22,1,1,0,1,0.3,0.3182,0.45,0.0896,9,53,62
2347,8399,2011-12-21,1,0,12,14,0,3,1,2,0.48,0.4697,0.88,0.3582,11,40,51
2348,15801,2012-10-25,4,1,10,13,0,4,1,2,0.56,0.5303,0.78,0,49,264,313
2349,15332,2012-10-06,4,1,10,0,0,6,0,1,0.56,0.5303,0.83,0.1642,37,154,191
2350,4974,2011-07-31,3,0,7,3,0,0,0,1,0.74,0.697,0.66,0,24,26,50
2351,3032,2011-05-11,2,0,5,5,0,3,1,1,0.46,0.4545,0.88,0.1343,0,20,20
2352,11753,2012-05-09,2,1,5,21,0,3,1,3,0.5,0.4848,0.82,0.1642,4,30,34
2353,15351,2012-10-06,4,1,10,19,0,6,0,1,0.48,0.4697,0.55,0.2239,102,239,341
2354,14671,2012-09-08,3,1,9,11,0,6,0,1,0.76,0.7121,0.62,0.4478,173,405,578
2355,11589,2012-05-03,2,1,5,1,0,4,1,2,0.46,0.4545,0.88,0.1045,9,15,24
2356,3091,2011-05-13,2,0,5,16,0,5,1,2,0.52,0.5,0.88,0.1343,44,256,300
2357,1809,2011-03-21,2,0,3,1,0,1,1,2,0.34,0.303,0.71,0.3881,1,6,7
2358,2519,2011-04-19,2,0,4,20,0,2,1,2,0.5,0.4848,0.72,0.2239,20,148,168
2359,16688,2012-12-03,4,1,12,2,0,1,1,1,0.42,0.4242,0.77,0.1642,1,9,10
2360,15188,2012-09-30,4,1,9,0,0,0,0,1,0.5,0.4848,0.59,0,35,112,147
2361,6614,2011-10-08,4,0,10,3,0,6,0,1,0.44,0.4394,0.88,0,4,16,20
2362,264,2011-01-12,1,0,1,10,0,3,1,1,0.18,0.1818,0.55,0.2239,0,39,39
2363,12854,2012-06-24,3,1,6,18,0,0,0,1,0.82,0.7273,0.34,0.2537,186,348,534
2364,2677,2011-04-26,2,0,4,10,0,2,1,1,0.66,0.6212,0.69,0.3582,22,98,120
2365,13788,2012-08-02,3,1,8,16,0,4,1,1,0.82,0.7576,0.46,0.194,71,335,406
2366,2814,2011-05-02,2,0,5,3,0,1,1,1,0.44,0.4394,0.77,0.1343,9,7,16
2367,345,2011-01-15,1,0,1,20,0,6,0,2,0.32,0.303,0.39,0.2537,6,35,41
2368,11904,2012-05-16,2,1,5,4,0,3,1,1,0.54,0.5152,0.94,0.1343,1,3,4
2369,7932,2011-12-02,4,0,12,3,0,5,1,1,0.22,0.2727,0.8,0,0,1,1
2370,15542,2012-10-14,4,1,10,18,0,0,0,1,0.58,0.5455,0.6,0.2537,134,319,453
2371,8819,2012-01-08,1,1,1,6,0,0,0,2,0.3,0.3333,0.52,0,0,2,2
2372,2546,2011-04-20,2,0,4,23,0,3,1,1,0.6,0.6212,0.4,0.3284,14,79,93
2373,11451,2012-04-27,2,1,4,7,0,5,1,1,0.38,0.3939,0.5,0.2836,10,305,315
2374,15957,2012-11-02,4,1,11,13,0,5,1,1,0.4,0.4091,0.43,0.3582,64,230,294
2375,2085,2011-04-01,2,0,4,17,0,5,1,1,0.34,0.303,0.46,0.3284,36,245,281
2376,13073,2012-07-03,3,1,7,21,0,2,1,2,0.7,0.6515,0.7,0.2836,36,160,196
2377,9333,2012-01-29,1,1,1,18,0,0,0,1,0.34,0.303,0.23,0.3582,17,151,168
2378,1371,2011-03-02,1,0,3,9,0,3,1,1,0.28,0.2576,0.56,0.2985,7,141,148
2379,5352,2011-08-15,3,0,8,21,0,1,1,1,0.66,0.6212,0.65,0.194,34,150,184
2380,3951,2011-06-18,2,0,6,12,0,6,0,1,0.74,0.697,0.66,0.0896,162,258,420
2381,8029,2011-12-06,4,0,12,4,0,2,1,3,0.46,0.4545,0.88,0.2239,0,7,7
2382,7712,2011-11-22,4,0,11,22,0,2,1,2,0.5,0.4848,0.94,0.194,6,81,87
2383,4059,2011-06-23,3,0,6,0,0,4,1,1,0.72,0.697,0.79,0.2239,5,44,49
2384,16553,2012-11-27,4,1,11,10,0,2,1,3,0.32,0.3182,0.81,0.194,5,52,57
2385,2440,2011-04-16,2,0,4,13,0,6,0,3,0.46,0.4545,0.94,0.5224,9,49,58
2386,14014,2012-08-12,3,1,8,2,0,0,0,1,0.64,0.6061,0.69,0.1343,19,67,86
2387,7753,2011-11-24,4,0,11,15,1,4,0,1,0.5,0.4848,0.31,0.2537,78,71,149
2388,6910,2011-10-20,4,0,10,12,0,4,1,1,0.48,0.4697,0.48,0.5224,28,171,199
2389,4487,2011-07-10,3,0,7,20,0,0,0,1,0.76,0.697,0.55,0.194,101,167,268
2390,10543,2012-03-20,1,1,3,9,0,2,1,2,0.54,0.5152,0.88,0.1642,41,284,325
2391,12042,2012-05-21,2,1,5,22,0,1,1,2,0.62,0.5909,0.73,0.1642,26,116,142
2392,8333,2011-12-18,4,0,12,20,0,0,0,1,0.24,0.2576,0.6,0.1045,10,94,104
2393,9893,2012-02-22,1,1,2,5,0,3,1,1,0.32,0.3333,0.7,0.1045,1,29,30
2394,4140,2011-06-26,3,0,6,9,0,0,0,1,0.66,0.6212,0.54,0.0896,75,131,206
2395,4062,2011-06-23,3,0,6,3,0,4,1,2,0.72,0.697,0.74,0.1642,1,4,5
2396,1965,2011-03-27,2,0,3,16,0,0,0,1,0.34,0.3333,0.34,0,45,98,143
2397,2792,2011-05-01,2,0,5,5,0,0,0,1,0.4,0.4091,0.82,0.0896,0,10,10
2398,8930,2012-01-12,1,1,1,22,0,4,1,1,0.38,0.3939,0.76,0.2985,12,121,133
2399,14078,2012-08-14,3,1,8,18,0,2,1,1,0.76,0.7121,0.62,0.2836,97,757,854
2400,11428,2012-04-26,2,1,4,8,0,4,1,3,0.46,0.4545,0.82,0.194,4,358,362
2401,1977,2011-03-28,2,0,3,5,0,1,1,1,0.18,0.1818,0.43,0.194,0,8,8
2402,14625,2012-09-06,3,1,9,13,0,4,1,2,0.72,0.697,0.79,0.1045,39,152,191
2403,17284,2012-12-28,1,1,12,0,0,5,1,2,0.24,0.2424,0.6,0.1642,3,22,25
2404,9025,2012-01-16,1,1,1,21,1,1,0,1,0.28,0.2576,0.52,0.3284,3,46,49
2405,13967,2012-08-10,3,1,8,3,0,5,1,2,0.72,0.697,0.79,0.194,3,6,9
2406,1767,2011-03-19,1,0,3,7,0,6,0,1,0.4,0.4091,0.5,0.3284,4,9,13
2407,4448,2011-07-09,3,0,7,5,0,6,0,2,0.62,0.5606,0.88,0.1642,4,11,15
2408,8295,2011-12-17,4,0,12,6,0,6,0,2,0.26,0.2424,0.56,0.2836,0,17,17
2409,2502,2011-04-19,2,0,4,3,0,2,1,1,0.48,0.4697,0.63,0.2239,0,3,3
2410,1489,2011-03-07,1,0,3,9,0,1,1,1,0.22,0.1818,0.64,0.4627,5,129,134
2411,12920,2012-06-27,3,1,6,12,0,3,1,1,0.76,0.6667,0.29,0.2985,77,245,322
2412,4755,2011-07-22,3,0,7,0,0,5,1,1,0.82,0.8333,0.63,0.1343,9,51,60
2413,11633,2012-05-04,2,1,5,21,0,5,1,1,0.64,0.6061,0.69,0.194,49,186,235
2414,3234,2011-05-19,2,0,5,15,0,4,1,1,0.56,0.5303,0.78,0.1642,63,125,188
2415,14262,2012-08-22,3,1,8,10,0,3,1,1,0.7,0.6515,0.61,0.0896,66,159,225
2416,16799,2012-12-07,4,1,12,17,0,5,1,2,0.38,0.3939,0.66,0,29,539,568
2417,11637,2012-05-05,2,1,5,1,0,6,0,1,0.6,0.5606,0.83,0,28,79,107
2418,543,2011-01-24,1,0,1,18,0,1,1,1,0.14,0.1364,0.59,0.194,8,145,153
2419,6333,2011-09-26,4,0,9,10,0,1,1,2,0.64,0.5758,0.89,0.194,37,117,154
2420,13790,2012-08-02,3,1,8,18,0,4,1,1,0.8,0.7727,0.59,0.2239,86,681,767
2421,1072,2011-02-17,1,0,2,9,0,4,1,1,0.36,0.3485,0.57,0.194,16,163,179
2422,10946,2012-04-06,2,1,4,5,0,5,1,1,0.32,0.303,0.53,0.3284,0,23,23
2423,16453,2012-11-23,4,1,11,6,0,5,1,1,0.24,0.2879,0.81,0,0,20,20
2424,4772,2011-07-22,3,0,7,17,0,5,1,1,0.88,0.8485,0.47,0.1045,35,271,306
2425,1656,2011-03-14,1,0,3,13,0,1,1,1,0.38,0.3939,0.36,0.3284,24,51,75
2426,11520,2012-04-30,2,1,4,4,0,1,1,1,0.38,0.3939,0.62,0.2537,0,2,2
2427,10468,2012-03-17,1,1,3,6,0,6,0,2,0.42,0.4242,0.94,0.194,1,29,30
2428,9614,2012-02-10,1,1,2,12,0,5,1,2,0.3,0.303,0.42,0.1343,8,168,176
2429,2184,2011-04-05,2,0,4,20,0,2,1,1,0.34,0.3182,0.46,0.2836,4,87,91
2430,2700,2011-04-27,2,0,4,9,0,3,1,2,0.6,0.5455,0.88,0.4179,20,161,181
2431,5814,2011-09-04,3,0,9,16,0,0,0,1,0.8,0.7727,0.59,0.2239,196,141,337
2432,16214,2012-11-13,4,1,11,7,0,2,1,3,0.32,0.303,0.87,0.2537,1,106,107
2433,6256,2011-09-23,4,0,9,5,0,5,1,2,0.62,0.5455,0.94,0,2,20,22
2434,1808,2011-03-21,2,0,3,0,0,1,1,3,0.34,0.303,0.66,0.3881,2,11,13
2435,11593,2012-05-03,2,1,5,5,0,4,1,2,0.46,0.4545,0.88,0.2537,1,20,21
2436,2127,2011-04-03,2,0,4,11,0,0,0,1,0.42,0.4242,0.41,0.2537,139,104,243
2437,1012,2011-02-14,1,0,2,19,0,1,1,1,0.38,0.3939,0.43,0.4925,12,86,98
2438,15947,2012-11-02,4,1,11,3,0,5,1,1,0.3,0.303,0.7,0.1642,0,3,3
2439,5275,2011-08-12,3,0,8,16,0,5,1,1,0.82,0.7121,0.28,0,68,266,334
2440,8528,2011-12-27,1,0,12,1,0,2,1,1,0.26,0.2727,0.7,0.1343,0,6,6
2441,5557,2011-08-24,3,0,8,10,0,3,1,1,0.7,0.6515,0.58,0.2836,51,95,146
2442,17132,2012-12-21,1,1,12,14,0,5,1,2,0.32,0.2879,0.39,0.4478,20,199,219
2443,3942,2011-06-18,2,0,6,3,0,6,0,1,0.6,0.5455,0.88,0.0896,4,16,20
2444,14802,2012-09-13,3,1,9,22,0,4,1,1,0.6,0.5909,0.69,0.1343,28,223,251
2445,13890,2012-08-06,3,1,8,22,0,1,1,1,0.74,0.697,0.7,0.0896,50,157,207
2446,2075,2011-04-01,2,0,4,7,0,5,1,3,0.24,0.2424,0.93,0,4,91,95
2447,4187,2011-06-28,3,0,6,8,0,2,1,1,0.7,0.6667,0.79,0.1642,39,417,456
2448,10297,2012-03-10,1,1,3,2,0,6,0,1,0.26,0.2424,0.41,0.2537,12,30,42
2449,10419,2012-03-15,1,1,3,5,0,4,1,1,0.46,0.4545,0.67,0,2,24,26
2450,475,2011-01-21,1,0,1,19,0,5,1,1,0.12,0.1061,0.3,0.3284,3,93,96
2451,1854,2011-03-22,2,0,3,23,0,2,1,2,0.4,0.4091,0.58,0.2537,4,28,32
2452,915,2011-02-10,1,0,2,15,0,4,1,1,0.2,0.197,0.25,0.2537,0,50,50
2453,8038,2011-12-06,4,0,12,13,0,2,1,3,0.46,0.4545,1,0.194,6,65,71
2454,9672,2012-02-12,1,1,2,22,0,0,0,1,0.14,0.1515,0.43,0.1642,0,28,28
2455,3261,2011-05-20,2,0,5,18,0,5,1,1,0.6,0.6212,0.56,0.1642,79,394,473
2456,16343,2012-11-18,4,1,11,16,0,0,0,2,0.4,0.4091,0.62,0.3284,59,313,372
2457,14161,2012-08-18,3,1,8,5,0,6,0,1,0.6,0.5758,0.78,0.2537,2,7,9
2458,2895,2011-05-05,2,0,5,12,0,4,1,1,0.52,0.5,0.34,0.3582,27,169,196
2459,17099,2012-12-20,4,1,12,5,0,4,1,2,0.3,0.3182,0.7,0.1045,0,35,35
2460,10793,2012-03-30,2,1,3,19,0,5,1,1,0.4,0.4091,0.62,0.2239,42,353,395
2461,11500,2012-04-29,2,1,4,8,0,0,0,1,0.38,0.3939,0.76,0.1343,26,81,107
2462,8986,2012-01-15,1,1,1,6,0,0,0,2,0.14,0.1212,0.5,0.2836,1,7,8
2463,10238,2012-03-07,1,1,3,15,0,3,1,1,0.54,0.5152,0.37,0.4478,44,165,209
2464,12401,2012-06-05,2,1,6,21,0,2,1,1,0.54,0.5152,0.56,0.1642,30,253,283
2465,13349,2012-07-15,3,1,7,9,0,0,0,2,0.72,0.697,0.79,0,58,163,221
2466,15642,2012-10-18,4,1,10,22,0,4,1,2,0.54,0.5152,0.83,0.194,27,202,229
2467,4668,2011-07-18,3,0,7,9,0,1,1,1,0.74,0.697,0.67,0.2239,33,170,203
2468,3610,2011-06-04,2,0,6,7,0,6,0,1,0.56,0.5303,0.56,0,27,60,87
2469,7697,2011-11-22,4,0,11,7,0,2,1,3,0.38,0.3939,0.94,0.2239,2,119,121
2470,14891,2012-09-17,3,1,9,15,0,1,1,2,0.64,0.6061,0.65,0.2537,82,256,338
2471,6216,2011-09-21,3,0,9,13,0,3,1,2,0.66,0.6212,0.74,0.1642,37,144,181
2472,7251,2011-11-03,4,0,11,17,0,4,1,1,0.48,0.4697,0.55,0.0896,33,465,498
2473,14703,2012-09-09,3,1,9,19,0,0,0,1,0.66,0.6212,0.36,0.2537,134,362,496
2474,1384,2011-03-02,1,0,3,22,0,3,1,1,0.3,0.2576,0.26,0.5522,4,44,48
2475,3595,2011-06-03,2,0,6,16,0,5,1,1,0.72,0.6364,0.26,0.3284,63,286,349
2476,2910,2011-05-06,2,0,5,3,0,5,1,1,0.36,0.3636,0.71,0.1045,3,6,9
2477,1749,2011-03-18,1,0,3,13,0,5,1,1,0.64,0.6212,0.41,0.2836,57,118,175
2478,11371,2012-04-23,2,1,4,23,0,1,1,1,0.32,0.3182,0.76,0.1642,10,49,59
2479,9379,2012-01-31,1,1,1,16,0,2,1,1,0.54,0.5152,0.26,0.4478,30,277,307
2480,1214,2011-02-23,1,0,2,15,0,3,1,1,0.34,0.3485,0.25,0.0896,18,54,72
2481,1123,2011-02-19,1,0,2,12,0,6,0,1,0.44,0.4394,0.18,0.4925,38,81,119
2482,3012,2011-05-10,2,0,5,9,0,2,1,2,0.52,0.5,0.48,0.1045,29,176,205
2483,85,2011-01-04,1,0,1,16,0,2,1,1,0.3,0.2879,0.49,0.2537,15,68,83
2484,1227,2011-02-24,1,0,2,5,0,4,1,1,0.2,0.2121,0.69,0.1343,1,3,4
2485,9645,2012-02-11,1,1,2,19,0,6,0,2,0.2,0.1515,0.4,0.5522,2,85,87
2486,11563,2012-05-01,2,1,5,23,0,2,1,1,0.6,0.5758,0.78,0,16,79,95
2487,6677,2011-10-10,4,0,10,18,1,1,0,2,0.64,0.6212,0.53,0,108,365,473
2488,6499,2011-10-03,4,0,10,8,0,1,1,2,0.36,0.3636,0.71,0.1045,13,359,372
2489,14670,2012-09-08,3,1,9,10,0,6,0,1,0.74,0.697,0.7,0.3881,100,322,422
2490,8569,2011-12-28,1,0,12,19,0,3,1,1,0.24,0.2273,0.41,0.2537,16,135,151
2491,2749,2011-04-29,2,0,4,10,0,5,1,1,0.56,0.5303,0.4,0.2836,57,99,156
2492,3299,2011-05-22,2,0,5,8,0,0,0,1,0.6,0.5909,0.73,0.0896,29,65,94
2493,1605,2011-03-12,1,0,3,8,0,6,0,1,0.26,0.2576,0.65,0.1642,9,44,53
2494,9158,2012-01-22,1,1,1,11,0,0,0,3,0.16,0.1515,0.8,0.2537,18,115,133
2495,12273,2012-05-31,2,1,5,13,0,4,1,1,0.74,0.6515,0.35,0.1343,77,216,293
2496,3895,2011-06-16,2,0,6,4,0,4,1,2,0.56,0.5303,0.68,0.1045,0,6,6
2497,177,2011-01-08,1,0,1,15,0,6,0,1,0.2,0.1667,0.32,0.4478,5,69,74
2498,13431,2012-07-18,3,1,7,19,0,3,1,2,0.76,0.7121,0.62,0.1045,78,438,516
2499,2359,2011-04-13,2,0,4,4,0,3,1,3,0.4,0.4091,0.94,0.3284,1,2,3
2500,12024,2012-05-21,2,1,5,4,0,1,1,3,0.56,0.5303,0.88,0.2985,2,5,7
2501,2232,2011-04-07,2,0,4,20,0,4,1,1,0.44,0.4394,0.62,0.1642,37,166,203
2502,14098,2012-08-15,3,1,8,14,0,3,1,2,0.76,0.697,0.52,0.2985,94,161,255
2503,10207,2012-03-06,1,1,3,8,0,2,1,1,0.16,0.1818,0.59,0.1045,14,487,501
2504,16002,2012-11-04,4,1,11,10,0,0,0,1,0.34,0.3333,0.49,0.194,73,287,360
2505,6014,2011-09-13,3,0,9,3,0,2,1,1,0.58,0.5455,0.83,0,2,2,4
2506,2415,2011-04-15,2,0,4,12,1,5,0,1,0.52,0.5,0.55,0.2836,45,155,200
2507,1431,2011-03-04,1,0,3,21,0,5,1,2,0.3,0.2879,0.7,0.2239,6,64,70
2508,1513,2011-03-08,1,0,3,9,0,2,1,1,0.26,0.2576,0.41,0.1642,11,140,151
2509,7376,2011-11-08,4,0,11,22,0,2,1,1,0.36,0.3788,0.87,0,13,95,108
2510,14975,2012-09-21,3,1,9,3,0,5,1,1,0.5,0.4848,0.77,0.0896,1,11,12
2511,4534,2011-07-12,3,0,7,19,0,2,1,1,0.84,0.7576,0.44,0.2836,42,295,337
2512,5021,2011-08-02,3,0,8,2,0,2,1,1,0.68,0.6364,0.69,0,2,6,8
2513,10620,2012-03-23,2,1,3,14,0,5,1,2,0.72,0.6515,0.42,0.1045,208,224,432
2514,15758,2012-10-23,4,1,10,18,0,2,1,1,0.62,0.6212,0.53,0.0896,64,762,826
2515,2585,2011-04-22,2,0,4,14,0,5,1,3,0.34,0.3182,0.87,0.2537,3,33,36
2516,12948,2012-06-28,3,1,6,16,0,4,1,1,0.88,0.7424,0.23,0.194,56,331,387
2517,13274,2012-07-12,3,1,7,6,0,4,1,1,0.64,0.6061,0.73,0.0896,7,171,178
2518,13992,2012-08-11,3,1,8,4,0,6,0,1,0.62,0.5758,0.83,0.1045,3,7,10
2519,16249,2012-11-14,4,1,11,18,0,3,1,1,0.32,0.3182,0.53,0.1642,24,543,567
2520,2405,2011-04-15,2,0,4,2,1,5,0,1,0.4,0.4091,0.76,0,8,10,18
2521,12060,2012-05-22,2,1,5,16,0,2,1,1,0.68,0.6364,0.61,0.1045,70,316,386
2522,2617,2011-04-23,2,0,4,22,0,6,0,2,0.58,0.5455,0.78,0.2537,55,114,169
2523,8132,2011-12-10,4,0,12,11,0,6,0,1,0.32,0.2879,0.53,0.4179,44,192,236
2524,1298,2011-02-27,1,0,2,6,0,0,0,1,0.24,0.2879,0.87,0,2,1,3
2525,11434,2012-04-26,2,1,4,14,0,4,1,2,0.54,0.5152,0.77,0.194,37,132,169
2526,554,2011-01-25,1,0,1,6,0,2,1,1,0.16,0.1818,0.74,0.1045,1,35,36
2527,9070,2012-01-18,1,1,1,19,0,3,1,1,0.22,0.197,0.37,0.3881,5,251,256
2528,10867,2012-04-02,2,1,4,22,0,1,1,1,0.42,0.4242,0.44,0.194,17,106,123
2529,16772,2012-12-06,4,1,12,14,0,4,1,1,0.3,0.3182,0.42,0.0896,37,175,212
2530,16639,2012-12-01,4,1,12,1,0,6,0,1,0.26,0.303,0.81,0,5,64,69
2531,5182,2011-08-08,3,0,8,19,0,1,1,1,0.82,0.7424,0.43,0.1045,64,352,416
2532,11582,2012-05-02,2,1,5,18,0,3,1,1,0.56,0.5303,0.73,0.2239,43,770,813
2533,12566,2012-06-12,2,1,6,18,0,2,1,1,0.68,0.6364,0.83,0.194,57,596,653
2534,2996,2011-05-09,2,0,5,17,0,1,1,1,0.62,0.6212,0.38,0.2537,59,539,598
2535,435,2011-01-20,1,0,1,3,0,4,1,1,0.26,0.2576,0.56,0.1642,0,1,1
2536,6608,2011-10-07,4,0,10,21,0,5,1,1,0.5,0.4848,0.68,0,22,144,166
2537,10971,2012-04-07,2,1,4,6,0,6,0,1,0.32,0.3182,0.36,0.194,1,18,19
2538,5810,2011-09-04,3,0,9,12,0,0,0,1,0.76,0.7273,0.66,0.1642,214,221,435
2539,6625,2011-10-08,4,0,10,14,0,6,0,1,0.62,0.6212,0.5,0.0896,251,214,465
2540,14051,2012-08-13,3,1,8,15,0,1,1,1,0.82,0.7273,0.34,0.2239,80,194,274
2541,14650,2012-09-07,3,1,9,14,0,5,1,1,0.8,0.7727,0.59,0.2537,66,187,253
2542,15557,2012-10-15,4,1,10,9,0,1,1,3,0.6,0.5909,0.69,0.3881,31,328,359
2543,2698,2011-04-27,2,0,4,7,0,3,1,2,0.58,0.5455,0.88,0.2836,17,229,246
2544,1334,2011-02-28,1,0,2,20,0,1,1,3,0.44,0.4394,0.88,0.6119,0,45,45
2545,510,2011-01-23,1,0,1,8,0,0,0,1,0.06,0.0758,0.62,0.1642,2,17,19
2546,4450,2011-07-09,3,0,7,7,0,6,0,1,0.66,0.6061,0.78,0.194,21,50,71
2547,4851,2011-07-26,3,0,7,0,0,2,1,1,0.7,0.6667,0.79,0.1045,8,20,28
2548,11379,2012-04-24,2,1,4,7,0,2,1,1,0.32,0.303,0.66,0.2836,3,387,390
2549,1534,2011-03-09,1,0,3,6,0,3,1,2,0.24,0.2576,0.85,0.1045,5,44,49
2550,11454,2012-04-27,2,1,4,10,0,5,1,1,0.44,0.4394,0.38,0.4179,64,172,236
2551,7566,2011-11-16,4,0,11,20,0,3,1,3,0.44,0.4394,0.88,0.3881,5,94,99
2552,10258,2012-03-08,1,1,3,11,0,4,1,2,0.54,0.5152,0.6,0.4627,48,156,204
2553,13651,2012-07-27,3,1,7,23,0,5,1,1,0.76,0.7273,0.66,0,34,155,189
2554,14112,2012-08-16,3,1,8,4,0,4,1,1,0.62,0.5909,0.73,0.2239,2,3,5
2555,8142,2011-12-10,4,0,12,21,0,6,0,1,0.22,0.2121,0.44,0.2239,4,79,83
2556,10640,2012-03-24,2,1,3,10,0,6,0,2,0.52,0.5,0.88,0.194,148,197,345
2557,6558,2011-10-05,4,0,10,19,0,3,1,1,0.58,0.5455,0.56,0.1343,40,334,374
2558,11212,2012-04-17,2,1,4,8,0,2,1,1,0.6,0.6212,0.43,0.2239,42,631,673
2559,16207,2012-11-13,4,1,11,0,0,2,1,2,0.52,0.5,0.83,0.2836,5,18,23
2560,16463,2012-11-23,4,1,11,16,0,5,1,2,0.48,0.4697,0.41,0.1045,158,199,357
2561,12524,2012-06-11,2,1,6,0,0,1,1,1,0.7,0.6515,0.65,0.1045,8,33,41
2562,933,2011-02-11,1,0,2,11,0,5,1,1,0.22,0.2273,0.47,0.1343,12,52,64
2563,14930,2012-09-19,3,1,9,6,0,3,1,1,0.52,0.5,0.63,0.2537,6,166,172
2564,10469,2012-03-17,1,1,3,7,0,6,0,2,0.4,0.4091,1,0.1343,29,57,86
2565,17260,2012-12-27,1,1,12,0,0,4,1,3,0.26,0.2273,0.87,0.2985,0,3,3
2566,9361,2012-01-30,1,1,1,22,0,1,1,1,0.28,0.2727,0.48,0.2239,2,92,94
2567,12126,2012-05-25,2,1,5,10,0,5,1,1,0.68,0.6364,0.79,0.1642,69,163,232
2568,10494,2012-03-18,1,1,3,8,0,0,0,2,0.42,0.4242,0.88,0.1045,25,71,96
2569,3616,2011-06-04,2,0,6,13,0,6,0,1,0.74,0.6515,0.28,0.1343,188,268,456
2570,14774,2012-09-12,3,1,9,18,0,3,1,1,0.66,0.6212,0.44,0.2537,91,886,977
2571,1369,2011-03-02,1,0,3,7,0,3,1,1,0.22,0.2121,0.64,0.2537,2,108,110
2572,7291,2011-11-05,4,0,11,9,0,6,0,1,0.3,0.2727,0.56,0.2985,30,111,141
2573,10286,2012-03-09,1,1,3,15,0,5,1,1,0.46,0.4545,0.24,0.2537,50,188,238
2574,1548,2011-03-09,1,0,3,20,0,3,1,2,0.32,0.3182,0.87,0.194,4,87,91
2575,7126,2011-10-29,4,0,10,12,0,6,0,3,0.24,0.197,0.87,0.4925,6,44,50
2576,7342,2011-11-07,4,0,11,12,0,1,1,1,0.46,0.4545,0.67,0,21,158,179
2577,6425,2011-09-30,4,0,9,6,0,5,1,1,0.52,0.5,0.83,0.2239,0,98,98
2578,8064,2011-12-07,4,0,12,15,0,3,1,3,0.42,0.4242,0.94,0.2239,5,25,30
2579,12636,2012-06-15,2,1,6,16,0,5,1,1,0.72,0.6515,0.37,0.194,132,426,558
2580,3975,2011-06-19,2,0,6,12,0,0,0,2,0.74,0.6818,0.55,0.0896,141,255,396
2581,6491,2011-10-03,4,0,10,0,0,1,1,1,0.34,0.3485,0.87,0.1045,3,13,16
2582,354,2011-01-16,1,0,1,5,0,0,0,2,0.26,0.2576,0.56,0.1642,1,1,2
2583,12123,2012-05-25,2,1,5,7,0,5,1,2,0.62,0.5606,0.88,0.1642,7,352,359
2584,16465,2012-11-23,4,1,11,18,0,5,1,2,0.46,0.4545,0.44,0,50,158,208
2585,14977,2012-09-21,3,1,9,5,0,5,1,1,0.5,0.4848,0.82,0,2,47,49
2586,3014,2011-05-10,2,0,5,11,0,2,1,2,0.56,0.5303,0.43,0.1343,17,108,125
2587,10456,2012-03-16,1,1,3,18,0,5,1,3,0.48,0.4697,0.82,0.0896,31,377,408
2588,1936,2011-03-26,2,0,3,10,0,6,0,1,0.26,0.2576,0.41,0.1642,32,93,125
2589,804,2011-02-05,1,0,2,22,0,6,0,1,0.26,0.2727,0.93,0.1343,2,43,45
2590,9239,2012-01-25,1,1,1,20,0,3,1,1,0.32,0.3182,0.61,0.194,10,225,235
2591,3669,2011-06-06,2,0,6,18,0,1,1,1,0.76,0.6667,0.31,0.1343,56,500,556
2592,5355,2011-08-16,3,0,8,0,0,2,1,1,0.64,0.6061,0.69,0.1045,8,23,31
2593,11020,2012-04-09,2,1,4,7,0,1,1,1,0.42,0.4242,0.28,0.194,11,320,331
2594,16121,2012-11-09,4,1,11,10,0,5,1,1,0.36,0.3333,0.5,0.3284,34,163,197
2595,9704,2012-02-14,1,1,2,6,0,2,1,2,0.26,0.303,0.56,0,1,89,90
2596,14245,2012-08-21,3,1,8,17,0,2,1,1,0.74,0.6667,0.51,0.2836,92,786,878
2597,8798,2012-01-07,1,1,1,9,0,6,0,1,0.22,0.2273,0.8,0.1343,14,116,130
2598,13132,2012-07-06,3,1,7,8,0,5,1,1,0.8,0.7121,0.41,0.1642,28,557,585
2599,2924,2011-05-06,2,0,5,17,0,5,1,1,0.58,0.5455,0.4,0.3582,83,470,553
2600,16925,2012-12-12,4,1,12,23,0,3,1,2,0.28,0.2727,0.56,0.2239,3,76,79
2601,8331,2011-12-18,4,0,12,18,0,0,0,1,0.28,0.2727,0.45,0.194,15,123,138
2602,10394,2012-03-14,1,1,3,4,0,3,1,1,0.48,0.4697,0.67,0.0896,1,4,5
2603,6498,2011-10-03,4,0,10,7,0,1,1,2,0.36,0.3485,0.71,0.1343,8,241,249
2604,1723,2011-03-17,1,0,3,10,0,4,1,1,0.44,0.4394,0.54,0.3284,9,69,78
2605,14360,2012-08-26,3,1,8,12,0,0,0,3,0.72,0.697,0.74,0.3582,225,401,626
2606,1062,2011-02-16,1,0,2,23,0,3,1,1,0.38,0.3939,0.4,0.2239,2,31,33
2607,1374,2011-03-02,1,0,3,12,0,3,1,1,0.4,0.4091,0.43,0.194,20,62,82
2608,7713,2011-11-22,4,0,11,23,0,2,1,2,0.48,0.4697,0.94,0.2537,3,36,39
2609,5427,2011-08-19,3,0,8,0,0,5,1,3,0.68,0.6364,0.69,0.194,9,53,62
2610,15370,2012-10-07,4,1,10,14,0,0,0,2,0.44,0.4394,0.67,0,71,243,314
2611,16280,2012-11-16,4,1,11,1,0,5,1,2,0.3,0.3182,0.65,0.0896,5,16,21
2612,8763,2012-01-05,1,1,1,22,0,4,1,1,0.26,0.2576,0.6,0.1642,1,70,71
2613,11296,2012-04-20,2,1,4,20,0,5,1,1,0.58,0.5455,0.56,0.1642,52,289,341
2614,8577,2011-12-29,1,0,12,3,0,4,1,1,0.2,0.197,0.55,0.194,0,2,2
2615,16853,2012-12-09,4,1,12,23,0,0,0,3,0.36,0.3636,1,0.0896,3,48,51
2616,9595,2012-02-09,1,1,2,17,0,4,1,1,0.34,0.3333,0.34,0.1343,12,387,399
2617,6089,2011-09-16,3,0,9,6,0,5,1,1,0.38,0.3939,0.71,0.2239,6,87,93
2618,12785,2012-06-21,3,1,6,21,0,4,1,1,0.82,0.7727,0.52,0.194,55,256,311
2619,8638,2011-12-31,1,0,12,16,0,6,0,1,0.44,0.4394,0.51,0.3881,52,143,195
2620,6071,2011-09-15,3,0,9,12,0,4,1,2,0.66,0.6212,0.69,0.2985,31,148,179
2621,16875,2012-12-10,4,1,12,21,0,1,1,2,0.46,0.4545,0.94,0.194,21,224,245
2622,6178,2011-09-19,3,0,9,23,0,1,1,2,0.56,0.5303,0.73,0.194,13,55,68
2623,6642,2011-10-09,4,0,10,7,0,0,0,1,0.44,0.4394,0.86,0,18,26,44
2624,10193,2012-03-05,1,1,3,18,0,1,1,3,0.28,0.2273,0.55,0.6567,12,363,375
2625,13042,2012-07-02,3,1,7,14,0,1,1,1,0.86,0.7576,0.34,0.2239,79,151,230
2626,13667,2012-07-28,3,1,7,15,0,6,0,1,0.88,0.7727,0.32,0.2836,206,291,497
2627,5423,2011-08-18,3,0,8,20,0,4,1,1,0.66,0.6061,0.83,0.1045,24,141,165
2628,7274,2011-11-04,4,0,11,16,0,5,1,1,0.46,0.4545,0.36,0.3881,53,237,290
2629,13072,2012-07-03,3,1,7,20,0,2,1,3,0.76,0.697,0.55,0.4925,80,296,376
2630,8485,2011-12-25,1,0,12,5,0,0,0,1,0.2,0.2273,0.75,0.1045,0,1,1
2631,11441,2012-04-26,2,1,4,21,0,4,1,1,0.52,0.5,0.83,0.2239,28,222,250
2632,7751,2011-11-24,4,0,11,13,1,4,0,1,0.48,0.4697,0.33,0.2239,84,91,175
2633,5036,2011-08-02,3,0,8,17,0,2,1,2,0.9,0.7879,0.27,0.1343,63,493,556
2634,843,2011-02-07,1,0,2,13,0,1,1,2,0.36,0.3636,0.57,0.0896,10,54,64
2635,10068,2012-02-29,1,1,2,13,0,3,1,2,0.36,0.3333,0.93,0.3582,4,72,76
2636,2092,2011-04-02,2,0,4,0,0,6,0,2,0.3,0.3333,0.61,0,3,29,32
2637,3647,2011-06-05,2,0,6,20,0,0,0,1,0.66,0.6212,0.69,0.194,84,195,279
2638,504,2011-01-23,1,0,1,1,0,0,0,1,0.04,0.0758,0.57,0.1045,1,12,13
2639,2272,2011-04-09,2,0,4,12,0,6,0,2,0.36,0.3485,0.81,0.1343,79,123,202
2640,6384,2011-09-28,4,0,9,13,0,3,1,1,0.7,0.6667,0.74,0.2537,24,138,162
2641,16973,2012-12-14,4,1,12,23,0,5,1,1,0.28,0.303,0.75,0.0896,11,123,134
2642,15749,2012-10-23,4,1,10,9,0,2,1,2,0.5,0.4848,0.72,0.1045,29,305,334
2643,169,2011-01-08,1,0,1,7,0,6,0,2,0.16,0.1818,0.74,0.1045,1,8,9
2644,7734,2011-11-23,4,0,11,20,0,3,1,1,0.36,0.3333,0.62,0.3881,1,67,68
2645,15257,2012-10-02,4,1,10,21,0,2,1,3,0.62,0.5455,0.94,0.1045,24,265,289
2646,6827,2011-10-17,4,0,10,0,0,1,1,1,0.54,0.5152,0.56,0.3284,12,25,37
2647,2865,2011-05-04,2,0,5,6,0,3,1,3,0.34,0.303,0.93,0.3881,0,21,21
2648,5478,2011-08-21,3,0,8,3,0,0,0,1,0.66,0.6061,0.83,0.2239,25,26,51
2649,15275,2012-10-03,4,1,10,15,0,3,1,2,0.72,0.6818,0.62,0.1642,59,260,319
2650,1237,2011-02-24,1,0,2,15,0,4,1,3,0.4,0.4091,0.54,0.3881,5,58,63
2651,16753,2012-12-05,4,1,12,19,0,3,1,1,0.38,0.3939,0.43,0.3582,14,400,414
2652,15,2011-01-01,1,0,1,14,0,6,0,2,0.46,0.4545,0.72,0.2836,35,71,106
2653,4886,2011-07-27,3,0,7,11,0,3,1,1,0.8,0.697,0.31,0,42,94,136
2654,683,2011-01-31,1,0,1,18,0,1,1,2,0.16,0.1515,0.55,0.2239,3,153,156
2655,9536,2012-02-07,1,1,2,6,0,2,1,1,0.32,0.303,0.45,0.2985,2,98,100
2656,15073,2012-09-25,4,1,9,5,0,2,1,1,0.42,0.4242,0.77,0.0896,1,46,47
2657,5401,2011-08-17,3,0,8,22,0,3,1,1,0.7,0.6515,0.65,0.194,29,142,171
2658,4721,2011-07-20,3,0,7,14,0,3,1,1,0.86,0.8333,0.53,0.2239,44,83,127
2659,14314,2012-08-24,3,1,8,14,0,5,1,1,0.78,0.697,0.43,0.1045,109,229,338
2660,8199,2011-12-13,4,0,12,6,0,2,1,1,0.2,0.2576,0.8,0,0,92,92
2661,3911,2011-06-16,2,0,6,20,0,4,1,1,0.62,0.5758,0.83,0.3284,25,176,201
2662,9506,2012-02-05,1,1,2,23,0,0,0,1,0.24,0.2424,0.7,0.1343,4,38,42
2663,15631,2012-10-18,4,1,10,11,0,4,1,2,0.56,0.5303,0.56,0.2239,79,189,268
2664,17214,2012-12-25,1,1,12,1,1,2,0,2,0.26,0.2576,0.87,0.1642,0,13,13
2665,12736,2012-06-19,2,1,6,20,0,2,1,1,0.8,0.7576,0.55,0.2537,59,399,458
2666,4337,2011-07-04,3,0,7,14,1,1,0,1,0.8,0.7273,0.46,0,235,173,408
2667,13160,2012-07-07,3,1,7,12,0,6,0,1,0.96,0.8636,0.31,0.3582,124,218,342
2668,7121,2011-10-29,4,0,10,7,0,6,0,3,0.26,0.2273,0.87,0.3582,1,6,7
2669,6,2011-01-01,1,0,1,5,0,6,0,2,0.24,0.2576,0.75,0.0896,0,1,1
2670,7642,2011-11-20,4,0,11,0,0,0,0,1,0.38,0.3939,0.66,0.1642,14,79,93
2671,12638,2012-06-15,2,1,6,18,0,5,1,1,0.72,0.6515,0.39,0.2239,121,572,693
2672,1660,2011-03-14,1,0,3,17,0,1,1,1,0.38,0.3939,0.4,0.194,42,229,271
2673,6620,2011-10-08,4,0,10,9,0,6,0,1,0.5,0.4848,0.77,0,54,163,217
2674,6926,2011-10-21,4,0,10,4,0,5,1,1,0.36,0.3485,0.71,0.1642,0,6,6
2675,10318,2012-03-10,1,1,3,23,0,6,0,1,0.26,0.2576,0.41,0.194,6,77,83
2676,8574,2011-12-29,1,0,12,0,0,4,1,2,0.22,0.2273,0.47,0.194,4,24,28
2677,6509,2011-10-03,4,0,10,18,0,1,1,2,0.4,0.4091,0.76,0.1642,28,384,412
2678,488,2011-01-22,1,0,1,9,0,6,0,1,0.04,0.0303,0.41,0.2537,3,37,40
2679,14414,2012-08-28,3,1,8,18,0,2,1,1,0.78,0.697,0.4,0.2537,82,736,818
2680,120,2011-01-06,1,0,1,5,0,4,1,2,0.14,0.1818,0.69,0.0896,0,4,4
2681,3001,2011-05-09,2,0,5,22,0,1,1,1,0.52,0.5,0.68,0.0896,21,95,116
2682,12780,2012-06-21,3,1,6,16,0,4,1,1,0.9,0.8182,0.35,0.1343,37,283,320
2683,6888,2011-10-19,4,0,10,14,0,3,1,3,0.54,0.5152,0.94,0.1642,17,80,97
2684,9304,2012-01-28,1,1,1,13,0,6,0,1,0.34,0.3182,0.57,0.2537,80,293,373
2685,6546,2011-10-05,4,0,10,7,0,3,1,1,0.46,0.4545,0.77,0.1045,9,292,301
2686,15425,2012-10-09,4,1,10,21,0,2,1,2,0.48,0.4697,0.77,0.1343,16,209,225
2687,9318,2012-01-29,1,1,1,3,0,0,0,1,0.26,0.2576,0.28,0.194,4,17,21
2688,10934,2012-04-05,2,1,4,17,0,4,1,1,0.5,0.4848,0.31,0.1642,145,677,822
2689,10225,2012-03-07,1,1,3,2,0,3,1,1,0.3,0.2879,0.56,0.2836,0,4,4
2690,1403,2011-03-03,1,0,3,17,0,4,1,1,0.26,0.303,0.22,0,17,185,202
2691,3878,2011-06-15,2,0,6,11,0,3,1,1,0.68,0.6364,0.36,0,49,115,164
2692,10052,2012-02-28,1,1,2,20,0,2,1,1,0.4,0.4091,0.3,0.1343,2,202,204
2693,16089,2012-11-08,4,1,11,1,0,4,1,3,0.3,0.2727,0.52,0.3582,1,11,12
2694,17181,2012-12-23,1,1,12,15,0,0,0,1,0.34,0.3333,0.34,0.1343,39,98,137
2695,287,2011-01-13,1,0,1,9,0,4,1,1,0.14,0.1212,0.5,0.3284,2,137,139
2696,13813,2012-08-03,3,1,8,17,0,5,1,2,0.84,0.803,0.53,0.2836,95,646,741
2697,13881,2012-08-06,3,1,8,13,0,1,1,1,0.8,0.7424,0.49,0.2239,85,204,289
2698,5588,2011-08-25,3,0,8,17,0,4,1,1,0.72,0.7121,0.84,0,28,284,312
2699,16268,2012-11-15,4,1,11,13,0,4,1,2,0.38,0.3939,0.54,0.1045,20,197,217
2700,11125,2012-04-13,2,1,4,17,0,5,1,1,0.56,0.5303,0.24,0.1642,117,621,738
2701,6754,2011-10-13,4,0,10,23,0,4,1,2,0.58,0.5455,0.88,0.194,2,45,47
2702,15795,2012-10-25,4,1,10,7,0,4,1,2,0.52,0.5,0.88,0.194,18,477,495
2703,11960,2012-05-18,2,1,5,12,0,5,1,1,0.62,0.6212,0.41,0.194,108,252,360
2704,4795,2011-07-23,3,0,7,16,0,6,0,1,0.94,0.8788,0.38,0.1343,70,151,221
2705,5909,2011-09-08,3,0,9,17,0,4,1,3,0.64,0.5606,0.94,0.2836,11,102,113
2706,2808,2011-05-01,2,0,5,21,0,0,0,2,0.46,0.4545,0.82,0,23,82,105
2707,14422,2012-08-29,3,1,8,2,0,3,1,1,0.62,0.5909,0.73,0.1343,2,4,6
2708,3834,2011-06-13,2,0,6,15,0,1,1,1,0.7,0.6364,0.37,0.4478,58,127,185
2709,2761,2011-04-29,2,0,4,22,0,5,1,1,0.42,0.4242,0.58,0.1642,36,110,146
2710,14448,2012-08-30,3,1,8,4,0,4,1,1,0.62,0.5909,0.73,0,4,4,8
2711,14212,2012-08-20,3,1,8,8,0,1,1,2,0.62,0.5909,0.73,0.1045,37,618,655
2712,1158,2011-02-21,1,0,2,0,1,1,0,2,0.34,0.303,0.42,0.3284,7,30,37
2713,14402,2012-08-28,3,1,8,6,0,2,1,2,0.66,0.5909,0.89,0.1045,3,144,147
2714,7840,2011-11-28,4,0,11,7,0,1,1,1,0.42,0.4242,0.88,0,7,270,277
2715,8822,2012-01-08,1,1,1,9,0,0,0,1,0.32,0.3333,0.53,0.1343,23,102,125
2716,9670,2012-02-12,1,1,2,20,0,0,0,1,0.14,0.1212,0.42,0.3284,1,56,57
2717,2806,2011-05-01,2,0,5,19,0,0,0,2,0.46,0.4545,0.84,0.1045,47,131,178
2718,1922,2011-03-25,2,0,3,20,0,5,1,2,0.3,0.303,0.39,0.1343,6,75,81
2719,16773,2012-12-06,4,1,12,15,0,4,1,1,0.32,0.3485,0.39,0,38,232,270
2720,2456,2011-04-17,2,0,4,5,0,0,0,1,0.36,0.3485,0.71,0.1642,2,1,3
2721,9074,2012-01-18,1,1,1,23,0,3,1,1,0.16,0.1364,0.47,0.2985,2,36,38
2722,12796,2012-06-22,3,1,6,8,0,5,1,1,0.76,0.697,0.55,0.1343,49,564,613
2723,13247,2012-07-11,3,1,7,3,0,3,1,1,0.64,0.5758,0.89,0.1343,0,5,5
2724,2526,2011-04-20,2,0,4,3,0,3,1,1,0.42,0.4242,0.94,0,0,2,2
2725,1685,2011-03-15,1,0,3,19,0,2,1,2,0.34,0.3182,0.71,0.2836,14,138,152
2726,13091,2012-07-04,3,1,7,15,1,3,0,1,0.92,0.8485,0.35,0.2985,155,299,454
2727,8218,2011-12-14,4,0,12,1,0,3,1,1,0.26,0.303,0.75,0,0,8,8
2728,14631,2012-09-06,3,1,9,19,0,4,1,1,0.68,0.6364,0.74,0.2537,54,504,558
2729,10316,2012-03-10,1,1,3,21,0,6,0,1,0.3,0.2879,0.39,0.2239,16,94,110
2730,7364,2011-11-08,4,0,11,10,0,2,1,1,0.42,0.4242,0.71,0.0896,25,104,129
2731,9864,2012-02-20,1,1,2,23,1,1,0,1,0.3,0.3333,0.39,0,0,26,26
2732,16357,2012-11-19,4,1,11,6,0,1,1,2,0.36,0.3333,0.66,0.2537,3,128,131
2733,14103,2012-08-15,3,1,8,19,0,3,1,1,0.7,0.6515,0.61,0.1343,124,525,649
2734,16547,2012-11-27,4,1,11,4,0,2,1,3,0.3,0.2879,0.81,0.194,0,5,5
2735,7229,2011-11-02,4,0,11,19,0,3,1,1,0.4,0.4091,0.76,0.1343,25,257,282
2736,9069,2012-01-18,1,1,1,18,0,3,1,1,0.24,0.2121,0.32,0.3582,8,347,355
2737,10453,2012-03-16,1,1,3,15,0,5,1,3,0.46,0.4545,0.82,0.1045,19,88,107
2738,2614,2011-04-23,2,0,4,19,0,6,0,1,0.56,0.5303,0.83,0.2836,84,199,283
2739,10386,2012-03-13,1,1,3,20,0,2,1,1,0.6,0.6212,0.49,0.1642,45,306,351
2740,10896,2012-04-04,2,1,4,3,0,3,1,1,0.44,0.4394,0.58,0.0896,0,3,3
2741,11113,2012-04-13,2,1,4,5,0,5,1,2,0.34,0.3333,0.53,0.1642,2,19,21
2742,12894,2012-06-26,3,1,6,10,0,2,1,1,0.62,0.6212,0.41,0.3582,37,153,190
2743,16706,2012-12-03,4,1,12,20,0,1,1,2,0.46,0.4545,0.77,0,16,284,300
2744,1576,2011-03-11,1,0,3,2,0,5,1,3,0.34,0.3485,1,0.1045,2,3,5
2745,5922,2011-09-09,3,0,9,6,0,5,1,2,0.62,0.5152,1,0.1343,3,54,57
2746,2886,2011-05-05,2,0,5,3,0,4,1,1,0.34,0.3182,0.66,0.2537,0,4,4
2747,12193,2012-05-28,2,1,5,5,1,1,0,1,0.6,0.5758,0.78,0.1343,4,5,9
2748,1521,2011-03-08,1,0,3,17,0,2,1,1,0.36,0.3485,0.27,0.2239,39,209,248
2749,4141,2011-06-26,3,0,6,10,0,0,0,1,0.72,0.6667,0.48,0.1045,136,196,332
2750,1618,2011-03-12,1,0,3,21,0,6,0,1,0.38,0.3939,0.62,0,36,46,82
2751,5702,2011-08-31,3,0,8,0,0,3,1,1,0.6,0.5909,0.69,0,8,24,32
2752,492,2011-01-22,1,0,1,13,0,6,0,1,0.08,0.1667,0.35,0,12,72,84
2753,10578,2012-03-21,2,1,3,20,0,3,1,1,0.56,0.5303,0.78,0.0896,76,298,374
2754,13475,2012-07-20,3,1,7,15,0,5,1,2,0.7,0.6667,0.84,0.2985,47,169,216
2755,9335,2012-01-29,1,1,1,20,0,0,0,1,0.3,0.2879,0.39,0.2239,13,98,111
2756,7535,2011-11-15,4,0,11,13,0,2,1,3,0.54,0.5152,0.6,0.2239,21,132,153
2757,14919,2012-09-18,3,1,9,19,0,2,1,2,0.6,0.5455,0.88,0.2985,22,302,324
2758,1321,2011-02-28,1,0,2,7,0,1,1,2,0.36,0.3636,0.93,0.1045,2,90,92
2759,317,2011-01-14,1,0,1,16,0,5,1,1,0.22,0.2424,0.41,0.1045,3,87,90
2760,17005,2012-12-16,4,1,12,7,0,0,0,2,0.34,0.3485,0.87,0.0896,5,22,27
2761,3949,2011-06-18,2,0,6,10,0,6,0,1,0.72,0.6818,0.62,0.194,68,176,244
2762,4000,2011-06-20,2,0,6,13,0,1,1,1,0.64,0.6061,0.65,0.1045,50,129,179
2763,10778,2012-03-30,2,1,3,4,0,5,1,1,0.34,0.3485,0.53,0.0896,1,1,2
2764,9949,2012-02-24,1,1,2,13,0,5,1,2,0.42,0.4242,0.71,0.1045,30,153,183
2765,9953,2012-02-24,1,1,2,17,0,5,1,3,0.42,0.4242,0.94,0.1045,14,242,256
2766,5134,2011-08-06,3,0,8,19,0,6,0,3,0.72,0.7121,0.84,0.2537,57,114,171
2767,9254,2012-01-26,1,1,1,11,0,4,1,2,0.3,0.3182,0.87,0.1045,11,100,111
2768,14921,2012-09-18,3,1,9,21,0,2,1,2,0.6,0.5455,0.88,0.194,21,186,207
2769,14011,2012-08-11,3,1,8,23,0,6,0,3,0.66,0.6061,0.78,0.1642,42,121,163
2770,9532,2012-02-07,1,1,2,2,0,2,1,1,0.3,0.3333,0.61,0,0,4,4
2771,2969,2011-05-08,2,0,5,14,0,0,0,1,0.6,0.6212,0.49,0,126,240,366
2772,15352,2012-10-06,4,1,10,20,0,6,0,1,0.48,0.4697,0.55,0.2537,75,172,247
2773,7822,2011-11-27,4,0,11,12,0,0,0,1,0.54,0.5152,0.56,0.2836,63,193,256
2774,1271,2011-02-26,1,0,2,2,0,6,0,1,0.22,0.197,0.6,0.3582,3,9,12
2775,15388,2012-10-08,4,1,10,8,1,1,0,2,0.36,0.3485,0.71,0.2239,23,374,397
2776,5943,2011-09-10,3,0,9,3,0,6,0,1,0.58,0.5455,1,0.1343,8,29,37
2777,15640,2012-10-18,4,1,10,20,0,4,1,2,0.56,0.5303,0.68,0.2537,39,348,387
2778,1023,2011-02-15,1,0,2,7,0,2,1,1,0.2,0.1818,0.32,0.3582,2,103,105
2779,14883,2012-09-17,3,1,9,7,0,1,1,1,0.52,0.5,0.77,0,18,474,492
2780,10417,2012-03-15,1,1,3,3,0,4,1,1,0.5,0.4848,0.63,0,0,7,7
2781,5887,2011-09-07,3,0,9,18,0,3,1,3,0.64,0.5758,0.89,0,18,219,237
2782,267,2011-01-12,1,0,1,13,0,3,1,1,0.22,0.197,0.44,0.3582,0,49,49
2783,12122,2012-05-25,2,1,5,6,0,5,1,2,0.62,0.5606,0.88,0.1045,5,108,113
2784,11703,2012-05-07,2,1,5,19,0,1,1,1,0.58,0.5455,0.56,0.3284,83,463,546
2785,15044,2012-09-24,4,1,9,0,0,1,1,1,0.46,0.4545,0.63,0.194,10,54,64
2786,8067,2011-12-07,4,0,12,18,0,3,1,3,0.4,0.4091,0.94,0.2985,3,48,51
2787,17077,2012-12-19,4,1,12,7,0,3,1,1,0.26,0.2727,0.75,0.1343,3,360,363
2788,7145,2011-10-30,4,0,10,7,0,0,0,1,0.24,0.2879,0.75,0,7,15,22
2789,1953,2011-03-27,2,0,3,3,0,0,0,3,0.2,0.197,0.69,0.2239,0,14,14
2790,5170,2011-08-08,3,0,8,7,0,1,1,1,0.72,0.6818,0.62,0.2985,18,249,267
2791,2743,2011-04-29,2,0,4,4,0,5,1,1,0.46,0.4545,0.51,0.1343,0,6,6
2792,5565,2011-08-24,3,0,8,18,0,3,1,1,0.74,0.6818,0.55,0.2985,102,519,621
2793,3888,2011-06-15,2,0,6,21,0,3,1,1,0.64,0.6212,0.47,0.2239,48,209,257
2794,1264,2011-02-25,1,0,2,19,0,5,1,1,0.3,0.2727,0.52,0.4478,4,86,90
2795,13706,2012-07-30,3,1,7,6,0,1,1,1,0.66,0.6061,0.83,0.1642,6,155,161
2796,2550,2011-04-21,2,0,4,3,0,4,1,2,0.46,0.4545,0.51,0.4627,4,3,7
2797,8901,2012-01-11,1,1,1,17,0,3,1,3,0.34,0.3182,0.87,0.2239,6,128,134
2798,14193,2012-08-19,3,1,8,13,0,0,0,3,0.64,0.5758,0.83,0.1343,50,112,162
2799,14162,2012-08-18,3,1,8,6,0,6,0,1,0.6,0.5606,0.83,0.2239,4,23,27
2800,5273,2011-08-12,3,0,8,14,0,5,1,1,0.8,0.697,0.29,0.194,51,135,186
2801,7908,2011-12-01,4,0,12,3,0,4,1,1,0.26,0.2424,0.56,0.2537,1,6,7
2802,6706,2011-10-11,4,0,10,23,0,2,1,2,0.56,0.5303,0.83,0.2836,10,47,57
2803,14832,2012-09-15,3,1,9,4,0,6,0,2,0.6,0.5909,0.69,0.3582,3,3,6
2804,13591,2012-07-25,3,1,7,11,0,3,1,1,0.76,0.6667,0.33,0,79,202,281
2805,12706,2012-06-18,2,1,6,14,0,1,1,2,0.58,0.5455,0.68,0.194,59,160,219
2806,851,2011-02-07,1,0,2,21,0,1,1,1,0.32,0.3485,0.7,0,3,75,78
2807,13395,2012-07-17,3,1,7,7,0,2,1,2,0.74,0.697,0.7,0,26,500,526
2808,3866,2011-06-14,2,0,6,23,0,2,1,1,0.56,0.5303,0.68,0.2239,19,91,110
2809,3388,2011-05-26,2,0,5,1,0,4,1,1,0.64,0.6061,0.73,0.1343,3,13,16
2810,10471,2012-03-17,1,1,3,9,0,6,0,2,0.44,0.4394,0.88,0.0896,104,217,321
2811,8141,2011-12-10,4,0,12,20,0,6,0,1,0.24,0.2273,0.35,0.2239,10,114,124
2812,4537,2011-07-12,3,0,7,22,0,2,1,1,0.8,0.7273,0.46,0.1343,44,150,194
2813,7302,2011-11-05,4,0,11,20,0,6,0,1,0.32,0.3485,0.66,0,29,136,165
2814,14920,2012-09-18,3,1,9,20,0,2,1,2,0.6,0.5455,0.88,0.194,19,271,290
2815,5844,2011-09-05,3,0,9,22,1,1,0,2,0.6,0.5455,0.88,0.5821,15,49,64
2816,2699,2011-04-27,2,0,4,8,0,3,1,2,0.58,0.5455,0.88,0.3284,31,413,444
2817,7954,2011-12-03,4,0,12,1,0,6,0,1,0.26,0.2576,0.65,0.194,9,62,71
2818,7748,2011-11-24,4,0,11,10,1,4,0,1,0.36,0.3788,0.57,0,34,64,98
2819,3059,2011-05-12,2,0,5,8,0,4,1,1,0.48,0.4697,0.82,0.194,27,394,421
2820,4131,2011-06-26,3,0,6,0,0,0,0,1,0.64,0.6212,0.53,0,30,85,115
2821,2919,2011-05-06,2,0,5,12,0,5,1,1,0.56,0.5303,0.49,0.3582,48,198,246
2822,14093,2012-08-15,3,1,8,9,0,3,1,2,0.72,0.6818,0.62,0.194,57,310,367
2823,5861,2011-09-06,3,0,9,16,0,2,1,3,0.54,0.5152,0.94,0.3881,11,95,106
2824,759,2011-02-04,1,0,2,0,0,5,1,2,0.2,0.2576,0.44,0,3,10,13
2825,8304,2011-12-17,4,0,12,15,0,6,0,1,0.28,0.2576,0.45,0.2836,33,195,228
2826,3858,2011-06-14,2,0,6,15,0,2,1,1,0.64,0.6212,0.47,0.1642,42,136,178
2827,5886,2011-09-07,3,0,9,17,0,3,1,3,0.64,0.5758,0.89,0,21,264,285
2828,15072,2012-09-25,4,1,9,4,0,2,1,1,0.42,0.4242,0.71,0.1343,2,7,9
2829,3252,2011-05-20,2,0,5,9,0,5,1,1,0.54,0.5152,0.68,0.2239,35,199,234
2830,6391,2011-09-28,4,0,9,20,0,3,1,3,0.6,0.5606,0.83,0.2985,11,91,102
2831,1324,2011-02-28,1,0,2,10,0,1,1,2,0.52,0.5,0.72,0.4925,13,79,92
2832,3367,2011-05-25,2,0,5,4,0,3,1,1,0.54,0.5152,1,0.1045,0,3,3
2833,5240,2011-08-11,3,0,8,5,0,4,1,1,0.64,0.6212,0.61,0.194,2,23,25
2834,17334,2012-12-30,1,1,12,2,0,0,0,2,0.26,0.2424,0.56,0.2836,0,19,19
2835,14291,2012-08-23,3,1,8,15,0,4,1,1,0.78,0.697,0.46,0.1343,104,201,305
2836,896,2011-02-09,1,0,2,19,0,3,1,3,0.14,0.1212,0.86,0.2537,1,87,88
2837,6158,2011-09-19,3,0,9,3,0,1,1,2,0.5,0.4848,0.77,0.1343,1,4,5
2838,1226,2011-02-24,1,0,2,3,0,4,1,1,0.2,0.2121,0.64,0.1343,0,2,2
2839,2313,2011-04-11,2,0,4,6,0,1,1,2,0.46,0.4545,1,0.2239,2,59,61
2840,14893,2012-09-17,3,1,9,17,0,1,1,2,0.64,0.6061,0.65,0.2239,102,740,842
2841,9582,2012-02-09,1,1,2,4,0,4,1,2,0.22,0.197,0.75,0.4478,0,1,1
2842,13230,2012-07-10,3,1,7,10,0,2,1,1,0.76,0.7121,0.62,0.194,56,134,190
2843,11138,2012-04-14,2,1,4,6,0,6,0,1,0.34,0.3333,0.76,0.1642,2,19,21
2844,5613,2011-08-26,3,0,8,18,0,5,1,2,0.74,0.7121,0.74,0.1343,40,370,410
2845,5759,2011-09-02,3,0,9,9,0,5,1,2,0.62,0.5758,0.83,0.1045,30,190,220
2846,5269,2011-08-12,3,0,8,10,0,5,1,1,0.74,0.6515,0.33,0.1045,44,86,130
2847,8787,2012-01-06,1,1,1,22,0,5,1,1,0.36,0.3485,0.5,0.194,12,123,135
2848,9965,2012-02-25,1,1,2,5,0,6,0,2,0.3,0.2727,0.42,0.2985,0,3,3
2849,8966,2012-01-14,1,1,1,10,0,6,0,1,0.16,0.2273,0.47,0,14,135,149
2850,765,2011-02-04,1,0,2,7,0,5,1,1,0.14,0.2121,0.59,0,0,87,87
2851,3935,2011-06-17,2,0,6,20,0,5,1,1,0.64,0.5909,0.78,0.1045,40,192,232
2852,17080,2012-12-19,4,1,12,10,0,3,1,1,0.32,0.3333,0.7,0.1045,17,147,164
2853,5858,2011-09-06,3,0,9,13,0,2,1,3,0.54,0.5152,0.88,0.2985,5,24,29
2854,10093,2012-03-01,1,1,3,14,0,4,1,1,0.58,0.5455,0.35,0.2239,37,174,211
2855,13255,2012-07-11,3,1,7,11,0,3,1,2,0.76,0.7121,0.58,0.1343,56,173,229
2856,11219,2012-04-17,2,1,4,15,0,2,1,1,0.66,0.6212,0.24,0.3284,91,217,308
2857,16196,2012-11-12,4,1,11,13,1,1,0,1,0.6,0.6061,0.6,0.2239,108,312,420
2858,5024,2011-08-02,3,0,8,5,0,2,1,1,0.66,0.6212,0.74,0.1343,4,17,21
2859,17093,2012-12-19,4,1,12,23,0,3,1,1,0.32,0.3333,0.66,0.1343,4,84,88
2860,946,2011-02-12,1,0,2,0,0,6,0,1,0.16,0.197,0.69,0.0896,3,27,30
2861,15552,2012-10-15,4,1,10,4,0,1,1,2,0.56,0.5303,0.68,0.2239,1,9,10
2862,8514,2011-12-26,1,0,12,11,1,1,0,1,0.34,0.2879,0.46,0.5821,40,51,91
2863,5863,2011-09-06,3,0,9,18,0,2,1,2,0.54,0.5152,0.88,0.3881,22,351,373
2864,4047,2011-06-22,3,0,6,12,0,3,1,2,0.8,0.7727,0.59,0.2239,44,144,188
2865,13751,2012-08-01,3,1,8,3,0,3,1,1,0.64,0.5758,0.83,0.1045,0,7,7
2866,4149,2011-06-26,3,0,6,18,0,0,0,2,0.72,0.6515,0.45,0.2537,117,265,382
2867,6633,2011-10-08,4,0,10,22,0,6,0,1,0.5,0.4848,0.77,0,45,104,149
2868,7516,2011-11-14,4,0,11,18,0,1,1,1,0.56,0.5303,0.56,0.2836,29,460,489
2869,9151,2012-01-22,1,1,1,4,0,0,0,3,0.16,0.1364,0.8,0.2836,1,1,2
2870,16890,2012-12-11,4,1,12,12,0,2,1,2,0.36,0.3182,0.53,0.4478,13,213,226
2871,10561,2012-03-21,2,1,3,3,0,3,1,2,0.5,0.4848,0.88,0.194,1,7,8
2872,4863,2011-07-26,3,0,7,12,0,2,1,1,0.84,0.7273,0.28,0,25,122,147
2873,13743,2012-07-31,3,1,7,19,0,2,1,3,0.74,0.6818,0.62,0.3582,90,524,614
2874,14138,2012-08-17,3,1,8,6,0,5,1,1,0.62,0.2424,0.78,0.1343,6,151,157
2875,2789,2011-05-01,2,0,5,2,0,0,0,1,0.42,0.4242,0.77,0.1045,7,43,50
2876,13452,2012-07-19,3,1,7,16,0,4,1,1,0.84,0.7727,0.47,0.0896,70,288,358
2877,2974,2011-05-08,2,0,5,19,0,0,0,1,0.56,0.5303,0.64,0,61,178,239
2878,9576,2012-02-08,1,1,2,22,0,3,1,2,0.24,0.2424,0.87,0.1343,3,95,98
2879,3311,2011-05-22,2,0,5,20,0,0,0,1,0.64,0.6061,0.65,0.1642,57,174,231
2880,16013,2012-11-04,4,1,11,21,0,0,0,1,0.3,0.2727,0.52,0.2985,16,71,87
2881,3380,2011-05-25,2,0,5,17,0,3,1,1,0.74,0.6667,0.51,0.2239,77,524,601
2882,15545,2012-10-14,4,1,10,21,0,0,0,1,0.56,0.5303,0.73,0.4478,40,156,196
2883,11736,2012-05-09,2,1,5,4,0,3,1,3,0.56,0.5303,0.88,0.2239,0,5,5
2884,2120,2011-04-03,2,0,4,4,0,0,0,1,0.28,0.303,0.7,0.0896,3,0,3
2885,1327,2011-02-28,1,0,2,13,0,1,1,3,0.46,0.4545,0.94,0.2239,1,31,32
2886,14853,2012-09-16,3,1,9,1,0,0,0,1,0.54,0.5152,0.64,0,35,82,117
2887,15917,2012-10-31,4,1,10,21,0,3,1,2,0.4,0.4091,0.5,0.194,12,180,192
2888,1460,2011-03-06,1,0,3,2,0,0,0,2,0.4,0.4091,0.82,0.2836,5,27,32
2889,3335,2011-05-23,2,0,5,20,0,1,1,1,0.64,0.5758,0.83,0.2239,39,271,310
2890,5013,2011-08-01,3,0,8,18,0,1,1,1,0.78,0.697,0.43,0.194,68,475,543
2891,4640,2011-07-17,3,0,7,5,0,0,0,1,0.64,0.6061,0.69,0.2239,4,8,12
2892,5715,2011-08-31,3,0,8,13,0,3,1,1,0.74,0.6515,0.37,0.1045,39,182,221
2893,8951,2012-01-13,1,1,1,19,0,5,1,1,0.26,0.2424,0.38,0.2836,7,199,206
2894,11649,2012-05-05,2,1,5,13,0,6,0,1,0.74,0.6818,0.55,0.1343,217,307,524
2895,7090,2011-10-28,4,0,10,0,0,5,1,1,0.34,0.3182,0.66,0.2537,4,40,44
2896,8405,2011-12-21,1,0,12,20,0,3,1,2,0.5,0.4848,0.94,0.3582,5,162,167
2897,13760,2012-08-01,3,1,8,12,0,3,1,1,0.8,0.7424,0.49,0.1045,75,209,284
2898,9253,2012-01-26,1,1,1,10,0,4,1,2,0.3,0.303,0.81,0.1343,16,92,108
2899,1587,2011-03-11,1,0,3,14,0,5,1,2,0.36,0.3333,0.5,0.3582,25,64,89
2900,17004,2012-12-16,4,1,12,6,0,0,0,2,0.34,0.3636,0.87,0,0,6,6
2901,8292,2011-12-17,4,0,12,3,0,6,0,1,0.26,0.2576,0.6,0.194,4,22,26
2902,15401,2012-10-08,4,1,10,21,1,1,0,2,0.4,0.4091,0.76,0.2239,17,134,151
2903,16584,2012-11-28,4,1,11,17,0,3,1,1,0.34,0.3333,0.31,0.1343,17,546,563
2904,13665,2012-07-28,3,1,7,13,0,6,0,1,0.86,0.7879,0.41,0.2836,173,325,498
2905,10380,2012-03-13,1,1,3,14,0,2,1,1,0.64,0.6212,0.53,0.3284,52,160,212
2906,12006,2012-05-20,2,1,5,10,0,0,0,1,0.66,0.6212,0.34,0.2985,174,258,432
2907,7919,2011-12-01,4,0,12,14,0,4,1,1,0.4,0.4091,0.4,0.2239,20,130,150
2908,5933,2011-09-09,3,0,9,17,0,5,1,1,0.7,0.6667,0.79,0.2537,54,451,505
2909,17376,2012-12-31,1,1,12,20,0,1,1,2,0.26,0.2576,0.6,0.1642,8,81,89
2910,14498,2012-09-01,3,1,9,6,0,6,0,1,0.68,0.6364,0.79,0,13,23,36
2911,16255,2012-11-15,4,1,11,0,0,4,1,2,0.26,0.303,0.65,0,1,33,34
2912,11048,2012-04-10,2,1,4,11,0,2,1,1,0.5,0.4848,0.36,0,78,161,239
2913,5503,2011-08-22,3,0,8,4,0,1,1,1,0.68,0.6364,0.65,0.194,2,10,12
2914,10422,2012-03-15,1,1,3,8,0,4,1,1,0.44,0.4394,0.77,0.1045,21,602,623
2915,13416,2012-07-18,3,1,7,4,0,3,1,1,0.72,0.6818,0.7,0.1343,0,6,6
2916,6225,2011-09-21,3,0,9,22,0,3,1,2,0.62,0.5455,0.94,0,15,112,127
2917,11538,2012-04-30,2,1,4,22,0,1,1,2,0.52,0.5,0.55,0.1642,11,123,134
2918,3998,2011-06-20,2,0,6,11,0,1,1,2,0.6,0.5758,0.78,0.1045,27,67,94
2919,11444,2012-04-27,2,1,4,0,0,5,1,1,0.54,0.5152,0.68,0.5522,12,61,73
2920,7600,2011-11-18,4,0,11,6,0,5,1,1,0.22,0.2576,0.44,0.0896,1,70,71
2921,5815,2011-09-04,3,0,9,17,0,0,0,1,0.76,0.7273,0.66,0.2239,204,172,376
2922,8159,2011-12-11,4,0,12,14,0,0,0,1,0.3,0.3333,0.28,0,44,198,242
2923,15536,2012-10-14,4,1,10,12,0,0,0,1,0.62,0.6212,0.46,0.3284,200,362,562
2924,10937,2012-04-05,2,1,4,20,0,4,1,1,0.44,0.4394,0.41,0.194,33,279,312
2925,14074,2012-08-14,3,1,8,14,0,2,1,1,0.82,0.7424,0.41,0.2239,80,175,255
2926,2087,2011-04-01,2,0,4,19,0,5,1,1,0.34,0.303,0.49,0.3284,16,120,136
2927,374,2011-01-17,1,0,1,1,1,1,0,2,0.2,0.197,0.44,0.194,1,15,16
2928,2183,2011-04-05,2,0,4,19,0,2,1,1,0.36,0.3333,0.43,0.2985,12,148,160
2929,9978,2012-02-25,1,1,2,18,0,6,0,1,0.3,0.2576,0.28,0.5821,7,126,133
2930,15992,2012-11-04,4,1,11,0,0,0,0,1,0.3,0.3182,0.61,0.1045,5,97,102
2931,17108,2012-12-20,4,1,12,14,0,4,1,2,0.36,0.3485,0.53,0.194,43,171,214
2932,10691,2012-03-26,2,1,3,13,0,1,1,1,0.48,0.4697,0.29,0.6866,79,222,301
2933,11429,2012-04-26,2,1,4,9,0,4,1,3,0.46,0.4545,0.88,0.1642,12,189,201
2934,13767,2012-08-01,3,1,8,19,0,3,1,1,0.74,0.697,0.66,0.2537,88,564,652
2935,7574,2011-11-17,4,0,11,4,0,4,1,2,0.4,0.4091,0.62,0.4179,1,3,4
2936,15213,2012-10-01,4,1,10,1,0,1,1,1,0.44,0.4394,0.77,0.0896,5,13,18
2937,3116,2011-05-14,2,0,5,17,0,6,0,2,0.56,0.5303,0.88,0.194,78,194,272
2938,10401,2012-03-14,1,1,3,11,0,3,1,2,0.62,0.6212,0.41,0.1642,65,155,220
2939,10098,2012-03-01,1,1,3,19,0,4,1,1,0.48,0.4697,0.41,0.3284,11,317,328
2940,17081,2012-12-19,4,1,12,11,0,3,1,1,0.4,0.4091,0.54,0.2239,31,169,200
2941,6696,2011-10-11,4,0,10,13,0,2,1,2,0.6,0.5909,0.73,0.194,42,138,180
2942,13603,2012-07-25,3,1,7,23,0,3,1,1,0.68,0.6364,0.57,0.2985,52,187,239
2943,12681,2012-06-17,2,1,6,13,0,0,0,1,0.64,0.6212,0.53,0.1642,267,347,614
2944,16655,2012-12-01,4,1,12,17,0,6,0,2,0.34,0.3485,0.76,0.1045,50,270,320
2945,6905,2011-10-20,4,0,10,7,0,4,1,1,0.42,0.4242,0.77,0.4478,15,303,318
2946,15540,2012-10-14,4,1,10,16,0,0,0,1,0.64,0.6212,0.41,0.2985,203,378,581
2947,14532,2012-09-02,3,1,9,16,0,0,0,1,0.74,0.697,0.7,0,222,252,474
2948,11721,2012-05-08,2,1,5,13,0,2,1,3,0.64,0.6061,0.65,0.2537,53,166,219
2949,12291,2012-06-01,2,1,6,7,0,5,1,2,0.64,0.5758,0.89,0.194,33,369,402
2950,9277,2012-01-27,1,1,1,10,0,5,1,3,0.48,0.4697,1,0.1642,9,117,126
2951,5628,2011-08-27,3,0,8,9,0,6,0,2,0.7,0.6667,0.84,0.4179,28,128,156
2952,11709,2012-05-08,2,1,5,1,0,2,1,2,0.52,0.5,0.59,0.2239,6,3,9
2953,9816,2012-02-18,1,1,2,22,0,6,0,1,0.4,0.4091,0.4,0.4478,17,101,118
2954,8952,2012-01-13,1,1,1,20,0,5,1,1,0.24,0.2424,0.41,0.1642,6,130,136
2955,12878,2012-06-25,3,1,6,18,0,1,1,1,0.76,0.6667,0.27,0.4478,100,691,791
2956,10819,2012-03-31,2,1,3,21,0,6,0,2,0.4,0.4091,0.71,0.3284,36,107,143
2957,12349,2012-06-03,2,1,6,17,0,0,0,1,0.7,0.6364,0.34,0.2537,192,386,578
2958,8098,2011-12-09,4,0,12,1,0,5,1,1,0.24,0.2879,0.65,0,2,12,14
2959,12960,2012-06-29,3,1,6,4,0,5,1,1,0.7,0.6515,0.65,0.1642,1,9,10
2960,1490,2011-03-07,1,0,3,10,0,1,1,1,0.24,0.2121,0.6,0.2985,15,43,58
2961,17187,2012-12-23,1,1,12,21,0,0,0,1,0.24,0.2879,0.7,0,4,38,42
2962,16028,2012-11-05,4,1,11,12,0,1,1,1,0.36,0.3333,0.43,0.3284,38,206,244
2963,14747,2012-09-11,3,1,9,15,0,2,1,1,0.7,0.6364,0.28,0.1045,73,253,326
2964,13553,2012-07-23,3,1,7,21,0,1,1,1,0.76,0.7121,0.62,0.194,45,251,296
2965,7823,2011-11-27,4,0,11,13,0,0,0,1,0.54,0.5152,0.6,0.194,97,216,313
2966,7249,2011-11-03,4,0,11,15,0,4,1,1,0.52,0.5,0.52,0.1642,24,138,162
2967,9316,2012-01-29,1,1,1,1,0,0,0,1,0.3,0.2727,0.28,0.3582,5,68,73
2968,469,2011-01-21,1,0,1,13,0,5,1,1,0.2,0.1515,0.21,0.5821,8,65,73
2969,28,2011-01-02,1,0,1,3,0,0,0,2,0.46,0.4545,0.94,0.194,2,4,6
2970,3108,2011-05-14,2,0,5,9,0,6,0,2,0.52,0.5,0.94,0.0896,14,86,100
2971,5598,2011-08-26,3,0,8,3,0,5,1,1,0.6,0.5455,0.88,0.1045,3,8,11
2972,14481,2012-08-31,3,1,8,13,0,5,1,1,0.88,0.7576,0.27,0.3284,97,271,368
2973,13964,2012-08-10,3,1,8,0,0,5,1,1,0.7,0.6515,0.65,0.0896,17,68,85
2974,806,2011-02-06,1,0,2,0,0,0,0,1,0.26,0.2576,0.7,0.194,2,37,39
2975,17137,2012-12-21,1,1,12,19,0,5,1,1,0.28,0.2576,0.45,0.2985,5,148,153
2976,14548,2012-09-03,3,1,9,8,1,1,0,2,0.7,0.6667,0.84,0.1045,36,91,127
2977,9523,2012-02-06,1,1,2,17,0,1,1,1,0.4,0.4091,0.43,0.2537,13,417,430
2978,14171,2012-08-18,3,1,8,15,0,6,0,1,0.76,0.6667,0.37,0.2239,250,346,596
2979,9417,2012-02-02,1,1,2,6,0,4,1,3,0.36,0.3788,0.9,0,1,73,74
2980,3269,2011-05-21,2,0,5,2,0,6,0,1,0.52,0.5,0.72,0.1045,5,35,40
2981,1144,2011-02-20,1,0,2,10,0,0,0,2,0.26,0.2576,0.41,0.194,34,70,104
2982,6934,2011-10-21,4,0,10,12,0,5,1,1,0.5,0.4848,0.45,0.2985,47,193,240
2983,2738,2011-04-28,2,0,4,23,0,4,1,1,0.54,0.5152,0.39,0.0896,29,81,110
2984,15671,2012-10-20,4,1,10,3,0,6,0,1,0.42,0.4242,0.77,0.1343,2,27,29
2985,8782,2012-01-06,1,1,1,17,0,5,1,1,0.46,0.4545,0.36,0.2239,20,456,476
2986,7556,2011-11-16,4,0,11,10,0,3,1,3,0.46,0.4545,0.94,0,4,32,36
2987,9786,2012-02-17,1,1,2,16,0,5,1,1,0.42,0.4242,0.32,0.2985,56,251,307
2988,8427,2011-12-22,1,0,12,18,0,4,1,2,0.44,0.4394,0.62,0.0896,11,277,288
2989,16649,2012-12-01,4,1,12,11,0,6,0,2,0.32,0.3333,0.76,0.1045,74,318,392
2990,12716,2012-06-19,2,1,6,0,0,2,1,2,0.6,0.5758,0.78,0.1642,5,30,35
2991,11479,2012-04-28,2,1,4,11,0,6,0,2,0.38,0.3939,0.4,0.1045,96,262,358
2992,1207,2011-02-23,1,0,2,8,0,3,1,1,0.14,0.1515,0.54,0.1642,8,227,235
2993,136,2011-01-06,1,0,1,21,0,4,1,2,0.22,0.2121,0.55,0.2239,0,48,48
2994,9470,2012-02-04,1,1,2,11,0,6,0,1,0.3,0.3333,0.7,0,46,224,270
2995,15852,2012-10-27,4,1,10,16,0,6,0,2,0.56,0.5303,0.64,0.2836,257,355,612
2996,4090,2011-06-24,3,0,6,7,0,5,1,2,0.66,0.6061,0.83,0.2239,21,247,268
2997,8426,2011-12-22,1,0,12,17,0,4,1,2,0.44,0.4394,0.67,0.1642,24,332,356
2998,5529,2011-08-23,3,0,8,6,0,2,1,1,0.54,0.5152,0.6,0.194,3,111,114
2999,84,2011-01-04,1,0,1,15,0,2,1,1,0.28,0.2727,0.52,0.2537,17,48,65
3000,13936,2012-08-08,3,1,8,20,0,3,1,1,0.74,0.697,0.66,0.194,76,424,500
3001,926,2011-02-11,1,0,2,2,0,5,1,1,0.1,0.1364,0.54,0.0896,0,3,3
3002,9017,2012-01-16,1,1,1,13,1,1,0,2,0.24,0.197,0.41,0.4179,26,202,228
3003,13439,2012-07-19,3,1,7,3,0,4,1,1,0.72,0.6818,0.7,0.1045,1,4,5
3004,16022,2012-11-05,4,1,11,6,0,1,1,2,0.3,0.2879,0.49,0.2836,4,135,139
3005,9196,2012-01-24,1,1,1,1,0,2,1,2,0.32,0.303,0.93,0.2537,2,7,9
3006,2089,2011-04-01,2,0,4,21,0,5,1,1,0.32,0.3333,0.53,0.1343,9,84,93
3007,1399,2011-03-03,1,0,3,13,0,4,1,1,0.22,0.2576,0.25,0.0896,13,67,80
3008,12098,2012-05-24,2,1,5,6,0,4,1,2,0.6,0.5455,0.88,0.1642,10,146,156
3009,12562,2012-06-12,2,1,6,14,0,2,1,3,0.64,0.5758,0.89,0.2537,12,48,60
3010,1984,2011-03-28,2,0,3,12,0,1,1,2,0.26,0.2727,0.25,0,8,71,79
3011,16468,2012-11-23,4,1,11,21,0,5,1,1,0.46,0.4545,0.47,0.2537,23,75,98
3012,6761,2011-10-14,4,0,10,6,0,5,1,3,0.56,0.5303,0.88,0.194,4,90,94
3013,16254,2012-11-14,4,1,11,23,0,3,1,1,0.24,0.2424,0.7,0.1343,9,78,87
3014,7337,2011-11-07,4,0,11,7,0,1,1,2,0.28,0.3182,0.93,0,6,305,311
3015,12188,2012-05-28,2,1,5,0,1,1,0,1,0.62,0.5758,0.83,0.2239,21,44,65
3016,5218,2011-08-10,3,0,8,7,0,3,1,1,0.7,0.6515,0.58,0.0896,16,289,305
3017,5733,2011-09-01,3,0,9,7,0,4,1,1,0.6,0.5758,0.78,0,7,335,342
3018,3861,2011-06-14,2,0,6,18,0,2,1,1,0.62,0.6212,0.51,0.3284,65,473,538
3019,2799,2011-05-01,2,0,5,12,0,0,0,2,0.48,0.4697,0.77,0.1045,109,172,281
3020,16353,2012-11-19,4,1,11,2,0,1,1,2,0.36,0.3333,0.66,0.2537,0,5,5
3021,16573,2012-11-28,4,1,11,6,0,3,1,2,0.26,0.2576,0.65,0.2239,4,132,136
3022,3903,2011-06-16,2,0,6,12,0,4,1,1,0.72,0.6667,0.54,0.3881,41,165,206
3023,6443,2011-10-01,4,0,10,0,0,6,0,1,0.5,0.4848,0.63,0.3881,24,106,130
3024,9385,2012-01-31,1,1,1,22,0,2,1,1,0.44,0.4394,0.35,0.2985,11,118,129
3025,16594,2012-11-29,4,1,11,4,0,4,1,1,0.2,0.2273,0.75,0.0896,0,7,7
3026,12560,2012-06-12,2,1,6,12,0,2,1,3,0.66,0.6061,0.83,0.2537,19,76,95
3027,5924,2011-09-09,3,0,9,8,0,5,1,3,0.62,0.5455,0.94,0.1642,12,276,288
3028,13766,2012-08-01,3,1,8,18,0,3,1,3,0.76,0.7121,0.62,0.2239,105,786,891
3029,6734,2011-10-13,4,0,10,3,0,4,1,2,0.54,0.5152,1,0.194,2,4,6
3030,13448,2012-07-19,3,1,7,12,0,4,1,1,0.84,0.7879,0.49,0.2836,59,215,274
3031,7294,2011-11-05,4,0,11,12,0,6,0,1,0.36,0.3485,0.46,0.1642,137,235,372
3032,7637,2011-11-19,4,0,11,19,0,6,0,2,0.34,0.3333,0.71,0.1343,33,149,182
3033,14549,2012-09-03,3,1,9,9,1,1,0,2,0.7,0.6667,0.84,0.1343,71,158,229
3034,4101,2011-06-24,3,0,6,18,0,5,1,1,0.76,0.6667,0.37,0.2985,87,365,452
3035,3844,2011-06-14,2,0,6,1,0,2,1,1,0.6,0.6212,0.49,0.2537,3,10,13
3036,5768,2011-09-02,3,0,9,18,0,5,1,2,0.68,0.6364,0.65,0.194,50,305,355
3037,17146,2012-12-22,1,1,12,4,0,6,0,1,0.26,0.2576,0.48,0.194,3,2,5
3038,10719,2012-03-27,2,1,3,17,0,2,1,1,0.44,0.4394,0.16,0,72,542,614
3039,17300,2012-12-28,1,1,12,16,0,5,1,1,0.3,0.303,0.49,0.1343,42,208,250
3040,4867,2011-07-26,3,0,7,16,0,2,1,1,0.86,0.7576,0.36,0.2836,41,213,254
3041,10087,2012-03-01,1,1,3,8,0,4,1,1,0.42,0.4242,0.94,0.1343,15,579,594
3042,7863,2011-11-29,4,0,11,6,0,2,1,1,0.52,0.5,0.83,0.2836,1,88,89
3043,4768,2011-07-22,3,0,7,13,0,5,1,1,0.94,0.9848,0.51,0.1642,25,98,123
3044,1699,2011-03-16,1,0,3,10,0,3,1,2,0.36,0.3485,0.81,0.1642,19,49,68
3045,10347,2012-03-12,1,1,3,5,0,1,1,1,0.34,0.3333,0.61,0.194,1,15,16
3046,15234,2012-10-01,4,1,10,22,0,1,1,3,0.54,0.5152,0.77,0.0896,17,190,207
3047,15635,2012-10-18,4,1,10,15,0,4,1,2,0.6,0.6061,0.6,0.194,69,284,353
3048,3722,2011-06-08,2,0,6,23,0,3,1,1,0.76,0.7424,0.75,0.194,18,98,116
3049,17133,2012-12-21,1,1,12,15,0,5,1,2,0.3,0.2727,0.42,0.3881,29,234,263
3050,16256,2012-11-15,4,1,11,1,0,4,1,2,0.26,0.2727,0.65,0.1045,2,14,16
3051,5095,2011-08-05,3,0,8,4,0,5,1,1,0.64,0.5909,0.78,0.1343,1,6,7
3052,13056,2012-07-03,3,1,7,4,0,2,1,1,0.68,0.6364,0.65,0.1045,0,6,6
3053,4908,2011-07-28,3,0,7,9,0,4,1,1,0.78,0.7424,0.59,0.194,21,189,210
3054,8145,2011-12-11,4,0,12,0,0,0,0,1,0.2,0.197,0.51,0.2239,5,69,74
3055,14059,2012-08-13,3,1,8,23,0,1,1,1,0.7,0.6515,0.7,0.2239,28,100,128
3056,10958,2012-04-06,2,1,4,17,0,5,1,1,0.52,0.5,0.23,0.4179,172,483,655
3057,9210,2012-01-24,1,1,1,15,0,2,1,2,0.4,0.4091,0.71,0.1642,52,156,208
3058,2609,2011-04-23,2,0,4,14,0,6,0,1,0.58,0.5455,0.78,0.3582,182,209,391
3059,4615,2011-07-16,3,0,7,4,0,6,0,1,0.6,0.5909,0.73,0.0896,9,7,16
3060,4555,2011-07-13,3,0,7,16,0,3,1,2,0.66,0.5909,0.89,0,23,118,141
3061,11929,2012-05-17,2,1,5,5,0,4,1,1,0.56,0.5303,0.68,0.3284,1,34,35
3062,16602,2012-11-29,4,1,11,12,0,4,1,1,0.36,0.3485,0.4,0.1642,11,225,236
3063,2228,2011-04-07,2,0,4,16,0,4,1,1,0.6,0.6212,0.35,0,52,161,213
3064,6828,2011-10-17,4,0,10,1,0,1,1,1,0.56,0.5303,0.54,0.3881,2,15,17
3065,7299,2011-11-05,4,0,11,17,0,6,0,1,0.38,0.3939,0.4,0.1642,100,234,334
3066,876,2011-02-08,1,0,2,22,0,2,1,1,0.12,0.1061,0.33,0.3582,0,29,29
3067,16546,2012-11-27,4,1,11,3,0,2,1,3,0.32,0.3333,0.7,0.1343,1,3,4
3068,12073,2012-05-23,2,1,5,5,0,3,1,3,0.56,0.5303,0.88,0.2537,6,29,35
3069,8116,2011-12-09,4,0,12,19,0,5,1,1,0.34,0.3636,0.61,0,10,189,199
3070,10979,2012-04-07,2,1,4,14,0,6,0,1,0.5,0.4848,0.22,0.2985,326,252,578
3071,2324,2011-04-11,2,0,4,17,0,1,1,1,0.74,0.6667,0.48,0.5224,100,352,452
3072,274,2011-01-12,1,0,1,20,0,3,1,1,0.16,0.1364,0.5,0.3284,2,54,56
3073,3022,2011-05-10,2,0,5,19,0,2,1,1,0.6,0.6212,0.43,0.2239,69,365,434
3074,6276,2011-09-24,4,0,9,1,0,6,0,2,0.58,0.5455,0.94,0.0896,18,61,79
3075,15422,2012-10-09,4,1,10,18,0,2,1,2,0.5,0.4848,0.72,0.2239,26,758,784
3076,13458,2012-07-19,3,1,7,22,0,4,1,3,0.66,0.5909,0.89,0.2537,6,62,68
3077,5894,2011-09-08,3,0,9,1,0,4,1,3,0.62,0.5455,0.94,0.1045,0,4,4
3078,1048,2011-02-16,1,0,2,9,0,3,1,1,0.24,0.2121,0.52,0.2836,2,122,124
3079,9246,2012-01-26,1,1,1,3,0,4,1,2,0.28,0.303,0.75,0.0896,1,5,6
3080,8296,2011-12-17,4,0,12,7,0,6,0,2,0.26,0.2576,0.56,0.2239,0,20,20
3081,9881,2012-02-21,1,1,2,17,0,2,1,1,0.38,0.3939,0.4,0.4478,21,411,432
3082,16948,2012-12-13,4,1,12,22,0,4,1,1,0.26,0.2879,0.6,0.0896,7,141,148
3083,258,2011-01-12,1,0,1,2,0,3,1,1,0.14,0.1515,0.86,0.1343,0,1,1
3084,9377,2012-01-31,1,1,1,14,0,2,1,1,0.5,0.4848,0.29,0.3284,18,142,160
3085,5744,2011-09-01,3,0,9,18,0,4,1,1,0.72,0.6667,0.54,0.2239,69,462,531
3086,795,2011-02-05,1,0,2,13,0,6,0,3,0.22,0.2273,1,0.1642,10,62,72
3087,10506,2012-03-18,1,1,3,20,0,0,0,1,0.52,0.5,0.77,0.1343,59,139,198
3088,9353,2012-01-30,1,1,1,14,0,1,1,1,0.32,0.3333,0.24,0.1343,15,100,115
3089,9320,2012-01-29,1,1,1,5,0,0,0,1,0.2,0.2121,0.51,0.1343,1,6,7
3090,2803,2011-05-01,2,0,5,16,0,0,0,2,0.5,0.4848,0.72,0.194,75,139,214
3091,15409,2012-10-09,4,1,10,5,0,2,1,2,0.38,0.3939,0.82,0.194,0,19,19
3092,9657,2012-02-12,1,1,2,7,0,0,0,1,0.08,0.0909,0.53,0.194,0,18,18
3093,12132,2012-05-25,2,1,5,16,0,5,1,1,0.78,0.7121,0.52,0.2239,137,447,584
3094,10185,2012-03-05,1,1,3,10,0,1,1,2,0.24,0.2576,0.6,0,12,74,86
3095,14828,2012-09-15,3,1,9,0,0,6,0,1,0.6,0.5606,0.83,0.1045,38,169,207
3096,2938,2011-05-07,2,0,5,7,0,6,0,1,0.48,0.4697,0.59,0,8,32,40
3097,7807,2011-11-26,4,0,11,21,0,6,0,2,0.38,0.3939,0.82,0,20,72,92
3098,3482,2011-05-29,2,0,5,23,0,0,0,1,0.66,0.5909,0.89,0.1642,48,87,135
3099,14928,2012-09-19,3,1,9,4,0,3,1,2,0.52,0.5,0.68,0.3582,0,10,10
3100,7835,2011-11-28,4,0,11,1,0,1,1,1,0.46,0.4545,0.77,0.2985,1,12,13
3101,13318,2012-07-14,3,1,7,2,0,6,0,2,0.7,0.6515,0.54,0.1045,10,91,101
3102,1044,2011-02-16,1,0,2,5,0,3,1,1,0.2,0.197,0.47,0.194,0,5,5
3103,3746,2011-06-09,2,0,6,23,0,4,1,2,0.74,0.697,0.57,0.1642,15,82,97
3104,8884,2012-01-11,1,1,1,0,0,3,1,1,0.26,0.303,0.81,0,2,26,28
3105,15342,2012-10-06,4,1,10,10,0,6,0,1,0.62,0.6061,0.69,0.2836,198,341,539
3106,13053,2012-07-03,3,1,7,1,0,2,1,1,0.72,0.6667,0.58,0,5,9,14
3107,12036,2012-05-21,2,1,5,16,0,1,1,2,0.64,0.6061,0.73,0.2537,46,269,315
3108,14988,2012-09-21,3,1,9,16,0,5,1,1,0.7,0.6515,0.54,0.194,103,464,567
3109,15287,2012-10-04,4,1,10,3,0,4,1,2,0.62,0.5606,0.88,0,5,6,11
3110,16837,2012-12-09,4,1,12,7,0,0,0,3,0.4,0.4091,0.87,0.2239,1,22,23
3111,1881,2011-03-24,2,0,3,3,0,4,1,2,0.28,0.2727,1,0.194,1,0,1
3112,6649,2011-10-09,4,0,10,14,0,0,0,1,0.68,0.6364,0.47,0.1642,272,228,500
3113,14835,2012-09-15,3,1,9,7,0,6,0,1,0.54,0.5152,0.52,0.2836,10,63,73
3114,10770,2012-03-29,2,1,3,20,0,4,1,1,0.46,0.4545,0.38,0.2985,34,301,335
3115,7878,2011-11-29,4,0,11,21,0,2,1,2,0.38,0.3939,0.87,0.2537,9,116,125
3116,15278,2012-10-03,4,1,10,18,0,3,1,1,0.7,0.6515,0.65,0,54,756,810
3117,1176,2011-02-21,1,0,2,18,1,1,0,2,0.24,0.2121,0.87,0.3582,2,64,66
3118,6254,2011-09-23,4,0,9,3,0,5,1,2,0.6,0.5,1,0,3,5,8
3119,3658,2011-06-06,2,0,6,7,0,1,1,1,0.62,0.5909,0.78,0.1045,18,281,299
3120,11276,2012-04-20,2,1,4,0,0,5,1,1,0.48,0.4697,0.67,0.1045,5,59,64
3121,5117,2011-08-06,3,0,8,2,0,6,0,1,0.66,0.6061,0.78,0.2239,14,39,53
3122,9946,2012-02-24,1,1,2,10,0,5,1,3,0.36,0.3485,0.81,0.1642,22,119,141
3123,9802,2012-02-18,1,1,2,8,0,6,0,1,0.22,0.2727,0.87,0,10,92,102
3124,16226,2012-11-13,4,1,11,19,0,2,1,1,0.32,0.2879,0.49,0.3582,12,344,356
3125,7304,2011-11-05,4,0,11,22,0,6,0,1,0.3,0.3333,0.65,0,10,72,82
3126,11456,2012-04-27,2,1,4,12,0,5,1,1,0.46,0.4545,0.36,0.3582,63,244,307
3127,3987,2011-06-20,2,0,6,0,0,1,1,1,0.66,0.6061,0.83,0.1642,7,19,26
3128,3785,2011-06-11,2,0,6,14,0,6,0,1,0.82,0.7727,0.49,0.1045,148,232,380
3129,6919,2011-10-20,4,0,10,21,0,4,1,1,0.44,0.4394,0.51,0.2985,16,149,165
3130,200,2011-01-09,1,0,1,14,0,0,0,1,0.22,0.1818,0.32,0.4627,8,64,72
3131,6193,2011-09-20,3,0,9,14,0,2,1,2,0.58,0.5455,0.88,0.194,27,85,112
3132,555,2011-01-25,1,0,1,7,0,2,1,1,0.16,0.1515,0.74,0.2239,5,103,108
3133,12754,2012-06-20,2,1,6,14,0,3,1,1,0.88,0.803,0.39,0.194,56,134,190
3134,10600,2012-03-22,2,1,3,18,0,4,1,1,0.66,0.6212,0.65,0.1642,147,654,801
3135,346,2011-01-15,1,0,1,21,0,6,0,2,0.32,0.303,0.39,0.2239,6,51,57
3136,17199,2012-12-24,1,1,12,10,0,1,1,2,0.26,0.303,0.65,0,21,82,103
3137,6162,2011-09-19,3,0,9,7,0,1,1,2,0.5,0.4848,0.82,0.2239,20,312,332
3138,7370,2011-11-08,4,0,11,16,0,2,1,1,0.56,0.5303,0.46,0.1343,39,250,289
3139,11873,2012-05-14,2,1,5,21,0,1,1,2,0.58,0.5455,0.83,0.0896,7,145,152
3140,8139,2011-12-10,4,0,12,18,0,6,0,1,0.26,0.2576,0.38,0.2239,28,144,172
3141,2237,2011-04-08,2,0,4,1,0,5,1,2,0.34,0.3333,0.76,0.1343,3,6,9
3142,6887,2011-10-19,4,0,10,13,0,3,1,2,0.54,0.5152,0.94,0.2836,20,86,106
3143,3170,2011-05-16,2,0,5,23,0,1,1,1,0.56,0.5303,0.88,0.0896,18,39,57
3144,1748,2011-03-18,1,0,3,12,0,5,1,2,0.56,0.5303,0.49,0.3582,72,123,195
3145,2657,2011-04-25,2,0,4,14,0,1,1,1,0.72,0.6667,0.54,0.2239,47,99,146
3146,12946,2012-06-28,3,1,6,14,0,4,1,1,0.86,0.7273,0.25,0.3284,66,188,254
3147,2155,2011-04-04,2,0,4,15,0,1,1,1,0.76,0.6667,0.23,0.5522,47,96,143
3148,3316,2011-05-23,2,0,5,1,0,1,1,1,0.56,0.5303,0.88,0.1045,4,5,9
3149,11022,2012-04-09,2,1,4,9,0,1,1,1,0.46,0.4545,0.31,0.3582,50,236,286
3150,12468,2012-06-08,2,1,6,16,0,5,1,1,0.76,0.6667,0.29,0.2985,111,412,523
3151,15261,2012-10-03,4,1,10,1,0,3,1,2,0.62,0.5455,0.94,0,3,16,19
3152,15302,2012-10-04,4,1,10,18,0,4,1,1,0.66,0.6212,0.57,0.1045,75,812,887
3153,16476,2012-11-24,4,1,11,5,0,6,0,1,0.26,0.2273,0.41,0.3284,1,2,3
3154,13476,2012-07-20,3,1,7,16,0,5,1,2,0.68,0.6364,0.83,0.3284,70,366,436
3155,17143,2012-12-22,1,1,12,1,0,6,0,1,0.26,0.2121,0.44,0.4478,1,34,35
3156,9544,2012-02-07,1,1,2,14,0,2,1,1,0.44,0.4394,0.38,0.2537,11,127,138
3157,6058,2011-09-14,3,0,9,23,0,3,1,2,0.64,0.6061,0.69,0.1045,10,62,72
3158,6138,2011-09-18,3,0,9,7,0,0,0,1,0.46,0.4545,0.72,0.2239,15,29,44
3159,2454,2011-04-17,2,0,4,3,0,0,0,1,0.4,0.4091,0.66,0.1343,12,13,25
3160,219,2011-01-10,1,0,1,9,0,1,1,2,0.14,0.1212,0.5,0.2537,2,92,94
3161,8041,2011-12-06,4,0,12,16,0,2,1,3,0.46,0.4545,1,0.2537,4,84,88
3162,5291,2011-08-13,3,0,8,8,0,6,0,2,0.7,0.6515,0.65,0.1642,28,90,118
3163,361,2011-01-16,1,0,1,12,0,0,0,1,0.24,0.2121,0.41,0.2836,29,75,104
3164,11226,2012-04-17,2,1,4,22,0,2,1,1,0.54,0.5152,0.3,0.2537,18,144,162
3165,12171,2012-05-27,2,1,5,7,0,0,0,1,0.62,0.5606,0.88,0.1642,22,30,52
3166,4725,2011-07-20,3,0,7,18,0,3,1,1,0.84,0.8333,0.59,0.2239,68,429,497
3167,12955,2012-06-28,3,1,6,23,0,4,1,1,0.74,0.6667,0.48,0.1343,26,145,171
3168,15614,2012-10-17,4,1,10,18,0,3,1,1,0.52,0.5,0.59,0.1642,90,794,884
3169,5077,2011-08-04,3,0,8,10,0,4,1,1,0.72,0.6667,0.71,0.2985,24,89,113
3170,9706,2012-02-14,1,1,2,8,0,2,1,2,0.24,0.2879,0.7,0,3,510,513
3171,13820,2012-08-04,3,1,8,0,0,6,0,1,0.74,0.7121,0.79,0.1642,24,137,161
3172,7113,2011-10-28,4,0,10,23,0,5,1,3,0.3,0.2727,0.81,0.3284,8,31,39
3173,3283,2011-05-21,2,0,5,16,0,6,0,2,0.72,0.6515,0.39,0.2537,204,267,471
3174,9273,2012-01-27,1,1,1,6,0,5,1,2,0.42,0.4242,1,0.3284,0,72,72
3175,4771,2011-07-22,3,0,7,16,0,5,1,3,0.9,0.8333,0.39,0.2985,29,153,182
3176,11302,2012-04-21,2,1,4,2,0,6,0,1,0.52,0.5,0.77,0.1343,12,69,81
3177,13677,2012-07-29,3,1,7,1,0,0,0,1,0.66,0.6061,0.83,0.1045,49,109,158
3178,4873,2011-07-26,3,0,7,22,0,2,1,1,0.76,0.697,0.55,0.1343,27,131,158
3179,15395,2012-10-08,4,1,10,15,1,1,0,3,0.42,0.4242,0.58,0.194,76,294,370
3180,10666,2012-03-25,2,1,3,12,0,0,0,2,0.4,0.4091,0.94,0.2239,122,238,360
3181,12012,2012-05-20,2,1,5,16,0,0,0,1,0.72,0.6515,0.42,0.3582,238,339,577
3182,13442,2012-07-19,3,1,7,6,0,4,1,1,0.72,0.6818,0.66,0.1343,8,144,152
3183,4897,2011-07-27,3,0,7,22,0,3,1,1,0.72,0.6667,0.48,0,37,143,180
3184,16118,2012-11-09,4,1,11,7,0,5,1,1,0.26,0.2727,0.65,0.1343,9,332,341
3185,2978,2011-05-08,2,0,5,23,0,0,0,1,0.46,0.4545,0.88,0.0896,9,41,50
3186,8441,2011-12-23,1,0,12,8,0,5,1,1,0.4,0.4091,0.76,0.2537,9,173,182
3187,1480,2011-03-06,1,0,3,23,0,0,0,2,0.22,0.197,1,0.4179,0,9,9
3188,8699,2012-01-03,1,1,1,6,0,2,1,1,0.14,0.1212,0.59,0.2836,4,81,85
3189,9214,2012-01-24,1,1,1,19,0,2,1,1,0.44,0.4394,0.51,0.0896,20,311,331
3190,4680,2011-07-18,3,0,7,21,0,1,1,1,0.74,0.697,0.66,0.194,48,154,202
3191,4044,2011-06-22,3,0,6,9,0,3,1,1,0.72,0.697,0.79,0.1642,14,205,219
3192,1584,2011-03-11,1,0,3,11,0,5,1,2,0.32,0.303,0.57,0.2985,14,67,81
3193,7035,2011-10-25,4,0,10,17,0,2,1,1,0.56,0.5303,0.37,0.1045,68,517,585
3194,16828,2012-12-08,4,1,12,22,0,6,0,2,0.38,0.3939,0.94,0.1045,23,137,160
3195,4985,2011-07-31,3,0,7,14,0,0,0,1,0.9,0.7727,0.24,0.1642,130,196,326
3196,11064,2012-04-11,2,1,4,3,0,3,1,1,0.3,0.2879,0.49,0.2239,0,2,2
3197,1353,2011-03-01,1,0,3,15,0,2,1,1,0.34,0.3636,0.34,0,7,57,64
3198,5360,2011-08-16,3,0,8,5,0,2,1,1,0.62,0.5909,0.73,0.2836,1,29,30
3199,1183,2011-02-22,1,0,2,7,0,2,1,2,0.12,0.1212,0.8,0.2836,0,40,40
3200,4915,2011-07-28,3,0,7,16,0,4,1,1,0.86,0.803,0.47,0.1642,42,214,256
3201,10968,2012-04-07,2,1,4,3,0,6,0,1,0.36,0.3333,0.32,0.2537,7,21,28
3202,14639,2012-09-07,3,1,9,3,0,5,1,1,0.62,0.5758,0.83,0.0896,0,9,9
3203,4171,2011-06-27,3,0,6,16,0,1,1,1,0.74,0.6818,0.55,0.1045,53,222,275
3204,3109,2011-05-14,2,0,5,10,0,6,0,2,0.52,0.5,0.94,0.1642,34,133,167
3205,15198,2012-09-30,4,1,9,10,0,0,0,1,0.58,0.5455,0.46,0.1642,160,319,479
3206,4853,2011-07-26,3,0,7,2,0,2,1,1,0.68,0.6364,0.89,0.1045,1,6,7
3207,8697,2012-01-03,1,1,1,4,0,2,1,1,0.16,0.1515,0.55,0.2537,0,5,5
3208,12285,2012-06-01,2,1,6,1,0,5,1,1,0.64,0.6212,0.53,0.2239,0,34,34
3209,6253,2011-09-23,4,0,9,2,0,5,1,2,0.6,0.5,1,0.1045,6,14,20
3210,3653,2011-06-06,2,0,6,2,0,1,1,1,0.58,0.5455,0.88,0.1045,4,4,8
3211,8311,2011-12-17,4,0,12,22,0,6,0,1,0.2,0.2121,0.75,0.1642,7,73,80
3212,818,2011-02-06,1,0,2,12,0,0,0,1,0.34,0.3333,0.46,0,48,126,174
3213,9546,2012-02-07,1,1,2,16,0,2,1,1,0.44,0.4394,0.35,0.2537,19,257,276
3214,11376,2012-04-24,2,1,4,4,0,2,1,1,0.3,0.2879,0.7,0.194,0,3,3
3215,9578,2012-02-09,1,1,2,0,0,4,1,2,0.24,0.2424,0.87,0.1642,3,23,26
3216,12879,2012-06-25,3,1,6,19,0,1,1,1,0.74,0.6515,0.27,0.4627,74,508,582
3217,10112,2012-03-02,1,1,3,9,0,5,1,1,0.3,0.3333,0.81,0,15,299,314
3218,9618,2012-02-10,1,1,2,16,0,5,1,2,0.34,0.3182,0.42,0.2537,28,240,268
3219,12142,2012-05-26,2,1,5,2,0,6,0,1,0.64,0.5758,0.89,0.1343,9,55,64
3220,42,2011-01-02,1,0,1,18,0,0,0,2,0.36,0.3333,0.46,0.3284,10,43,53
3221,12224,2012-05-29,2,1,5,12,0,2,1,1,0.8,0.7576,0.55,0.3284,56,181,237
3222,11519,2012-04-30,2,1,4,3,0,1,1,1,0.4,0.4091,0.76,0.1642,0,4,4
3223,5546,2011-08-23,3,0,8,23,0,2,1,1,0.62,0.6061,0.61,0.1343,19,61,80
3224,7509,2011-11-14,4,0,11,11,0,1,1,2,0.54,0.5152,0.6,0.2836,22,106,128
3225,15182,2012-09-29,4,1,9,18,0,6,0,1,0.56,0.5303,0.46,0.194,174,420,594
3226,16575,2012-11-28,4,1,11,8,0,3,1,1,0.24,0.2121,0.6,0.2836,9,683,692
3227,15208,2012-09-30,4,1,9,20,0,0,0,3,0.5,0.4848,0.72,0.1343,31,163,194
3228,15918,2012-10-31,4,1,10,22,0,3,1,1,0.36,0.3485,0.57,0.1343,18,147,165
3229,15565,2012-10-15,4,1,10,17,0,1,1,1,0.56,0.5303,0.64,0.2537,96,670,766
3230,8077,2011-12-08,4,0,12,4,0,4,1,2,0.24,0.197,0.6,0.4627,0,2,2
3231,17038,2012-12-17,4,1,12,16,0,1,1,3,0.4,0.4091,0.94,0.2537,15,287,302
3232,14874,2012-09-16,3,1,9,22,0,0,0,1,0.56,0.5303,0.68,0.0896,18,109,127
3233,7408,2011-11-10,4,0,11,6,0,4,1,2,0.36,0.3485,1,0.1343,4,110,114
3234,3699,2011-06-08,2,0,6,0,0,3,1,1,0.66,0.5909,0.89,0.1343,12,29,41
3235,7426,2011-11-11,4,0,11,0,1,5,0,1,0.34,0.3182,0.53,0.2537,10,56,66
3236,15967,2012-11-02,4,1,11,23,0,5,1,1,0.34,0.303,0.53,0.2985,11,108,119
3237,5419,2011-08-18,3,0,8,16,0,4,1,1,0.8,0.7273,0.46,0.3582,49,196,245
3238,7924,2011-12-01,4,0,12,19,0,4,1,1,0.34,0.3485,0.46,0.1045,9,219,228
3239,5839,2011-09-05,3,0,9,17,1,1,0,2,0.66,0.5909,0.89,0.1045,37,77,114
3240,14951,2012-09-20,3,1,9,3,0,4,1,1,0.44,0.4394,0.77,0,0,6,6
3241,2579,2011-04-22,2,0,4,8,0,5,1,2,0.34,0.3182,0.53,0.2537,15,331,346
3242,9061,2012-01-18,1,1,1,10,0,3,1,1,0.3,0.2727,0.42,0.4627,5,88,93
3243,4177,2011-06-27,3,0,6,22,0,1,1,1,0.68,0.6364,0.69,0,33,112,145
3244,12316,2012-06-02,2,1,6,8,0,6,0,1,0.54,0.5152,0.64,0.1642,30,180,210
3245,3853,2011-06-14,2,0,6,10,0,2,1,1,0.62,0.6212,0.46,0.2239,33,97,130
3246,14588,2012-09-05,3,1,9,0,0,3,1,1,0.72,0.697,0.74,0.2537,10,27,37
3247,15770,2012-10-24,4,1,10,6,0,3,1,1,0.48,0.4697,0.82,0.1045,11,162,173
3248,13564,2012-07-24,3,1,7,8,0,2,1,1,0.74,0.697,0.7,0.194,49,694,743
3249,2247,2011-04-08,2,0,4,11,0,5,1,2,0.4,0.4091,0.62,0.3881,19,79,98
3250,1255,2011-02-25,1,0,2,10,0,5,1,3,0.42,0.4242,0.94,0.3284,7,42,49
3251,10491,2012-03-18,1,1,3,5,0,0,0,2,0.4,0.4091,0.94,0.1045,0,6,6
3252,8188,2011-12-12,4,0,12,19,0,1,1,1,0.28,0.303,0.61,0.0896,9,232,241
3253,6955,2011-10-22,4,0,10,9,0,6,0,1,0.42,0.4242,0.67,0.0896,47,122,169
3254,11357,2012-04-23,2,1,4,9,0,1,1,2,0.3,0.2727,0.75,0.3881,17,255,272
3255,2123,2011-04-03,2,0,4,7,0,0,0,1,0.32,0.303,0.57,0.2239,13,20,33
3256,2674,2011-04-26,2,0,4,7,0,2,1,1,0.58,0.5455,0.83,0.2985,16,254,270
3257,7555,2011-11-16,4,0,11,9,0,3,1,3,0.46,0.4545,0.94,0,5,77,82
3258,11104,2012-04-12,2,1,4,20,0,4,1,1,0.44,0.4394,0.33,0.2537,26,254,280
3259,11217,2012-04-17,2,1,4,13,0,2,1,1,0.62,0.6212,0.29,0.2537,52,187,239
3260,14181,2012-08-19,3,1,8,1,0,0,0,1,0.64,0.6061,0.65,0,29,102,131
3261,1517,2011-03-08,1,0,3,13,0,2,1,2,0.38,0.3939,0.25,0.1045,25,73,98
3262,3996,2011-06-20,2,0,6,9,0,1,1,2,0.6,0.5758,0.78,0.2537,19,200,219
3263,16326,2012-11-17,4,1,11,23,0,6,0,2,0.3,0.3182,0.7,0.1045,19,114,133
3264,5654,2011-08-29,3,0,8,0,0,1,1,1,0.62,0.5909,0.73,0.1045,13,21,34
3265,6063,2011-09-15,3,0,9,4,0,4,1,1,0.6,0.5758,0.78,0.1045,2,5,7
3266,16596,2012-11-29,4,1,11,6,0,4,1,1,0.22,0.2727,0.69,0,1,120,121
3267,7508,2011-11-14,4,0,11,10,0,1,1,2,0.5,0.4848,0.63,0.2836,26,85,111
3268,15120,2012-09-27,4,1,9,4,0,4,1,1,0.56,0.5303,0.94,0.1343,2,6,8
3269,6180,2011-09-20,3,0,9,1,0,2,1,2,0.54,0.5152,0.88,0.1642,3,11,14
3270,2345,2011-04-12,2,0,4,14,0,2,1,2,0.5,0.4848,0.82,0.2836,16,28,44
3271,10325,2012-03-11,1,1,3,7,0,0,0,1,0.22,0.2273,0.69,0.1343,2,15,17
3272,7783,2011-11-25,4,0,11,21,0,5,1,1,0.36,0.3788,0.71,0,24,61,85
3273,12712,2012-06-18,2,1,6,20,0,1,1,2,0.62,0.5909,0.73,0.1343,45,317,362
3274,13010,2012-07-01,3,1,7,6,0,0,0,1,0.7,0.6667,0.79,0.0896,8,19,27
3275,8128,2011-12-10,4,0,12,7,0,6,0,1,0.24,0.2273,0.65,0.194,0,11,11
3276,13397,2012-07-17,3,1,7,9,0,2,1,2,0.82,0.7727,0.49,0.2239,32,288,320
3277,7898,2011-11-30,4,0,11,17,0,3,1,2,0.34,0.303,0.49,0.3284,15,365,380
3278,3510,2011-05-31,2,0,5,3,0,2,1,2,0.64,0.5606,0.94,0,1,3,4
3279,17015,2012-12-16,4,1,12,17,0,0,0,2,0.38,0.3939,0.82,0.1045,29,214,243
3280,3770,2011-06-10,2,0,6,23,0,5,1,1,0.72,0.697,0.74,0.1642,36,110,146
3281,11035,2012-04-09,2,1,4,22,0,1,1,2,0.46,0.4545,0.41,0.4925,6,102,108
3282,4677,2011-07-18,3,0,7,18,0,1,1,1,0.82,0.7727,0.49,0.3582,80,478,558
3283,13656,2012-07-28,3,1,7,4,0,6,0,1,0.7,0.6667,0.79,0.194,1,10,11
3284,3166,2011-05-16,2,0,5,19,0,1,1,1,0.58,0.5455,0.83,0.2537,36,272,308
3285,11829,2012-05-13,2,1,5,1,0,0,0,2,0.54,0.5152,0.68,0.1343,22,72,94
3286,4281,2011-07-02,3,0,7,6,0,6,0,1,0.62,0.6061,0.69,0.1045,11,21,32
3287,386,2011-01-17,1,0,1,13,1,1,0,2,0.18,0.197,0.47,0.1343,13,80,93
3288,11561,2012-05-01,2,1,5,21,0,2,1,1,0.64,0.6061,0.65,0.1343,31,251,282
3289,34,2011-01-02,1,0,1,10,0,0,0,2,0.36,0.3485,0.81,0.2239,7,46,53
3290,10337,2012-03-11,1,1,3,19,0,0,0,1,0.5,0.4848,0.31,0.2836,55,203,258
3291,17254,2012-12-26,1,1,12,18,0,3,1,3,0.28,0.2576,0.93,0.2985,1,42,43
3292,15999,2012-11-04,4,1,11,7,0,0,0,1,0.26,0.2727,0.65,0.1045,11,39,50
3293,312,2011-01-14,1,0,1,11,0,5,1,1,0.18,0.1667,0.51,0.2836,6,47,53
3294,335,2011-01-15,1,0,1,10,0,6,0,1,0.18,0.197,0.59,0.1642,2,57,59
3295,13382,2012-07-16,3,1,7,18,0,1,1,1,0.84,0.803,0.53,0,97,697,794
3296,5897,2011-09-08,3,0,9,5,0,4,1,3,0.62,0.5455,0.94,0.0896,1,13,14
3297,1140,2011-02-20,1,0,2,6,0,0,0,1,0.2,0.1818,0.47,0.2985,1,1,2
3298,1304,2011-02-27,1,0,2,12,0,0,0,1,0.4,0.4091,0.54,0.0896,61,132,193
3299,6978,2011-10-23,4,0,10,8,0,0,0,1,0.36,0.3485,0.87,0.1343,32,56,88
3300,6021,2011-09-13,3,0,9,10,0,2,1,1,0.68,0.6364,0.69,0.1343,42,93,135
3301,8632,2011-12-31,1,0,12,10,0,6,0,1,0.4,0.4091,0.76,0.1642,20,108,128
3302,4029,2011-06-21,3,0,6,18,0,2,1,2,0.76,0.7273,0.7,0.2537,67,469,536
3303,12724,2012-06-19,2,1,6,8,0,2,1,2,0.6,0.5758,0.78,0.1642,40,633,673
3304,7050,2011-10-26,4,0,10,8,0,3,1,2,0.44,0.4394,0.67,0.194,26,438,464
3305,16729,2012-12-04,4,1,12,19,0,2,1,1,0.48,0.4697,0.67,0.2239,46,414,460
3306,9860,2012-02-20,1,1,2,19,1,1,0,1,0.34,0.3182,0.34,0.2239,8,164,172
3307,9362,2012-01-30,1,1,1,23,0,1,1,1,0.26,0.2576,0.6,0.194,0,52,52
3308,7616,2011-11-18,4,0,11,22,0,5,1,1,0.26,0.2727,0.52,0.1045,9,88,97
3309,3102,2011-05-14,2,0,5,3,0,6,0,2,0.5,0.4848,0.88,0.1343,5,30,35
3310,8472,2011-12-24,1,0,12,15,0,6,0,1,0.32,0.303,0.39,0.2239,15,82,97
3311,5982,2011-09-11,3,0,9,18,0,0,0,1,0.68,0.6364,0.65,0.2985,110,229,339
3312,5762,2011-09-02,3,0,9,12,0,5,1,2,0.66,0.6212,0.69,0.2239,82,178,260
3313,9162,2012-01-22,1,1,1,15,0,0,0,2,0.16,0.1515,0.8,0.194,27,149,176
3314,8688,2012-01-02,1,1,1,19,1,1,0,1,0.24,0.2273,0.38,0.2239,4,89,93
3315,4014,2011-06-21,3,0,6,3,0,2,1,3,0.62,0.5758,0.83,0.1642,0,2,2
3316,5484,2011-08-21,3,0,8,9,0,0,0,1,0.72,0.697,0.74,0.2239,80,151,231
3317,7158,2011-10-30,4,0,10,20,0,0,0,1,0.34,0.3636,0.57,0,18,74,92
3318,12204,2012-05-28,2,1,5,16,1,1,0,1,0.82,0.7879,0.56,0.3284,223,278,501
3319,10366,2012-03-13,1,1,3,0,0,2,1,2,0.56,0.5303,0.52,0.194,5,21,26
3320,1644,2011-03-14,1,0,3,0,0,1,1,1,0.26,0.2727,0.65,0.1045,4,7,11
3321,2975,2011-05-08,2,0,5,20,0,0,0,1,0.52,0.5,0.77,0.1343,42,132,174
3322,1577,2011-03-11,1,0,3,3,0,5,1,2,0.32,0.3333,0.93,0.0896,0,2,2
3323,1025,2011-02-15,1,0,2,9,0,2,1,1,0.22,0.197,0.29,0.4478,2,108,110
3324,11387,2012-04-24,2,1,4,15,0,2,1,1,0.5,0.4848,0.23,0.4179,60,176,236
3325,10365,2012-03-12,1,1,3,23,0,1,1,1,0.56,0.5303,0.56,0.2239,10,53,63
3326,5716,2011-08-31,3,0,8,14,0,3,1,1,0.74,0.6515,0.4,0.1343,48,148,196
3327,11915,2012-05-16,2,1,5,15,0,3,1,2,0.72,0.6667,0.48,0.1045,52,222,274
3328,2907,2011-05-06,2,0,5,0,0,5,1,1,0.44,0.4394,0.44,0.1642,13,43,56
3329,8967,2012-01-14,1,1,1,11,0,6,0,1,0.2,0.197,0.4,0.194,28,150,178
3330,11318,2012-04-21,2,1,4,18,0,6,0,2,0.68,0.6364,0.47,0.4925,133,283,416
3331,5609,2011-08-26,3,0,8,14,0,5,1,1,0.8,0.7727,0.59,0,55,164,219
3332,12559,2012-06-12,2,1,6,11,0,2,1,3,0.66,0.6061,0.83,0.3582,8,57,65
3333,10416,2012-03-15,1,1,3,2,0,4,1,1,0.5,0.4848,0.59,0,14,5,19
3334,3185,2011-05-17,2,0,5,14,0,2,1,1,0.62,0.5909,0.73,0.4627,61,123,184
3335,17179,2012-12-23,1,1,12,13,0,0,0,1,0.32,0.303,0.39,0.2239,63,123,186
3336,2253,2011-04-08,2,0,4,17,0,5,1,3,0.32,0.303,0.93,0.2537,10,138,148
3337,10927,2012-04-05,2,1,4,10,0,4,1,1,0.42,0.4242,0.35,0.2836,88,158,246
3338,10805,2012-03-31,2,1,3,7,0,6,0,2,0.36,0.3485,0.87,0.1642,5,39,44
3339,15835,2012-10-26,4,1,10,23,0,5,1,1,0.52,0.5,0.83,0.1642,19,159,178
3340,4439,2011-07-08,3,0,7,20,0,5,1,1,0.66,0.6061,0.83,0.1642,30,220,250
3341,4955,2011-07-30,3,0,7,8,0,6,0,1,0.78,0.7424,0.59,0.2239,27,87,114
3342,12767,2012-06-21,3,1,6,3,0,4,1,1,0.72,0.697,0.74,0,3,8,11
3343,4722,2011-07-20,3,0,7,15,0,3,1,1,0.86,0.8182,0.5,0.1642,36,102,138
3344,11475,2012-04-28,2,1,4,7,0,6,0,1,0.34,0.3333,0.49,0.1642,10,45,55
3345,7514,2011-11-14,4,0,11,16,0,1,1,1,0.62,0.6212,0.46,0.4179,51,264,315
3346,9240,2012-01-25,1,1,1,21,0,3,1,1,0.3,0.3333,0.65,0,19,166,185
3347,16499,2012-11-25,4,1,11,4,0,0,0,1,0.22,0.2727,0.44,0,1,1,2
3348,10280,2012-03-09,1,1,3,9,0,5,1,2,0.34,0.2879,0.42,0.5224,17,267,284
3349,5041,2011-08-02,3,0,8,22,0,2,1,2,0.78,0.7424,0.59,0.1642,22,169,191
3350,5406,2011-08-18,3,0,8,3,0,4,1,1,0.66,0.6212,0.69,0.2836,0,6,6
3351,15496,2012-10-12,4,1,10,20,0,5,1,1,0.42,0.4242,0.47,0.1343,28,280,308
3352,17347,2012-12-30,1,1,12,15,0,0,0,1,0.28,0.2576,0.38,0.3284,37,101,138
3353,14889,2012-09-17,3,1,9,13,0,1,1,1,0.64,0.6061,0.65,0.2537,112,231,343
3354,15243,2012-10-02,4,1,10,7,0,2,1,3,0.58,0.5455,0.83,0.1045,4,256,260
3355,14479,2012-08-31,3,1,8,11,0,5,1,1,0.86,0.7424,0.28,0.2985,88,221,309
3356,12856,2012-06-24,3,1,6,20,0,0,0,1,0.78,0.697,0.46,0.2537,108,224,332
3357,15135,2012-09-27,4,1,9,19,0,4,1,1,0.66,0.6212,0.65,0.1343,48,511,559
3358,16638,2012-12-01,4,1,12,0,0,6,0,1,0.26,0.303,0.81,0,9,99,108
3359,2358,2011-04-13,2,0,4,3,0,3,1,3,0.4,0.4091,0.94,0.3284,0,2,2
3360,569,2011-01-25,1,0,1,21,0,2,1,1,0.24,0.2273,0.65,0.194,5,40,45
3361,15861,2012-10-28,4,1,10,1,0,0,0,2,0.5,0.4848,0.72,0.2836,22,111,133
3362,4085,2011-06-24,3,0,6,2,0,5,1,1,0.66,0.6061,0.83,0.3284,4,10,14
3363,9602,2012-02-10,1,1,2,0,0,5,1,2,0.28,0.303,0.65,0.0896,4,39,43
3364,32,2011-01-02,1,0,1,8,0,0,0,3,0.4,0.4091,0.71,0.2239,0,8,8
3365,4845,2011-07-25,3,0,7,18,0,1,1,1,0.74,0.7121,0.74,0.0896,60,473,533
3366,122,2011-01-06,1,0,1,7,0,4,1,2,0.16,0.2273,0.59,0,0,95,95
3367,14257,2012-08-22,3,1,8,5,0,3,1,1,0.6,0.5758,0.78,0,2,38,40
3368,1612,2011-03-12,1,0,3,15,0,6,0,1,0.42,0.4242,0.44,0.4925,81,101,182
3369,9101,2012-01-20,1,1,1,2,0,5,1,1,0.26,0.2727,0.48,0.1343,0,11,11
3370,15272,2012-10-03,4,1,10,12,0,3,1,2,0.7,0.6515,0.7,0.1045,69,289,358
3371,13726,2012-07-31,3,1,7,2,0,2,1,1,0.66,0.6061,0.83,0.1343,0,8,8
3372,5917,2011-09-09,3,0,9,1,0,5,1,2,0.62,0.5152,1,0.1642,0,8,8
3373,15575,2012-10-16,4,1,10,3,0,2,1,1,0.42,0.4242,0.67,0.1045,0,2,2
3374,2125,2011-04-03,2,0,4,9,0,0,0,1,0.36,0.3182,0.5,0.4925,68,74,142
3375,5842,2011-09-05,3,0,9,20,1,1,0,3,0.66,0.5909,0.94,0.2537,26,56,82
3376,12310,2012-06-02,2,1,6,2,0,6,0,2,0.54,0.5152,0.88,0,3,38,41
3377,11787,2012-05-11,2,1,5,7,0,5,1,1,0.42,0.4242,0.5,0.2537,6,345,351
3378,733,2011-02-02,1,0,2,21,0,3,1,1,0.22,0.197,0.47,0.3284,1,62,63
3379,3411,2011-05-27,2,0,5,0,0,5,1,1,0.68,0.6364,0.69,0.2537,14,55,69
3380,16512,2012-11-25,4,1,11,17,0,0,0,1,0.28,0.2727,0.41,0.1642,11,170,181
3381,11910,2012-05-16,2,1,5,10,0,3,1,1,0.66,0.6212,0.61,0,43,149,192
3382,80,2011-01-04,1,0,1,11,0,2,1,1,0.22,0.2121,0.51,0.2985,7,50,57
3383,16039,2012-11-05,4,1,11,23,0,1,1,1,0.26,0.2727,0.6,0.1343,0,53,53
3384,4895,2011-07-27,3,0,7,20,0,3,1,1,0.76,0.6818,0.45,0.2239,55,239,294
3385,411,2011-01-19,1,0,1,2,0,3,1,3,0.22,0.2273,0.93,0.1343,0,3,3
3386,3920,2011-06-17,2,0,6,5,0,5,1,1,0.54,0.5152,1,0,1,12,13
3387,3636,2011-06-05,2,0,6,9,0,0,0,2,0.6,0.5758,0.78,0.194,53,111,164
3388,16781,2012-12-06,4,1,12,23,0,4,1,1,0.24,0.2424,0.65,0.1642,0,93,93
3389,1085,2011-02-17,1,0,2,22,0,4,1,1,0.5,0.4848,0.59,0.2836,8,68,76
3390,9807,2012-02-18,1,1,2,13,0,6,0,1,0.4,0.4091,0.43,0.2836,165,219,384
3391,11711,2012-05-08,2,1,5,3,0,2,1,2,0.52,0.5,0.68,0.2836,2,4,6
3392,5606,2011-08-26,3,0,8,11,0,5,1,2,0.76,0.7121,0.62,0,63,151,214
3393,8353,2011-12-19,4,0,12,16,0,1,1,1,0.4,0.4091,0.4,0.2537,19,189,208
3394,6545,2011-10-05,4,0,10,6,0,3,1,1,0.44,0.4394,0.82,0.1045,5,112,117
3395,3435,2011-05-28,2,0,5,0,0,6,0,1,0.58,0.5455,0.88,0.1343,15,79,94
3396,2189,2011-04-06,2,0,4,1,0,3,1,1,0.26,0.2727,0.6,0.1343,0,2,2
3397,5378,2011-08-16,3,0,8,23,0,2,1,1,0.66,0.6212,0.65,0.1343,20,57,77
3398,6485,2011-10-02,4,0,10,18,0,0,0,2,0.36,0.3485,0.81,0.194,16,158,174
3399,17062,2012-12-18,4,1,12,16,0,2,1,1,0.44,0.4394,0.41,0.4627,40,323,363
3400,7663,2011-11-20,4,0,11,21,0,0,0,2,0.48,0.4697,0.77,0.0896,11,94,105
3401,13186,2012-07-08,3,1,7,14,0,0,0,1,0.96,0.9091,0.36,0.1642,77,235,312
3402,13689,2012-07-29,3,1,7,13,0,0,0,1,0.8,0.7424,0.49,0.2239,181,302,483
3403,2082,2011-04-01,2,0,4,14,0,5,1,2,0.36,0.3333,0.46,0.3582,26,61,87
3404,13669,2012-07-28,3,1,7,17,0,6,0,1,0.82,0.7576,0.46,0.194,199,280,479
3405,5713,2011-08-31,3,0,8,11,0,3,1,1,0.72,0.6515,0.42,0.1343,28,143,171
3406,158,2011-01-07,1,0,1,20,0,5,1,1,0.18,0.2121,0.47,0.1045,1,50,51
3407,9870,2012-02-21,1,1,2,6,0,2,1,1,0.2,0.2576,0.75,0,3,83,86
3408,9552,2012-02-07,1,1,2,22,0,2,1,1,0.32,0.3182,0.57,0.194,11,107,118
3409,8526,2011-12-26,1,0,12,23,1,1,0,1,0.26,0.2727,0.7,0.1045,4,25,29
3410,4258,2011-07-01,3,0,7,7,0,5,1,1,0.66,0.6212,0.54,0.1045,25,218,243
3411,4744,2011-07-21,3,0,7,13,0,4,1,1,0.88,0.8939,0.56,0.2985,21,81,102
3412,9911,2012-02-22,1,1,2,23,0,3,1,2,0.46,0.4545,0.41,0.2836,5,57,62
3413,7959,2011-12-03,4,0,12,6,0,6,0,1,0.24,0.2576,0.65,0.1045,1,10,11
3414,8742,2012-01-05,1,1,1,1,0,4,1,1,0.2,0.2273,0.51,0.0896,0,5,5
3415,1485,2011-03-07,1,0,3,5,0,1,1,1,0.2,0.1818,0.75,0.3582,0,1,1
3416,15817,2012-10-26,4,1,10,5,0,5,1,2,0.52,0.5,0.88,0.1045,3,47,50
3417,706,2011-02-01,1,0,2,18,0,2,1,2,0.24,0.2576,0.81,0.1045,3,165,168
3418,11264,2012-04-19,2,1,4,12,0,4,1,1,0.54,0.5152,0.49,0,51,213,264
3419,14082,2012-08-14,3,1,8,22,0,2,1,1,0.72,0.6818,0.66,0.0896,28,161,189
3420,3155,2011-05-16,2,0,5,8,0,1,1,1,0.56,0.5303,0.73,0.2985,28,366,394
3421,3670,2011-06-06,2,0,6,19,0,1,1,1,0.72,0.6667,0.54,0.194,64,343,407
3422,5501,2011-08-22,3,0,8,2,0,1,1,2,0.7,0.6515,0.65,0.1045,2,6,8
3423,954,2011-02-12,1,0,2,8,0,6,0,1,0.14,0.1515,0.86,0.1343,2,28,30
3424,8727,2012-01-04,1,1,1,10,0,3,1,1,0.06,0.1061,0.45,0,7,57,64
3425,7586,2011-11-17,4,0,11,16,0,4,1,1,0.32,0.2879,0.39,0.4179,8,187,195
3426,5140,2011-08-07,3,0,8,1,0,0,0,2,0.7,0.6667,0.84,0.2537,10,63,73
3427,397,2011-01-18,1,0,1,12,0,2,1,2,0.2,0.1818,0.86,0.3284,0,3,3
3428,11588,2012-05-03,2,1,5,0,0,4,1,2,0.48,0.4697,0.82,0.2239,15,75,90
3429,16421,2012-11-21,4,1,11,22,0,3,1,1,0.34,0.3636,0.49,0,6,82,88
3430,5268,2011-08-12,3,0,8,9,0,5,1,1,0.72,0.6515,0.34,0.1343,27,178,205
3431,17131,2012-12-21,1,1,12,13,0,5,1,2,0.32,0.2879,0.39,0.4179,26,214,240
3432,2537,2011-04-20,2,0,4,14,0,3,1,1,0.74,0.6515,0.4,0.4627,33,115,148
3433,15909,2012-10-31,4,1,10,13,0,3,1,1,0.42,0.4242,0.5,0.2239,22,191,213
3434,4157,2011-06-27,3,0,6,2,0,1,1,3,0.62,0.5909,0.78,0.1343,3,3,6
3435,8963,2012-01-14,1,1,1,7,0,6,0,1,0.14,0.1515,0.5,0.1343,0,24,24
3436,11225,2012-04-17,2,1,4,21,0,2,1,1,0.56,0.5303,0.26,0.2985,37,260,297
3437,8456,2011-12-23,1,0,12,23,0,5,1,1,0.32,0.3333,0.66,0.1343,4,21,25
3438,15426,2012-10-09,4,1,10,22,0,2,1,2,0.48,0.4697,0.77,0.0896,7,155,162
3439,16204,2012-11-12,4,1,11,21,1,1,0,3,0.54,0.5152,0.73,0.2239,10,145,155
3440,14867,2012-09-16,3,1,9,15,0,0,0,1,0.64,0.6212,0.41,0.1642,215,342,557
3441,1529,2011-03-09,1,0,3,1,0,3,1,1,0.26,0.2727,0.52,0.1343,0,4,4
3442,3693,2011-06-07,2,0,6,18,0,2,1,1,0.78,0.697,0.46,0.2836,72,479,551
3443,16525,2012-11-26,4,1,11,6,0,1,1,1,0.22,0.2727,0.69,0,1,123,124
3444,5972,2011-09-11,3,0,9,8,0,0,0,1,0.64,0.5909,0.78,0,25,69,94
3445,5338,2011-08-15,3,0,8,7,0,1,1,1,0.6,0.5455,0.88,0.2537,10,248,258
3446,1663,2011-03-14,1,0,3,20,0,1,1,1,0.34,0.3182,0.46,0.2239,23,106,129
3447,456,2011-01-21,1,0,1,0,0,5,1,2,0.24,0.2273,0.7,0.2537,1,20,21
3448,13708,2012-07-30,3,1,7,8,0,1,1,2,0.72,0.697,0.74,0.1045,31,720,751
3449,10837,2012-04-01,2,1,4,15,0,0,0,1,0.5,0.4848,0.55,0.2537,295,278,573
3450,5019,2011-08-02,3,0,8,0,0,2,1,1,0.66,0.6212,0.74,0,11,18,29
3451,11888,2012-05-15,2,1,5,12,0,2,1,1,0.64,0.6061,0.73,0.194,44,220,264
3452,6680,2011-10-10,4,0,10,21,1,1,0,1,0.56,0.5303,0.88,0.0896,27,148,175
3453,7088,2011-10-27,4,0,10,22,0,4,1,1,0.36,0.3182,0.66,0.4925,14,97,111
3454,7839,2011-11-28,4,0,11,6,0,1,1,1,0.42,0.4242,0.82,0.0896,6,98,104
3455,652,2011-01-30,1,0,1,11,0,0,0,1,0.22,0.2727,0.75,0,9,50,59
3456,10063,2012-02-29,1,1,2,8,0,3,1,2,0.28,0.2879,0.75,0.1045,2,114,116
3457,7636,2011-11-19,4,0,11,18,0,6,0,1,0.38,0.3939,0.46,0.1343,36,172,208
3458,3017,2011-05-10,2,0,5,14,0,2,1,2,0.62,0.6212,0.33,0,42,134,176
3459,6224,2011-09-21,3,0,9,21,0,3,1,2,0.6,0.5,1,0.0896,25,175,200
3460,10953,2012-04-06,2,1,4,12,0,5,1,1,0.42,0.4242,0.35,0.2985,113,224,337
3461,9755,2012-02-16,1,1,2,9,0,4,1,2,0.3,0.303,0.7,0.1642,3,199,202
3462,13002,2012-06-30,3,1,6,22,0,6,0,1,0.78,0.7424,0.62,0.1642,38,134,172
3463,14632,2012-09-06,3,1,9,20,0,4,1,1,0.66,0.6061,0.78,0.2239,50,356,406
3464,6830,2011-10-17,4,0,10,3,0,1,1,1,0.56,0.5303,0.49,0.194,0,2,2
3465,11550,2012-05-01,2,1,5,10,0,2,1,1,0.62,0.5909,0.78,0.2537,30,144,174
3466,5225,2011-08-10,3,0,8,14,0,3,1,1,0.84,0.7273,0.34,0.3284,62,116,178
3467,17336,2012-12-30,1,1,12,4,0,0,0,2,0.26,0.2576,0.56,0.2239,0,7,7
3468,17251,2012-12-26,1,1,12,15,0,3,1,3,0.26,0.2273,0.87,0.3582,0,13,13
3469,5639,2011-08-28,3,0,8,9,0,0,0,1,0.66,0.6212,0.74,0.4179,7,46,53
3470,13180,2012-07-08,3,1,7,8,0,0,0,1,0.84,0.803,0.53,0.1343,35,95,130
3471,12020,2012-05-21,2,1,5,0,0,1,1,3,0.58,0.5455,0.88,0.2985,12,28,40
3472,6760,2011-10-14,4,0,10,5,0,5,1,2,0.56,0.5303,0.94,0.1642,0,17,17
3473,13990,2012-08-11,3,1,8,2,0,6,0,3,0.64,0.5909,0.78,0.194,19,66,85
3474,174,2011-01-08,1,0,1,12,0,6,0,2,0.2,0.1818,0.59,0.3582,8,90,98
3475,16193,2012-11-12,4,1,11,10,1,1,0,1,0.48,0.4697,0.77,0.1642,82,184,266
3476,8212,2011-12-13,4,0,12,19,0,2,1,1,0.32,0.3182,0.49,0.1642,5,262,267
3477,336,2011-01-15,1,0,1,11,0,6,0,1,0.2,0.197,0.55,0.2239,18,54,72
3478,7036,2011-10-25,4,0,10,18,0,2,1,1,0.52,0.5,0.42,0.1045,65,453,518
3479,8052,2011-12-07,4,0,12,3,0,3,1,3,0.46,0.4545,1,0.2239,0,3,3
3480,2134,2011-04-03,2,0,4,18,0,0,0,2,0.46,0.4545,0.31,0,71,101,172
3481,8486,2011-12-25,1,0,12,6,0,0,0,1,0.2,0.2273,0.75,0.1045,0,1,1
3482,12588,2012-06-13,2,1,6,16,0,3,1,1,0.72,0.6515,0.3,0.4925,72,320,392
3483,400,2011-01-18,1,0,1,15,0,2,1,2,0.22,0.2273,0.87,0.1642,3,32,35
3484,15528,2012-10-14,4,1,10,4,0,0,0,1,0.42,0.4242,0.77,0.2836,2,10,12
3485,10547,2012-03-20,1,1,3,13,0,2,1,1,0.6,0.5758,0.78,0.194,77,207,284
3486,750,2011-02-03,1,0,2,15,0,4,1,1,0.22,0.197,0.37,0.3284,4,56,60
3487,612,2011-01-28,1,0,1,17,0,5,1,1,0.24,0.2424,0.75,0.1343,2,147,149
3488,14352,2012-08-26,3,1,8,4,0,0,0,2,0.64,0.5758,0.89,0.194,5,11,16
3489,6195,2011-09-20,3,0,9,16,0,2,1,2,0.6,0.5606,0.83,0.1642,23,241,264
3490,9567,2012-02-08,1,1,2,13,0,3,1,2,0.28,0.2879,0.61,0.1045,15,111,126
3491,11460,2012-04-27,2,1,4,16,0,5,1,1,0.52,0.5,0.29,0.2537,105,335,440
3492,8305,2011-12-17,4,0,12,16,0,6,0,1,0.28,0.2727,0.45,0.2239,30,192,222
3493,10912,2012-04-04,2,1,4,19,0,3,1,1,0.66,0.6212,0.39,0.2239,75,419,494
3494,10232,2012-03-07,1,1,3,9,0,3,1,1,0.3,0.2727,0.61,0.3284,12,252,264
3495,14174,2012-08-18,3,1,8,18,0,6,0,1,0.74,0.6515,0.37,0.1642,225,329,554
3496,9055,2012-01-18,1,1,1,4,0,3,1,1,0.34,0.2879,0.46,0.5224,0,1,1
3497,3088,2011-05-13,2,0,5,13,0,5,1,2,0.52,0.5,0.88,0.3881,69,157,226
3498,3644,2011-06-05,2,0,6,17,0,0,0,1,0.74,0.6667,0.51,0,126,264,390
3499,7624,2011-11-19,4,0,11,6,0,6,0,1,0.24,0.2121,0.6,0.3284,2,10,12
3500,3188,2011-05-17,2,0,5,17,0,2,1,1,0.62,0.6061,0.65,0.4179,83,521,604
3501,5707,2011-08-31,3,0,8,5,0,3,1,1,0.54,0.5152,0.83,0.0896,2,25,27
3502,15820,2012-10-26,4,1,10,8,0,5,1,2,0.54,0.5152,0.88,0.1343,20,714,734
3503,16038,2012-11-05,4,1,11,22,0,1,1,1,0.28,0.2727,0.56,0.194,4,111,115
3504,12499,2012-06-09,2,1,6,23,0,6,0,1,0.68,0.6364,0.61,0.1642,69,161,230
3505,16817,2012-12-08,4,1,12,11,0,6,0,2,0.4,0.4091,0.87,0.1045,63,341,404
3506,13083,2012-07-04,3,1,7,7,1,3,0,1,0.68,0.6364,0.65,0,10,62,72
3507,5550,2011-08-24,3,0,8,3,0,3,1,1,0.58,0.5455,0.68,0.1343,0,1,1
3508,8249,2011-12-15,4,0,12,8,0,4,1,2,0.34,0.3182,0.66,0.2239,8,449,457
3509,5283,2011-08-13,3,0,8,0,0,6,0,1,0.68,0.6364,0.51,0.1045,15,69,84
3510,15809,2012-10-25,4,1,10,21,0,4,1,2,0.52,0.5,0.88,0.1343,24,247,271
3511,1796,2011-03-20,1,0,3,12,0,0,0,1,0.36,0.3636,0.4,0.1045,120,108,228
3512,5031,2011-08-02,3,0,8,12,0,2,1,1,0.86,0.7424,0.3,0.2836,45,112,157
3513,13895,2012-08-07,3,1,8,3,0,2,1,1,0.7,0.6667,0.84,0,0,6,6
3514,215,2011-01-10,1,0,1,5,0,1,1,1,0.1,0.1061,0.54,0.2537,0,3,3
3515,9677,2012-02-13,1,1,2,3,0,1,1,1,0.12,0.1515,0.54,0.1045,0,1,1
3516,11934,2012-05-17,2,1,5,10,0,4,1,1,0.56,0.5303,0.52,0.2537,43,162,205
3517,11301,2012-04-21,2,1,4,1,0,6,0,1,0.52,0.5,0.77,0.2239,24,64,88
3518,1563,2011-03-10,1,0,3,13,0,4,1,3,0.42,0.4242,0,0.2239,1,11,12
3519,16504,2012-11-25,4,1,11,9,0,0,0,2,0.24,0.2273,0.48,0.2239,13,83,96
3520,4129,2011-06-25,3,0,6,22,0,6,0,1,0.68,0.6364,0.47,0.194,61,126,187
3521,11817,2012-05-12,2,1,5,13,0,6,0,1,0.64,0.6212,0.36,0.194,293,366,659
3522,3214,2011-05-18,2,0,5,19,0,3,1,3,0.56,0.5303,0.88,0.1343,43,288,331
3523,14505,2012-09-01,3,1,9,13,0,6,0,2,0.82,0.7727,0.52,0.0896,237,267,504
3524,14605,2012-09-05,3,1,9,17,0,3,1,1,0.76,0.7273,0.66,0.2537,83,780,863
3525,16583,2012-11-28,4,1,11,16,0,3,1,1,0.36,0.3333,0.29,0.2537,9,316,325
3526,3596,2011-06-03,2,0,6,17,0,5,1,1,0.72,0.6364,0.25,0.2836,73,485,558
3527,7781,2011-11-25,4,0,11,19,0,5,1,1,0.42,0.4242,0.67,0,38,96,134
3528,13095,2012-07-04,3,1,7,19,1,3,0,1,0.86,0.803,0.47,0.2239,177,255,432
3529,6441,2011-09-30,4,0,9,22,0,5,1,1,0.52,0.5,0.55,0.3284,30,129,159
3530,2695,2011-04-27,2,0,4,4,0,3,1,1,0.56,0.5303,0.94,0.2239,0,6,6
3531,10599,2012-03-22,2,1,3,17,0,4,1,1,0.66,0.6212,0.65,0.1642,154,656,810
3532,16293,2012-11-16,4,1,11,14,0,5,1,1,0.42,0.4242,0.35,0.1045,47,204,251
3533,8247,2011-12-15,4,0,12,6,0,4,1,1,0.32,0.3182,0.66,0.194,2,90,92
3534,16194,2012-11-12,4,1,11,11,1,1,0,1,0.52,0.5,0.72,0.1642,112,255,367
3535,6881,2011-10-19,4,0,10,7,0,3,1,3,0.52,0.5,0.77,0.2537,1,67,68
3536,16562,2012-11-27,4,1,11,19,0,2,1,1,0.26,0.2576,0.73,0.2985,12,338,350
3537,5480,2011-08-21,3,0,8,5,0,0,0,1,0.66,0.5909,0.89,0.2985,0,8,8
3538,10950,2012-04-06,2,1,4,9,0,5,1,1,0.34,0.303,0.42,0.3284,58,318,376
3539,14661,2012-09-08,3,1,9,1,0,6,0,2,0.66,0.5909,0.89,0.2836,10,107,117
3540,16527,2012-11-26,4,1,11,8,0,1,1,1,0.24,0.2879,0.65,0,9,629,638
3541,7791,2011-11-26,4,0,11,5,0,6,0,1,0.3,0.3182,0.75,0.1045,0,3,3
3542,1870,2011-03-23,2,0,3,16,0,3,1,2,0.4,0.4091,0.76,0.2239,13,123,136
3543,9539,2012-02-07,1,1,2,9,0,2,1,1,0.32,0.3333,0.49,0,11,278,289
3544,15036,2012-09-23,4,1,9,16,0,0,0,1,0.6,0.6212,0.33,0.3284,254,437,691
3545,16312,2012-11-17,4,1,11,9,0,6,0,1,0.34,0.3182,0.49,0.2239,48,200,248
3546,14815,2012-09-14,3,1,9,11,0,5,1,2,0.68,0.6364,0.61,0.1045,84,196,280
3547,10724,2012-03-27,2,1,3,22,0,2,1,1,0.36,0.3485,0.37,0.1343,7,127,134
3548,1,2011-01-01,1,0,1,0,0,6,0,1,0.24,0.2879,0.81,0,3,13,16
3549,11257,2012-04-19,2,1,4,5,0,4,1,1,0.4,0.4091,0.82,0,0,30,30
3550,2214,2011-04-07,2,0,4,2,0,4,1,1,0.42,0.4242,0.54,0,0,7,7
3551,9876,2012-02-21,1,1,2,12,0,2,1,2,0.3,0.2727,0.56,0.3881,16,147,163
3552,10110,2012-03-02,1,1,3,7,0,5,1,1,0.3,0.3333,0.7,0,4,258,262
3553,8560,2011-12-28,1,0,12,10,0,3,1,1,0.34,0.3182,0.57,0.2239,12,84,96
3554,2349,2011-04-12,2,0,4,18,0,2,1,3,0.44,0.4394,0.77,0.2239,21,203,224
3555,8255,2011-12-15,4,0,12,14,0,4,1,2,0.52,0.5,0.52,0.3284,8,124,132
3556,16300,2012-11-16,4,1,11,21,0,5,1,1,0.34,0.3333,0.49,0.194,21,157,178
3557,8171,2011-12-12,4,0,12,2,0,1,1,1,0.2,0.2576,0.69,0,0,4,4
3558,4449,2011-07-09,3,0,7,6,0,6,0,2,0.64,0.5758,0.83,0.194,11,27,38
3559,7821,2011-11-27,4,0,11,11,0,0,0,1,0.5,0.4848,0.63,0.3582,83,157,240
3560,12979,2012-06-29,3,1,6,23,0,5,1,3,0.82,0.8333,0.63,0.194,6,42,48
3561,3016,2011-05-10,2,0,5,13,0,2,1,2,0.62,0.6212,0.38,0.2537,50,152,202
3562,14499,2012-09-01,3,1,9,7,0,6,0,2,0.74,0.6818,0.58,0.1343,8,58,66
3563,1397,2011-03-03,1,0,3,11,0,4,1,1,0.2,0.2273,0.29,0.0896,10,40,50
3564,8808,2012-01-07,1,1,1,19,0,6,0,1,0.52,0.5,0.42,0.1045,44,171,215
3565,9841,2012-02-19,1,1,2,23,0,0,0,2,0.22,0.2273,0.93,0.1642,5,30,35
3566,3571,2011-06-02,2,0,6,16,0,4,1,1,0.8,0.6818,0.22,0.4925,63,255,318
3567,12745,2012-06-20,2,1,6,5,0,3,1,1,0.66,0.6061,0.83,0.0896,2,37,39
3568,10831,2012-04-01,2,1,4,9,0,0,0,2,0.36,0.3485,0.81,0.1343,102,173,275
3569,5911,2011-09-08,3,0,9,19,0,4,1,3,0.62,0.5152,1,0.3284,1,51,52
3570,16660,2012-12-01,4,1,12,22,0,6,0,2,0.3,0.3333,0.87,0,17,130,147
3571,5504,2011-08-22,3,0,8,5,0,1,1,1,0.66,0.6212,0.65,0.3582,1,23,24
3572,14731,2012-09-10,3,1,9,23,0,1,1,1,0.54,0.5152,0.52,0,7,86,93
3573,3609,2011-06-04,2,0,6,6,0,6,0,1,0.54,0.5152,0.6,0,11,17,28
3574,15185,2012-09-29,4,1,9,21,0,6,0,1,0.52,0.5,0.55,0.1343,73,219,292
3575,11620,2012-05-04,2,1,5,8,0,5,1,1,0.56,0.5303,0.88,0,34,584,618
3576,7415,2011-11-10,4,0,11,13,0,4,1,3,0.36,0.3333,0.81,0.3582,9,87,96
3577,16105,2012-11-08,4,1,11,18,0,4,1,1,0.4,0.4091,0.24,0.4179,16,491,507
3578,14924,2012-09-19,3,1,9,0,0,3,1,2,0.56,0.5303,0.68,0.2836,3,23,26
3579,8440,2011-12-23,1,0,12,7,0,5,1,1,0.38,0.3939,0.82,0.2239,4,88,92
3580,12052,2012-05-22,2,1,5,8,0,2,1,2,0.56,0.5303,0.88,0.1343,20,570,590
3581,2684,2011-04-26,2,0,4,17,0,2,1,1,0.68,0.6364,0.61,0.3582,66,455,521
3582,12532,2012-06-11,2,1,6,8,0,1,1,1,0.66,0.6212,0.74,0.1343,38,613,651
3583,8060,2011-12-07,4,0,12,11,0,3,1,3,0.44,0.4394,1,0.0896,3,47,50
3584,6065,2011-09-15,3,0,9,6,0,4,1,2,0.6,0.5606,0.83,0.2537,5,119,124
3585,13338,2012-07-14,3,1,7,22,0,6,0,1,0.7,0.6667,0.79,0.194,65,160,225
3586,8665,2012-01-01,1,1,1,19,0,0,0,3,0.42,0.4242,0.67,0.3881,20,85,105
3587,327,2011-01-15,1,0,1,2,0,6,0,2,0.16,0.197,0.59,0.0896,0,12,12
3588,11273,2012-04-19,2,1,4,21,0,4,1,1,0.52,0.5,0.55,0.1045,27,240,267
3589,12376,2012-06-04,2,1,6,20,0,1,1,1,0.6,0.6212,0.4,0.3582,71,390,461
3590,4623,2011-07-16,3,0,7,12,0,6,0,1,0.76,0.6818,0.43,0.2836,187,276,463
3591,13034,2012-07-02,3,1,7,6,0,1,1,1,0.7,0.6515,0.58,0.1045,4,132,136
3592,2873,2011-05-04,2,0,5,14,0,3,1,1,0.5,0.4848,0.51,0.3881,13,94,107
3593,4549,2011-07-13,3,0,7,10,0,3,1,1,0.82,0.7576,0.46,0.194,33,80,113
3594,15316,2012-10-05,4,1,10,8,0,5,1,1,0.58,0.5455,0.64,0,36,749,785
3595,11645,2012-05-05,2,1,5,9,0,6,0,1,0.62,0.5909,0.78,0.1045,61,223,284
3596,16302,2012-11-16,4,1,11,23,0,5,1,1,0.32,0.303,0.53,0.2239,14,114,128
3597,6933,2011-10-21,4,0,10,11,0,5,1,1,0.5,0.4848,0.45,0.2239,39,135,174
3598,4394,2011-07-06,3,0,7,23,0,3,1,1,0.68,0.6364,0.83,0.2239,20,78,98
3599,935,2011-02-11,1,0,2,13,0,5,1,1,0.24,0.2273,0.35,0.194,21,89,110
3600,5149,2011-08-07,3,0,8,10,0,0,0,1,0.8,0.803,0.66,0.1343,88,178,266
3601,6818,2011-10-16,4,0,10,15,0,0,0,1,0.62,0.6212,0.35,0.3881,182,230,412
3602,11908,2012-05-16,2,1,5,8,0,3,1,1,0.58,0.5455,0.83,0,33,617,650
3603,15638,2012-10-18,4,1,10,18,0,4,1,2,0.56,0.5303,0.64,0.3284,68,720,788
3604,15912,2012-10-31,4,1,10,16,0,3,1,2,0.42,0.4242,0.54,0.2239,51,373,424
3605,12182,2012-05-27,2,1,5,18,0,0,0,1,0.76,0.7121,0.58,0.2985,266,252,518
3606,10221,2012-03-06,1,1,3,22,0,2,1,1,0.28,0.2727,0.56,0.1642,5,101,106
3607,13550,2012-07-23,3,1,7,18,0,1,1,1,0.82,0.7576,0.46,0.1045,69,672,741
3608,1676,2011-03-15,1,0,3,10,0,2,1,2,0.32,0.3182,0.66,0.194,22,56,78
3609,15394,2012-10-08,4,1,10,14,1,1,0,2,0.42,0.4242,0.58,0.1045,121,299,420
3610,8813,2012-01-08,1,1,1,0,0,0,0,1,0.38,0.3939,0.4,0.2836,14,77,91
3611,16411,2012-11-21,4,1,11,12,0,3,1,1,0.44,0.4394,0.41,0.194,74,270,344
3612,7986,2011-12-04,4,0,12,9,0,0,0,1,0.3,0.3333,0.81,0,12,114,126
3613,14646,2012-09-07,3,1,9,10,0,5,1,1,0.72,0.697,0.74,0.1343,53,171,224
3614,5039,2011-08-02,3,0,8,20,0,2,1,2,0.82,0.7576,0.46,0.2537,40,248,288
3615,15763,2012-10-23,4,1,10,23,0,2,1,1,0.54,0.5152,0.73,0.1045,9,102,111
3616,11821,2012-05-12,2,1,5,17,0,6,0,2,0.66,0.6212,0.36,0.194,233,343,576
3617,16526,2012-11-26,4,1,11,7,0,1,1,1,0.24,0.2879,0.65,0,2,363,365
3618,15168,2012-09-29,4,1,9,4,0,6,0,1,0.52,0.5,0.59,0.2537,6,8,14
3619,830,2011-02-07,1,0,2,0,0,1,1,1,0.24,0.2879,0.65,0,1,14,15
3620,10036,2012-02-28,1,1,2,4,0,2,1,1,0.32,0.2879,0.42,0.3582,0,2,2
3621,4050,2011-06-22,3,0,6,15,0,3,1,2,0.82,0.7879,0.56,0.2836,32,114,146
3622,9322,2012-01-29,1,1,1,7,0,0,0,1,0.2,0.2121,0.37,0.1343,0,12,12
3623,12508,2012-06-10,2,1,6,8,0,0,0,1,0.64,0.6061,0.73,0.0896,59,122,181
3624,2499,2011-04-19,2,0,4,0,0,2,1,1,0.5,0.4848,0.55,0.2239,2,23,25
3625,3890,2011-06-15,2,0,6,23,0,3,1,1,0.62,0.6212,0.53,0,17,90,107
3626,5536,2011-08-23,3,0,8,13,0,2,1,1,0.72,0.6515,0.3,0.1045,70,164,234
3627,13062,2012-07-03,3,1,7,10,0,2,1,1,0.82,0.7424,0.43,0.2239,56,153,209
3628,16187,2012-11-12,4,1,11,4,1,1,0,1,0.4,0.4091,0.76,0.0896,1,3,4
3629,7005,2011-10-24,4,0,10,11,0,1,1,2,0.5,0.4848,0.72,0.1642,59,109,168
3630,13436,2012-07-19,3,1,7,0,0,4,1,1,0.74,0.697,0.66,0.0896,16,50,66
3631,10567,2012-03-21,2,1,3,9,0,3,1,2,0.5,0.4848,0.88,0.1642,38,255,293
3632,11541,2012-05-01,2,1,5,1,0,2,1,2,0.5,0.4848,0.63,0.1343,0,21,21
3633,11880,2012-05-15,2,1,5,4,0,2,1,3,0.56,0.5303,0.94,0,1,4,5
3634,13666,2012-07-28,3,1,7,14,0,6,0,1,0.86,0.7727,0.39,0.2537,186,308,494
3635,8630,2011-12-31,1,0,12,8,0,6,0,1,0.34,0.3333,0.81,0.1343,7,42,49
3636,334,2011-01-15,1,0,1,9,0,6,0,1,0.16,0.1818,0.64,0.1343,2,31,33
3637,182,2011-01-08,1,0,1,20,0,6,0,1,0.12,0.1212,0.36,0.2537,0,28,28
3638,832,2011-02-07,1,0,2,2,0,1,1,1,0.2,0.2576,0.8,0,0,3,3
3639,1322,2011-02-28,1,0,2,8,0,1,1,2,0.34,0.303,0.93,0.2985,13,242,255
3640,5426,2011-08-18,3,0,8,23,0,4,1,2,0.7,0.6667,0.74,0.1343,20,94,114
3641,3317,2011-05-23,2,0,5,2,0,1,1,3,0.56,0.5303,0.88,0.1642,2,3,5
3642,6452,2011-10-01,4,0,10,9,0,6,0,3,0.4,0.4091,0.82,0.3582,17,112,129
3643,10019,2012-02-27,1,1,2,11,0,1,1,1,0.36,0.3333,0.43,0.2537,11,92,103
3644,15193,2012-09-30,4,1,9,5,0,0,0,1,0.44,0.4394,0.72,0,1,9,10
3645,17042,2012-12-17,4,1,12,20,0,1,1,2,0.42,0.4242,0.94,0.2537,8,192,200
3646,13197,2012-07-09,3,1,7,1,0,1,1,3,0.7,0.6667,0.89,0.1045,5,13,18
3647,7403,2011-11-10,4,0,11,1,0,4,1,2,0.4,0.4091,0.87,0,1,10,11
3648,8273,2011-12-16,4,0,12,8,0,5,1,1,0.36,0.3333,0.46,0.4179,10,449,459
3649,15522,2012-10-13,4,1,10,22,0,6,0,1,0.4,0.4091,0.62,0,33,156,189
3650,10242,2012-03-07,1,1,3,19,0,3,1,1,0.54,0.5152,0.42,0.3582,16,345,361
3651,16689,2012-12-03,4,1,12,3,0,1,1,1,0.38,0.3939,0.87,0,2,6,8
3652,4030,2011-06-21,3,0,6,19,0,2,1,2,0.74,0.7121,0.74,0.2239,67,358,425
3653,1509,2011-03-08,1,0,3,5,0,2,1,1,0.2,0.2273,0.69,0.1045,2,8,10
3654,8883,2012-01-10,1,1,1,23,0,2,1,1,0.26,0.2727,0.81,0.1045,3,38,41
3655,1616,2011-03-12,1,0,3,19,0,6,0,1,0.42,0.4242,0.54,0.0896,26,86,112
3656,4694,2011-07-19,3,0,7,11,0,2,1,1,0.82,0.803,0.59,0,29,98,127
3657,10503,2012-03-18,1,1,3,17,0,0,0,1,0.56,0.5303,0.64,0.0896,233,308,541
3658,12893,2012-06-26,3,1,6,9,0,2,1,1,0.58,0.5455,0.46,0.4179,30,298,328
3659,11697,2012-05-07,2,1,5,13,0,1,1,2,0.6,0.6212,0.53,0.3284,75,197,272
3660,16091,2012-11-08,4,1,11,4,0,4,1,2,0.3,0.2879,0.45,0.2836,1,9,10
3661,1599,2011-03-12,1,0,3,2,0,6,0,1,0.24,0.2273,0.65,0.194,0,14,14
3662,16216,2012-11-13,4,1,11,9,0,2,1,3,0.32,0.303,0.81,0.3284,1,109,110
3663,7763,2011-11-25,4,0,11,1,0,5,1,1,0.34,0.3636,0.76,0,2,12,14
3664,1804,2011-03-20,1,0,3,20,0,0,0,1,0.36,0.3333,0.46,0.2836,21,46,67
3665,14861,2012-09-16,3,1,9,9,0,0,0,1,0.58,0.5455,0.6,0.1343,70,226,296
3666,7776,2011-11-25,4,0,11,14,0,5,1,1,0.52,0.5,0.39,0.2239,122,150,272
3667,15052,2012-09-24,4,1,9,8,0,1,1,1,0.5,0.4848,0.55,0.194,31,719,750
3668,11867,2012-05-14,2,1,5,15,0,1,1,2,0.62,0.5909,0.73,0.1642,40,156,196
3669,10088,2012-03-01,1,1,3,9,0,4,1,1,0.46,0.4545,0.77,0.2537,5,281,286
3670,8646,2012-01-01,1,1,1,0,0,0,0,1,0.36,0.3788,0.66,0,5,43,48
3671,14804,2012-09-14,3,1,9,0,0,5,1,1,0.56,0.5303,0.73,0.0896,24,63,87
3672,6422,2011-09-30,4,0,9,3,0,5,1,1,0.52,0.5,0.83,0.1045,0,3,3
3673,5467,2011-08-20,3,0,8,16,0,6,0,1,0.8,0.7273,0.46,0.194,151,222,373
3674,378,2011-01-17,1,0,1,5,1,1,0,2,0.18,0.197,0.43,0.1642,0,1,1
3675,1733,2011-03-17,1,0,3,20,0,4,1,1,0.42,0.4242,0.67,0.2239,25,112,137
3676,14866,2012-09-16,3,1,9,14,0,0,0,1,0.66,0.6212,0.39,0.1343,225,410,635
3677,773,2011-02-04,1,0,2,15,0,5,1,2,0.28,0.2727,0.48,0.2537,9,81,90
3678,10764,2012-03-29,2,1,3,14,0,4,1,1,0.5,0.4848,0.42,0.3582,63,175,238
3679,14525,2012-09-02,3,1,9,9,0,0,0,2,0.7,0.6667,0.84,0,88,144,232
3680,12104,2012-05-24,2,1,5,12,0,4,1,1,0.7,0.6515,0.58,0.1045,76,213,289
3681,15156,2012-09-28,4,1,9,16,0,5,1,2,0.66,0.6212,0.5,0.2239,83,419,502
3682,12613,2012-06-14,2,1,6,17,0,4,1,1,0.72,0.6667,0.48,0.2239,117,750,867
3683,9854,2012-02-20,1,1,2,13,1,1,0,1,0.3,0.2879,0.42,0.2836,66,246,312
3684,15482,2012-10-12,4,1,10,6,0,5,1,1,0.34,0.3485,0.81,0.0896,3,140,143
3685,395,2011-01-17,1,0,1,22,1,1,0,3,0.14,0.1212,0.93,0.2537,0,13,13
3686,8224,2011-12-14,4,0,12,7,0,3,1,1,0.28,0.3182,0.75,0,4,243,247
3687,4790,2011-07-23,3,0,7,11,0,6,0,1,0.9,0.8182,0.37,0.194,62,154,216
3688,8341,2011-12-19,4,0,12,4,0,1,1,1,0.16,0.1818,0.86,0.1343,0,4,4
3689,2596,2011-04-23,2,0,4,1,0,6,0,2,0.32,0.3182,1,0.194,5,11,16
3690,16758,2012-12-06,4,1,12,0,0,4,1,1,0.26,0.2424,0.48,0.2836,1,43,44
3691,6736,2011-10-13,4,0,10,5,0,4,1,2,0.54,0.5152,1,0.1045,1,16,17
3692,12483,2012-06-09,2,1,6,7,0,6,0,1,0.58,0.5455,0.64,0.1045,26,61,87
3693,7560,2011-11-16,4,0,11,14,0,3,1,2,0.46,0.4545,1,0.1343,12,49,61
3694,14091,2012-08-15,3,1,8,7,0,3,1,2,0.66,0.6212,0.69,0.194,25,467,492
3695,11367,2012-04-23,2,1,4,19,0,1,1,2,0.34,0.3182,0.76,0.2239,11,287,298
3696,13260,2012-07-11,3,1,7,16,0,3,1,1,0.8,0.7121,0.38,0.194,53,358,411
3697,15560,2012-10-15,4,1,10,12,0,1,1,3,0.6,0.5758,0.78,0.3284,73,211,284
3698,16183,2012-11-12,4,1,11,0,1,1,0,1,0.42,0.4242,0.71,0.1045,6,43,49
3699,6278,2011-09-24,4,0,9,3,0,6,0,1,0.58,0.5455,0.94,0,4,27,31
3700,12604,2012-06-14,2,1,6,8,0,4,1,1,0.6,0.6061,0.64,0.3284,37,682,719
3701,5636,2011-08-27,3,0,8,17,0,6,0,3,0.64,0.5758,0.89,0.8358,2,14,16
3702,6707,2011-10-12,4,0,10,0,0,3,1,2,0.56,0.5303,0.83,0.1343,2,23,25
3703,2030,2011-03-30,2,0,3,10,0,3,1,2,0.34,0.3182,0.46,0.2239,13,51,64
3704,10512,2012-03-19,1,1,3,2,0,1,1,1,0.46,0.4545,0.88,0.1642,1,7,8
3705,15514,2012-10-13,4,1,10,14,0,6,0,1,0.48,0.4697,0.33,0.194,243,354,597
3706,2058,2011-03-31,2,0,3,14,0,4,1,3,0.3,0.303,0.87,0.1343,27,49,76
3707,13549,2012-07-23,3,1,7,17,0,1,1,1,0.82,0.7727,0.52,0.1343,87,760,847
3708,3979,2011-06-19,2,0,6,16,0,0,0,2,0.76,0.6818,0.48,0,121,257,378
3709,4630,2011-07-16,3,0,7,19,0,6,0,1,0.74,0.6818,0.48,0.194,164,242,406
3710,6960,2011-10-22,4,0,10,14,0,6,0,2,0.48,0.4697,0.48,0.2239,133,177,310
3711,8994,2012-01-15,1,1,1,14,0,0,0,1,0.2,0.1818,0.32,0.3582,25,163,188
3712,6114,2011-09-17,3,0,9,7,0,6,0,2,0.46,0.4545,0.77,0.194,4,33,37
3713,7614,2011-11-18,4,0,11,20,0,5,1,1,0.28,0.2727,0.48,0.194,8,129,137
3714,6836,2011-10-17,4,0,10,9,0,1,1,2,0.5,0.4848,0.45,0.2836,26,180,206
3715,14508,2012-09-01,3,1,9,16,0,6,0,2,0.84,0.7879,0.49,0.1642,209,253,462
3716,3448,2011-05-28,2,0,5,13,0,6,0,1,0.72,0.6818,0.62,0.2239,168,217,385
3717,9850,2012-02-20,1,1,2,9,1,1,0,1,0.2,0.1818,0.59,0.3582,12,98,110
3718,11662,2012-05-06,2,1,5,2,0,0,0,2,0.54,0.5152,0.83,0.2836,29,64,93
3719,14744,2012-09-11,3,1,9,12,0,2,1,1,0.64,0.6212,0.33,0,62,254,316
3720,10885,2012-04-03,2,1,4,16,0,2,1,1,0.62,0.6061,0.21,0.1642,145,340,485
3721,6740,2011-10-13,4,0,10,9,0,4,1,3,0.56,0.5303,1,0.1045,3,106,109
3722,11185,2012-04-16,2,1,4,5,1,1,0,1,0.54,0.5152,0.77,0.2239,4,34,38
3723,872,2011-02-08,1,0,2,18,0,2,1,1,0.2,0.1818,0.32,0.3881,1,151,152
3724,2817,2011-05-02,2,0,5,6,0,1,1,1,0.44,0.4394,0.88,0.1045,3,59,62
3725,10987,2012-04-07,2,1,4,22,0,6,0,1,0.48,0.4697,0.2,0.194,76,106,182
3726,13867,2012-08-05,3,1,8,23,0,0,0,2,0.72,0.697,0.79,0.1642,29,58,87
3727,6324,2011-09-26,4,0,9,1,0,1,1,2,0.62,0.5606,0.88,0.1045,3,14,17
3728,16150,2012-11-10,4,1,11,15,0,6,0,1,0.52,0.5,0.45,0,216,351,567
3729,8388,2011-12-21,1,0,12,3,0,3,1,2,0.36,0.3788,0.71,0,0,2,2
3730,4437,2011-07-08,3,0,7,18,0,5,1,1,0.66,0.6061,0.83,0.0896,35,281,316
3731,1434,2011-03-05,1,0,3,0,0,6,0,2,0.28,0.2879,0.81,0.1045,4,15,19
3732,9538,2012-02-07,1,1,2,8,0,2,1,1,0.3,0.3182,0.49,0,7,522,529
3733,5497,2011-08-21,3,0,8,22,0,0,0,2,0.7,0.6667,0.79,0.194,37,97,134
3734,9648,2012-02-11,1,1,2,22,0,6,0,2,0.14,0.1061,0.39,0.3881,0,46,46
3735,14236,2012-08-21,3,1,8,8,0,2,1,1,0.6,0.5758,0.78,0.1343,27,696,723
3736,3756,2011-06-10,2,0,6,9,0,5,1,1,0.76,0.697,0.55,0,37,176,213
3737,16110,2012-11-08,4,1,11,23,0,4,1,1,0.34,0.303,0.46,0.3582,5,82,87
3738,5349,2011-08-15,3,0,8,18,0,1,1,1,0.7,0.6515,0.65,0.194,70,413,483
3739,12215,2012-05-29,2,1,5,3,0,2,1,1,0.68,0.6364,0.79,0.2836,1,2,3
3740,2289,2011-04-10,2,0,4,5,0,0,0,2,0.36,0.3636,0.93,0.0896,0,4,4
3741,5150,2011-08-07,3,0,8,11,0,0,0,1,0.82,0.8333,0.63,0,113,156,269
3742,11603,2012-05-03,2,1,5,15,0,4,1,1,0.66,0.6212,0.61,0.194,63,220,283
3743,17288,2012-12-28,1,1,12,4,0,5,1,2,0.24,0.2576,0.6,0.1045,0,4,4
3744,4991,2011-07-31,3,0,7,20,0,0,0,1,0.8,0.7576,0.55,0.3284,70,205,275
3745,11081,2012-04-11,2,1,4,21,0,3,1,1,0.34,0.303,0.57,0.3881,11,154,165
3746,3296,2011-05-22,2,0,5,5,0,0,0,1,0.5,0.4848,1,0.1045,1,5,6
3747,3026,2011-05-10,2,0,5,23,0,2,1,2,0.52,0.5,0.59,0.1343,9,72,81
3748,1027,2011-02-15,1,0,2,11,0,2,1,1,0.26,0.2424,0.25,0.2537,11,46,57
3749,13190,2012-07-08,3,1,7,18,0,0,0,1,0.78,0.7424,0.62,0.1045,54,199,253
3750,15880,2012-10-28,4,1,10,20,0,0,0,3,0.42,0.4242,0.94,0.4627,4,51,55
3751,276,2011-01-12,1,0,1,22,0,3,1,1,0.16,0.1212,0.55,0.4478,1,32,33
3752,15021,2012-09-23,4,1,9,1,0,0,0,1,0.54,0.5152,0.52,0.3582,23,119,142
3753,3577,2011-06-02,2,0,6,22,0,4,1,1,0.64,0.6212,0.33,0.2537,14,141,155
3754,7999,2011-12-04,4,0,12,22,0,0,0,1,0.34,0.3485,0.87,0.1045,5,59,64
3755,14419,2012-08-28,3,1,8,23,0,2,1,1,0.68,0.6364,0.57,0,17,92,109
3756,16894,2012-12-11,4,1,12,16,0,2,1,2,0.38,0.3939,0.5,0.2239,24,334,358
3757,7568,2011-11-16,4,0,11,22,0,3,1,3,0.42,0.4242,0.88,0.2239,1,45,46
3758,3679,2011-06-07,2,0,6,4,0,2,1,1,0.58,0.5455,0.83,0.1343,2,3,5
3759,10995,2012-04-08,2,1,4,6,0,0,0,1,0.36,0.3788,0.37,0,7,21,28
3760,1428,2011-03-04,1,0,3,18,0,5,1,2,0.34,0.303,0.53,0.2985,15,172,187
3761,11332,2012-04-22,2,1,4,8,0,0,0,3,0.4,0.4091,0.82,0.2537,8,43,51
3762,12659,2012-06-16,2,1,6,15,0,6,0,1,0.74,0.6515,0.35,0.2537,295,288,583
3763,13963,2012-08-09,3,1,8,23,0,4,1,1,0.66,0.6212,0.74,0,19,137,156
3764,7665,2011-11-20,4,0,11,23,0,0,0,3,0.46,0.4545,0.88,0.0896,3,25,28
3765,7827,2011-11-27,4,0,11,17,0,0,0,1,0.54,0.5152,0.56,0.194,37,167,204
3766,7754,2011-11-24,4,0,11,16,1,4,0,1,0.5,0.4848,0.34,0.2836,48,66,114
3767,3300,2011-05-22,2,0,5,9,0,0,0,1,0.62,0.6061,0.69,0.1045,59,130,189
3768,21,2011-01-01,1,0,1,20,0,6,0,2,0.4,0.4091,0.87,0.2537,11,25,36
3769,3777,2011-06-11,2,0,6,6,0,6,0,1,0.7,0.6515,0.61,0.1343,9,31,40
3770,15406,2012-10-09,4,1,10,2,0,2,1,3,0.36,0.3333,0.87,0.2537,2,5,7
3771,10970,2012-04-07,2,1,4,5,0,6,0,1,0.32,0.3182,0.33,0.1642,0,2,2
3772,8467,2011-12-24,1,0,12,10,0,6,0,1,0.3,0.2576,0.42,0.4925,4,52,56
3773,12703,2012-06-18,2,1,6,11,0,1,1,2,0.54,0.5152,0.88,0.1642,25,96,121
3774,16615,2012-11-30,4,1,11,1,0,5,1,1,0.24,0.2576,0.7,0.0896,2,17,19
3775,13178,2012-07-08,3,1,7,6,0,0,0,1,0.78,0.7727,0.7,0.1343,5,16,21
3776,9851,2012-02-20,1,1,2,10,1,1,0,1,0.22,0.197,0.55,0.4478,30,113,143
3777,7925,2011-12-01,4,0,12,20,0,4,1,1,0.34,0.3485,0.46,0.1045,12,178,190
3778,1852,2011-03-22,2,0,3,21,0,2,1,2,0.42,0.4242,0.54,0.2836,24,63,87
3779,4295,2011-07-02,3,0,7,20,0,6,0,1,0.76,0.6818,0.45,0.2836,136,148,284
3780,14754,2012-09-11,3,1,9,22,0,2,1,1,0.56,0.5303,0.64,0.1045,27,189,216
3781,3990,2011-06-20,2,0,6,3,0,1,1,3,0.64,0.5758,0.89,0,1,0,1
3782,12054,2012-05-22,2,1,5,10,0,2,1,2,0.6,0.5758,0.78,0.0896,52,148,200
3783,8992,2012-01-15,1,1,1,12,0,0,0,1,0.18,0.1667,0.4,0.2985,42,192,234
3784,13329,2012-07-14,3,1,7,13,0,6,0,2,0.76,0.7121,0.62,0.0896,219,372,591
3785,17245,2012-12-26,1,1,12,9,0,3,1,3,0.2,0.1818,0.86,0.3284,1,22,23
3786,1923,2011-03-25,2,0,3,21,0,5,1,2,0.3,0.303,0.39,0.1642,11,64,75
3787,3579,2011-06-03,2,0,6,0,0,5,1,1,0.62,0.6212,0.38,0.2836,15,53,68
3788,17271,2012-12-27,1,1,12,11,0,4,1,2,0.28,0.2424,0.56,0.4478,23,80,103
3789,7795,2011-11-26,4,0,11,9,0,6,0,1,0.34,0.3485,0.76,0.0896,16,67,83
3790,15874,2012-10-28,4,1,10,14,0,0,0,2,0.5,0.4848,0.59,0.4478,98,304,402
3791,11914,2012-05-16,2,1,5,14,0,3,1,1,0.72,0.6515,0.42,0.0896,42,221,263
3792,8679,2012-01-02,1,1,1,10,1,1,0,1,0.26,0.2424,0.35,0.2836,20,89,109
3793,8674,2012-01-02,1,1,1,5,1,1,0,1,0.28,0.2576,0.45,0.3284,1,3,4
3794,14985,2012-09-21,3,1,9,13,0,5,1,1,0.7,0.6515,0.54,0.1642,105,316,421
3795,13279,2012-07-12,3,1,7,11,0,4,1,1,0.76,0.6818,0.45,0.1045,49,166,215
3796,2343,2011-04-12,2,0,4,12,0,2,1,2,0.56,0.5303,0.64,0.4627,9,83,92
3797,17215,2012-12-25,1,1,12,2,1,2,0,2,0.26,0.2576,0.87,0.1642,0,7,7
3798,2997,2011-05-09,2,0,5,18,0,1,1,1,0.62,0.6212,0.38,0.2985,66,458,524
3799,14475,2012-08-31,3,1,8,7,0,5,1,2,0.64,0.5758,0.89,0.0896,21,400,421
3800,11409,2012-04-25,2,1,4,13,0,3,1,1,0.56,0.5303,0.26,0.2239,35,193,228
3801,3827,2011-06-13,2,0,6,8,0,1,1,1,0.58,0.5455,0.49,0.4478,44,432,476
3802,9403,2012-02-01,1,1,2,16,0,3,1,1,0.6,0.6212,0.4,0.2239,22,261,283
3803,9057,2012-01-18,1,1,1,6,0,3,1,1,0.34,0.2879,0.36,0.5224,0,88,88
3804,10195,2012-03-05,1,1,3,20,0,1,1,1,0.26,0.2273,0.37,0.4627,8,171,179
3805,7632,2011-11-19,4,0,11,14,0,6,0,1,0.42,0.4242,0.32,0.2985,121,228,349
3806,16082,2012-11-07,4,1,11,18,0,3,1,2,0.32,0.2879,0.53,0.3582,17,448,465
3807,13474,2012-07-20,3,1,7,14,0,5,1,3,0.7,0.6667,0.84,0.1642,53,176,229
3808,12178,2012-05-27,2,1,5,14,0,0,0,1,0.76,0.7121,0.58,0.2537,317,230,547
3809,8547,2011-12-27,1,0,12,20,0,2,1,1,0.32,0.3333,0.93,0.0896,3,66,69
3810,17034,2012-12-17,4,1,12,12,0,1,1,2,0.4,0.4091,0.87,0,21,211,232
3811,9702,2012-02-14,1,1,2,4,0,2,1,2,0.26,0.2727,0.65,0.1045,0,2,2
3812,15574,2012-10-16,4,1,10,2,0,2,1,1,0.44,0.4394,0.67,0.1343,2,1,3
3813,13081,2012-07-04,3,1,7,5,1,3,0,1,0.66,0.6212,0.69,0,5,14,19
3814,6308,2011-09-25,4,0,9,9,0,0,0,2,0.64,0.5758,0.83,0,55,100,155
3815,35,2011-01-02,1,0,1,11,0,0,0,2,0.36,0.3333,0.71,0.2537,16,54,70
3816,1912,2011-03-25,2,0,3,10,0,5,1,1,0.26,0.2576,0.48,0,15,53,68
3817,15628,2012-10-18,4,1,10,8,0,4,1,1,0.46,0.4545,0.82,0.2537,31,803,834
3818,13314,2012-07-13,3,1,7,22,0,5,1,1,0.74,0.6667,0.45,0,59,204,263
3819,1218,2011-02-23,1,0,2,19,0,3,1,1,0.3,0.3333,0.33,0,6,135,141
3820,15458,2012-10-11,4,1,10,6,0,4,1,1,0.36,0.3485,0.5,0.1642,1,158,159
3821,9168,2012-01-22,1,1,1,21,0,0,0,3,0.16,0.1818,0.86,0.1045,8,36,44
3822,11485,2012-04-28,2,1,4,17,0,6,0,2,0.42,0.4242,0.41,0.1343,98,224,322
3823,8898,2012-01-11,1,1,1,14,0,3,1,3,0.32,0.3333,0.81,0.1045,3,70,73
3824,12630,2012-06-15,2,1,6,10,0,5,1,1,0.64,0.6212,0.57,0.1642,56,160,216
3825,9877,2012-02-21,1,1,2,13,0,2,1,1,0.34,0.303,0.49,0.4179,8,123,131
3826,5459,2011-08-20,3,0,8,8,0,6,0,1,0.66,0.6212,0.69,0,27,106,133
3827,7325,2011-11-06,4,0,11,19,0,0,0,1,0.38,0.3939,0.76,0.194,21,130,151
3828,1955,2011-03-27,2,0,3,6,0,0,0,3,0.16,0.1818,0.86,0.1343,0,2,2
3829,2226,2011-04-07,2,0,4,14,0,4,1,1,0.56,0.5303,0.43,0.0896,46,111,157
3830,1960,2011-03-27,2,0,3,11,0,0,0,2,0.24,0.2424,0.48,0.1642,23,85,108
3831,6099,2011-09-16,3,0,9,16,0,5,1,2,0.52,0.5,0.48,0.1642,67,291,358
3832,10371,2012-03-13,1,1,3,5,0,2,1,2,0.46,0.4545,0.82,0.194,0,24,24
3833,1741,2011-03-18,1,0,3,5,0,5,1,1,0.38,0.3939,0.66,0.1642,2,8,10
3834,1958,2011-03-27,2,0,3,9,0,0,0,1,0.22,0.2273,0.55,0.1343,17,37,54
3835,16889,2012-12-11,4,1,12,11,0,2,1,2,0.36,0.3333,0.53,0.3582,28,145,173
3836,16979,2012-12-15,4,1,12,5,0,6,0,2,0.26,0.303,0.75,0,0,3,3
3837,1603,2011-03-12,1,0,3,6,0,6,0,1,0.22,0.2121,0.75,0.2537,2,2,4
3838,458,2011-01-21,1,0,1,2,0,5,1,3,0.24,0.2424,0.75,0.1642,0,2,2
3839,8411,2011-12-22,1,0,12,2,0,4,1,1,0.48,0.4697,0.82,0.1045,1,10,11
3840,17087,2012-12-19,4,1,12,17,0,3,1,1,0.4,0.4091,0.5,0.3881,26,536,562
3841,7768,2011-11-25,4,0,11,6,0,5,1,1,0.26,0.2727,0.81,0.1045,4,9,13
3842,15207,2012-09-30,4,1,9,19,0,0,0,3,0.5,0.4848,0.72,0.1343,34,223,257
3843,8474,2011-12-24,1,0,12,17,0,6,0,1,0.28,0.2879,0.45,0.1343,15,53,68
3844,5533,2011-08-23,3,0,8,10,0,2,1,1,0.7,0.6364,0.37,0,56,92,148
3845,5029,2011-08-02,3,0,8,10,0,2,1,1,0.82,0.7273,0.36,0.2985,50,90,140
3846,64,2011-01-03,1,0,1,18,0,1,1,1,0.24,0.2576,0.32,0.1045,9,148,157
3847,5457,2011-08-20,3,0,8,6,0,6,0,2,0.6,0.5606,0.83,0.1343,6,18,24
3848,12794,2012-06-22,3,1,6,6,0,5,1,2,0.74,0.697,0.66,0,4,118,122
3849,9410,2012-02-01,1,1,2,23,0,3,1,1,0.46,0.4545,0.63,0.0896,22,75,97
3850,13399,2012-07-17,3,1,7,11,0,2,1,2,0.86,0.803,0.47,0,60,146,206
3851,12627,2012-06-15,2,1,6,7,0,5,1,1,0.56,0.5303,0.83,0.1642,17,413,430
3852,5590,2011-08-25,3,0,8,19,0,4,1,2,0.66,0.6061,0.78,0.3284,31,241,272
3853,15000,2012-09-22,3,1,9,4,0,6,0,1,0.56,0.5303,0.83,0.2836,5,10,15
3854,16088,2012-11-08,4,1,11,0,0,4,1,3,0.28,0.2727,0.61,0.2239,1,14,15
3855,11707,2012-05-07,2,1,5,23,0,1,1,2,0.54,0.5152,0.45,0.194,21,92,113
3856,4398,2011-07-07,3,0,7,3,0,4,1,1,0.64,0.5606,0.94,0.1045,2,2,4
3857,10496,2012-03-18,1,1,3,10,0,0,0,2,0.42,0.4242,0.88,0.1045,139,212,351
3858,10400,2012-03-14,1,1,3,10,0,3,1,1,0.56,0.5303,0.56,0.1045,38,150,188
3859,11043,2012-04-10,2,1,4,6,0,2,1,1,0.34,0.3485,0.71,0.1045,3,100,103
3860,2021,2011-03-30,2,0,3,1,0,3,1,1,0.32,0.3485,0.39,0,1,9,10
3861,15697,2012-10-21,4,1,10,5,0,0,0,1,0.38,0.3939,0.66,0.0896,6,4,10
3862,11331,2012-04-22,2,1,4,7,0,0,0,3,0.42,0.4242,0.77,0.3881,2,22,24
3863,1712,2011-03-16,1,0,3,23,0,3,1,1,0.4,0.4091,0.65,0.194,9,18,27
3864,15225,2012-10-01,4,1,10,13,0,1,1,2,0.6,0.6212,0.43,0.1642,80,225,305
3865,1455,2011-03-05,1,0,3,21,0,6,0,2,0.44,0.4394,0.72,0.3284,12,60,72
3866,9419,2012-02-02,1,1,2,8,0,4,1,3,0.4,0.4091,0.87,0,9,436,445
3867,15286,2012-10-04,4,1,10,2,0,4,1,1,0.64,0.5758,0.89,0,3,10,13
3868,13975,2012-08-10,3,1,8,11,0,5,1,3,0.68,0.6364,0.79,0.1343,73,178,251
3869,15364,2012-10-07,4,1,10,8,0,0,0,3,0.42,0.4242,0.67,0.1343,11,51,62
3870,6951,2011-10-22,4,0,10,5,0,6,0,1,0.38,0.3939,0.66,0,1,7,8
3871,15154,2012-09-28,4,1,9,14,0,5,1,2,0.7,0.6515,0.54,0.2537,105,294,399
3872,1818,2011-03-21,2,0,3,11,0,1,1,2,0.42,0.4242,0.71,0.2985,32,47,79
3873,16041,2012-11-06,4,1,11,1,0,2,1,1,0.24,0.2424,0.6,0.1642,0,8,8
3874,1086,2011-02-17,1,0,2,23,0,4,1,1,0.46,0.4545,0.67,0.2985,4,40,44
3875,62,2011-01-03,1,0,1,16,0,1,1,1,0.26,0.2424,0.3,0.2537,9,67,76
3876,4046,2011-06-22,3,0,6,11,0,3,1,1,0.74,0.697,0.7,0.1642,37,108,145
3877,10219,2012-03-06,1,1,3,20,0,2,1,1,0.32,0.3182,0.49,0.194,3,184,187
3878,16933,2012-12-13,4,1,12,7,0,4,1,1,0.24,0.2273,0.6,0.2239,5,380,385
3879,3099,2011-05-14,2,0,5,0,0,6,0,2,0.5,0.4848,0.88,0.1343,24,78,102
3880,10424,2012-03-15,1,1,3,10,0,4,1,1,0.52,0.5,0.68,0.1045,34,130,164
3881,7114,2011-10-29,4,0,10,0,0,6,0,3,0.28,0.2576,0.87,0.2985,0,19,19
3882,11338,2012-04-22,2,1,4,14,0,0,0,3,0.38,0.3939,0.87,0.3284,3,50,53
3883,5278,2011-08-12,3,0,8,19,0,5,1,1,0.74,0.6667,0.42,0.2239,101,284,385
3884,15933,2012-11-01,4,1,11,13,0,4,1,2,0.4,0.4091,0.58,0.1642,49,199,248
3885,15007,2012-09-22,3,1,9,11,0,6,0,1,0.7,0.6515,0.58,0.2836,189,437,626
3886,14396,2012-08-28,3,1,8,0,0,2,1,1,0.7,0.6667,0.84,0.2537,9,29,38
3887,6267,2011-09-23,4,0,9,16,0,5,1,3,0.62,0.5455,0.94,0,5,51,56
3888,9329,2012-01-29,1,1,1,14,0,0,0,1,0.32,0.303,0.26,0.2537,51,229,280
3889,2727,2011-04-28,2,0,4,12,0,4,1,2,0.62,0.5909,0.78,0.2537,23,84,107
3890,634,2011-01-29,1,0,1,16,0,6,0,1,0.24,0.2424,0.6,0.1642,19,88,107
3891,5051,2011-08-03,3,0,8,8,0,3,1,2,0.74,0.6667,0.51,0.1642,29,408,437
3892,13814,2012-08-03,3,1,8,18,0,5,1,2,0.82,0.803,0.59,0.2537,98,573,671
3893,1924,2011-03-25,2,0,3,22,0,5,1,2,0.28,0.2576,0.38,0.3284,3,40,43
3894,14060,2012-08-14,3,1,8,0,0,2,1,1,0.7,0.6667,0.74,0.2239,12,48,60
3895,16680,2012-12-02,4,1,12,18,0,0,0,2,0.44,0.4394,0.72,0.1045,25,178,203
3896,4011,2011-06-21,3,0,6,0,0,2,1,1,0.62,0.5909,0.78,0.1642,10,23,33
3897,16670,2012-12-02,4,1,12,8,0,0,0,2,0.26,0.2879,0.93,0.0896,12,81,93
3898,15069,2012-09-25,4,1,9,1,0,2,1,1,0.44,0.4394,0.72,0.1343,2,11,13
3899,8658,2012-01-01,1,1,1,12,0,0,0,1,0.4,0.4091,0.62,0.2836,58,143,201
3900,10081,2012-03-01,1,1,3,2,0,4,1,2,0.46,0.4545,0.94,0.2836,0,6,6
3901,9983,2012-02-25,1,1,2,23,0,6,0,1,0.24,0.197,0.41,0.4179,7,84,91
3902,7076,2011-10-27,4,0,10,10,0,4,1,3,0.5,0.4848,0.88,0.194,10,52,62
3903,12292,2012-06-01,2,1,6,8,0,5,1,2,0.64,0.5758,0.89,0.194,19,675,694
3904,5864,2011-09-06,3,0,9,19,0,2,1,2,0.54,0.5152,0.88,0.4179,12,269,281
3905,13526,2012-07-22,3,1,7,18,0,0,0,1,0.74,0.697,0.66,0.1642,173,342,515
3906,3148,2011-05-16,2,0,5,1,0,1,1,1,0.52,0.5,0.94,0.1343,6,8,14
3907,10303,2012-03-10,1,1,3,8,0,6,0,1,0.22,0.2121,0.44,0.2985,15,96,111
3908,10597,2012-03-22,2,1,3,15,0,4,1,1,0.62,0.6061,0.69,0.194,102,202,304
3909,13114,2012-07-05,3,1,7,14,0,4,1,1,0.92,0.8333,0.33,0.3284,87,154,241
3910,14462,2012-08-30,3,1,8,18,0,4,1,1,0.8,0.7121,0.38,0.1343,109,744,853
3911,4672,2011-07-18,3,0,7,13,0,1,1,1,0.82,0.7879,0.56,0.2537,27,125,152
3912,3976,2011-06-19,2,0,6,13,0,0,0,2,0.74,0.6667,0.51,0,149,214,363
3913,2426,2011-04-15,2,0,4,23,1,5,0,2,0.36,0.3485,0.81,0.194,8,56,64
3914,11814,2012-05-12,2,1,5,10,0,6,0,1,0.56,0.5303,0.49,0.0896,132,279,411
3915,5955,2011-09-10,3,0,9,15,0,6,0,1,0.74,0.6818,0.55,0.2239,217,263,480
3916,10843,2012-04-01,2,1,4,21,0,0,0,2,0.5,0.4848,0.59,0.1642,33,101,134
3917,15134,2012-09-27,4,1,9,18,0,4,1,2,0.66,0.6212,0.69,0.2239,77,822,899
3918,4565,2011-07-14,3,0,7,2,0,4,1,1,0.64,0.6212,0.57,0.2985,3,7,10
3919,11205,2012-04-17,2,1,4,1,0,2,1,1,0.64,0.6212,0.57,0.1642,6,5,11
3920,10101,2012-03-01,1,1,3,22,0,4,1,1,0.38,0.3939,0.5,0.2537,3,123,126
3921,6085,2011-09-16,3,0,9,2,0,5,1,1,0.4,0.4091,0.71,0.2836,3,7,10
3922,6670,2011-10-10,4,0,10,11,1,1,0,1,0.62,0.6061,0.69,0.0896,139,183,322
3923,15224,2012-10-01,4,1,10,12,0,1,1,2,0.6,0.6212,0.43,0.1642,61,262,323
3924,10844,2012-04-01,2,1,4,22,0,0,0,3,0.5,0.4848,0.63,0.1045,7,61,68
3925,8999,2012-01-15,1,1,1,19,0,0,0,1,0.16,0.1667,0.37,0.1642,9,101,110
3926,15391,2012-10-08,4,1,10,11,1,1,0,2,0.4,0.4091,0.62,0.0896,72,236,308
3927,3624,2011-06-04,2,0,6,21,0,6,0,2,0.66,0.6212,0.47,0.1045,46,139,185
3928,408,2011-01-18,1,0,1,23,0,2,1,2,0.22,0.2727,0.93,0,1,19,20
3929,11987,2012-05-19,2,1,5,15,0,6,0,1,0.72,0.6515,0.3,0.1045,356,316,672
3930,4460,2011-07-09,3,0,7,17,0,6,0,1,0.84,0.7273,0.32,0,160,241,401
3931,8917,2012-01-12,1,1,1,9,0,4,1,1,0.32,0.3333,0.81,0.1045,10,220,230
3932,6287,2011-09-24,4,0,9,12,0,6,0,2,0.62,0.5758,0.83,0.0896,141,266,407
3933,1624,2011-03-13,1,0,3,4,0,0,0,1,0.34,0.3333,0.66,0.1642,4,9,13
3934,1596,2011-03-11,1,0,3,23,0,5,1,1,0.3,0.2879,0.52,0.2537,3,34,37
3935,8914,2012-01-12,1,1,1,6,0,4,1,3,0.36,0.3485,0.93,0.1343,1,88,89
3936,5450,2011-08-19,3,0,8,23,0,5,1,2,0.6,0.5455,0.88,0.0896,18,88,106
3937,15313,2012-10-05,4,1,10,5,0,5,1,1,0.52,0.5,0.77,0,0,41,41
3938,5376,2011-08-16,3,0,8,21,0,2,1,1,0.72,0.6667,0.54,0,38,177,215
3939,171,2011-01-08,1,0,1,9,0,6,0,3,0.16,0.1818,0.93,0.1045,0,20,20
3940,9732,2012-02-15,1,1,2,10,0,3,1,1,0.34,0.303,0.57,0.2985,12,108,120
3941,2883,2011-05-05,2,0,5,0,0,4,1,1,0.36,0.3485,0.66,0.194,4,23,27
3942,3206,2011-05-18,2,0,5,11,0,3,1,2,0.54,0.5152,0.94,0.0896,6,17,23
3943,6473,2011-10-02,4,0,10,6,0,0,0,1,0.32,0.3182,0.81,0.1642,2,13,15
3944,4878,2011-07-27,3,0,7,3,0,3,1,1,0.72,0.6667,0.58,0.1642,0,4,4
3945,9640,2012-02-11,1,1,2,14,0,6,0,2,0.26,0.2424,0.81,0.2537,38,205,243
3946,6759,2011-10-14,4,0,10,4,0,5,1,1,0.56,0.5303,0.94,0.194,0,8,8
3947,8863,2012-01-10,1,1,1,2,0,2,1,2,0.22,0.2273,0.87,0.1642,2,2,4
3948,16481,2012-11-24,4,1,11,10,0,6,0,2,0.26,0.2273,0.44,0.2985,46,96,142
3949,8281,2011-12-16,4,0,12,16,0,5,1,2,0.32,0.303,0.45,0.2239,12,212,224
3950,7309,2011-11-06,4,0,11,3,0,0,0,1,0.24,0.2879,0.87,0,5,4,9
3951,14825,2012-09-14,3,1,9,21,0,5,1,1,0.64,0.6061,0.73,0.2239,42,270,312
3952,16859,2012-12-10,4,1,12,5,0,1,1,2,0.38,0.3939,0.94,0.1045,0,27,27
3953,1386,2011-03-03,1,0,3,0,0,4,1,1,0.24,0.197,0.3,0.4627,3,10,13
3954,15146,2012-09-28,4,1,9,6,0,5,1,2,0.56,0.5303,0.94,0.0896,2,136,138
3955,6046,2011-09-14,3,0,9,11,0,3,1,1,0.72,0.6818,0.66,0.1642,43,121,164
3956,13604,2012-07-26,3,1,7,0,0,4,1,1,0.66,0.6212,0.65,0.194,27,65,92
3957,684,2011-01-31,1,0,1,19,0,1,1,1,0.3,0.3182,0.61,0.1045,3,108,111
3958,2113,2011-04-02,2,0,4,21,0,6,0,1,0.32,0.303,0.61,0.2537,24,53,77
3959,14164,2012-08-18,3,1,8,8,0,6,0,1,0.64,0.6061,0.69,0.2537,28,161,189
3960,7529,2011-11-15,4,0,11,7,0,2,1,2,0.54,0.5152,0.68,0.1642,21,298,319
3961,12011,2012-05-20,2,1,5,15,0,0,0,2,0.7,0.6364,0.39,0.4179,246,256,502
3962,11587,2012-05-02,2,1,5,23,0,3,1,2,0.5,0.4848,0.77,0.2537,21,77,98
3963,9071,2012-01-18,1,1,1,20,0,3,1,1,0.22,0.2121,0.37,0.2537,1,164,165
3964,8750,2012-01-05,1,1,1,9,0,4,1,2,0.22,0.2727,0.69,0,7,220,227
3965,6683,2011-10-11,4,0,10,0,0,2,1,2,0.54,0.5152,0.88,0,14,16,30
3966,8210,2011-12-13,4,0,12,17,0,2,1,1,0.36,0.3485,0.4,0.194,17,381,398
3967,12546,2012-06-11,2,1,6,22,0,1,1,2,0.72,0.6667,0.58,0.194,22,142,164
3968,7444,2011-11-11,4,0,11,18,1,5,0,1,0.34,0.3182,0.39,0.2537,23,185,208
3969,3972,2011-06-19,2,0,6,9,0,0,0,2,0.68,0.6364,0.74,0.1045,58,111,169
3970,6963,2011-10-22,4,0,10,17,0,6,0,1,0.46,0.4545,0.55,0.1343,143,217,360
3971,801,2011-02-05,1,0,2,19,0,6,0,2,0.28,0.2424,0.93,0.4478,6,78,84
3972,13486,2012-07-21,3,1,7,2,0,6,0,3,0.6,0.5455,0.88,0.2836,5,55,60
3973,748,2011-02-03,1,0,2,13,0,4,1,1,0.2,0.1667,0.4,0.4179,4,47,51
3974,5381,2011-08-17,3,0,8,2,0,3,1,1,0.66,0.6212,0.69,0,0,6,6
3975,5465,2011-08-20,3,0,8,14,0,6,0,1,0.8,0.7424,0.49,0.194,147,228,375
3976,13239,2012-07-10,3,1,7,19,0,2,1,3,0.7,0.6667,0.74,0.2239,55,359,414
3977,9828,2012-02-19,1,1,2,10,0,0,0,2,0.26,0.2424,0.52,0.2537,49,142,191
3978,2207,2011-04-06,2,0,4,19,0,3,1,1,0.5,0.4848,0.31,0.2985,36,196,232
3979,7278,2011-11-04,4,0,11,20,0,5,1,1,0.36,0.3333,0.43,0.2836,15,171,186
3980,7151,2011-10-30,4,0,10,13,0,0,0,1,0.4,0.4091,0.43,0.2239,113,232,345
3981,13171,2012-07-07,3,1,7,23,0,6,0,1,0.84,0.8182,0.56,0.1642,34,114,148
3982,591,2011-01-27,1,0,1,19,0,4,1,1,0.2,0.2273,0.69,0.0896,3,76,79
3983,314,2011-01-14,1,0,1,13,0,5,1,1,0.22,0.197,0.37,0.3881,4,73,77
3984,12819,2012-06-23,3,1,6,7,0,6,0,1,0.64,0.5758,0.83,0.1642,19,59,78
3985,7331,2011-11-07,4,0,11,1,0,1,1,1,0.34,0.3636,0.87,0,2,6,8
3986,16349,2012-11-18,4,1,11,22,0,0,0,2,0.36,0.3333,0.66,0.2537,8,66,74
3987,8206,2011-12-13,4,0,12,13,0,2,1,1,0.4,0.4091,0.37,0.3284,7,120,127
3988,15365,2012-10-07,4,1,10,9,0,0,0,3,0.4,0.4091,0.71,0.1343,16,70,86
3989,1492,2011-03-07,1,0,3,12,0,1,1,1,0.3,0.2727,0.42,0.4179,28,68,96
3990,2474,2011-04-17,2,0,4,23,0,0,0,1,0.44,0.4394,0.67,0.1642,19,37,56
3991,8566,2011-12-28,1,0,12,16,0,3,1,1,0.3,0.2727,0.36,0.4179,23,144,167
3992,15291,2012-10-04,4,1,10,7,0,4,1,2,0.64,0.5758,0.89,0.0896,12,379,391
3993,6330,2011-09-26,4,0,9,7,0,1,1,2,0.62,0.5455,0.94,0,17,315,332
3994,7540,2011-11-15,4,0,11,18,0,2,1,2,0.5,0.4848,0.72,0.2836,27,414,441
3995,13055,2012-07-03,3,1,7,3,0,2,1,1,0.7,0.6515,0.65,0.1343,0,2,2
3996,12639,2012-06-15,2,1,6,19,0,5,1,1,0.7,0.6364,0.42,0.1642,98,369,467
3997,2994,2011-05-09,2,0,5,15,0,1,1,1,0.62,0.6212,0.41,0.2239,51,148,199
3998,10426,2012-03-15,1,1,3,12,0,4,1,2,0.62,0.6212,0.5,0.1343,59,206,265
3999,2523,2011-04-20,2,0,4,0,0,3,1,1,0.44,0.4394,0.88,0.1343,4,29,33
4000,963,2011-02-12,1,0,2,17,0,6,0,1,0.32,0.2879,0.31,0.5224,24,113,137
4001,11953,2012-05-18,2,1,5,5,0,5,1,1,0.46,0.4545,0.77,0.1045,1,33,34
4002,8656,2012-01-01,1,1,1,10,0,0,0,1,0.3,0.3182,0.81,0.1045,18,52,70
4003,13170,2012-07-07,3,1,7,22,0,6,0,1,0.84,0.8333,0.59,0.194,56,164,220
4004,5310,2011-08-14,3,0,8,3,0,0,0,2,0.64,0.5606,0.94,0.2537,5,22,27
4005,14990,2012-09-21,3,1,9,18,0,5,1,1,0.66,0.6212,0.61,0.2537,106,699,805
4006,3690,2011-06-07,2,0,6,15,0,2,1,2,0.82,0.7424,0.41,0.3284,56,127,183
4007,5008,2011-08-01,3,0,8,13,0,1,1,1,0.9,0.803,0.31,0.2985,38,112,150
4008,14477,2012-08-31,3,1,8,9,0,5,1,1,0.74,0.697,0.7,0,61,337,398
4009,9354,2012-01-30,1,1,1,15,0,1,1,1,0.32,0.3182,0.24,0.194,7,131,138
4010,7964,2011-12-03,4,0,12,11,0,6,0,1,0.32,0.3333,0.57,0.0896,48,227,275
4011,13619,2012-07-26,3,1,7,15,0,4,1,1,0.92,0.8939,0.42,0.2985,65,173,238
4012,14976,2012-09-21,3,1,9,4,0,5,1,1,0.5,0.4848,0.77,0,1,9,10
4013,13111,2012-07-05,3,1,7,11,0,4,1,1,0.9,0.8182,0.35,0.2985,107,137,244
4014,7900,2011-11-30,4,0,11,19,0,3,1,2,0.32,0.303,0.57,0.2836,6,273,279
4015,17197,2012-12-24,1,1,12,8,0,1,1,1,0.22,0.2727,0.69,0,4,62,66
4016,1708,2011-03-16,1,0,3,19,0,3,1,2,0.44,0.4394,0.51,0.3284,18,150,168
4017,4106,2011-06-24,3,0,6,23,0,5,1,1,0.68,0.6364,0.51,0.1343,33,139,172
4018,11327,2012-04-22,2,1,4,3,0,0,0,2,0.44,0.4394,0.82,0.1642,7,33,40
4019,14397,2012-08-28,3,1,8,1,0,2,1,1,0.68,0.6364,0.89,0.194,4,17,21
4020,6413,2011-09-29,4,0,9,18,0,4,1,1,0.64,0.6212,0.41,0.2239,84,500,584
4021,6805,2011-10-16,4,0,10,2,0,0,0,1,0.42,0.4242,0.54,0.1343,13,52,65
4022,6845,2011-10-17,4,0,10,18,0,1,1,1,0.56,0.5303,0.6,0,49,469,518
4023,7104,2011-10-28,4,0,10,14,0,5,1,2,0.36,0.3485,0.46,0.194,33,152,185
4024,579,2011-01-26,1,0,1,9,0,3,1,3,0.22,0.2121,0.87,0.2985,3,55,58
4025,2352,2011-04-12,2,0,4,21,0,2,1,2,0.42,0.4242,0.82,0.194,10,74,84
4026,15125,2012-09-27,4,1,9,9,0,4,1,1,0.66,0.6212,0.65,0,30,305,335
4027,11943,2012-05-17,2,1,5,19,0,4,1,1,0.64,0.6212,0.31,0.194,86,451,537
4028,11078,2012-04-11,2,1,4,18,0,3,1,3,0.4,0.4091,0.43,0.4179,39,546,585
4029,16554,2012-11-27,4,1,11,11,0,2,1,3,0.3,0.2727,0.87,0.2985,6,59,65
4030,15910,2012-10-31,4,1,10,14,0,3,1,2,0.42,0.4242,0.5,0.2239,45,179,224
4031,587,2011-01-26,1,0,1,17,0,3,1,3,0.2,0.1818,0.93,0.3582,0,26,26
4032,5333,2011-08-15,3,0,8,2,0,1,1,2,0.6,0.5606,0.83,0,0,3,3
4033,4973,2011-07-31,3,0,7,2,0,0,0,1,0.74,0.697,0.66,0.0896,19,48,67
4034,4982,2011-07-31,3,0,7,11,0,0,0,1,0.86,0.7424,0.28,0.1642,112,163,275
4035,9091,2012-01-19,1,1,1,16,0,4,1,1,0.26,0.2273,0.41,0.3284,8,185,193
4036,3107,2011-05-14,2,0,5,8,0,6,0,3,0.5,0.4848,0.94,0,16,72,88
4037,5854,2011-09-06,3,0,9,9,0,2,1,2,0.54,0.5152,0.81,0.4179,18,167,185
4038,13137,2012-07-06,3,1,7,13,0,5,1,1,0.9,0.7879,0.27,0.1045,99,194,293
4039,9932,2012-02-23,1,1,2,20,0,4,1,1,0.46,0.4545,0.44,0.1343,23,246,269
4040,3326,2011-05-23,2,0,5,11,0,1,1,1,0.68,0.6364,0.69,0.3881,73,107,180
4041,4626,2011-07-16,3,0,7,15,0,6,0,1,0.76,0.6818,0.45,0.3284,205,223,428
4042,6025,2011-09-13,3,0,9,14,0,2,1,1,0.74,0.6667,0.51,0.3284,51,139,190
4043,12101,2012-05-24,2,1,5,9,0,4,1,1,0.62,0.5909,0.73,0.1642,34,267,301
4044,15450,2012-10-10,4,1,10,22,0,3,1,1,0.46,0.4545,0.55,0.2985,27,170,197
4045,12940,2012-06-28,3,1,6,8,0,4,1,1,0.66,0.6212,0.5,0.1343,40,577,617
4046,13531,2012-07-22,3,1,7,23,0,0,0,1,0.68,0.6364,0.79,0.1642,33,90,123
4047,17190,2012-12-24,1,1,12,0,0,1,1,1,0.22,0.2727,0.69,0,0,12,12
4048,15751,2012-10-23,4,1,10,11,0,2,1,1,0.6,0.6212,0.53,0,52,201,253
4049,8651,2012-01-01,1,1,1,5,0,0,0,1,0.28,0.2879,0.81,0.1045,0,5,5
4050,7411,2011-11-10,4,0,11,9,0,4,1,2,0.42,0.4242,0.94,0.1045,23,188,211
4051,9332,2012-01-29,1,1,1,17,0,0,0,1,0.36,0.3333,0.21,0.4179,33,201,234
4052,12623,2012-06-15,2,1,6,3,0,5,1,1,0.56,0.5303,0.83,0.1642,2,3,5
4053,12362,2012-06-04,2,1,6,6,0,1,1,1,0.52,0.5,0.68,0,4,135,139
4054,10841,2012-04-01,2,1,4,19,0,0,0,1,0.52,0.5,0.55,0.2239,110,236,346
4055,9464,2012-02-04,1,1,2,5,0,6,0,1,0.24,0.2576,0.81,0.0896,1,3,4
4056,9474,2012-02-04,1,1,2,15,0,6,0,2,0.32,0.303,0.66,0.2239,61,244,305
4057,8775,2012-01-06,1,1,1,10,0,5,1,1,0.26,0.2576,0.65,0.194,14,102,116
4058,15017,2012-09-22,3,1,9,21,0,6,0,1,0.64,0.6212,0.57,0.2537,59,202,261
4059,559,2011-01-25,1,0,1,11,0,2,1,2,0.24,0.2424,0.6,0.1343,6,55,61
4060,5141,2011-08-07,3,0,8,2,0,0,0,2,0.7,0.6667,0.84,0.2239,18,48,66
4061,7357,2011-11-08,4,0,11,3,0,2,1,1,0.32,0.3485,0.87,0,0,3,3
4062,5169,2011-08-08,3,0,8,6,0,1,1,1,0.7,0.6515,0.65,0.2836,8,87,95
4063,15723,2012-10-22,4,1,10,7,0,1,1,1,0.38,0.3939,0.66,0.0896,15,437,452
4064,12570,2012-06-12,2,1,6,22,0,2,1,1,0.66,0.5909,0.94,0.1045,19,188,207
4065,5113,2011-08-05,3,0,8,22,0,5,1,1,0.7,0.6515,0.65,0.2239,51,137,188
4066,2513,2011-04-19,2,0,4,14,0,2,1,2,0.54,0.5152,0.64,0.194,19,88,107
4067,994,2011-02-14,1,0,2,1,0,1,1,1,0.38,0.3939,0.37,0.3582,1,6,7
4068,1328,2011-02-28,1,0,2,14,0,1,1,3,0.42,0.4242,1,0.2985,1,24,25
4069,5059,2011-08-03,3,0,8,16,0,3,1,3,0.68,0.6364,0.79,0,21,129,150
4070,4503,2011-07-11,3,0,7,12,0,1,1,1,0.84,0.803,0.53,0.2836,40,108,148
4071,13084,2012-07-04,3,1,7,8,1,3,0,1,0.7,0.6515,0.61,0.1045,43,110,153
4072,7850,2011-11-28,4,0,11,17,0,1,1,1,0.58,0.5455,0.56,0.194,24,444,468
4073,6492,2011-10-03,4,0,10,1,0,1,1,1,0.36,0.3636,0.81,0.0896,1,5,6
4074,12435,2012-06-07,2,1,6,7,0,4,1,1,0.5,0.4848,0.82,0.1642,20,506,526
4075,1745,2011-03-18,1,0,3,9,0,5,1,1,0.46,0.4545,0.63,0.2239,18,192,210
4076,11083,2012-04-11,2,1,4,23,0,3,1,1,0.34,0.303,0.57,0.2985,9,52,61
4077,8432,2011-12-22,1,0,12,23,0,4,1,3,0.4,0.4091,0.87,0,1,10,11
4078,8749,2012-01-05,1,1,1,8,0,4,1,2,0.2,0.2576,0.75,0,11,377,388
4079,13595,2012-07-25,3,1,7,15,0,3,1,1,0.78,0.6818,0.31,0.0896,94,223,317
4080,7102,2011-10-28,4,0,10,12,0,5,1,2,0.38,0.3939,0.4,0.1642,46,167,213
4081,14694,2012-09-09,3,1,9,10,0,0,0,1,0.64,0.6212,0.57,0.2985,172,323,495
4082,1823,2011-03-21,2,0,3,16,0,1,1,2,0.54,0.5152,0.64,0.2836,29,112,141
4083,812,2011-02-06,1,0,2,6,0,0,0,1,0.26,0.2576,0.6,0.2239,0,1,1
4084,869,2011-02-08,1,0,2,15,0,2,1,1,0.22,0.197,0.35,0.3881,6,45,51
4085,4581,2011-07-14,3,0,7,18,0,4,1,1,0.72,0.6515,0.42,0.194,94,484,578
4086,10373,2012-03-13,1,1,3,7,0,2,1,2,0.46,0.4545,0.82,0.2836,16,292,308
4087,12493,2012-06-09,2,1,6,17,0,6,0,1,0.84,0.7121,0.24,0,238,257,495
4088,12082,2012-05-23,2,1,5,14,0,3,1,1,0.68,0.6364,0.65,0.1343,67,181,248
4089,14536,2012-09-02,3,1,9,20,0,0,0,2,0.7,0.6667,0.84,0.1642,63,41,104
4090,16934,2012-12-13,4,1,12,8,0,4,1,1,0.24,0.2273,0.6,0.194,24,655,679
4091,11325,2012-04-22,2,1,4,1,0,0,0,2,0.46,0.4545,0.82,0.3284,10,63,73
4092,15987,2012-11-03,4,1,11,19,0,6,0,1,0.36,0.3485,0.5,0.1642,22,217,239
4093,10360,2012-03-12,1,1,3,18,0,1,1,2,0.6,0.6212,0.43,0.194,89,623,712
4094,17264,2012-12-27,1,1,12,4,0,4,1,2,0.24,0.2121,0.87,0.3284,0,3,3
4095,3281,2011-05-21,2,0,5,14,0,6,0,1,0.72,0.6515,0.42,0,187,269,456
4096,5237,2011-08-11,3,0,8,2,0,4,1,1,0.66,0.6212,0.54,0.1343,3,8,11
4097,8736,2012-01-04,1,1,1,19,0,3,1,2,0.2,0.2273,0.4,0.1045,2,182,184
4098,14527,2012-09-02,3,1,9,11,0,0,0,2,0.74,0.697,0.7,0,226,263,489
4099,4881,2011-07-27,3,0,7,6,0,3,1,1,0.7,0.6515,0.54,0.2239,4,119,123
4100,5271,2011-08-12,3,0,8,12,0,5,1,1,0.8,0.697,0.27,0,55,167,222
4101,7465,2011-11-12,4,0,11,15,0,6,0,1,0.52,0.5,0.29,0.2836,165,221,386
4102,4194,2011-06-28,3,0,6,15,0,2,1,1,0.86,0.7879,0.41,0,39,127,166
4103,8123,2011-12-10,4,0,12,2,0,6,0,2,0.28,0.303,0.61,0.0896,12,48,60
4104,7842,2011-11-28,4,0,11,9,0,1,1,2,0.44,0.4394,0.88,0.2239,17,191,208
4105,14611,2012-09-05,3,1,9,23,0,3,1,1,0.7,0.6667,0.84,0.0896,24,126,150
4106,14526,2012-09-02,3,1,9,10,0,0,0,2,0.72,0.697,0.79,0,158,230,388
4107,12038,2012-05-21,2,1,5,18,0,1,1,1,0.64,0.6061,0.73,0.1045,52,478,530
4108,2559,2011-04-21,2,0,4,12,0,4,1,1,0.46,0.4545,0.38,0.1642,49,150,199
4109,1845,2011-03-22,2,0,3,14,0,2,1,1,0.5,0.4848,0.42,0.3284,30,71,101
4110,15348,2012-10-06,4,1,10,16,0,6,0,1,0.6,0.6212,0.43,0.5224,317,342,659
4111,14365,2012-08-26,3,1,8,17,0,0,0,1,0.64,0.5758,0.89,0.2239,61,172,233
4112,16876,2012-12-10,4,1,12,22,0,1,1,2,0.5,0.4848,0.82,0.2239,11,115,126
4113,7531,2011-11-15,4,0,11,9,0,2,1,2,0.56,0.5303,0.64,0.0896,26,174,200
4114,15624,2012-10-18,4,1,10,4,0,4,1,1,0.44,0.4394,0.88,0.2239,0,5,5
4115,5708,2011-08-31,3,0,8,6,0,3,1,1,0.54,0.5152,0.77,0,4,107,111
4116,4045,2011-06-22,3,0,6,10,0,3,1,1,0.74,0.697,0.7,0.2537,31,104,135
4117,8937,2012-01-13,1,1,1,5,0,5,1,2,0.3,0.2424,0.7,0.5522,0,21,21
4118,9453,2012-02-03,1,1,2,18,0,5,1,1,0.38,0.3939,0.4,0.1343,17,368,385
4119,12995,2012-06-30,3,1,6,15,0,6,0,1,0.88,0.7727,0.3,0.2537,117,287,404
4120,3373,2011-05-25,2,0,5,10,0,3,1,1,0.7,0.6515,0.61,0.0896,30,105,135
4121,10921,2012-04-05,2,1,4,4,0,4,1,1,0.38,0.3939,0.43,0.2836,0,1,1
4122,6946,2011-10-22,4,0,10,0,0,6,0,1,0.4,0.4091,0.62,0.194,16,80,96
4123,3635,2011-06-05,2,0,6,8,0,0,0,2,0.6,0.5909,0.73,0.2537,24,74,98
4124,14923,2012-09-18,3,1,9,23,0,2,1,2,0.56,0.5303,0.83,0.2239,11,67,78
4125,1744,2011-03-18,1,0,3,8,0,5,1,1,0.42,0.4242,0.67,0.2537,24,256,280
4126,6211,2011-09-21,3,0,9,8,0,3,1,2,0.54,0.5152,1,0.1045,18,444,462
4127,16238,2012-11-14,4,1,11,7,0,3,1,1,0.24,0.2121,0.65,0.2836,10,405,415
4128,3518,2011-05-31,2,0,5,11,0,2,1,1,0.86,0.803,0.47,0,28,78,106
4129,15882,2012-10-28,4,1,10,22,0,0,0,3,0.44,0.4394,0.88,0.3582,2,35,37
4130,13303,2012-07-13,3,1,7,11,0,5,1,2,0.76,0.6818,0.45,0.1343,68,220,288
4131,13740,2012-07-31,3,1,7,16,0,2,1,1,0.76,0.7121,0.58,0.2239,66,336,402
4132,8328,2011-12-18,4,0,12,15,0,0,0,1,0.32,0.303,0.45,0.2836,23,184,207
4133,11201,2012-04-16,2,1,4,21,1,1,0,1,0.68,0.6364,0.51,0.2537,39,232,271
4134,3397,2011-05-26,2,0,5,10,0,4,1,1,0.7,0.6667,0.74,0.2836,49,94,143
4135,7269,2011-11-04,4,0,11,11,0,5,1,2,0.44,0.4394,0.67,0.4478,34,128,162
4136,521,2011-01-23,1,0,1,19,0,0,0,1,0.12,0.1212,0.3,0.2836,5,45,50
4137,4871,2011-07-26,3,0,7,20,0,2,1,1,0.8,0.7273,0.46,0.2537,47,243,290
4138,132,2011-01-06,1,0,1,17,0,4,1,1,0.22,0.2273,0.51,0.1642,9,163,172
4139,9387,2012-02-01,1,1,2,0,0,3,1,1,0.44,0.4394,0.38,0.2836,0,31,31
4140,14120,2012-08-16,3,1,8,12,0,4,1,1,0.8,0.697,0.33,0.1045,96,247,343
4141,15396,2012-10-08,4,1,10,16,1,1,0,3,0.42,0.4242,0.58,0.194,61,316,377
4142,16968,2012-12-14,4,1,12,18,0,5,1,1,0.36,0.3485,0.46,0.1343,23,432,455
4143,12851,2012-06-24,3,1,6,15,0,0,0,1,0.86,0.7424,0.28,0.2239,197,290,487
4144,5916,2011-09-09,3,0,9,0,0,5,1,3,0.64,0.5606,0.94,0.194,1,15,16
4145,15768,2012-10-24,4,1,10,4,0,3,1,1,0.5,0.4848,0.77,0.0896,1,5,6
4146,1980,2011-03-28,2,0,3,8,0,1,1,1,0.2,0.197,0.34,0.2239,15,239,254
4147,4746,2011-07-21,3,0,7,15,0,4,1,1,0.9,0.9242,0.53,0.2537,40,93,133
4148,7062,2011-10-26,4,0,10,20,0,3,1,1,0.5,0.4848,0.88,0,27,180,207
4149,10631,2012-03-24,2,1,3,1,0,6,0,1,0.56,0.5303,0.73,0.0896,20,108,128
4150,17064,2012-12-18,4,1,12,18,0,2,1,1,0.38,0.3939,0.46,0.3284,13,512,525
4151,12620,2012-06-15,2,1,6,0,0,5,1,1,0.6,0.5909,0.73,0.1642,26,68,94
4152,4823,2011-07-24,3,0,7,20,0,0,0,1,0.84,0.7879,0.49,0.1642,52,143,195
4153,3598,2011-06-03,2,0,6,19,0,5,1,1,0.68,0.6212,0.26,0.2836,53,338,391
4154,2202,2011-04-06,2,0,4,14,0,3,1,1,0.5,0.4848,0.34,0.4179,35,80,115
4155,1580,2011-03-11,1,0,3,7,0,5,1,1,0.26,0.2576,0.7,0.194,10,104,114
4156,6511,2011-10-03,4,0,10,20,0,1,1,3,0.4,0.4091,0.82,0,13,191,204
4157,5136,2011-08-06,3,0,8,21,0,6,0,2,0.7,0.6667,0.84,0.3284,28,86,114
4158,15519,2012-10-13,4,1,10,19,0,6,0,1,0.44,0.4394,0.44,0.1642,73,259,332
4159,16063,2012-11-06,4,1,11,23,0,2,1,1,0.3,0.2879,0.56,0.2239,19,186,205
4160,9694,2012-02-13,1,1,2,20,0,1,1,1,0.3,0.303,0.42,0.1642,4,210,214
4161,8523,2011-12-26,1,0,12,20,1,1,0,1,0.3,0.3182,0.56,0.0896,14,42,56
4162,10732,2012-03-28,2,1,3,6,0,3,1,1,0.36,0.3333,0.46,0.3582,4,111,115
4163,4314,2011-07-03,3,0,7,15,0,0,0,1,0.84,0.803,0.53,0.2985,194,182,376
4164,12526,2012-06-11,2,1,6,2,0,1,1,1,0.66,0.6212,0.74,0.1045,5,12,17
4165,13257,2012-07-11,3,1,7,13,0,3,1,2,0.8,0.7121,0.42,0.1642,65,208,273
4166,5767,2011-09-02,3,0,9,17,0,5,1,2,0.68,0.6364,0.65,0.1642,78,377,455
4167,2770,2011-04-30,2,0,4,7,0,6,0,1,0.4,0.4091,0.54,0.3881,21,27,48
4168,389,2011-01-17,1,0,1,16,1,1,0,2,0.2,0.2121,0.47,0.1642,6,76,82
4169,1954,2011-03-27,2,0,3,4,0,0,0,3,0.18,0.197,0.74,0.1642,1,5,6
4170,7815,2011-11-27,4,0,11,5,0,0,0,1,0.36,0.3485,0.87,0.194,0,5,5
4171,12837,2012-06-24,3,1,6,1,0,0,0,2,0.68,0.6364,0.54,0.0896,39,88,127
4172,316,2011-01-14,1,0,1,15,0,5,1,1,0.24,0.2424,0.38,0.1642,9,59,68
4173,2005,2011-03-29,2,0,3,9,0,2,1,1,0.28,0.2576,0.28,0.3881,16,156,172
4174,7443,2011-11-11,4,0,11,17,1,5,0,1,0.34,0.303,0.39,0.3284,24,286,310
4175,414,2011-01-19,1,0,1,6,0,3,1,2,0.22,0.2576,0.93,0.0896,0,32,32
4176,8779,2012-01-06,1,1,1,14,0,5,1,1,0.46,0.4545,0.36,0.194,26,152,178
4177,15735,2012-10-22,4,1,10,19,0,1,1,1,0.52,0.5,0.52,0.1045,36,478,514
4178,3384,2011-05-25,2,0,5,21,0,3,1,1,0.66,0.6212,0.69,0.1343,33,203,236
4179,13048,2012-07-02,3,1,7,20,0,1,1,1,0.78,0.697,0.43,0.1343,38,357,395
4180,606,2011-01-28,1,0,1,11,0,5,1,3,0.18,0.2121,0.93,0.1045,0,30,30
4181,16,2011-01-01,1,0,1,15,0,6,0,2,0.44,0.4394,0.77,0.2985,40,70,110
4182,8915,2012-01-12,1,1,1,7,0,4,1,2,0.34,0.3182,0.87,0.2836,2,218,220
4183,8100,2011-12-09,4,0,12,3,0,5,1,1,0.22,0.2727,0.8,0,1,5,6
4184,3050,2011-05-11,2,0,5,23,0,3,1,1,0.46,0.4545,0.88,0.2537,12,69,81
4185,3953,2011-06-18,2,0,6,14,0,6,0,2,0.8,0.7273,0.46,0.2836,138,196,334
4186,310,2011-01-14,1,0,1,9,0,5,1,1,0.14,0.1515,0.69,0.1343,0,117,117
4187,1484,2011-03-07,1,0,3,4,0,1,1,1,0.2,0.1515,0.8,0.5224,1,0,1
4188,1254,2011-02-25,1,0,2,9,0,5,1,3,0.34,0.303,0.93,0.3582,3,111,114
4189,6487,2011-10-02,4,0,10,20,0,0,0,2,0.36,0.3333,0.76,0.2537,16,71,87
4190,6374,2011-09-28,4,0,9,3,0,3,1,2,0.6,0.5152,0.94,0.0896,0,3,3
4191,9002,2012-01-15,1,1,1,22,0,0,0,1,0.18,0.2121,0.37,0.0896,2,58,60
4192,4610,2011-07-15,3,0,7,23,0,5,1,1,0.64,0.6212,0.61,0.1642,41,126,167
4193,2518,2011-04-19,2,0,4,19,0,2,1,2,0.5,0.4848,0.72,0.194,28,248,276
4194,5964,2011-09-11,3,0,9,0,0,0,0,1,0.62,0.5606,0.88,0,29,79,108
4195,11250,2012-04-18,2,1,4,22,0,3,1,2,0.42,0.4242,0.77,0.0896,9,153,162
4196,2129,2011-04-03,2,0,4,13,0,0,0,1,0.44,0.4394,0.33,0.2985,219,148,367
4197,703,2011-02-01,1,0,2,15,0,2,1,2,0.24,0.2879,0.75,0,7,45,52
4198,10200,2012-03-06,1,1,3,1,0,2,1,1,0.2,0.197,0.44,0.2537,0,6,6
4199,13029,2012-07-02,3,1,7,1,0,1,1,2,0.76,0.7121,0.58,0.194,3,14,17
4200,3843,2011-06-14,2,0,6,0,0,2,1,1,0.6,0.6212,0.49,0.194,13,18,31
4201,11470,2012-04-28,2,1,4,2,0,6,0,1,0.36,0.3485,0.43,0.1642,8,49,57
4202,14209,2012-08-20,3,1,8,5,0,1,1,2,0.6,0.5606,0.83,0,2,35,37
4203,1112,2011-02-19,1,0,2,1,0,6,0,1,0.46,0.4545,0.14,0.4179,10,21,31
4204,7641,2011-11-19,4,0,11,23,0,6,0,1,0.38,0.3939,0.62,0.2239,20,73,93
4205,1905,2011-03-25,2,0,3,3,0,5,1,1,0.2,0.2273,0.69,0.1045,0,2,2
4206,12654,2012-06-16,2,1,6,10,0,6,0,1,0.64,0.6212,0.47,0.194,139,296,435
4207,638,2011-01-29,1,0,1,20,0,6,0,1,0.18,0.2121,0.74,0.0896,1,42,43
4208,249,2011-01-11,1,0,1,17,0,2,1,2,0.16,0.1515,0.86,0.2239,6,130,136
4209,2407,2011-04-15,2,0,4,4,1,5,0,1,0.38,0.3939,0.82,0.0896,0,3,3
4210,8876,2012-01-10,1,1,1,16,0,2,1,1,0.42,0.4242,0.38,0.3582,15,225,240
4211,697,2011-02-01,1,0,2,9,0,2,1,2,0.16,0.2273,0.93,0,2,114,116
4212,16418,2012-11-21,4,1,11,19,0,3,1,1,0.38,0.3939,0.43,0.194,23,220,243
4213,15479,2012-10-12,4,1,10,3,0,5,1,1,0.36,0.3636,0.76,0.0896,0,6,6
4214,14274,2012-08-22,3,1,8,22,0,3,1,1,0.64,0.6061,0.73,0,55,226,281
4215,7334,2011-11-07,4,0,11,4,0,1,1,1,0.32,0.3485,0.93,0,2,4,6
4216,2229,2011-04-07,2,0,4,17,0,4,1,1,0.52,0.5,0.52,0.2836,63,280,343
4217,16170,2012-11-11,4,1,11,11,0,0,0,1,0.46,0.4545,0.59,0.1343,180,324,504
4218,16361,2012-11-19,4,1,11,10,0,1,1,2,0.36,0.3333,0.66,0.2537,33,106,139
4219,71,2011-01-04,1,0,1,1,0,2,1,1,0.16,0.1818,0.59,0.1045,0,2,2
4220,16871,2012-12-10,4,1,12,17,0,1,1,2,0.48,0.4697,0.82,0.2836,38,578,616
4221,1179,2011-02-21,1,0,2,21,1,1,0,3,0.22,0.197,0.75,0.4478,1,33,34
4222,14784,2012-09-13,3,1,9,4,0,4,1,1,0.52,0.5,0.83,0,0,6,6
4223,9294,2012-01-28,1,1,1,3,0,6,0,1,0.26,0.2879,0.6,0.0896,1,16,17
4224,14558,2012-09-03,3,1,9,18,1,1,0,1,0.74,0.697,0.66,0.1642,145,337,482
4225,1892,2011-03-24,2,0,3,14,0,4,1,2,0.3,0.303,0.7,0.1343,17,66,83
4226,14540,2012-09-03,3,1,9,0,1,1,0,2,0.66,0.5909,0.94,0,42,62,104
4227,11073,2012-04-11,2,1,4,13,0,3,1,2,0.4,0.4091,0.4,0.3582,16,147,163
4228,10192,2012-03-05,1,1,3,17,0,1,1,3,0.3,0.2727,0.45,0.2985,11,376,387
4229,14261,2012-08-22,3,1,8,9,0,3,1,1,0.68,0.6364,0.65,0,41,335,376
4230,16696,2012-12-03,4,1,12,10,0,1,1,1,0.44,0.4394,0.77,0.1343,31,105,136
4231,11354,2012-04-23,2,1,4,6,0,1,1,2,0.3,0.2727,0.81,0.2985,2,43,45
4232,2090,2011-04-01,2,0,4,22,0,5,1,1,0.3,0.303,0.56,0.1642,10,64,74
4233,12190,2012-05-28,2,1,5,2,1,1,0,1,0.6,0.5606,0.83,0.2239,20,28,48
4234,4192,2011-06-28,3,0,6,13,0,2,1,1,0.84,0.7576,0.44,0,33,156,189
4235,17342,2012-12-30,1,1,12,10,0,0,0,1,0.26,0.2121,0.41,0.5821,31,91,122
4236,2958,2011-05-08,2,0,5,3,0,0,0,1,0.46,0.4545,0.72,0.0896,10,21,31
4237,14176,2012-08-18,3,1,8,20,0,6,0,1,0.7,0.6364,0.45,0.1045,99,242,341
4238,11005,2012-04-08,2,1,4,16,0,0,0,1,0.64,0.6061,0.19,0.3284,232,244,476
4239,6226,2011-09-21,3,0,9,23,0,3,1,1,0.6,0.5152,0.94,0.1045,15,80,95
4240,4994,2011-07-31,3,0,7,23,0,0,0,1,0.74,0.697,0.66,0.2239,14,56,70
4241,1084,2011-02-17,1,0,2,21,0,4,1,1,0.52,0.5,0.55,0.3881,5,119,124
4242,10657,2012-03-25,2,1,3,3,0,0,0,3,0.42,0.4242,0.94,0.2985,8,10,18
4243,2854,2011-05-03,2,0,5,19,0,2,1,1,0.68,0.6364,0.57,0.3582,42,323,365
4244,12658,2012-06-16,2,1,6,14,0,6,0,1,0.72,0.6515,0.37,0.2239,264,309,573
4245,5490,2011-08-21,3,0,8,15,0,0,0,1,0.7,0.6667,0.84,0.2836,17,51,68
4246,5866,2011-09-06,3,0,9,21,0,2,1,3,0.54,0.5152,0.88,0.2836,12,109,121
4247,4520,2011-07-12,3,0,7,5,0,2,1,1,0.7,0.6667,0.79,0.0896,4,21,25
4248,945,2011-02-11,1,0,2,23,0,5,1,1,0.18,0.2424,0.69,0,5,48,53
4249,9264,2012-01-26,1,1,1,21,0,4,1,2,0.4,0.4091,0.76,0.1045,8,184,192
4250,13261,2012-07-11,3,1,7,17,0,3,1,1,0.8,0.697,0.31,0.2239,90,740,830
4251,7343,2011-11-07,4,0,11,13,0,1,1,1,0.54,0.5152,0.49,0.0896,32,157,189
4252,17023,2012-12-17,4,1,12,1,0,1,1,2,0.38,0.3939,0.87,0.1045,1,14,15
4253,8117,2011-12-09,4,0,12,20,0,5,1,1,0.3,0.3333,0.81,0,10,140,150
4254,4986,2011-07-31,3,0,7,15,0,0,0,1,0.92,0.7727,0.18,0.2985,109,184,293
4255,3329,2011-05-23,2,0,5,14,0,1,1,2,0.72,0.6818,0.62,0.5224,57,130,187
4256,13063,2012-07-03,3,1,7,11,0,2,1,1,0.86,0.7576,0.34,0.194,66,151,217
4257,9028,2012-01-17,1,1,1,0,0,2,1,2,0.26,0.2273,0.7,0.3284,0,12,12
4258,4392,2011-07-06,3,0,7,21,0,3,1,1,0.7,0.6667,0.79,0.194,66,175,241
4259,368,2011-01-16,1,0,1,19,0,0,0,1,0.18,0.197,0.47,0.1343,14,47,61
4260,10070,2012-02-29,1,1,2,15,0,3,1,2,0.4,0.4091,0.82,0.2836,3,87,90
4261,9774,2012-02-17,1,1,2,4,0,5,1,2,0.28,0.2727,0.93,0.194,0,1,1
4262,15798,2012-10-25,4,1,10,10,0,4,1,2,0.54,0.5152,0.83,0.1343,53,172,225
4263,1153,2011-02-20,1,0,2,19,0,0,0,2,0.34,0.3333,0.36,0.1343,3,39,42
4264,15803,2012-10-25,4,1,10,15,0,4,1,1,0.62,0.6061,0.65,0.1343,63,242,305
4265,8417,2011-12-22,1,0,12,8,0,4,1,2,0.36,0.3788,0.87,0,10,333,343
4266,8150,2011-12-11,4,0,12,5,0,0,0,1,0.18,0.2121,0.59,0.1045,0,6,6
4267,6751,2011-10-13,4,0,10,20,0,4,1,1,0.62,0.5758,0.83,0.2836,15,166,181
4268,13583,2012-07-25,3,1,7,3,0,3,1,1,0.66,0.6212,0.65,0.2239,1,11,12
4269,2013,2011-03-29,2,0,3,17,0,2,1,1,0.4,0.4091,0.2,0.1343,34,265,299
4270,2616,2011-04-23,2,0,4,21,0,6,0,2,0.56,0.5303,0.83,0.2836,32,103,135
4271,7810,2011-11-27,4,0,11,0,0,0,0,1,0.36,0.3788,0.81,0,7,39,46
4272,4937,2011-07-29,3,0,7,14,0,5,1,1,0.96,0.8636,0.3,0.2239,34,114,148
4273,9394,2012-02-01,1,1,2,7,0,3,1,3,0.38,0.3939,0.62,0.0896,7,201,208
4274,16914,2012-12-12,4,1,12,12,0,3,1,2,0.34,0.3636,0.42,0,14,218,232
4275,12248,2012-05-30,2,1,5,12,0,3,1,1,0.7,0.6515,0.54,0,33,220,253
4276,185,2011-01-08,1,0,1,23,0,6,0,1,0.1,0.0606,0.39,0.4478,0,22,22
4277,4960,2011-07-30,3,0,7,13,0,6,0,1,0.88,0.7576,0.29,0,125,183,308
4278,10679,2012-03-26,2,1,3,1,0,1,1,1,0.48,0.4697,0.82,0.2537,18,10,28
4279,9630,2012-02-11,1,1,2,4,0,6,0,3,0.24,0.2273,0.87,0.2239,0,4,4
4280,6150,2011-09-18,3,0,9,19,0,0,0,2,0.54,0.5152,0.68,0.1045,54,191,245
4281,11118,2012-04-13,2,1,4,10,0,5,1,1,0.44,0.4394,0.38,0.194,59,133,192
4282,5231,2011-08-10,3,0,8,20,0,3,1,1,0.76,0.6667,0.31,0.1343,59,253,312
4283,13316,2012-07-14,3,1,7,0,0,6,0,2,0.72,0.6667,0.48,0.0896,35,156,191
4284,8874,2012-01-10,1,1,1,14,0,2,1,1,0.42,0.4242,0.38,0.2985,10,96,106
4285,7817,2011-11-27,4,0,11,7,0,0,0,1,0.38,0.3939,0.87,0.2239,12,11,23
4286,8518,2011-12-26,1,0,12,15,1,1,0,1,0.38,0.3939,0.4,0.2537,26,105,131
4287,10537,2012-03-20,1,1,3,3,0,2,1,2,0.54,0.5152,0.88,0,0,3,3
4288,593,2011-01-27,1,0,1,21,0,4,1,1,0.18,0.2121,0.74,0.0896,2,36,38
4289,11694,2012-05-07,2,1,5,10,0,1,1,2,0.52,0.5,0.77,0.194,62,128,190
4290,6928,2011-10-21,4,0,10,6,0,5,1,1,0.36,0.3485,0.71,0.1642,7,78,85
4291,16916,2012-12-12,4,1,12,14,0,3,1,2,0.34,0.3636,0.46,0,34,191,225
4292,1029,2011-02-15,1,0,2,13,0,2,1,1,0.32,0.303,0.21,0.2239,14,68,82
4293,7525,2011-11-15,4,0,11,3,0,2,1,2,0.54,0.5152,0.68,0.3284,0,4,4
4294,3926,2011-06-17,2,0,6,11,0,5,1,1,0.68,0.6364,0.69,0.2537,43,138,181
4295,13020,2012-07-01,3,1,7,16,0,0,0,1,0.92,0.8333,0.33,0.2985,85,228,313
4296,7143,2011-10-30,4,0,10,5,0,0,0,1,0.24,0.2121,0.75,0.2985,0,4,4
4297,539,2011-01-24,1,0,1,14,0,1,1,2,0.14,0.1364,0.46,0.2239,2,43,45
4298,14564,2012-09-04,3,1,9,0,0,2,1,2,0.7,0.6667,0.84,0.2537,10,19,29
4299,13304,2012-07-13,3,1,7,12,0,5,1,2,0.76,0.6818,0.4,0.1045,125,254,379
4300,10916,2012-04-04,2,1,4,23,0,3,1,1,0.52,0.5,0.23,0.4179,19,112,131
4301,11659,2012-05-05,2,1,5,23,0,6,0,2,0.56,0.5303,0.83,0.2836,35,114,149
4302,5528,2011-08-23,3,0,8,5,0,2,1,1,0.54,0.5152,0.56,0.194,1,35,36
4303,11278,2012-04-20,2,1,4,2,0,5,1,1,0.44,0.4394,0.88,0.194,3,18,21
4304,2311,2011-04-11,2,0,4,4,0,1,1,1,0.46,0.4545,0.94,0.194,0,1,1
4305,5834,2011-09-05,3,0,9,12,1,1,0,2,0.72,0.6818,0.7,0.194,141,212,353
4306,13455,2012-07-19,3,1,7,19,0,4,1,1,0.84,0.7576,0.44,0.2537,53,480,533
4307,13064,2012-07-03,3,1,7,12,0,2,1,1,0.88,0.7576,0.28,0.194,74,198,272
4308,3456,2011-05-28,2,0,5,21,0,6,0,1,0.66,0.6212,0.74,0.2985,87,114,201
4309,11782,2012-05-11,2,1,5,2,0,5,1,1,0.46,0.4545,0.44,0.1642,15,16,31
4310,6516,2011-10-04,4,0,10,1,0,2,1,2,0.4,0.4091,0.87,0.1045,1,8,9
4311,6914,2011-10-20,4,0,10,16,0,4,1,2,0.48,0.4697,0.51,0.4478,31,203,234
4312,9530,2012-02-07,1,1,2,0,0,2,1,1,0.3,0.2879,0.7,0.194,1,22,23
4313,16516,2012-11-25,4,1,11,21,0,0,0,1,0.26,0.303,0.48,0,4,60,64
4314,12877,2012-06-25,3,1,6,17,0,1,1,1,0.8,0.6818,0.24,0.4627,76,757,833
4315,4163,2011-06-27,3,0,6,8,0,1,1,1,0.66,0.6212,0.74,0.194,29,418,447
4316,1766,2011-03-19,1,0,3,6,0,6,0,1,0.44,0.4394,0.44,0.4179,0,10,10
4317,8299,2011-12-17,4,0,12,10,0,6,0,2,0.26,0.2424,0.52,0.2836,10,171,181
4318,14345,2012-08-25,3,1,8,21,0,6,0,1,0.62,0.5758,0.83,0.3582,60,148,208
4319,10606,2012-03-23,2,1,3,0,0,5,1,1,0.56,0.5303,0.83,0,30,65,95
4320,13794,2012-08-02,3,1,8,22,0,4,1,1,0.74,0.697,0.7,0.194,35,227,262
4321,466,2011-01-21,1,0,1,10,0,5,1,1,0.2,0.1667,0.47,0.4627,6,57,63
4322,15466,2012-10-11,4,1,10,14,0,4,1,1,0.52,0.5,0.32,0.0896,78,270,348
4323,1198,2011-02-22,1,0,2,22,0,2,1,1,0.16,0.1515,0.43,0.2537,1,76,77
4324,4210,2011-06-29,3,0,6,7,0,3,1,1,0.7,0.6515,0.54,0.2239,18,318,336
4325,5334,2011-08-15,3,0,8,3,0,1,1,1,0.6,0.5606,0.83,0.194,1,6,7
4326,9265,2012-01-26,1,1,1,22,0,4,1,1,0.38,0.3939,0.82,0.1045,3,139,142
4327,12409,2012-06-06,2,1,6,5,0,3,1,1,0.48,0.4697,0.77,0,1,37,38
4328,13023,2012-07-01,3,1,7,19,0,0,0,1,0.84,0.7424,0.39,0.1343,103,279,382
4329,9443,2012-02-03,1,1,2,8,0,5,1,1,0.24,0.2273,0.65,0.2239,12,429,441
4330,8356,2011-12-19,4,0,12,19,0,1,1,2,0.36,0.3485,0.53,0.1642,17,234,251
4331,2532,2011-04-20,2,0,4,9,0,3,1,1,0.66,0.6212,0.61,0.2836,27,170,197
4332,11124,2012-04-13,2,1,4,16,0,5,1,1,0.56,0.5303,0.26,0.2537,113,350,463
4333,9987,2012-02-26,1,1,2,3,0,0,0,1,0.24,0.2273,0.41,0.194,0,21,21
4334,4004,2011-06-20,2,0,6,17,0,1,1,1,0.7,0.6515,0.54,0,81,484,565
4335,16530,2012-11-26,4,1,11,11,0,1,1,1,0.4,0.4091,0.37,0.2985,18,112,130
4336,5517,2011-08-22,3,0,8,18,0,1,1,1,0.72,0.6515,0.28,0.2985,72,537,609
4337,6631,2011-10-08,4,0,10,20,0,6,0,1,0.52,0.5,0.77,0.1045,78,124,202
4338,2020,2011-03-30,2,0,3,0,0,3,1,2,0.32,0.3485,0.57,0,3,8,11
4339,9934,2012-02-23,1,1,2,22,0,4,1,1,0.44,0.4394,0.54,0.2537,19,118,137
4340,5460,2011-08-20,3,0,8,9,0,6,0,1,0.7,0.6515,0.65,0,51,139,190
4341,4732,2011-07-21,3,0,7,1,0,4,1,2,0.74,0.7273,0.84,0.2239,5,16,21
4342,15988,2012-11-03,4,1,11,20,0,6,0,1,0.34,0.3333,0.53,0.1343,23,158,181
4343,10348,2012-03-12,1,1,3,6,0,1,1,1,0.34,0.3485,0.57,0.1045,2,86,88
4344,4112,2011-06-25,3,0,6,5,0,6,0,1,0.62,0.6061,0.61,0.1343,6,8,14
4345,11972,2012-05-19,2,1,5,0,0,6,0,1,0.52,0.5,0.48,0.1045,30,118,148
4346,1946,2011-03-26,2,0,3,20,0,6,0,2,0.28,0.2727,0.45,0.2537,18,67,85
4347,13427,2012-07-18,3,1,7,15,0,3,1,3,0.92,0.8485,0.35,0.3582,42,152,194
4348,12899,2012-06-26,3,1,6,15,0,2,1,1,0.72,0.6515,0.28,0.4627,88,229,317
4349,2571,2011-04-22,2,0,4,0,0,5,1,1,0.36,0.3485,0.62,0.194,3,30,33
4350,10765,2012-03-29,2,1,3,15,0,4,1,1,0.52,0.5,0.39,0.3582,109,198,307
4351,5164,2011-08-08,3,0,8,1,0,1,1,1,0.68,0.6364,0.83,0.1343,4,8,12
4352,10873,2012-04-03,2,1,4,4,0,2,1,1,0.32,0.3333,0.66,0.0896,0,1,1
4353,16735,2012-12-05,4,1,12,1,0,3,1,1,0.52,0.5,0.55,0.3284,0,11,11
4354,13625,2012-07-26,3,1,7,21,0,4,1,1,0.8,0.7424,0.49,0.6119,35,236,271
4355,5752,2011-09-02,3,0,9,2,0,5,1,3,0.62,0.5909,0.73,0.1045,9,11,20
4356,9451,2012-02-03,1,1,2,16,0,5,1,1,0.4,0.4091,0.37,0.1045,36,275,311
4357,16784,2012-12-07,4,1,12,2,0,5,1,2,0.26,0.2727,0.7,0.1343,0,11,11
4358,3284,2011-05-21,2,0,5,17,0,6,0,2,0.72,0.6515,0.42,0.1642,191,253,444
4359,4904,2011-07-28,3,0,7,5,0,4,1,1,0.7,0.6515,0.65,0.1045,1,26,27
4360,16892,2012-12-11,4,1,12,14,0,2,1,2,0.38,0.3939,0.5,0.2239,19,185,204
4361,5032,2011-08-02,3,0,8,13,0,2,1,1,0.86,0.7424,0.3,0.2239,50,153,203
4362,9639,2012-02-11,1,1,2,13,0,6,0,2,0.26,0.2424,0.81,0.2836,18,217,235
4363,9248,2012-01-26,1,1,1,5,0,4,1,2,0.3,0.3182,0.75,0.1045,0,28,28
4364,5173,2011-08-08,3,0,8,10,0,1,1,1,0.8,0.7424,0.52,0.3881,62,62,124
4365,15682,2012-10-20,4,1,10,14,0,6,0,1,0.56,0.5303,0.4,0,335,376,711
4366,2453,2011-04-17,2,0,4,2,0,0,0,1,0.4,0.4091,0.62,0.194,4,25,29
4367,1238,2011-02-24,1,0,2,16,0,4,1,3,0.38,0.3939,0.62,0.2836,4,67,71
4368,16999,2012-12-16,4,1,12,1,0,0,0,3,0.34,0.3485,0.76,0.1045,14,82,96
4369,2061,2011-03-31,2,0,3,17,0,4,1,2,0.3,0.2879,0.87,0.2537,15,153,168
4370,7034,2011-10-25,4,0,10,16,0,2,1,1,0.56,0.5303,0.37,0.194,52,233,285
4371,3308,2011-05-22,2,0,5,17,0,0,0,1,0.7,0.6515,0.58,0.2537,93,213,306
4372,13562,2012-07-24,3,1,7,6,0,2,1,1,0.66,0.6061,0.83,0.1343,17,173,190
4373,10169,2012-03-04,1,1,3,18,0,0,0,1,0.32,0.2727,0.33,0.6119,20,164,184
4374,134,2011-01-06,1,0,1,19,0,4,1,1,0.22,0.2576,0.55,0.0896,3,109,112
4375,5156,2011-08-07,3,0,8,17,0,0,0,3,0.74,0.7121,0.74,0.6418,63,131,194
4376,12367,2012-06-04,2,1,6,11,0,1,1,1,0.64,0.6212,0.38,0.4925,71,168,239
4377,409,2011-01-19,1,0,1,0,0,3,1,2,0.22,0.2727,0.93,0,0,3,3
4378,14710,2012-09-10,3,1,9,2,0,1,1,1,0.54,0.5152,0.6,0.3582,11,6,17
4379,4603,2011-07-15,3,0,7,16,0,5,1,1,0.72,0.6667,0.51,0.194,96,265,361
4380,14511,2012-09-01,3,1,9,19,0,6,0,3,0.78,0.7424,0.62,0,157,235,392
4381,2059,2011-03-31,2,0,3,15,0,4,1,3,0.3,0.2727,0.87,0.2985,4,61,65
4382,8125,2011-12-10,4,0,12,4,0,6,0,2,0.26,0.2727,0.65,0.1045,0,3,3
4383,17059,2012-12-18,4,1,12,13,0,2,1,1,0.5,0.4848,0.42,0.2836,51,235,286
4384,7935,2011-12-02,4,0,12,6,0,5,1,1,0.22,0.2727,0.8,0,3,84,87
4385,2765,2011-04-30,2,0,4,2,0,6,0,2,0.44,0.4394,0.54,0.2239,12,53,65
4386,6530,2011-10-04,4,0,10,15,0,2,1,1,0.58,0.5455,0.56,0.2836,28,166,194
4387,11220,2012-04-17,2,1,4,16,0,2,1,1,0.68,0.6212,0.22,0.3582,50,320,370
4388,6075,2011-09-15,3,0,9,16,0,4,1,2,0.54,0.5152,0.77,0.4627,29,193,222
4389,2216,2011-04-07,2,0,4,4,0,4,1,1,0.34,0.3333,0.76,0.194,0,1,1
4390,3046,2011-05-11,2,0,5,19,0,3,1,1,0.56,0.5303,0.52,0.1343,60,341,401
4391,16714,2012-12-04,4,1,12,4,0,2,1,2,0.4,0.4091,0.87,0.1343,0,7,7
4392,1483,2011-03-07,1,0,3,3,0,1,1,1,0.2,0.1515,0.8,0.5821,0,1,1
4393,7627,2011-11-19,4,0,11,9,0,6,0,1,0.28,0.2576,0.52,0.2985,12,130,142
4394,13212,2012-07-09,3,1,7,16,0,1,1,1,0.78,0.697,0.4,0.2836,88,325,413
4395,2944,2011-05-07,2,0,5,13,0,6,0,1,0.6,0.6212,0.35,0.2836,196,240,436
4396,15581,2012-10-16,4,1,10,9,0,2,1,1,0.48,0.4697,0.55,0.2537,32,323,355
4397,4979,2011-07-31,3,0,7,8,0,0,0,1,0.76,0.697,0.55,0.2239,54,88,142
4398,14927,2012-09-19,3,1,9,3,0,3,1,2,0.52,0.5,0.63,0.2537,1,4,5
4399,4964,2011-07-30,3,0,7,17,0,6,0,1,0.9,0.7879,0.29,0.1045,93,209,302
4400,15867,2012-10-28,4,1,10,7,0,0,0,2,0.5,0.4848,0.59,0.2985,17,48,65
4401,7110,2011-10-28,4,0,10,20,0,5,1,3,0.34,0.3182,0.61,0.2239,12,131,143
4402,2549,2011-04-21,2,0,4,2,0,4,1,1,0.5,0.4848,0.42,0.3881,3,10,13
4403,10350,2012-03-12,1,1,3,8,0,1,1,1,0.34,0.3333,0.61,0.1343,17,547,564
4404,5946,2011-09-10,3,0,9,6,0,6,0,1,0.58,0.5455,0.94,0.1642,0,6,6
4405,11401,2012-04-25,2,1,4,5,0,3,1,1,0.34,0.3636,0.66,0,0,24,24
4406,8792,2012-01-07,1,1,1,3,0,6,0,1,0.32,0.3333,0.57,0.1045,1,19,20
4407,3470,2011-05-29,2,0,5,11,0,0,0,2,0.66,0.6061,0.83,0.2836,139,180,319
4408,16990,2012-12-15,4,1,12,16,0,6,0,1,0.4,0.4091,0.5,0.1343,85,328,413
4409,9999,2012-02-26,1,1,2,15,0,0,0,1,0.36,0.3485,0.29,0,72,281,353
4410,7026,2011-10-25,4,0,10,8,0,2,1,1,0.44,0.4394,0.72,0,25,383,408
4411,4065,2011-06-23,3,0,6,6,0,4,1,1,0.72,0.697,0.74,0.1642,8,92,100
4412,1859,2011-03-23,2,0,3,5,0,3,1,3,0.32,0.3182,0.87,0.194,0,10,10
4413,17329,2012-12-29,1,1,12,21,0,6,0,2,0.28,0.2424,0.56,0.4925,4,56,60
4414,9979,2012-02-25,1,1,2,19,0,6,0,1,0.26,0.2121,0.33,0.4478,12,137,149
4415,4344,2011-07-04,3,0,7,21,1,1,0,2,0.74,0.6818,0.62,0.1045,195,262,457
4416,11523,2012-04-30,2,1,4,7,0,1,1,1,0.4,0.4091,0.5,0.194,6,343,349
4417,12454,2012-06-08,2,1,6,2,0,5,1,1,0.56,0.5303,0.56,0,2,17,19
4418,3356,2011-05-24,2,0,5,17,0,2,1,1,0.7,0.6515,0.61,0.1045,56,492,548
4419,14764,2012-09-12,3,1,9,8,0,3,1,1,0.56,0.5303,0.64,0.1045,43,727,770
4420,7688,2011-11-21,4,0,11,22,0,1,1,3,0.4,0.4091,0.87,0.1343,6,72,78
4421,14001,2012-08-11,3,1,8,13,0,6,0,1,0.8,0.7424,0.49,0.3582,228,341,569
4422,9566,2012-02-08,1,1,2,12,0,3,1,2,0.28,0.2576,0.65,0.2836,14,124,138
4423,6424,2011-09-30,4,0,9,5,0,5,1,1,0.52,0.5,0.83,0.194,3,23,26
4424,1058,2011-02-16,1,0,2,19,0,3,1,1,0.34,0.3182,0.53,0.2239,18,143,161
4425,16501,2012-11-25,4,1,11,6,0,0,0,2,0.22,0.2424,0.47,0.1045,1,10,11
4426,14460,2012-08-30,3,1,8,16,0,4,1,1,0.8,0.7273,0.43,0.1642,77,405,482
4427,8262,2011-12-15,4,0,12,21,0,4,1,1,0.5,0.4848,0.63,0.2985,10,145,155
4428,15136,2012-09-27,4,1,9,20,0,4,1,2,0.64,0.6061,0.69,0.2239,45,412,457
4429,873,2011-02-08,1,0,2,19,0,2,1,1,0.16,0.1212,0.4,0.4627,1,100,101
4430,8834,2012-01-08,1,1,1,21,0,0,0,1,0.28,0.2727,0.56,0.2239,10,81,91
4431,4016,2011-06-21,3,0,6,5,0,2,1,2,0.6,0.5455,0.88,0.1343,3,22,25
4432,4232,2011-06-30,3,0,6,5,0,4,1,1,0.58,0.5455,0.64,0.2537,1,24,25
4433,9958,2012-02-24,1,1,2,22,0,5,1,1,0.4,0.4091,0.37,0.5821,4,102,106
4434,4981,2011-07-31,3,0,7,10,0,0,0,1,0.84,0.7424,0.36,0.1642,91,163,254
4435,16273,2012-11-15,4,1,11,18,0,4,1,2,0.36,0.3485,0.57,0.194,10,563,573
4436,3493,2011-05-30,2,0,5,10,1,1,0,1,0.8,0.7576,0.55,0.2537,116,153,269
4437,4765,2011-07-22,3,0,7,10,0,5,1,1,0.9,0.9242,0.53,0.0896,32,83,115
4438,8325,2011-12-18,4,0,12,12,0,0,0,1,0.26,0.2576,0.6,0.2239,26,202,228
4439,13866,2012-08-05,3,1,8,22,0,0,0,1,0.72,0.697,0.79,0.0896,57,100,157
4440,13826,2012-08-04,3,1,8,6,0,6,0,1,0.7,0.6667,0.84,0.2239,12,37,49
4441,8654,2012-01-01,1,1,1,8,0,0,0,1,0.26,0.2727,0.87,0.1045,4,10,14
4442,1925,2011-03-25,2,0,3,23,0,5,1,2,0.26,0.2424,0.38,0.2836,8,31,39
4443,14243,2012-08-21,3,1,8,15,0,2,1,1,0.76,0.6667,0.37,0,76,226,302
4444,15299,2012-10-04,4,1,10,15,0,4,1,1,0.72,0.6667,0.54,0.2836,77,248,325
4445,1352,2011-03-01,1,0,3,14,0,2,1,1,0.32,0.3333,0.36,0.1343,18,61,79
4446,11249,2012-04-18,2,1,4,21,0,3,1,2,0.42,0.4242,0.82,0.0896,24,165,189
4447,12392,2012-06-05,2,1,6,12,0,2,1,2,0.54,0.5152,0.56,0.2239,45,202,247
4448,867,2011-02-08,1,0,2,13,0,2,1,2,0.24,0.197,0.32,0.4478,2,48,50
4449,3345,2011-05-24,2,0,5,6,0,2,1,2,0.58,0.5455,0.94,0.194,10,102,112
4450,4302,2011-07-03,3,0,7,3,0,0,0,3,0.68,0.6364,0.65,0.0896,8,25,33
4451,6581,2011-10-06,4,0,10,18,0,4,1,1,0.54,0.5152,0.64,0.0896,59,479,538
4452,3534,2011-06-01,2,0,6,3,0,3,1,1,0.68,0.6364,0.89,0.194,0,6,6
4453,2450,2011-04-16,2,0,4,23,0,6,0,2,0.44,0.4394,0.77,0.2836,5,30,35
4454,11063,2012-04-11,2,1,4,2,0,3,1,1,0.32,0.303,0.45,0.2836,0,2,2
4455,12269,2012-05-31,2,1,5,9,0,4,1,1,0.66,0.6212,0.47,0.2537,47,264,311
4456,261,2011-01-12,1,0,1,7,0,3,1,1,0.14,0.1515,0.69,0.1343,0,54,54
4457,9026,2012-01-16,1,1,1,22,1,1,0,2,0.3,0.2727,0.49,0.3582,4,39,43
4458,16337,2012-11-18,4,1,11,10,0,0,0,1,0.34,0.303,0.66,0.2985,79,250,329
4459,15819,2012-10-26,4,1,10,7,0,5,1,2,0.52,0.5,0.88,0.1045,13,408,421
4460,7224,2011-11-02,4,0,11,14,0,3,1,1,0.5,0.4848,0.45,0.1642,40,132,172
4461,13131,2012-07-06,3,1,7,7,0,5,1,1,0.78,0.697,0.46,0.1343,20,333,353
4462,2210,2011-04-06,2,0,4,22,0,3,1,1,0.46,0.4545,0.41,0.2836,13,71,84
4463,834,2011-02-07,1,0,2,4,0,1,1,1,0.2,0.2576,0.86,0,1,1,2
4464,8673,2012-01-02,1,1,1,4,1,1,0,1,0.28,0.2576,0.45,0.3284,0,4,4
4465,11902,2012-05-16,2,1,5,2,0,3,1,1,0.56,0.5303,0.94,0.194,5,14,19
4466,15698,2012-10-21,4,1,10,6,0,0,0,1,0.4,0.4091,0.62,0,8,18,26
4467,7604,2011-11-18,4,0,11,10,0,5,1,1,0.26,0.2424,0.41,0.2836,10,105,115
4468,4752,2011-07-21,3,0,7,21,0,4,1,1,0.82,0.8939,0.75,0.2239,38,187,225
4469,899,2011-02-09,1,0,2,22,0,3,1,3,0.16,0.1667,0.8,0.1642,4,42,46
4470,7078,2011-10-27,4,0,10,12,0,4,1,3,0.5,0.4848,0.88,0.1343,8,45,53
4471,2418,2011-04-15,2,0,4,15,1,5,0,1,0.54,0.5152,0.52,0.4478,50,112,162
4472,14902,2012-09-18,3,1,9,2,0,2,1,3,0.6,0.5152,0.94,0.194,0,4,4
4473,2922,2011-05-06,2,0,5,15,0,5,1,1,0.6,0.6212,0.38,0.3881,89,171,260
4474,10326,2012-03-11,1,1,3,8,0,0,0,1,0.22,0.2273,0.69,0.1343,4,68,72
4475,9271,2012-01-27,1,1,1,4,0,5,1,2,0.4,0.4091,1,0.2985,1,3,4
4476,8799,2012-01-07,1,1,1,10,0,6,0,1,0.28,0.303,0.75,0.0896,43,160,203
4477,14771,2012-09-12,3,1,9,15,0,3,1,1,0.72,0.6515,0.37,0.1343,75,243,318
4478,16493,2012-11-24,4,1,11,22,0,6,0,1,0.24,0.2273,0.44,0.2537,7,69,76
4479,9435,2012-02-03,1,1,2,0,0,5,1,1,0.32,0.2879,0.53,0.3881,1,37,38
4480,6486,2011-10-02,4,0,10,19,0,0,0,2,0.38,0.3939,0.76,0.1642,34,128,162
4481,10609,2012-03-23,2,1,3,3,0,5,1,1,0.52,0.5,0.88,0.1045,4,6,10
4482,2460,2011-04-17,2,0,4,9,0,0,0,1,0.4,0.4091,0.43,0.2836,31,71,102
4483,8594,2011-12-29,1,0,12,20,0,4,1,1,0.28,0.2879,0.65,0.1045,8,88,96
4484,430,2011-01-19,1,0,1,22,0,3,1,1,0.3,0.303,0.52,0.1642,6,53,59
4485,2967,2011-05-08,2,0,5,12,0,0,0,1,0.6,0.6212,0.46,0.0896,139,243,382
4486,4526,2011-07-12,3,0,7,11,0,2,1,1,0.82,0.7727,0.52,0.1642,39,86,125
4487,15846,2012-10-27,4,1,10,10,0,6,0,1,0.54,0.5152,0.73,0.2836,165,314,479
4488,6628,2011-10-08,4,0,10,17,0,6,0,1,0.62,0.6212,0.5,0.1343,174,219,393
4489,6051,2011-09-14,3,0,9,16,0,3,1,1,0.76,0.697,0.52,0.2836,36,241,277
4490,11316,2012-04-21,2,1,4,16,0,6,0,1,0.7,0.6364,0.42,0.3284,267,372,639
4491,10359,2012-03-12,1,1,3,17,0,1,1,2,0.62,0.6212,0.38,0.4179,87,557,644
4492,5787,2011-09-03,3,0,9,13,0,6,0,1,0.7,0.6515,0.65,0.2239,153,200,353
4493,6726,2011-10-12,4,0,10,19,0,3,1,3,0.54,0.5152,0.94,0.1343,7,102,109
4494,7041,2011-10-25,4,0,10,23,0,2,1,1,0.44,0.4394,0.72,0.1343,15,79,94
4495,13018,2012-07-01,3,1,7,14,0,0,0,1,0.92,0.8333,0.33,0.2537,98,346,444
4496,6725,2011-10-12,4,0,10,18,0,3,1,3,0.54,0.5152,0.94,0.1343,11,161,172
4497,14367,2012-08-26,3,1,8,19,0,0,0,2,0.64,0.5758,0.89,0.1642,80,212,292
4498,8978,2012-01-14,1,1,1,22,0,6,0,1,0.16,0.1364,0.47,0.3582,4,62,66
4499,7314,2011-11-06,4,0,11,8,0,0,0,2,0.28,0.303,0.87,0.0896,19,71,90
4500,10580,2012-03-21,2,1,3,22,0,3,1,1,0.52,0.5,0.83,0.1642,41,156,197
4501,10680,2012-03-26,2,1,3,2,0,1,1,1,0.46,0.4545,0.88,0.2239,14,6,20
4502,8604,2011-12-30,1,0,12,6,0,5,1,1,0.24,0.2576,0.7,0.0896,1,31,32
4503,4396,2011-07-07,3,0,7,1,0,4,1,1,0.66,0.5909,0.89,0.194,2,14,16
4504,2904,2011-05-05,2,0,5,21,0,4,1,1,0.5,0.4848,0.36,0.194,39,141,180
4505,5023,2011-08-02,3,0,8,4,0,2,1,1,0.66,0.6212,0.74,0.1045,0,10,10
4506,13336,2012-07-14,3,1,7,20,0,6,0,1,0.72,0.7121,0.84,0.0896,101,255,356
4507,5359,2011-08-16,3,0,8,4,0,2,1,1,0.64,0.6061,0.69,0.2985,0,5,5
4508,14488,2012-08-31,3,1,8,20,0,5,1,1,0.8,0.7424,0.49,0.1343,102,254,356
4509,12322,2012-06-02,2,1,6,14,0,6,0,1,0.64,0.6212,0.38,0.2985,259,388,647
4510,7703,2011-11-22,4,0,11,13,0,2,1,3,0.42,0.4242,1,0.0896,4,22,26
4511,7945,2011-12-02,4,0,12,16,0,5,1,1,0.42,0.4242,0.41,0.0896,22,254,276
4512,1657,2011-03-14,1,0,3,14,0,1,1,2,0.38,0.3939,0.34,0,27,52,79
4513,2629,2011-04-24,2,0,4,10,0,0,0,1,0.6,0.5758,0.78,0.1642,118,171,289
4514,14380,2012-08-27,3,1,8,8,0,1,1,1,0.66,0.6061,0.83,0.0896,29,670,699
4515,5573,2011-08-25,3,0,8,2,0,4,1,1,0.68,0.6364,0.69,0.3881,3,2,5
4516,4529,2011-07-12,3,0,7,14,0,2,1,1,0.9,0.8485,0.42,0.2985,33,91,124
4517,13561,2012-07-24,3,1,7,5,0,2,1,1,0.66,0.6061,0.83,0.1045,5,45,50
4518,4683,2011-07-19,3,0,7,0,0,2,1,1,0.74,0.697,0.66,0.1045,25,26,51
4519,1687,2011-03-15,1,0,3,21,0,2,1,3,0.32,0.3333,0.81,0.1045,2,53,55
4520,3882,2011-06-15,2,0,6,15,0,3,1,1,0.76,0.6667,0.27,0,33,131,164
4521,12320,2012-06-02,2,1,6,12,0,6,0,1,0.62,0.6212,0.43,0.3582,250,418,668
4522,4216,2011-06-29,3,0,6,13,0,3,1,1,0.8,0.697,0.31,0.3284,45,186,231
4523,12529,2012-06-11,2,1,6,5,0,1,1,1,0.64,0.5909,0.78,0.1343,1,36,37
4524,4786,2011-07-23,3,0,7,7,0,6,0,1,0.8,0.7424,0.52,0.1045,7,38,45
4525,3323,2011-05-23,2,0,5,8,0,1,1,1,0.6,0.5455,0.88,0.194,50,359,409
4526,1724,2011-03-17,1,0,3,11,0,4,1,1,0.44,0.4394,0.54,0.2836,20,66,86
4527,10581,2012-03-21,2,1,3,23,0,3,1,1,0.54,0.5152,0.77,0,37,88,125
4528,12537,2012-06-11,2,1,6,13,0,1,1,2,0.8,0.7121,0.41,0.2985,63,185,248
4529,9572,2012-02-08,1,1,2,18,0,3,1,3,0.24,0.2576,0.87,0.1045,4,163,167
4530,3466,2011-05-29,2,0,5,7,0,0,0,2,0.62,0.5606,0.88,0.2537,13,17,30
4531,10804,2012-03-31,2,1,3,6,0,6,0,2,0.36,0.3485,0.87,0.1642,7,16,23
4532,14535,2012-09-02,3,1,9,19,0,0,0,2,0.7,0.6667,0.84,0.2239,140,152,292
4533,14253,2012-08-22,3,1,8,1,0,3,1,1,0.62,0.5909,0.78,0,1,20,21
4534,11492,2012-04-29,2,1,4,0,0,0,0,3,0.36,0.3485,0.81,0.1343,0,36,36
4535,8094,2011-12-08,4,0,12,21,0,4,1,1,0.28,0.303,0.61,0.0896,4,135,139
4536,5461,2011-08-20,3,0,8,10,0,6,0,1,0.72,0.6818,0.62,0.1045,114,192,306
4537,8500,2011-12-25,1,0,12,20,0,0,0,1,0.32,0.3333,0.49,0.0896,8,18,26
4538,5720,2011-08-31,3,0,8,18,0,3,1,1,0.7,0.6515,0.51,0.2239,70,495,565
4539,377,2011-01-17,1,0,1,4,1,1,0,2,0.18,0.197,0.43,0.1343,1,2,3
4540,3461,2011-05-29,2,0,5,2,0,0,0,1,0.62,0.5606,0.88,0.1045,12,49,61
4541,9809,2012-02-18,1,1,2,15,0,6,0,1,0.42,0.4242,0.41,0.2537,229,270,499
4542,826,2011-02-06,1,0,2,20,0,0,0,1,0.28,0.2879,0.61,0.1045,5,21,26
4543,705,2011-02-01,1,0,2,17,0,2,1,2,0.24,0.2879,0.75,0,4,172,176
4544,4013,2011-06-21,3,0,6,2,0,2,1,3,0.62,0.5758,0.83,0.1642,1,5,6
4545,2656,2011-04-25,2,0,4,13,0,1,1,1,0.7,0.6515,0.65,0.2239,57,146,203
4546,8866,2012-01-10,1,1,1,6,0,2,1,2,0.18,0.1818,0.93,0.194,0,79,79
4547,16401,2012-11-21,4,1,11,2,0,3,1,1,0.28,0.2879,0.87,0.1045,2,6,8
4548,5614,2011-08-26,3,0,8,19,0,5,1,1,0.72,0.697,0.79,0.1045,55,235,290
4549,4554,2011-07-13,3,0,7,15,0,3,1,3,0.64,0.5606,0.94,0.1343,13,33,46
4550,11849,2012-05-13,2,1,5,21,0,0,0,2,0.64,0.6212,0.53,0.194,48,121,169
4551,15579,2012-10-16,4,1,10,7,0,2,1,1,0.42,0.4242,0.67,0.0896,20,505,525
4552,11062,2012-04-11,2,1,4,1,0,3,1,1,0.34,0.3182,0.39,0.2836,3,9,12
4553,209,2011-01-09,1,0,1,23,0,0,0,1,0.12,0.1364,0.5,0.194,0,6,6
4554,2338,2011-04-12,2,0,4,7,0,2,1,2,0.54,0.5152,0.68,0.2239,12,177,189
4555,16260,2012-11-15,4,1,11,5,0,4,1,2,0.3,0.2879,0.61,0.2239,3,34,37
4556,3067,2011-05-12,2,0,5,16,0,4,1,2,0.64,0.6212,0.57,0.2537,50,238,288
4557,14013,2012-08-12,3,1,8,1,0,0,0,1,0.62,0.5909,0.78,0.1343,21,92,113
4558,8687,2012-01-02,1,1,1,18,1,1,0,1,0.26,0.2424,0.33,0.2537,13,113,126
4559,3910,2011-06-16,2,0,6,19,0,4,1,1,0.62,0.5758,0.83,0.2836,58,269,327
4560,10710,2012-03-27,2,1,3,8,0,2,1,1,0.22,0.2121,0.37,0.2985,14,567,581
4561,6244,2011-09-22,3,0,9,17,0,4,1,2,0.66,0.6061,0.78,0.0896,50,513,563
4562,9725,2012-02-15,1,1,2,3,0,3,1,1,0.28,0.3182,0.75,0,0,3,3
4563,1935,2011-03-26,2,0,3,9,0,6,0,1,0.24,0.2424,0.41,0.1343,32,68,100
4564,16185,2012-11-12,4,1,11,2,1,1,0,1,0.4,0.4091,0.76,0.1343,6,14,20
4565,7656,2011-11-20,4,0,11,14,0,0,0,1,0.52,0.5,0.63,0.2537,113,250,363
4566,13347,2012-07-15,3,1,7,7,0,0,0,1,0.7,0.6667,0.79,0.0896,17,30,47
4567,6302,2011-09-25,4,0,9,3,0,0,0,3,0.6,0.5152,0.94,0,20,39,59
4568,13875,2012-08-06,3,1,8,7,0,1,1,3,0.72,0.6818,0.7,0.194,14,393,407
4569,12477,2012-06-09,2,1,6,1,0,6,0,1,0.64,0.6212,0.53,0.0896,34,89,123
4570,462,2011-01-21,1,0,1,6,0,5,1,1,0.22,0.2121,0.55,0.2537,0,27,27
4571,754,2011-02-03,1,0,2,19,0,4,1,1,0.2,0.2576,0.4,0,4,92,96
4572,9076,2012-01-19,1,1,1,1,0,4,1,1,0.14,0.1515,0.5,0.1642,0,5,5
4573,8954,2012-01-13,1,1,1,22,0,5,1,1,0.2,0.1818,0.47,0.3284,7,58,65
4574,8194,2011-12-13,4,0,12,1,0,2,1,1,0.2,0.2576,0.8,0,0,4,4
4575,6426,2011-09-30,4,0,9,7,0,5,1,1,0.52,0.5,0.83,0.2239,14,283,297
4576,6445,2011-10-01,4,0,10,2,0,6,0,1,0.46,0.4545,0.63,0.4179,21,46,67
4577,4130,2011-06-25,3,0,6,23,0,6,0,2,0.66,0.6212,0.5,0.2985,49,130,179
4578,1050,2011-02-16,1,0,2,11,0,3,1,1,0.34,0.303,0.34,0.2985,7,59,66
4579,13641,2012-07-27,3,1,7,13,0,5,1,1,0.84,0.7727,0.47,0.2836,83,231,314
4580,9482,2012-02-04,1,1,2,23,0,6,0,2,0.24,0.2424,0.87,0.1343,4,66,70
4581,16699,2012-12-03,4,1,12,13,0,1,1,1,0.58,0.5455,0.56,0.0896,81,240,321
4582,16957,2012-12-14,4,1,12,7,0,5,1,1,0.2,0.2121,0.72,0.1045,3,305,308
4583,16114,2012-11-09,4,1,11,3,0,5,1,1,0.32,0.2879,0.53,0.4179,3,6,9
4584,8133,2011-12-10,4,0,12,12,0,6,0,1,0.32,0.2879,0.45,0.4179,48,235,283
4585,7593,2011-11-17,4,0,11,23,0,4,1,1,0.26,0.2576,0.52,0.2239,0,58,58
4586,13838,2012-08-04,3,1,8,18,0,6,0,1,0.86,0.7879,0.41,0.3284,169,321,490
4587,909,2011-02-10,1,0,2,9,0,4,1,1,0.12,0.1061,0.42,0.3582,1,121,122
4588,11974,2012-05-19,2,1,5,2,0,6,0,1,0.5,0.4848,0.51,0.1045,13,56,69
4589,13798,2012-08-03,3,1,8,2,0,5,1,1,0.68,0.6364,0.79,0.2239,0,14,14
4590,14936,2012-09-19,3,1,9,12,0,3,1,1,0.6,0.6212,0.43,0.2537,53,260,313
4591,4673,2011-07-18,3,0,7,14,0,1,1,1,0.82,0.7879,0.56,0.3284,32,106,138
4592,1842,2011-03-22,2,0,3,11,0,2,1,1,0.44,0.4394,0.51,0.3284,22,64,86
4593,16219,2012-11-13,4,1,11,12,0,2,1,1,0.34,0.3182,0.61,0.2836,16,180,196
4594,11491,2012-04-28,2,1,4,23,0,6,0,2,0.38,0.3939,0.76,0.0896,5,37,42
4595,4122,2011-06-25,3,0,6,15,0,6,0,1,0.74,0.6667,0.45,0,157,235,392
4596,13579,2012-07-24,3,1,7,23,0,2,1,1,0.74,0.6818,0.58,0.3284,38,154,192
4597,1202,2011-02-23,1,0,2,2,0,3,1,1,0.12,0.1515,0.5,0.1343,0,1,1
4598,112,2011-01-05,1,0,1,20,0,3,1,1,0.22,0.2273,0.47,0.1642,7,82,89
4599,15727,2012-10-22,4,1,10,11,0,1,1,1,0.56,0.5303,0.37,0.1642,63,148,211
4600,1702,2011-03-16,1,0,3,13,0,3,1,2,0.4,0.4091,0.76,0.1343,18,81,99
4601,12827,2012-06-23,3,1,6,15,0,6,0,1,0.84,0.7273,0.3,0.3284,217,266,483
4602,8234,2011-12-14,4,0,12,17,0,3,1,2,0.36,0.3636,0.57,0.1045,19,377,396
4603,10808,2012-03-31,2,1,3,10,0,6,0,2,0.4,0.4091,0.76,0.1343,108,205,313
4604,979,2011-02-13,1,0,2,10,0,0,0,1,0.3,0.2727,0.45,0.3284,19,86,105
4605,6502,2011-10-03,4,0,10,11,0,1,1,2,0.4,0.4091,0.71,0.2239,26,100,126
4606,17144,2012-12-22,1,1,12,2,0,6,0,1,0.26,0.2121,0.44,0.5224,0,23,23
4607,11985,2012-05-19,2,1,5,13,0,6,0,1,0.7,0.6364,0.37,0.1343,332,372,704
4608,8828,2012-01-08,1,1,1,15,0,0,0,1,0.4,0.4091,0.37,0.2836,89,241,330
4609,8058,2011-12-07,4,0,12,9,0,3,1,3,0.44,0.4394,1,0.2537,0,64,64
4610,15362,2012-10-07,4,1,10,6,0,0,0,2,0.44,0.4394,0.54,0.194,4,19,23
4611,10251,2012-03-08,1,1,3,4,0,4,1,1,0.44,0.4394,0.72,0.2836,0,2,2
4612,16477,2012-11-24,4,1,11,6,0,6,0,1,0.24,0.2121,0.44,0.2836,1,9,10
4613,14251,2012-08-21,3,1,8,23,0,2,1,1,0.62,0.5758,0.83,0,23,113,136
4614,1409,2011-03-03,1,0,3,23,0,4,1,2,0.18,0.2121,0.43,0.0896,0,23,23
4615,9762,2012-02-16,1,1,2,16,0,4,1,3,0.34,0.3636,0.81,0,8,110,118
4616,16486,2012-11-24,4,1,11,15,0,6,0,1,0.3,0.2727,0.36,0.4627,59,139,198
4617,9341,2012-01-30,1,1,1,2,0,1,1,1,0.24,0.2121,0.48,0.3582,1,6,7
4618,3387,2011-05-26,2,0,5,0,0,4,1,1,0.64,0.6061,0.73,0.1343,11,34,45
4619,12372,2012-06-04,2,1,6,16,0,1,1,1,0.66,0.6212,0.39,0.4627,73,375,448
4620,9927,2012-02-23,1,1,2,15,0,4,1,1,0.54,0.5152,0.33,0.1343,46,171,217
4621,9045,2012-01-17,1,1,1,18,0,2,1,1,0.46,0.4545,0.63,0.4478,12,451,463
4622,13718,2012-07-30,3,1,7,18,0,1,1,1,0.76,0.7121,0.58,0.4179,77,735,812
4623,11767,2012-05-10,2,1,5,11,0,4,1,1,0.52,0.5,0.48,0.5224,77,179,256
4624,1615,2011-03-12,1,0,3,18,0,6,0,1,0.42,0.4242,0.54,0.1642,54,91,145
4625,16211,2012-11-13,4,1,11,4,0,2,1,2,0.36,0.3333,0.81,0.3881,0,9,9
4626,9229,2012-01-25,1,1,1,10,0,3,1,2,0.26,0.2273,0.7,0.3284,30,111,141
4627,9040,2012-01-17,1,1,1,13,0,2,1,2,0.38,0.3939,0.76,0.3284,8,95,103
4628,8991,2012-01-15,1,1,1,11,0,0,0,1,0.16,0.1515,0.47,0.2239,21,144,165
4629,15504,2012-10-13,4,1,10,4,0,6,0,1,0.3,0.303,0.65,0.1642,2,9,11
4630,12260,2012-05-31,2,1,5,0,0,4,1,1,0.64,0.6061,0.69,0.1343,13,48,61
4631,2367,2011-04-13,2,0,4,12,0,3,1,3,0.42,0.4242,0.82,0.2537,12,83,95
4632,7718,2011-11-23,4,0,11,4,0,3,1,3,0.52,0.5,0.88,0.3582,0,5,5
4633,3997,2011-06-20,2,0,6,10,0,1,1,2,0.6,0.5758,0.78,0.2537,33,58,91
4634,13103,2012-07-05,3,1,7,3,0,4,1,1,0.72,0.6667,0.54,0.194,2,5,7
4635,3680,2011-06-07,2,0,6,5,0,2,1,1,0.58,0.5455,0.88,0.1642,2,30,32
4636,11858,2012-05-14,2,1,5,6,0,1,1,3,0.52,0.5,0.94,0.2985,3,62,65
4637,14369,2012-08-26,3,1,8,21,0,0,0,1,0.64,0.5758,0.83,0.1343,26,140,166
4638,13563,2012-07-24,3,1,7,7,0,2,1,1,0.7,0.6667,0.74,0.1642,24,492,516
4639,13446,2012-07-19,3,1,7,10,0,4,1,1,0.76,0.7121,0.58,0.194,41,157,198
4640,4107,2011-06-25,3,0,6,0,0,6,0,1,0.68,0.6364,0.47,0.1642,19,97,116
4641,11402,2012-04-25,2,1,4,6,0,3,1,1,0.34,0.3636,0.66,0,3,103,106
4642,5119,2011-08-06,3,0,8,4,0,6,0,2,0.66,0.6061,0.83,0.1642,5,5,10
4643,217,2011-01-10,1,0,1,7,0,1,1,1,0.12,0.1212,0.5,0.2239,2,75,77
4644,8671,2012-01-02,1,1,1,1,1,1,0,1,0.36,0.3333,0.43,0.4179,1,11,12
4645,9758,2012-02-16,1,1,2,12,0,4,1,3,0.32,0.3333,0.76,0.0896,1,44,45
4646,6312,2011-09-25,4,0,9,13,0,0,0,2,0.68,0.6364,0.74,0,122,247,369
4647,12423,2012-06-06,2,1,6,19,0,3,1,1,0.56,0.5303,0.73,0.2985,52,486,538
4648,13469,2012-07-20,3,1,7,9,0,5,1,2,0.7,0.6667,0.79,0.1343,45,328,373
4649,17056,2012-12-18,4,1,12,10,0,2,1,1,0.44,0.4394,0.77,0.0896,22,162,184
4650,13805,2012-08-03,3,1,8,9,0,5,1,2,0.74,0.697,0.66,0.1045,69,327,396
4651,3805,2011-06-12,2,0,6,10,0,0,0,1,0.76,0.7121,0.58,0.0896,120,191,311
4652,17216,2012-12-25,1,1,12,4,1,2,0,2,0.24,0.2576,0.87,0.0896,0,1,1
4653,16162,2012-11-11,4,1,11,3,0,0,0,1,0.34,0.3636,0.81,0,9,39,48
4654,17316,2012-12-29,1,1,12,8,0,6,0,2,0.26,0.2424,0.81,0,9,35,44
4655,6849,2011-10-17,4,0,10,22,0,1,1,1,0.5,0.4848,0.77,0,16,88,104
4656,12439,2012-06-07,2,1,6,11,0,4,1,1,0.66,0.6212,0.47,0.2239,67,170,237
4657,14446,2012-08-30,3,1,8,2,0,4,1,1,0.62,0.5909,0.73,0,3,14,17
4658,8011,2011-12-05,4,0,12,10,0,1,1,2,0.36,0.3636,0.87,0.0896,9,78,87
4659,764,2011-02-04,1,0,2,6,0,5,1,2,0.16,0.2273,0.55,0,2,26,28
4660,8494,2011-12-25,1,0,12,14,0,0,0,1,0.34,0.3182,0.61,0.2537,41,45,86
4661,7862,2011-11-29,4,0,11,5,0,2,1,1,0.5,0.4848,0.88,0.2836,1,21,22
4662,12517,2012-06-10,2,1,6,17,0,0,0,1,0.82,0.7424,0.41,0.2836,184,337,521
4663,8248,2011-12-15,4,0,12,7,0,4,1,1,0.32,0.3182,0.7,0.194,6,252,258
4664,12043,2012-05-21,2,1,5,23,0,1,1,1,0.62,0.5909,0.73,0.2836,18,79,97
4665,15859,2012-10-27,4,1,10,23,0,6,0,2,0.52,0.5,0.68,0.3881,31,136,167
4666,11553,2012-05-01,2,1,5,13,0,2,1,2,0.72,0.6667,0.51,0.2239,41,208,249
4667,9456,2012-02-03,1,1,2,21,0,5,1,1,0.34,0.3485,0.49,0.1045,8,126,134
4668,9568,2012-02-08,1,1,2,14,0,3,1,2,0.3,0.303,0.56,0.1642,8,100,108
4669,2914,2011-05-06,2,0,5,7,0,5,1,1,0.4,0.4091,0.82,0,20,202,222
4670,3352,2011-05-24,2,0,5,13,0,2,1,1,0.78,0.697,0.46,0.2537,38,152,190
4671,2391,2011-04-14,2,0,4,12,0,4,1,1,0.54,0.5152,0.42,0.1343,35,110,145
4672,7564,2011-11-16,4,0,11,18,0,3,1,3,0.46,0.4545,0.88,0.3881,13,176,189
4673,10747,2012-03-28,2,1,3,21,0,3,1,1,0.58,0.5455,0.6,0.2537,28,233,261
4674,16723,2012-12-04,4,1,12,13,0,2,1,2,0.54,0.5152,0.64,0.1642,39,233,272
4675,12363,2012-06-04,2,1,6,7,0,1,1,1,0.56,0.5303,0.6,0.2239,13,504,517
4676,1622,2011-03-13,1,0,3,1,0,0,0,1,0.36,0.3485,0.66,0.1343,10,23,33
4677,1203,2011-02-23,1,0,2,3,0,3,1,1,0.12,0.1364,0.5,0.1642,0,2,2
4678,10492,2012-03-18,1,1,3,6,0,0,0,2,0.4,0.4091,0.94,0.1045,2,9,11
4679,10428,2012-03-15,1,1,3,14,0,4,1,2,0.72,0.6515,0.3,0.1045,81,177,258
4680,13384,2012-07-16,3,1,7,20,0,1,1,1,0.8,0.7727,0.59,0.1343,66,388,454
4681,2478,2011-04-18,2,0,4,3,0,1,1,1,0.42,0.4242,0.62,0.1045,6,1,7
4682,15250,2012-10-02,4,1,10,14,0,2,1,3,0.6,0.5455,0.88,0.1343,16,147,163
4683,14705,2012-09-09,3,1,9,21,0,0,0,1,0.6,0.6212,0.46,0.2239,57,149,206
4684,9283,2012-01-27,1,1,1,16,0,5,1,1,0.44,0.4394,0.51,0.5522,26,241,267
4685,8252,2011-12-15,4,0,12,11,0,4,1,2,0.4,0.4091,0.62,0.4179,9,126,135
4686,14206,2012-08-20,3,1,8,2,0,1,1,1,0.6,0.5606,0.83,0.1642,0,5,5
4687,11924,2012-05-17,2,1,5,0,0,4,1,1,0.6,0.5758,0.78,0.1343,30,49,79
4688,5793,2011-09-03,3,0,9,19,0,6,0,1,0.7,0.6667,0.74,0.1343,147,148,295
4689,10160,2012-03-04,1,1,3,9,0,0,0,1,0.3,0.2727,0.49,0.4478,14,104,118
4690,3298,2011-05-22,2,0,5,7,0,0,0,1,0.54,0.5152,0.88,0.1045,13,27,40
4691,1127,2011-02-19,1,0,2,16,0,6,0,1,0.44,0.4394,0.16,0.6418,39,81,120
4692,11306,2012-04-21,2,1,4,6,0,6,0,1,0.5,0.4848,0.82,0.2239,10,21,31
4693,17057,2012-12-18,4,1,12,11,0,2,1,1,0.48,0.4697,0.63,0.2239,58,211,269
4694,10810,2012-03-31,2,1,3,12,0,6,0,1,0.48,0.4697,0.67,0,263,358,621
4695,11651,2012-05-05,2,1,5,15,0,6,0,3,0.66,0.6212,0.74,0.194,241,300,541
4696,8711,2012-01-03,1,1,1,18,0,2,1,1,0.14,0.0909,0.26,0.5224,10,214,224
4697,1670,2011-03-15,1,0,3,4,0,2,1,1,0.24,0.2576,0.75,0.0896,1,1,2
4698,4848,2011-07-25,3,0,7,21,0,1,1,1,0.7,0.6667,0.84,0,41,153,194
4699,9554,2012-02-08,1,1,2,0,0,3,1,1,0.3,0.2879,0.56,0.2239,2,21,23
4700,1296,2011-02-27,1,0,2,3,0,0,0,1,0.26,0.2879,0.87,0.0896,3,8,11
4701,16007,2012-11-04,4,1,11,15,0,0,0,1,0.4,0.4091,0.4,0.2239,149,300,449
4702,3899,2011-06-16,2,0,6,8,0,4,1,2,0.6,0.5909,0.69,0.1343,24,364,388
4703,13777,2012-08-02,3,1,8,5,0,4,1,1,0.66,0.5909,0.89,0.1343,4,37,41
4704,13265,2012-07-11,3,1,7,21,0,3,1,1,0.72,0.6667,0.58,0.2239,69,322,391
4705,7022,2011-10-25,4,0,10,4,0,2,1,1,0.38,0.3939,0.87,0.1343,0,5,5
4706,3313,2011-05-22,2,0,5,22,0,0,0,1,0.6,0.5606,0.83,0.1343,35,86,121
4707,480,2011-01-22,1,0,1,0,0,6,0,1,0.04,0.0303,0.45,0.2537,0,13,13
4708,1597,2011-03-12,1,0,3,0,0,6,0,1,0.26,0.2727,0.6,0.1343,4,30,34
4709,13535,2012-07-23,3,1,7,3,0,1,1,2,0.66,0.5909,0.94,0.0896,0,2,2
4710,12863,2012-06-25,3,1,6,3,0,1,1,1,0.68,0.6364,0.69,0.2537,1,4,5
4711,11289,2012-04-20,2,1,4,13,0,5,1,1,0.62,0.6212,0.43,0.194,105,276,381
4712,16721,2012-12-04,4,1,12,11,0,2,1,1,0.48,0.4697,0.77,0.194,24,183,207
4713,2488,2011-04-18,2,0,4,13,0,1,1,2,0.56,0.5303,0.49,0.1642,41,128,169
4714,14004,2012-08-11,3,1,8,16,0,6,0,1,0.8,0.7273,0.46,0.2985,227,304,531
4715,10925,2012-04-05,2,1,4,8,0,4,1,1,0.36,0.3485,0.46,0.2239,28,610,638
4716,15543,2012-10-14,4,1,10,19,0,0,0,1,0.56,0.5303,0.64,0.2239,68,268,336
4717,5386,2011-08-17,3,0,8,7,0,3,1,1,0.66,0.6212,0.65,0.0896,12,296,308
4718,17228,2012-12-25,1,1,12,16,1,2,0,2,0.36,0.3333,0.5,0.2537,48,38,86
4719,648,2011-01-30,1,0,1,7,0,0,0,1,0.14,0.2121,0.86,0,0,3,3
4720,8092,2011-12-08,4,0,12,19,0,4,1,1,0.26,0.2727,0.56,0.1045,12,220,232
4721,3614,2011-06-04,2,0,6,11,0,6,0,1,0.66,0.6212,0.36,0.1343,120,249,369
4722,16630,2012-11-30,4,1,11,16,0,5,1,1,0.4,0.4091,0.43,0.1343,37,368,405
4723,11641,2012-05-05,2,1,5,5,0,6,0,1,0.56,0.5303,0.88,0.0896,8,14,22
4724,1458,2011-03-06,1,0,3,0,0,0,0,2,0.42,0.4242,0.77,0.3582,11,41,52
4725,5083,2011-08-04,3,0,8,16,0,4,1,1,0.76,0.7121,0.62,0.3284,70,220,290
4726,13242,2012-07-10,3,1,7,22,0,2,1,2,0.64,0.5758,0.83,0.1343,14,125,139
4727,10610,2012-03-23,2,1,3,4,0,5,1,2,0.5,0.4848,0.94,0.1045,0,3,3
4728,17337,2012-12-30,1,1,12,5,0,0,0,2,0.26,0.2273,0.48,0.2985,0,2,2
4729,15559,2012-10-15,4,1,10,11,0,1,1,2,0.6,0.5909,0.73,0.3881,88,175,263
4730,884,2011-02-09,1,0,2,7,0,3,1,1,0.06,0.1061,0.49,0.1045,4,95,99
4731,544,2011-01-24,1,0,1,19,0,1,1,1,0.14,0.1515,0.54,0.1642,5,101,106
4732,7039,2011-10-25,4,0,10,21,0,2,1,1,0.44,0.4394,0.72,0.1343,32,169,201
4733,607,2011-01-28,1,0,1,12,0,5,1,3,0.18,0.2121,0.93,0.1045,1,28,29
4734,16994,2012-12-15,4,1,12,20,0,6,0,2,0.36,0.3485,0.57,0.194,23,178,201
4735,11399,2012-04-25,2,1,4,3,0,3,1,1,0.32,0.3333,0.7,0.0896,0,3,3
4736,8661,2012-01-01,1,1,1,15,0,0,0,1,0.46,0.4545,0.51,0.2985,101,164,265
4737,12740,2012-06-20,2,1,6,0,0,3,1,1,0.7,0.6667,0.79,0.194,5,48,53
4738,8774,2012-01-06,1,1,1,9,0,5,1,1,0.24,0.2424,0.7,0.1642,4,237,241
4739,14096,2012-08-15,3,1,8,12,0,3,1,1,0.74,0.6818,0.55,0.2239,77,230,307
4740,11901,2012-05-16,2,1,5,1,0,3,1,2,0.58,0.5455,0.88,0.1343,7,14,21
4741,11536,2012-04-30,2,1,4,20,0,1,1,2,0.52,0.5,0.59,0.194,28,281,309
4742,742,2011-02-03,1,0,2,7,0,4,1,1,0.14,0.1212,0.5,0.3284,1,86,87
4743,17343,2012-12-30,1,1,12,11,0,0,0,1,0.26,0.2273,0.41,0.4179,33,103,136
4744,1978,2011-03-28,2,0,3,6,0,1,1,1,0.18,0.1667,0.34,0.2836,0,40,40
4745,12618,2012-06-14,2,1,6,22,0,4,1,2,0.64,0.6061,0.65,0.2239,46,196,242
4746,9195,2012-01-24,1,1,1,0,0,2,1,2,0.3,0.2879,1,0.2836,6,19,25
4747,2145,2011-04-04,2,0,4,5,0,1,1,1,0.4,0.4091,0.62,0.2537,0,7,7
4748,9507,2012-02-06,1,1,2,0,0,1,1,1,0.24,0.2424,0.65,0.1343,7,14,21
4749,14742,2012-09-11,3,1,9,10,0,2,1,1,0.62,0.6212,0.38,0,54,142,196
4750,4430,2011-07-08,3,0,7,11,0,5,1,2,0.74,0.7121,0.74,0.2537,61,104,165
4751,12270,2012-05-31,2,1,5,10,0,4,1,1,0.7,0.6364,0.39,0.3881,65,155,220
4752,8478,2011-12-24,1,0,12,21,0,6,0,1,0.26,0.2576,0.56,0.1642,4,15,19
4753,2287,2011-04-10,2,0,4,3,0,0,0,2,0.38,0.3939,0.87,0.1343,5,11,16
4754,715,2011-02-02,1,0,2,3,0,3,1,3,0.22,0.2273,0.93,0.1343,0,1,1
4755,14359,2012-08-26,3,1,8,11,0,0,0,1,0.74,0.697,0.66,0.3582,150,332,482
4756,13904,2012-08-07,3,1,8,12,0,2,1,2,0.8,0.7576,0.55,0.1343,86,197,283
4757,3915,2011-06-17,2,0,6,0,0,5,1,1,0.56,0.5303,0.88,0.0896,3,21,24
4758,6120,2011-09-17,3,0,9,13,0,6,0,2,0.52,0.5,0.68,0.194,124,225,349
4759,3405,2011-05-26,2,0,5,18,0,4,1,1,0.8,0.7273,0.46,0.3284,74,404,478
4760,511,2011-01-23,1,0,1,9,0,0,0,1,0.1,0.0758,0.54,0.3582,3,25,28
4761,6505,2011-10-03,4,0,10,14,0,1,1,3,0.4,0.4091,0.76,0,26,94,120
4762,10116,2012-03-02,1,1,3,13,0,5,1,1,0.42,0.4242,0.44,0.2239,31,191,222
4763,6187,2011-09-20,3,0,9,8,0,2,1,3,0.54,0.5152,0.94,0.2537,13,196,209
4764,16891,2012-12-11,4,1,12,13,0,2,1,2,0.38,0.3939,0.5,0.2239,28,226,254
4765,7682,2011-11-21,4,0,11,16,0,1,1,3,0.44,0.4394,0.94,0.2239,13,95,108
4766,840,2011-02-07,1,0,2,10,0,1,1,1,0.24,0.2576,0.75,0.1045,6,49,55
4767,15689,2012-10-20,4,1,10,21,0,6,0,1,0.46,0.4545,0.47,0.2239,72,224,296
4768,9924,2012-02-23,1,1,2,12,0,4,1,1,0.5,0.4848,0.42,0.2537,25,199,224
4769,9413,2012-02-02,1,1,2,2,0,4,1,2,0.42,0.4242,0.67,0.1343,2,7,9
4770,16906,2012-12-12,4,1,12,4,0,3,1,1,0.26,0.303,0.6,0,0,4,4
4771,12247,2012-05-30,2,1,5,11,0,3,1,2,0.66,0.6212,0.65,0.194,53,155,208
4772,12598,2012-06-14,2,1,6,2,0,4,1,2,0.62,0.6212,0.53,0.2537,1,8,9
4773,1143,2011-02-20,1,0,2,9,0,0,0,1,0.22,0.2121,0.47,0.2836,7,48,55
4774,3464,2011-05-29,2,0,5,5,0,0,0,1,0.6,0.5152,0.94,0.1642,3,3,6
4775,10248,2012-03-08,1,1,3,1,0,4,1,1,0.46,0.4545,0.63,0.3284,4,17,21
4776,3729,2011-06-09,2,0,6,6,0,4,1,2,0.72,0.7121,0.84,0.0896,13,105,118
4777,14836,2012-09-15,3,1,9,8,0,6,0,1,0.56,0.5303,0.49,0.4179,43,169,212
4778,1802,2011-03-20,1,0,3,18,0,0,0,1,0.38,0.3939,0.4,0.3582,58,98,156
4779,4757,2011-07-22,3,0,7,2,0,5,1,1,0.78,0.803,0.79,0.1343,0,14,14
4780,11926,2012-05-17,2,1,5,2,0,4,1,1,0.6,0.5758,0.78,0.1642,8,8,16
4781,5735,2011-09-01,3,0,9,9,0,4,1,1,0.64,0.6061,0.69,0.1045,29,178,207
4782,531,2011-01-24,1,0,1,6,0,1,1,1,0.02,0.0758,0.48,0.0896,0,15,15
4783,1541,2011-03-09,1,0,3,13,0,3,1,2,0.32,0.2879,0.76,0.3582,17,82,99
4784,6152,2011-09-18,3,0,9,21,0,0,0,2,0.54,0.5152,0.68,0.0896,37,110,147
4785,13307,2012-07-13,3,1,7,15,0,5,1,2,0.8,0.7121,0.36,0.1045,92,261,353
4786,1920,2011-03-25,2,0,3,18,0,5,1,1,0.3,0.2879,0.39,0.2537,8,190,198
4787,2754,2011-04-29,2,0,4,15,0,5,1,2,0.56,0.5303,0.4,0.2985,77,175,252
4788,16725,2012-12-04,4,1,12,15,0,2,1,2,0.6,0.6212,0.49,0.2537,56,244,300
4789,11410,2012-04-25,2,1,4,14,0,3,1,1,0.56,0.5303,0.22,0.3582,47,176,223
4790,15714,2012-10-21,4,1,10,22,0,0,0,1,0.42,0.4242,0.54,0,18,95,113
4791,7950,2011-12-02,4,0,12,21,0,5,1,1,0.34,0.3333,0.49,0.194,9,102,111
4792,7622,2011-11-19,4,0,11,4,0,6,0,1,0.26,0.2273,0.48,0.3284,4,4,8
4793,7792,2011-11-26,4,0,11,6,0,6,0,2,0.3,0.3182,0.75,0.0896,2,8,10
4794,7373,2011-11-08,4,0,11,19,0,2,1,1,0.46,0.4545,0.59,0,14,264,278
4795,9873,2012-02-21,1,1,2,9,0,2,1,1,0.2,0.2273,0.75,0.1045,6,211,217
4796,2413,2011-04-15,2,0,4,10,1,5,0,1,0.5,0.4848,0.55,0.194,31,91,122
4797,15921,2012-11-01,4,1,11,1,0,4,1,1,0.3,0.3182,0.75,0.1045,8,22,30
4798,11343,2012-04-22,2,1,4,19,0,0,0,3,0.36,0.3182,0.87,0.5224,1,34,35
4799,4123,2011-06-25,3,0,6,16,0,6,0,1,0.76,0.6818,0.43,0.2985,175,235,410
4800,6062,2011-09-15,3,0,9,3,0,4,1,1,0.62,0.5909,0.73,0.0896,3,5,8
4801,11669,2012-05-06,2,1,5,9,0,0,0,2,0.52,0.5,0.83,0.1642,63,128,191
4802,11725,2012-05-08,2,1,5,17,0,2,1,2,0.64,0.6061,0.69,0.2836,77,640,717
4803,1333,2011-02-28,1,0,2,19,0,1,1,3,0.44,0.4394,0.88,0.6119,1,79,80
4804,15524,2012-10-14,4,1,10,0,0,0,0,1,0.4,0.4091,0.71,0.2537,8,103,111
4805,2877,2011-05-04,2,0,5,18,0,3,1,1,0.42,0.4242,0.67,0.2537,29,367,396
4806,9247,2012-01-26,1,1,1,4,0,4,1,1,0.28,0.3182,0.75,0,0,3,3
4807,8487,2011-12-25,1,0,12,7,0,0,0,1,0.22,0.2424,0.8,0.1045,0,4,4
4808,1078,2011-02-17,1,0,2,15,0,4,1,1,0.6,0.6061,0.28,0.2537,15,91,106
4809,10060,2012-02-29,1,1,2,5,0,3,1,1,0.26,0.2879,0.75,0.0896,0,29,29
4810,8555,2011-12-28,1,0,12,5,0,3,1,1,0.32,0.2879,0.57,0.3582,0,9,9
4811,7040,2011-10-25,4,0,10,22,0,2,1,1,0.46,0.4545,0.67,0.194,22,148,170
4812,14807,2012-09-14,3,1,9,3,0,5,1,1,0.54,0.5152,0.77,0,5,9,14
4813,8483,2011-12-25,1,0,12,2,0,0,0,1,0.22,0.2576,0.75,0.0896,0,2,2
4814,1184,2011-02-22,1,0,2,8,0,2,1,2,0.12,0.1212,0.8,0.2537,7,107,114
4815,13703,2012-07-30,3,1,7,3,0,1,1,1,0.66,0.6061,0.83,0,0,3,3
4816,12525,2012-06-11,2,1,6,1,0,1,1,1,0.66,0.6212,0.74,0.1642,9,15,24
4817,3061,2011-05-12,2,0,5,10,0,4,1,2,0.54,0.5152,0.68,0.2239,28,119,147
4818,3860,2011-06-14,2,0,6,17,0,2,1,3,0.64,0.6212,0.5,0.2836,85,484,569
4819,10314,2012-03-10,1,1,3,19,0,6,0,1,0.34,0.3636,0.25,0,25,159,184
4820,9516,2012-02-06,1,1,2,10,0,1,1,1,0.22,0.2424,0.75,0.1045,20,96,116
4821,7204,2011-11-01,4,0,11,18,0,2,1,1,0.42,0.4242,0.58,0.1045,39,421,460
4822,15092,2012-09-26,4,1,9,0,0,3,1,1,0.58,0.5455,0.64,0.2985,6,34,40
4823,5266,2011-08-12,3,0,8,7,0,5,1,1,0.64,0.6212,0.44,0.1642,17,247,264
4824,16031,2012-11-05,4,1,11,15,0,1,1,1,0.38,0.3939,0.4,0.2836,24,207,231
4825,6096,2011-09-16,3,0,9,13,0,5,1,2,0.54,0.5152,0.42,0,55,168,223
4826,14623,2012-09-06,3,1,9,11,0,4,1,3,0.7,0.6667,0.84,0.1642,10,52,62
4827,3880,2011-06-15,2,0,6,13,0,3,1,1,0.74,0.6515,0.28,0.2836,43,146,189
4828,13443,2012-07-19,3,1,7,7,0,4,1,1,0.74,0.6818,0.58,0.2836,23,450,473
4829,2181,2011-04-05,2,0,4,17,0,2,1,1,0.42,0.4242,0.38,0.4179,27,246,273
4830,12035,2012-05-21,2,1,5,15,0,1,1,2,0.64,0.6061,0.73,0.194,67,158,225
4831,9878,2012-02-21,1,1,2,14,0,2,1,2,0.32,0.2879,0.53,0.3881,16,108,124
4832,9505,2012-02-05,1,1,2,22,0,0,0,1,0.26,0.2727,0.6,0.1045,9,182,191
4833,10042,2012-02-28,1,1,2,10,0,2,1,1,0.3,0.2727,0.42,0.2985,14,118,132
4834,8704,2012-01-03,1,1,1,11,0,2,1,1,0.18,0.1364,0.37,0.5224,12,63,75
4835,8938,2012-01-13,1,1,1,6,0,5,1,2,0.26,0.2576,0.75,0.2239,2,71,73
4836,6175,2011-09-19,3,0,9,20,0,1,1,2,0.56,0.5303,0.68,0.1343,27,204,231
4837,8286,2011-12-16,4,0,12,21,0,5,1,2,0.32,0.3182,0.45,0.1642,7,95,102
4838,8383,2011-12-20,4,0,12,22,0,2,1,2,0.36,0.3788,0.66,0,3,104,107
4839,5569,2011-08-24,3,0,8,22,0,3,1,1,0.7,0.6515,0.65,0.3582,41,140,181
4840,12246,2012-05-30,2,1,5,10,0,3,1,2,0.62,0.6061,0.69,0.2836,39,138,177
4841,10343,2012-03-12,1,1,3,1,0,1,1,1,0.38,0.3939,0.5,0.1343,1,9,10
4842,10881,2012-04-03,2,1,4,12,0,2,1,1,0.52,0.5,0.25,0,101,230,331
4843,3695,2011-06-07,2,0,6,20,0,2,1,1,0.74,0.6818,0.56,0.1343,45,301,346
4844,7435,2011-11-11,4,0,11,9,1,5,0,1,0.32,0.2879,0.45,0.4478,15,186,201
4845,10013,2012-02-27,1,1,2,5,0,1,1,1,0.22,0.2273,0.8,0.1343,0,16,16
4846,16440,2012-11-22,4,1,11,17,1,4,0,1,0.44,0.4394,0.35,0,66,43,109
4847,16014,2012-11-04,4,1,11,22,0,0,0,1,0.3,0.2879,0.52,0.2836,15,64,79
4848,10898,2012-04-04,2,1,4,5,0,3,1,1,0.42,0.4242,0.67,0.0896,0,27,27
4849,13232,2012-07-10,3,1,7,12,0,2,1,1,0.8,0.7121,0.41,0.1343,69,203,272
4850,10374,2012-03-13,1,1,3,8,0,2,1,1,0.46,0.4545,0.82,0.2836,22,571,593
4851,15601,2012-10-17,4,1,10,5,0,3,1,2,0.36,0.3788,0.81,0,2,39,41
4852,186,2011-01-09,1,0,1,0,0,0,0,1,0.1,0.0758,0.42,0.3881,1,24,25
4853,864,2011-02-08,1,0,2,10,0,2,1,1,0.22,0.1818,0.47,0.5522,4,44,48
4854,7786,2011-11-26,4,0,11,0,0,6,0,1,0.34,0.3485,0.76,0.1045,9,38,47
4855,16585,2012-11-28,4,1,11,18,0,3,1,1,0.32,0.303,0.33,0.2836,12,530,542
4856,4063,2011-06-23,3,0,6,4,0,4,1,2,0.7,0.6667,0.79,0.1343,0,7,7
4857,5260,2011-08-12,3,0,8,1,0,5,1,1,0.64,0.6212,0.53,0.1343,4,19,23
4858,16308,2012-11-17,4,1,11,5,0,6,0,1,0.24,0.2424,0.7,0.1642,1,10,11
4859,11009,2012-04-08,2,1,4,20,0,0,0,1,0.56,0.5303,0.28,0.4179,65,146,211
4860,8374,2011-12-20,4,0,12,13,0,2,1,2,0.44,0.4394,0.54,0.1343,18,163,181
4861,1416,2011-03-04,1,0,3,6,0,5,1,2,0.16,0.197,0.74,0.0896,1,28,29
4862,16572,2012-11-28,4,1,11,5,0,3,1,2,0.26,0.2727,0.7,0.1343,0,39,39
4863,17098,2012-12-20,4,1,12,4,0,4,1,2,0.3,0.3182,0.7,0.0896,0,6,6
4864,6809,2011-10-16,4,0,10,6,0,0,0,1,0.38,0.3939,0.66,0.1642,3,7,10
4865,2164,2011-04-05,2,0,4,0,0,2,1,1,0.62,0.6212,0.5,0.1045,10,12,22
4866,5124,2011-08-06,3,0,8,9,0,6,0,1,0.74,0.697,0.7,0.2239,60,155,215
4867,5827,2011-09-05,3,0,9,5,1,1,0,2,0.66,0.6212,0.74,0.1642,2,4,6
4868,10510,2012-03-19,1,1,3,0,0,1,1,1,0.48,0.4697,0.82,0.1045,4,19,23
4869,11613,2012-05-04,2,1,5,1,0,5,1,1,0.6,0.5758,0.78,0.1045,15,33,48
4870,6368,2011-09-27,4,0,9,21,0,2,1,1,0.6,0.5606,0.83,0,17,179,196
4871,11046,2012-04-10,2,1,4,9,0,2,1,1,0.42,0.4242,0.67,0.194,16,303,319
4872,10090,2012-03-01,1,1,3,11,0,4,1,1,0.56,0.5303,0.43,0.194,19,149,168
4873,15963,2012-11-02,4,1,11,19,0,5,1,2,0.38,0.3939,0.43,0.2985,38,336,374
4874,13913,2012-08-07,3,1,8,21,0,2,1,2,0.72,0.697,0.74,0,70,247,317
4875,1595,2011-03-11,1,0,3,22,0,5,1,1,0.3,0.303,0.52,0.1642,11,53,64
4876,5067,2011-08-04,3,0,8,0,0,4,1,2,0.68,0.6364,0.89,0.0896,2,15,17
4877,10727,2012-03-28,2,1,3,1,0,3,1,1,0.36,0.3333,0.46,0.2985,0,8,8
4878,9139,2012-01-21,1,1,1,16,0,6,0,2,0.2,0.1818,0.8,0.2985,5,113,118
4879,6685,2011-10-11,4,0,10,2,0,2,1,2,0.52,0.5,0.94,0.1343,1,4,5
4880,4773,2011-07-22,3,0,7,18,0,5,1,1,0.9,0.8182,0.37,0.1642,34,250,284
4881,14946,2012-09-19,3,1,9,22,0,3,1,1,0.5,0.4848,0.63,0.0896,31,198,229
4882,922,2011-02-10,1,0,2,22,0,4,1,1,0.12,0.197,0.39,0,4,47,51
4883,13275,2012-07-12,3,1,7,7,0,4,1,1,0.64,0.6061,0.73,0.1343,32,480,512
4884,5554,2011-08-24,3,0,8,7,0,3,1,1,0.6,0.6061,0.64,0.0896,11,297,308
4885,2206,2011-04-06,2,0,4,18,0,3,1,1,0.52,0.5,0.29,0.3582,43,282,325
4886,13464,2012-07-20,3,1,7,4,0,5,1,2,0.66,0.5909,0.89,0.1642,3,6,9
4887,8772,2012-01-06,1,1,1,7,0,5,1,2,0.24,0.2879,0.65,0,4,201,205
4888,10109,2012-03-02,1,1,3,6,0,5,1,1,0.3,0.3333,0.7,0,4,88,92
4889,16385,2012-11-20,4,1,11,10,0,2,1,2,0.4,0.4091,0.66,0.0896,32,144,176
4890,2457,2011-04-17,2,0,4,6,0,0,0,1,0.36,0.3182,0.66,0.4478,3,5,8
4891,15564,2012-10-15,4,1,10,16,0,1,1,1,0.56,0.5303,0.64,0.2985,76,371,447
4892,14463,2012-08-30,3,1,8,19,0,4,1,1,0.76,0.6818,0.48,0.1343,78,532,610
4893,7635,2011-11-19,4,0,11,17,0,6,0,1,0.4,0.4091,0.4,0.194,61,171,232
4894,5442,2011-08-19,3,0,8,15,0,5,1,1,0.8,0.7424,0.49,0.1045,66,156,222
4895,2332,2011-04-12,2,0,4,1,0,2,1,2,0.62,0.6212,0.5,0.0896,6,7,13
4896,16830,2012-12-09,4,1,12,0,0,0,0,2,0.4,0.4091,0.87,0.1343,15,103,118
4897,8817,2012-01-08,1,1,1,4,0,0,0,1,0.32,0.303,0.49,0.2537,2,4,6
4898,2899,2011-05-05,2,0,5,16,0,4,1,1,0.58,0.5455,0.24,0.4179,36,233,269
4899,13611,2012-07-26,3,1,7,7,0,4,1,1,0.7,0.6667,0.74,0.2537,17,478,495
4900,15419,2012-10-09,4,1,10,15,0,2,1,2,0.52,0.5,0.63,0.1642,59,195,254
4901,8826,2012-01-08,1,1,1,13,0,0,0,1,0.4,0.4091,0.37,0.2985,77,266,343
4902,8242,2011-12-15,4,0,12,1,0,4,1,2,0.32,0.3182,0.7,0.1642,5,15,20
4903,14144,2012-08-17,3,1,8,12,0,5,1,1,0.82,0.2424,0.41,0.2239,110,255,365
4904,14135,2012-08-17,3,1,8,3,0,5,1,1,0.64,0.2424,0.65,0.1045,0,6,6
4905,1666,2011-03-14,1,0,3,23,0,1,1,1,0.32,0.3485,0.53,0,2,17,19
4906,6235,2011-09-22,3,0,9,8,0,4,1,2,0.6,0.5,1,0.1642,26,389,415
4907,3838,2011-06-13,2,0,6,19,0,1,1,1,0.66,0.6212,0.39,0.2836,75,348,423
4908,2583,2011-04-22,2,0,4,12,0,5,1,3,0.34,0.3333,0.76,0.1343,19,61,80
4909,14000,2012-08-11,3,1,8,12,0,6,0,1,0.76,0.7121,0.58,0.2239,214,332,546
4910,13905,2012-08-07,3,1,8,13,0,2,1,2,0.8,0.7424,0.52,0.194,68,185,253
4911,725,2011-02-02,1,0,2,13,0,3,1,1,0.34,0.3333,0.93,0.1642,1,74,75
4912,13078,2012-07-04,3,1,7,2,1,3,0,1,0.66,0.6061,0.83,0.1343,27,66,93
4913,5515,2011-08-22,3,0,8,16,0,1,1,1,0.74,0.6515,0.3,0.3881,66,254,320
4914,14391,2012-08-27,3,1,8,19,0,1,1,1,0.74,0.697,0.7,0.2239,74,499,573
4915,4686,2011-07-19,3,0,7,3,0,2,1,1,0.72,0.6818,0.7,0.1642,2,1,3
4916,3143,2011-05-15,2,0,5,20,0,0,0,1,0.54,0.5152,0.88,0,53,138,191
4917,6815,2011-10-16,4,0,10,12,0,0,0,1,0.58,0.5455,0.35,0.2537,167,277,444
4918,8680,2012-01-02,1,1,1,11,1,1,0,1,0.26,0.2121,0.35,0.4925,33,142,175
4919,15885,2012-10-30,4,1,10,13,0,2,1,3,0.3,0.2727,0.81,0.3582,11,105,116
4920,16271,2012-11-15,4,1,11,16,0,4,1,2,0.36,0.3485,0.57,0.194,24,318,342
4921,3528,2011-05-31,2,0,5,21,0,2,1,1,0.76,0.7273,0.66,0.1045,45,165,210
4922,1792,2011-03-20,1,0,3,8,0,0,0,1,0.28,0.2727,0.56,0.1642,7,30,37
4923,7388,2011-11-09,4,0,11,10,0,3,1,1,0.4,0.4091,0.76,0.1045,16,89,105
4924,4296,2011-07-02,3,0,7,21,0,6,0,1,0.74,0.6667,0.48,0.194,95,137,232
4925,12573,2012-06-13,2,1,6,1,0,3,1,1,0.64,0.5909,0.78,0,7,21,28
4926,7200,2011-11-01,4,0,11,14,0,2,1,1,0.5,0.4848,0.48,0.2537,32,118,150
4927,7108,2011-10-28,4,0,10,18,0,5,1,2,0.36,0.3485,0.53,0.1642,36,332,368
4928,12885,2012-06-26,3,1,6,1,0,2,1,1,0.6,0.6212,0.35,0.3881,11,19,30
4929,11134,2012-04-14,2,1,4,2,0,6,0,1,0.38,0.3939,0.66,0.1343,3,53,56
4930,8911,2012-01-12,1,1,1,3,0,4,1,3,0.36,0.3485,0.93,0.2537,0,3,3
4931,2169,2011-04-05,2,0,4,5,0,2,1,3,0.46,0.4545,0.94,0.2985,0,5,5
4932,7922,2011-12-01,4,0,12,17,0,4,1,1,0.36,0.3485,0.46,0.1343,9,409,418
4933,3276,2011-05-21,2,0,5,9,0,6,0,1,0.6,0.6061,0.64,0.2239,60,165,225
4934,2334,2011-04-12,2,0,4,3,0,2,1,2,0.58,0.5455,0.56,0.1343,0,1,1
4935,1761,2011-03-19,1,0,3,1,0,6,0,2,0.58,0.5455,0.46,0.3582,16,35,51
4936,6626,2011-10-08,4,0,10,15,0,6,0,1,0.66,0.6212,0.39,0,262,234,496
4937,2946,2011-05-07,2,0,5,15,0,6,0,1,0.6,0.6212,0.38,0.2537,148,230,378
4938,14926,2012-09-19,3,1,9,2,0,3,1,2,0.54,0.5152,0.64,0.3284,0,3,3
4939,12781,2012-06-21,3,1,6,17,0,4,1,1,0.88,0.7879,0.37,0,80,535,615
4940,13195,2012-07-08,3,1,7,23,0,0,0,3,0.68,0.6364,0.83,0.0896,25,98,123
4941,15872,2012-10-28,4,1,10,12,0,0,0,2,0.48,0.4697,0.59,0.4925,118,373,491
4942,6159,2011-09-19,3,0,9,4,0,1,1,2,0.5,0.4848,0.77,0.1642,2,6,8
4943,13478,2012-07-20,3,1,7,18,0,5,1,2,0.66,0.6061,0.78,0.3284,73,549,622
4944,15840,2012-10-27,4,1,10,4,0,6,0,2,0.5,0.4848,0.88,0.1642,1,12,13
4945,8167,2011-12-11,4,0,12,22,0,0,0,1,0.22,0.2727,0.55,0,7,36,43
4946,16538,2012-11-26,4,1,11,19,0,1,1,1,0.34,0.3636,0.53,0,16,355,371
4947,6536,2011-10-04,4,0,10,21,0,2,1,1,0.5,0.4848,0.72,0.1343,22,144,166
4948,14695,2012-09-09,3,1,9,11,0,0,0,1,0.66,0.6212,0.47,0.2537,194,391,585
4949,12245,2012-05-30,2,1,5,9,0,3,1,2,0.62,0.6061,0.69,0.194,23,282,305
4950,11184,2012-04-16,2,1,4,4,1,1,0,1,0.54,0.5152,0.77,0.2239,0,6,6
4951,5305,2011-08-13,3,0,8,22,0,6,0,2,0.68,0.6364,0.83,0.3881,36,118,154
4952,13946,2012-08-09,3,1,8,6,0,4,1,1,0.66,0.6061,0.83,0.1642,5,162,167
4953,1627,2011-03-13,1,0,3,7,0,0,0,1,0.36,0.3485,0.62,0.194,2,8,10
4954,8140,2011-12-10,4,0,12,19,0,6,0,1,0.26,0.2424,0.38,0.2836,15,139,154
4955,12541,2012-06-11,2,1,6,17,0,1,1,2,0.8,0.7121,0.41,0.3582,85,715,800
4956,6334,2011-09-26,4,0,9,11,0,1,1,1,0.68,0.6364,0.79,0.2239,43,116,159
4957,2281,2011-04-09,2,0,4,21,0,6,0,2,0.36,0.3485,0.93,0.1343,10,65,75
4958,11238,2012-04-18,2,1,4,10,0,3,1,3,0.48,0.4697,0.47,0.2239,31,116,147
4959,6563,2011-10-06,4,0,10,0,0,4,1,1,0.5,0.4848,0.72,0.194,6,34,40
4960,4835,2011-07-25,3,0,7,8,0,1,1,2,0.76,0.7424,0.75,0,34,353,387
4961,980,2011-02-13,1,0,2,11,0,0,0,1,0.32,0.2879,0.39,0.4478,26,86,112
4962,3820,2011-06-13,2,0,6,1,0,1,1,1,0.64,0.6061,0.73,0.2239,6,10,16
4963,16956,2012-12-14,4,1,12,6,0,5,1,1,0.16,0.1818,0.8,0.1045,1,112,113
4964,8453,2011-12-23,1,0,12,20,0,5,1,1,0.32,0.303,0.61,0.3284,3,47,50
4965,13608,2012-07-26,3,1,7,4,0,4,1,1,0.66,0.6212,0.74,0.194,0,4,4
4966,7189,2011-11-01,4,0,11,3,0,2,1,2,0.36,0.3485,0.81,0.1343,1,5,6
4967,1019,2011-02-15,1,0,2,2,0,2,1,1,0.28,0.2273,0.41,0.6866,1,2,3
4968,2956,2011-05-08,2,0,5,1,0,0,0,2,0.52,0.5,0.55,0,8,56,64
4969,14302,2012-08-24,3,1,8,2,0,5,1,1,0.66,0.6212,0.69,0,1,15,16
4970,16473,2012-11-24,4,1,11,2,0,6,0,1,0.32,0.2727,0.39,0.6119,10,22,32
4971,3372,2011-05-25,2,0,5,9,0,3,1,1,0.68,0.6364,0.65,0.0896,27,207,234
4972,2401,2011-04-14,2,0,4,22,0,4,1,1,0.48,0.4697,0.55,0.1045,22,82,104
4973,14142,2012-08-17,3,1,8,10,0,5,1,1,0.74,0.2424,0.55,0.1642,82,149,231
4974,10385,2012-03-13,1,1,3,19,0,2,1,1,0.64,0.6212,0.47,0.2239,50,429,479
4975,3030,2011-05-11,2,0,5,3,0,3,1,1,0.5,0.4848,0.63,0.2239,0,3,3
4976,7173,2011-10-31,4,0,10,11,0,1,1,1,0.4,0.4091,0.5,0.1343,31,97,128
4977,6209,2011-09-21,3,0,9,6,0,3,1,2,0.54,0.5152,1,0.194,5,112,117
4978,2076,2011-04-01,2,0,4,8,0,5,1,2,0.26,0.2424,0.87,0.2537,8,198,206
4979,950,2011-02-12,1,0,2,4,0,6,0,1,0.12,0.1667,0.74,0.0896,0,4,4
4980,4497,2011-07-11,3,0,7,6,0,1,1,1,0.68,0.6364,0.74,0.194,19,102,121
4981,11841,2012-05-13,2,1,5,13,0,0,0,1,0.68,0.6364,0.54,0.2537,255,347,602
4982,2992,2011-05-09,2,0,5,13,0,1,1,1,0.62,0.6212,0.38,0.2836,36,138,174
4983,6024,2011-09-13,3,0,9,13,0,2,1,1,0.74,0.6667,0.51,0.2836,48,136,184
4984,2068,2011-04-01,2,0,4,0,0,5,1,3,0.26,0.2576,1,0.1642,0,6,6
4985,8669,2012-01-01,1,1,1,23,0,0,0,1,0.44,0.4394,0.51,0.2985,4,25,29
4986,7725,2011-11-23,4,0,11,11,0,3,1,2,0.5,0.4848,0.72,0.4179,9,107,116
4987,12629,2012-06-15,2,1,6,9,0,5,1,1,0.62,0.6061,0.65,0.1642,58,308,366
4988,16577,2012-11-28,4,1,11,10,0,3,1,1,0.3,0.3182,0.49,0.1045,17,144,161
4989,322,2011-01-14,1,0,1,21,0,5,1,1,0.16,0.2273,0.69,0,4,48,52
4990,9685,2012-02-13,1,1,2,11,0,1,1,1,0.22,0.2273,0.37,0.194,5,85,90
4991,13523,2012-07-22,3,1,7,15,0,0,0,1,0.72,0.6818,0.66,0.1045,254,370,624
4992,9545,2012-02-07,1,1,2,15,0,2,1,1,0.44,0.4394,0.38,0.194,13,133,146
4993,8894,2012-01-11,1,1,1,10,0,3,1,2,0.24,0.2424,0.87,0.1343,13,84,97
4994,13678,2012-07-29,3,1,7,2,0,0,0,1,0.66,0.6212,0.74,0.1343,33,79,112
4995,16044,2012-11-06,4,1,11,4,0,2,1,1,0.22,0.2576,0.69,0.0896,0,7,7
4996,6376,2011-09-28,4,0,9,5,0,3,1,2,0.6,0.5152,0.94,0,2,20,22
4997,4631,2011-07-16,3,0,7,20,0,6,0,1,0.72,0.6667,0.51,0.2239,108,188,296
4998,7225,2011-11-02,4,0,11,15,0,3,1,1,0.48,0.4697,0.51,0.1642,26,161,187
4999,7860,2011-11-29,4,0,11,3,0,2,1,2,0.5,0.4848,0.88,0,0,2,2
5000,4360,2011-07-05,3,0,7,13,0,2,1,1,0.82,0.7424,0.43,0.1045,67,136,203
5001,5848,2011-09-06,3,0,9,3,0,2,1,3,0.54,0.5152,0.94,0.2985,1,0,1
5002,14148,2012-08-17,3,1,8,16,0,5,1,2,0.84,0.2424,0.32,0.4478,116,372,488
5003,5195,2011-08-09,3,0,8,8,0,2,1,1,0.74,0.697,0.66,0,40,352,392
5004,11100,2012-04-12,2,1,4,16,0,4,1,1,0.48,0.4697,0.31,0.2836,54,299,353
5005,3539,2011-06-01,2,0,6,8,0,3,1,2,0.72,0.697,0.79,0.194,37,417,454
5006,10634,2012-03-24,2,1,3,4,0,6,0,1,0.52,0.5,0.83,0.0896,1,6,7
5007,8047,2011-12-06,4,0,12,22,0,2,1,3,0.46,0.4545,1,0.1642,5,82,87
5008,10309,2012-03-10,1,1,3,14,0,6,0,1,0.34,0.3182,0.27,0.2836,117,262,379
5009,13335,2012-07-14,3,1,7,19,0,6,0,1,0.72,0.7121,0.84,0.0896,156,275,431
5010,14153,2012-08-17,3,1,8,21,0,5,1,2,0.68,0.2424,0.69,0.2985,57,198,255
5011,3520,2011-05-31,2,0,5,13,0,2,1,1,0.9,0.8333,0.39,0.1642,37,110,147
5012,6650,2011-10-09,4,0,10,15,0,0,0,1,0.68,0.6364,0.51,0.1642,198,209,407
5013,10514,2012-03-19,1,1,3,4,0,1,1,1,0.44,0.4394,0.94,0,0,3,3
5014,17121,2012-12-21,1,1,12,3,0,5,1,3,0.46,0.4545,0.94,0.3881,0,3,3
5015,3692,2011-06-07,2,0,6,17,0,2,1,1,0.8,0.7273,0.43,0.2537,64,475,539
5016,9285,2012-01-27,1,1,1,18,0,5,1,1,0.4,0.4091,0.5,0.4925,20,363,383
5017,10598,2012-03-22,2,1,3,16,0,4,1,1,0.64,0.6061,0.65,0.194,125,300,425
5018,11204,2012-04-17,2,1,4,0,0,2,1,1,0.66,0.6212,0.54,0.194,10,33,43
5019,5166,2011-08-08,3,0,8,3,0,1,1,1,0.66,0.5909,0.89,0,1,0,1
5020,5512,2011-08-22,3,0,8,13,0,1,1,1,0.74,0.6515,0.3,0.4627,47,158,205
5021,2620,2011-04-24,2,0,4,1,0,0,0,1,0.5,0.4848,0.88,0.194,14,40,54
5022,7761,2011-11-24,4,0,11,23,1,4,0,1,0.34,0.3485,0.76,0.1045,2,19,21
5023,1840,2011-03-22,2,0,3,9,0,2,1,2,0.4,0.4091,0.58,0.4627,19,159,178
5024,7749,2011-11-24,4,0,11,11,1,4,0,1,0.42,0.4242,0.41,0.2985,52,90,142
5025,14372,2012-08-27,3,1,8,0,0,1,1,1,0.62,0.5758,0.83,0,4,28,32
5026,15833,2012-10-26,4,1,10,21,0,5,1,2,0.54,0.5152,0.77,0.1343,40,252,292
5027,13917,2012-08-08,3,1,8,1,0,3,1,1,0.72,0.697,0.79,0,3,20,23
5028,14118,2012-08-16,3,1,8,10,0,4,1,1,0.74,0.6667,0.48,0.1343,78,121,199
5029,9771,2012-02-17,1,1,2,1,0,5,1,2,0.3,0.3333,0.93,0,2,16,18
5030,763,2011-02-04,1,0,2,5,0,5,1,2,0.14,0.1515,0.63,0.1343,0,7,7
5031,11341,2012-04-22,2,1,4,17,0,0,0,3,0.36,0.3182,0.93,0.4478,2,25,27
5032,111,2011-01-05,1,0,1,19,0,3,1,1,0.24,0.2576,0.38,0.1045,5,127,132
5033,2443,2011-04-16,2,0,4,16,0,6,0,3,0.5,0.4848,0.88,0.4627,6,27,33
5034,11051,2012-04-10,2,1,4,14,0,2,1,1,0.54,0.5152,0.24,0.194,75,149,224
5035,16175,2012-11-11,4,1,11,16,0,0,0,1,0.54,0.5152,0.42,0.2239,260,393,653
5036,2755,2011-04-29,2,0,4,16,0,5,1,2,0.54,0.5152,0.42,0.3582,59,240,299
5037,7692,2011-11-22,4,0,11,2,0,2,1,3,0.38,0.3939,1,0.1045,2,4,6
5038,5408,2011-08-18,3,0,8,5,0,4,1,1,0.64,0.5909,0.78,0.2836,0,27,27
5039,9689,2012-02-13,1,1,2,15,0,1,1,1,0.36,0.3485,0.27,0.1343,10,145,155
5040,4078,2011-06-23,3,0,6,19,0,4,1,1,0.72,0.6818,0.7,0.3582,56,344,400
5041,12226,2012-05-29,2,1,5,14,0,2,1,1,0.82,0.7727,0.52,0.4179,80,158,238
5042,7829,2011-11-27,4,0,11,19,0,0,0,1,0.48,0.4697,0.67,0.2239,30,109,139
5043,5130,2011-08-06,3,0,8,15,0,6,0,2,0.84,0.803,0.53,0.2537,130,232,362
5044,7489,2011-11-13,4,0,11,15,0,0,0,2,0.5,0.4848,0.42,0.3284,89,221,310
5045,246,2011-01-11,1,0,1,14,0,2,1,2,0.2,0.2273,0.59,0.0896,3,60,63
5046,15615,2012-10-17,4,1,10,19,0,3,1,1,0.5,0.4848,0.72,0.194,49,467,516
5047,5666,2011-08-29,3,0,8,12,0,1,1,2,0.68,0.6364,0.44,0.1642,48,159,207
5048,6747,2011-10-13,4,0,10,16,0,4,1,1,0.66,0.6212,0.74,0.2239,36,240,276
5049,96,2011-01-05,1,0,1,4,0,3,1,1,0.24,0.2273,0.48,0.2239,0,2,2
5050,5152,2011-08-07,3,0,8,13,0,0,0,1,0.9,0.8485,0.42,0.2985,118,206,324
5051,2612,2011-04-23,2,0,4,17,0,6,0,1,0.6,0.5909,0.73,0.3284,168,215,383
5052,8909,2012-01-12,1,1,1,1,0,4,1,3,0.36,0.3485,0.93,0.194,0,3,3
5053,2819,2011-05-02,2,0,5,8,0,1,1,2,0.48,0.4697,0.77,0.2239,21,350,371
5054,220,2011-01-10,1,0,1,10,0,1,1,2,0.14,0.1212,0.5,0.2985,0,31,31
5055,8804,2012-01-07,1,1,1,15,0,6,0,1,0.58,0.5455,0.37,0.2985,132,317,449
5056,16797,2012-12-07,4,1,12,15,0,5,1,2,0.36,0.3485,0.71,0.1642,34,269,303
5057,2734,2011-04-28,2,0,4,19,0,4,1,1,0.62,0.6212,0.43,0.2985,57,347,404
5058,9586,2012-02-09,1,1,2,8,0,4,1,1,0.2,0.197,0.64,0.2537,11,473,484
5059,15304,2012-10-04,4,1,10,20,0,4,1,1,0.64,0.6061,0.65,0.1045,50,391,441
5060,2458,2011-04-17,2,0,4,7,0,0,0,1,0.36,0.3333,0.5,0.3582,2,14,16
5061,2534,2011-04-20,2,0,4,11,0,3,1,1,0.62,0.6061,0.69,0.0896,31,87,118
5062,16231,2012-11-14,4,1,11,0,0,3,1,1,0.26,0.2424,0.56,0.2836,4,20,24
5063,6715,2011-10-12,4,0,10,8,0,3,1,2,0.54,0.5152,0.88,0.3881,27,377,404
5064,7253,2011-11-03,4,0,11,19,0,4,1,1,0.44,0.4394,0.67,0.0896,18,234,252
5065,6823,2011-10-16,4,0,10,20,0,0,0,1,0.54,0.5152,0.52,0.4627,49,129,178
5066,17063,2012-12-18,4,1,12,17,0,2,1,1,0.4,0.4091,0.47,0.4478,39,533,572
5067,10257,2012-03-08,1,1,3,10,0,4,1,1,0.5,0.4848,0.68,0.4627,19,119,138
5068,8666,2012-01-01,1,1,1,20,0,0,0,2,0.44,0.4394,0.62,0.2985,25,58,83
5069,14714,2012-09-10,3,1,9,6,0,1,1,1,0.5,0.4848,0.72,0.1343,8,172,180
5070,9594,2012-02-09,1,1,2,16,0,4,1,1,0.34,0.3333,0.36,0,15,223,238
5071,4792,2011-07-23,3,0,7,13,0,6,0,1,0.94,0.8788,0.38,0.1642,78,167,245
5072,9741,2012-02-15,1,1,2,19,0,3,1,1,0.38,0.3939,0.43,0.1642,9,302,311
5073,5295,2011-08-13,3,0,8,12,0,6,0,2,0.66,0.5909,0.89,0.1642,175,246,421
5074,13615,2012-07-26,3,1,7,11,0,4,1,1,0.8,0.803,0.66,0.2239,69,143,212
5075,320,2011-01-14,1,0,1,19,0,5,1,1,0.16,0.197,0.59,0.0896,3,89,92
5076,16378,2012-11-20,4,1,11,3,0,2,1,2,0.34,0.3485,0.71,0.1045,0,2,2
5077,2376,2011-04-13,2,0,4,21,0,3,1,1,0.42,0.4242,0.67,0.1642,17,100,117
5078,3338,2011-05-23,2,0,5,23,0,1,1,2,0.62,0.5606,0.88,0.194,19,53,72
5079,13906,2012-08-07,3,1,8,14,0,2,1,2,0.82,0.7576,0.46,0,76,185,261
5080,13134,2012-07-06,3,1,7,10,0,5,1,1,0.86,0.7424,0.3,0,80,130,210
5081,15558,2012-10-15,4,1,10,10,0,1,1,2,0.6,0.5909,0.73,0.3881,43,125,168
5082,331,2011-01-15,1,0,1,6,0,6,0,1,0.14,0.1667,0.63,0.1045,1,2,3
5083,1787,2011-03-20,1,0,3,3,0,0,0,1,0.28,0.2727,0.56,0.2537,1,11,12
5084,813,2011-02-06,1,0,2,7,0,0,0,1,0.24,0.2424,0.65,0.1642,0,8,8
5085,1979,2011-03-28,2,0,3,7,0,1,1,1,0.2,0.1818,0.32,0.3284,6,104,110
5086,3117,2011-05-14,2,0,5,18,0,6,0,2,0.56,0.5303,0.88,0.2239,88,216,304
5087,14497,2012-09-01,3,1,9,5,0,6,0,1,0.68,0.6364,0.79,0,2,20,22
5088,614,2011-01-28,1,0,1,19,0,5,1,2,0.24,0.2424,0.75,0.1343,5,84,89
5089,1283,2011-02-26,1,0,2,14,0,6,0,2,0.34,0.303,0.36,0.3284,57,154,211
5090,14848,2012-09-15,3,1,9,20,0,6,0,1,0.6,0.6212,0.43,0.0896,89,241,330
5091,13921,2012-08-08,3,1,8,5,0,3,1,2,0.68,0.6364,0.89,0.1642,3,40,43
5092,9587,2012-02-09,1,1,2,9,0,4,1,1,0.2,0.197,0.59,0.2239,9,229,238
5093,5966,2011-09-11,3,0,9,2,0,0,0,2,0.62,0.5909,0.78,0.194,16,60,76
5094,12682,2012-06-17,2,1,6,14,0,0,0,1,0.64,0.6212,0.53,0,255,327,582
5095,11543,2012-05-01,2,1,5,3,0,2,1,2,0.5,0.4848,0.77,0,1,2,3
5096,7583,2011-11-17,4,0,11,13,0,4,1,2,0.34,0.303,0.49,0.4478,15,109,124
5097,11154,2012-04-14,2,1,4,22,0,6,0,2,0.54,0.5152,0.52,0.1642,64,148,212
5098,6686,2011-10-11,4,0,10,3,0,2,1,2,0.52,0.5,0.88,0.1045,2,1,3
5099,17105,2012-12-20,4,1,12,11,0,4,1,2,0.34,0.3182,0.57,0.2239,22,168,190
5100,16961,2012-12-14,4,1,12,11,0,5,1,1,0.32,0.303,0.65,0.194,31,180,211
5101,8164,2011-12-11,4,0,12,19,0,0,0,1,0.22,0.2273,0.55,0.194,7,98,105
5102,9889,2012-02-22,1,1,2,1,0,3,1,1,0.32,0.3333,0.7,0.1343,3,4,7
5103,12030,2012-05-21,2,1,5,10,0,1,1,3,0.58,0.5455,0.88,0.2836,28,71,99
5104,7458,2011-11-12,4,0,11,8,0,6,0,1,0.26,0.2576,0.7,0.194,14,87,101
5105,13831,2012-08-04,3,1,8,11,0,6,0,1,0.86,0.803,0.47,0.2537,155,315,470
5106,3922,2011-06-17,2,0,6,7,0,5,1,1,0.6,0.5606,0.83,0,25,225,250
5107,8460,2011-12-24,1,0,12,3,0,6,0,2,0.32,0.3333,0.7,0.0896,0,5,5
5108,14609,2012-09-05,3,1,9,21,0,3,1,1,0.72,0.697,0.79,0,18,278,296
5109,4338,2011-07-04,3,0,7,15,1,1,0,1,0.82,0.7424,0.43,0.0896,224,184,408
5110,9007,2012-01-16,1,1,1,3,1,1,0,1,0.12,0.197,0.5,0,0,3,3
5111,6245,2011-09-22,3,0,9,18,0,4,1,2,0.64,0.5758,0.83,0.1045,50,501,551
5112,8724,2012-01-04,1,1,1,7,0,3,1,1,0.02,0.0455,0.44,0.194,1,151,152
5113,10509,2012-03-18,1,1,3,23,0,0,0,1,0.48,0.4697,0.82,0.1642,7,39,46
5114,7961,2011-12-03,4,0,12,8,0,6,0,1,0.24,0.2576,0.75,0.0896,1,62,63
5115,7721,2011-11-23,4,0,11,7,0,3,1,2,0.46,0.4545,1,0.0896,2,154,156
5116,3019,2011-05-10,2,0,5,16,0,2,1,1,0.66,0.6212,0.31,0.1045,56,271,327
5117,2693,2011-04-27,2,0,4,2,0,3,1,1,0.58,0.5455,0.88,0.2537,0,5,5
5118,10876,2012-04-03,2,1,4,7,0,2,1,1,0.32,0.3333,0.66,0.0896,14,327,341
5119,6915,2011-10-20,4,0,10,17,0,4,1,2,0.48,0.4697,0.48,0.3881,56,438,494
5120,13977,2012-08-10,3,1,8,13,0,5,1,2,0.76,0.7121,0.58,0.3582,66,224,290
5121,9940,2012-02-24,1,1,2,4,0,5,1,1,0.4,0.4091,0.87,0.1343,0,2,2
5122,15481,2012-10-12,4,1,10,5,0,5,1,1,0.36,0.3636,0.81,0.0896,2,33,35
5123,14313,2012-08-24,3,1,8,13,0,5,1,2,0.8,0.7121,0.41,0.1045,79,272,351
5124,11111,2012-04-13,2,1,4,3,0,5,1,1,0.34,0.3333,0.61,0.1642,3,8,11
5125,17184,2012-12-23,1,1,12,18,0,0,0,1,0.3,0.303,0.45,0.1642,8,85,93
5126,2665,2011-04-25,2,0,4,22,0,1,1,1,0.6,0.5909,0.73,0.2985,23,83,106
5127,93,2011-01-05,1,0,1,0,0,3,1,1,0.2,0.2576,0.64,0,0,6,6
5128,10217,2012-03-06,1,1,3,18,0,2,1,1,0.34,0.303,0.42,0.3284,15,442,457
5129,1732,2011-03-17,1,0,3,19,0,4,1,1,0.44,0.4394,0.58,0.194,18,189,207
5130,4330,2011-07-04,3,0,7,7,1,1,0,1,0.66,0.6061,0.83,0.1343,17,19,36
5131,6146,2011-09-18,3,0,9,15,0,0,0,2,0.58,0.5455,0.6,0.1343,132,233,365
5132,16145,2012-11-10,4,1,11,10,0,6,0,1,0.4,0.4091,0.58,0,86,264,350
5133,10118,2012-03-02,1,1,3,15,0,5,1,2,0.42,0.4242,0.5,0.2985,5,73,78
5134,2319,2011-04-11,2,0,4,12,0,1,1,2,0.6,0.5909,0.73,0.3284,37,97,134
5135,16197,2012-11-12,4,1,11,14,1,1,0,1,0.58,0.5455,0.6,0.2836,134,310,444
5136,9709,2012-02-14,1,1,2,11,0,2,1,2,0.3,0.303,0.45,0.1642,5,107,112
5137,16981,2012-12-15,4,1,12,7,0,6,0,2,0.24,0.2576,0.75,0.0896,1,47,48
5138,8006,2011-12-05,4,0,12,5,0,1,1,1,0.3,0.3182,0.87,0.1045,1,24,25
5139,15577,2012-10-16,4,1,10,5,0,2,1,1,0.42,0.4242,0.67,0.2537,5,47,52
5140,9819,2012-02-19,1,1,2,1,0,0,0,2,0.32,0.303,0.39,0.2537,10,62,72
5141,1452,2011-03-05,1,0,3,18,0,6,0,2,0.48,0.4697,0.59,0.3284,37,115,152
5142,3468,2011-05-29,2,0,5,9,0,0,0,2,0.62,0.5455,0.94,0.2537,74,78,152
5143,8545,2011-12-27,1,0,12,18,0,2,1,1,0.38,0.3939,0.87,0.2836,9,126,135
5144,14852,2012-09-16,3,1,9,0,0,0,0,1,0.54,0.5152,0.64,0,28,123,151
5145,9261,2012-01-26,1,1,1,18,0,4,1,2,0.42,0.4242,0.71,0,12,394,406
5146,8031,2011-12-06,4,0,12,6,0,2,1,2,0.44,0.4394,0.94,0.2836,5,81,86
5147,2795,2011-05-01,2,0,5,8,0,0,0,2,0.44,0.4394,0.77,0.1343,16,43,59
5148,3870,2011-06-15,2,0,6,3,0,3,1,1,0.5,0.4848,0.68,0.2537,0,1,1
5149,14016,2012-08-12,3,1,8,4,0,0,0,1,0.64,0.6061,0.69,0.0896,2,8,10
5150,1944,2011-03-26,2,0,3,18,0,6,0,2,0.32,0.3182,0.21,0.1642,64,89,153
5151,6742,2011-10-13,4,0,10,11,0,4,1,2,0.62,0.5758,0.83,0,8,76,84
5152,2594,2011-04-22,2,0,4,23,0,5,1,3,0.32,0.3333,0.93,0.1045,0,17,17
5153,12263,2012-05-31,2,1,5,3,0,4,1,1,0.62,0.6061,0.69,0.0896,0,8,8
5154,13470,2012-07-20,3,1,7,10,0,5,1,2,0.7,0.6667,0.79,0.1642,51,182,233
5155,11530,2012-04-30,2,1,4,14,0,1,1,2,0.5,0.4848,0.55,0.1343,56,162,218
5156,7507,2011-11-14,4,0,11,9,0,1,1,2,0.48,0.4697,0.67,0.3284,29,204,233
5157,4527,2011-07-12,3,0,7,12,0,2,1,1,0.86,0.7879,0.44,0.2985,38,125,163
5158,10285,2012-03-09,1,1,3,14,0,5,1,1,0.42,0.4242,0.28,0.4627,49,129,178
5159,15280,2012-10-03,4,1,10,20,0,3,1,1,0.7,0.6515,0.65,0,48,449,497
5160,4521,2011-07-12,3,0,7,6,0,2,1,1,0.74,0.6818,0.58,0.2239,13,102,115
5161,13953,2012-08-09,3,1,8,13,0,4,1,1,0.86,0.7879,0.41,0.1045,80,201,281
5162,2993,2011-05-09,2,0,5,14,0,1,1,1,0.62,0.6212,0.41,0.2239,44,118,162
5163,16026,2012-11-05,4,1,11,10,0,1,1,1,0.32,0.303,0.49,0.2836,30,112,142
5164,5145,2011-08-07,3,0,8,6,0,0,0,1,0.7,0.6667,0.89,0.1642,3,10,13
5165,1512,2011-03-08,1,0,3,8,0,2,1,1,0.22,0.2273,0.55,0.194,10,247,257
5166,8138,2011-12-10,4,0,12,17,0,6,0,1,0.28,0.2576,0.36,0.3284,34,151,185
5167,8261,2011-12-15,4,0,12,20,0,4,1,1,0.52,0.5,0.59,0.3284,12,209,221
5168,8542,2011-12-27,1,0,12,15,0,2,1,3,0.42,0.4242,0.82,0.3881,2,17,19
5169,1514,2011-03-08,1,0,3,10,0,2,1,2,0.3,0.2879,0.33,0.194,25,46,71
5170,9439,2012-02-03,1,1,2,4,0,5,1,1,0.26,0.2576,0.6,0.2239,0,2,2
5171,11546,2012-05-01,2,1,5,6,0,2,1,3,0.52,0.5,0.77,0.1045,2,24,26
5172,15372,2012-10-07,4,1,10,16,0,0,0,3,0.4,0.4091,0.82,0.1642,87,246,333
5173,2597,2011-04-23,2,0,4,2,0,6,0,3,0.32,0.3333,1,0.1343,3,14,17
5174,13267,2012-07-11,3,1,7,23,0,3,1,2,0.7,0.6515,0.58,0.2537,20,132,152
5175,574,2011-01-26,1,0,1,2,0,3,1,3,0.22,0.2273,0.69,0.194,3,7,10
5176,844,2011-02-07,1,0,2,14,0,1,1,2,0.36,0.3636,0.57,0.0896,8,52,60
5177,4557,2011-07-13,3,0,7,18,0,3,1,1,0.72,0.697,0.79,0.1343,51,412,463
5178,6166,2011-09-19,3,0,9,11,0,1,1,2,0.58,0.5455,0.64,0.1642,41,98,139
5179,6206,2011-09-21,3,0,9,3,0,3,1,2,0.54,0.5152,0.94,0.0896,0,6,6
5180,9617,2012-02-10,1,1,2,15,0,5,1,2,0.32,0.3333,0.45,0.1343,27,164,191
5181,5322,2011-08-14,3,0,8,15,0,0,0,1,0.74,0.697,0.66,0.194,128,203,331
5182,69,2011-01-03,1,0,1,23,0,1,1,1,0.18,0.2121,0.55,0.1045,1,11,12
5183,15678,2012-10-20,4,1,10,10,0,6,0,1,0.52,0.5,0.52,0.1343,111,312,423
5184,11876,2012-05-15,2,1,5,0,0,2,1,2,0.56,0.5303,0.88,0.1343,7,25,32
5185,10792,2012-03-30,2,1,3,18,0,5,1,1,0.42,0.4242,0.54,0.194,68,492,560
5186,5358,2011-08-16,3,0,8,3,0,2,1,1,0.62,0.5909,0.73,0.2239,1,5,6
5187,6776,2011-10-14,4,0,10,21,0,5,1,1,0.5,0.4848,0.45,0.194,22,156,178
5188,5624,2011-08-27,3,0,8,5,0,6,0,2,0.7,0.6667,0.84,0.2985,1,11,12
5189,8019,2011-12-05,4,0,12,18,0,1,1,1,0.44,0.4394,0.77,0,13,386,399
5190,8020,2011-12-05,4,0,12,19,0,1,1,2,0.46,0.4545,0.77,0,13,295,308
5191,5703,2011-08-31,3,0,8,1,0,3,1,1,0.6,0.5909,0.69,0,2,13,15
5192,16955,2012-12-14,4,1,12,5,0,5,1,1,0.2,0.2273,0.69,0.1045,0,34,34
5193,7417,2011-11-10,4,0,11,15,0,4,1,3,0.36,0.3333,0.81,0.2985,5,57,62
5194,10006,2012-02-26,1,1,2,22,0,0,0,1,0.3,0.2879,0.42,0.2239,3,68,71
5195,7677,2011-11-21,4,0,11,11,0,1,1,2,0.52,0.5,0.83,0.1045,16,112,128
5196,17312,2012-12-29,1,1,12,4,0,6,0,2,0.24,0.2424,0.75,0.0896,0,3,3
5197,13004,2012-07-01,3,1,7,0,0,0,0,1,0.76,0.7273,0.66,0,27,122,149
5198,4342,2011-07-04,3,0,7,19,1,1,0,2,0.78,0.7121,0.49,0.1642,170,205,375
5199,3018,2011-05-10,2,0,5,15,0,2,1,2,0.64,0.6212,0.33,0.0896,28,152,180
5200,6804,2011-10-16,4,0,10,1,0,0,0,1,0.44,0.4394,0.47,0.1343,13,64,77
5201,6028,2011-09-13,3,0,9,17,0,2,1,1,0.74,0.6667,0.51,0.2239,72,507,579
5202,4076,2011-06-23,3,0,6,17,0,4,1,2,0.72,0.6818,0.7,0.3582,74,495,569
5203,14285,2012-08-23,3,1,8,9,0,4,1,2,0.7,0.6515,0.7,0,58,354,412
5204,6348,2011-09-27,4,0,9,1,0,2,1,1,0.62,0.5455,0.94,0.1642,4,6,10
5205,4769,2011-07-22,3,0,7,14,0,5,1,1,0.96,1,0.48,0.2985,24,77,101
5206,14207,2012-08-20,3,1,8,3,0,1,1,1,0.6,0.5455,0.88,0.1045,0,3,3
5207,2116,2011-04-03,2,0,4,0,0,0,0,1,0.3,0.2879,0.65,0.194,8,31,39
5208,11163,2012-04-15,2,1,4,7,0,0,0,1,0.5,0.4848,0.63,0.1045,16,30,46
5209,6718,2011-10-12,4,0,10,11,0,3,1,3,0.54,0.5152,0.94,0.3284,18,102,120
5210,12750,2012-06-20,2,1,6,10,0,3,1,1,0.82,0.7727,0.52,0.1343,41,126,167
5211,11477,2012-04-28,2,1,4,9,0,6,0,2,0.38,0.3939,0.37,0,45,169,214
5212,12848,2012-06-24,3,1,6,12,0,0,0,1,0.8,0.697,0.33,0.2239,227,329,556
5213,16722,2012-12-04,4,1,12,12,0,2,1,1,0.52,0.5,0.68,0.194,39,273,312
5214,9512,2012-02-06,1,1,2,6,0,1,1,1,0.16,0.1818,0.86,0.1045,0,72,72
5215,11230,2012-04-18,2,1,4,2,0,3,1,2,0.5,0.4848,0.42,0.194,1,8,9
5216,6335,2011-09-26,4,0,9,12,0,1,1,2,0.68,0.6364,0.79,0.1642,48,161,209
5217,11061,2012-04-11,2,1,4,0,0,3,1,1,0.34,0.303,0.36,0.4179,8,22,30
5218,12347,2012-06-03,2,1,6,15,0,0,0,1,0.7,0.6364,0.34,0,236,408,644
5219,15438,2012-10-10,4,1,10,10,0,3,1,1,0.56,0.5303,0.52,0.2985,27,190,217
5220,5599,2011-08-26,3,0,8,4,0,5,1,1,0.62,0.5606,0.88,0,2,6,8
5221,10000,2012-02-26,1,1,2,16,0,0,0,1,0.36,0.3333,0.32,0.2537,64,275,339
5222,5958,2011-09-10,3,0,9,18,0,6,0,1,0.72,0.6667,0.58,0.194,119,241,360
5223,14390,2012-08-27,3,1,8,18,0,1,1,1,0.78,0.7121,0.52,0.2537,83,751,834
5224,14132,2012-08-17,3,1,8,0,0,5,1,1,0.68,0.2424,0.57,0.1642,21,67,88
5225,5135,2011-08-06,3,0,8,20,0,6,0,3,0.72,0.697,0.79,0.2836,58,79,137
5226,7480,2011-11-13,4,0,11,6,0,0,0,1,0.34,0.3333,0.66,0.1343,5,18,23
5227,16405,2012-11-21,4,1,11,6,0,3,1,1,0.28,0.303,0.87,0.0896,2,99,101
5228,14931,2012-09-19,3,1,9,7,0,3,1,1,0.52,0.5,0.63,0.2239,16,529,545
5229,8754,2012-01-05,1,1,1,13,0,4,1,1,0.34,0.303,0.42,0.2985,6,112,118
5230,9114,2012-01-20,1,1,1,15,0,5,1,2,0.22,0.2273,0.35,0.194,12,144,156
5231,15503,2012-10-13,4,1,10,3,0,6,0,1,0.32,0.303,0.66,0.2239,2,13,15
5232,15596,2012-10-17,4,1,10,0,0,3,1,1,0.38,0.3939,0.76,0,1,48,49
5233,2037,2011-03-30,2,0,3,17,0,3,1,3,0.26,0.2727,0.93,0.1045,11,105,116
5234,3066,2011-05-12,2,0,5,15,0,4,1,2,0.64,0.6212,0.53,0.2537,54,163,217
5235,13299,2012-07-13,3,1,7,7,0,5,1,2,0.7,0.6515,0.54,0,27,353,380
5236,12800,2012-06-22,3,1,6,12,0,5,1,1,0.84,0.7879,0.49,0.1343,63,191,254
5237,5825,2011-09-05,3,0,9,3,1,1,0,2,0.68,0.6364,0.74,0.2985,4,12,16
5238,1042,2011-02-16,1,0,2,3,0,3,1,2,0.2,0.197,0.47,0.194,0,1,1
5239,5313,2011-08-14,3,0,8,6,0,0,0,2,0.64,0.5606,0.94,0.1045,2,4,6
5240,11033,2012-04-09,2,1,4,20,0,1,1,1,0.5,0.4848,0.36,0.4478,21,255,276
5241,15585,2012-10-16,4,1,10,13,0,2,1,1,0.52,0.5,0.45,0.2836,68,260,328
5242,1414,2011-03-04,1,0,3,4,0,5,1,2,0.18,0.1818,0.74,0.194,1,0,1
5243,115,2011-01-05,1,0,1,23,0,3,1,1,0.2,0.2576,0.47,0,1,18,19
5244,11199,2012-04-16,2,1,4,19,1,1,0,1,0.76,0.6667,0.35,0.3881,61,461,522
5245,4251,2011-07-01,3,0,7,0,0,5,1,1,0.66,0.6212,0.5,0,20,48,68
5246,231,2011-01-10,1,0,1,21,0,1,1,1,0.14,0.1364,0.59,0.194,1,37,38
5247,4405,2011-07-07,3,0,7,10,0,4,1,1,0.78,0.7424,0.62,0,29,72,101
5248,11465,2012-04-27,2,1,4,21,0,5,1,1,0.44,0.4394,0.33,0.2985,23,185,208
5249,12842,2012-06-24,3,1,6,6,0,0,0,1,0.64,0.6061,0.65,0.1642,6,19,25
5250,2747,2011-04-29,2,0,4,8,0,5,1,1,0.54,0.5152,0.39,0.2985,35,386,421
5251,16201,2012-11-12,4,1,11,18,1,1,0,1,0.52,0.5,0.72,0.1343,65,486,551
5252,7135,2011-10-29,4,0,10,21,0,6,0,1,0.24,0.2121,0.87,0.3582,1,49,50
5253,16428,2012-11-22,4,1,11,5,1,4,0,1,0.24,0.2576,0.75,0.1045,2,6,8
5254,9030,2012-01-17,1,1,1,2,0,2,1,3,0.28,0.2727,0.75,0.2537,0,12,12
5255,14582,2012-09-04,3,1,9,18,0,2,1,1,0.76,0.7424,0.75,0.2239,94,745,839
5256,14240,2012-08-21,3,1,8,12,0,2,1,1,0.72,0.6515,0.45,0,79,226,305
5257,2704,2011-04-27,2,0,4,13,0,3,1,1,0.64,0.5909,0.78,0.2985,31,119,150
5258,3681,2011-06-07,2,0,6,6,0,2,1,1,0.6,0.5758,0.78,0.1343,10,116,126
5259,15075,2012-09-25,4,1,9,7,0,2,1,1,0.44,0.4394,0.77,0.194,17,539,556
5260,4515,2011-07-12,3,0,7,0,0,2,1,1,0.7,0.6667,0.79,0.1343,3,19,22
5261,15896,2012-10-31,4,1,10,0,0,3,1,2,0.3,0.3182,0.81,0.1045,0,16,16
5262,8702,2012-01-03,1,1,1,9,0,2,1,1,0.16,0.1364,0.5,0.2836,8,145,153
5263,10037,2012-02-28,1,1,2,5,0,2,1,1,0.32,0.2879,0.42,0.3582,1,20,21
5264,14280,2012-08-23,3,1,8,4,0,4,1,1,0.62,0.5758,0.83,0,0,6,6
5265,5829,2011-09-05,3,0,9,7,1,1,0,1,0.66,0.6212,0.74,0.1642,11,30,41
5266,6078,2011-09-15,3,0,9,19,0,4,1,1,0.46,0.4545,0.67,0.4627,20,212,232
5267,14668,2012-09-08,3,1,9,8,0,6,0,1,0.7,0.6667,0.79,0.3284,33,197,230
5268,15692,2012-10-21,4,1,10,0,0,0,0,1,0.44,0.4394,0.54,0.1642,35,119,154
5269,12345,2012-06-03,2,1,6,13,0,0,0,1,0.68,0.6364,0.36,0.2836,265,421,686
5270,8546,2011-12-27,1,0,12,19,0,2,1,1,0.34,0.3333,0.87,0.1642,3,87,90
5271,10926,2012-04-05,2,1,4,9,0,4,1,1,0.4,0.4091,0.37,0.2537,61,290,351
5272,11374,2012-04-24,2,1,4,2,0,2,1,1,0.32,0.3182,0.81,0.194,0,3,3
5273,15206,2012-09-30,4,1,9,18,0,0,0,1,0.52,0.5,0.59,0.4478,91,310,401
5274,6663,2011-10-10,4,0,10,4,1,1,0,1,0.46,0.4545,0.94,0,2,4,6
5275,16786,2012-12-07,4,1,12,4,0,5,1,1,0.26,0.2727,0.75,0.1045,0,10,10
5276,6109,2011-09-17,3,0,9,2,0,6,0,1,0.46,0.4545,0.82,0.0896,18,61,79
5277,15077,2012-09-25,4,1,9,9,0,2,1,1,0.54,0.5152,0.56,0.2537,28,381,409
5278,7820,2011-11-27,4,0,11,10,0,0,0,1,0.46,0.4545,0.72,0.2836,58,131,189
5279,11859,2012-05-14,2,1,5,7,0,1,1,3,0.52,0.5,0.94,0.194,3,72,75
5280,7069,2011-10-27,4,0,10,3,0,4,1,3,0.46,0.4545,0.94,0,1,3,4
5281,3823,2011-06-13,2,0,6,4,0,1,1,1,0.56,0.5303,0.64,0.2985,1,3,4
5282,3796,2011-06-12,2,0,6,1,0,0,0,1,0.64,0.5758,0.83,0.1045,19,74,93
5283,11726,2012-05-08,2,1,5,18,0,2,1,2,0.64,0.6061,0.69,0.2836,69,641,710
5284,6570,2011-10-06,4,0,10,7,0,4,1,1,0.42,0.4242,0.62,0.194,15,287,302
5285,12436,2012-06-07,2,1,6,8,0,4,1,1,0.52,0.5,0.77,0,20,661,681
5286,16500,2012-11-25,4,1,11,5,0,0,0,2,0.22,0.2273,0.47,0.1642,0,3,3
5287,9593,2012-02-09,1,1,2,15,0,4,1,1,0.32,0.303,0.36,0.2985,14,120,134
5288,2056,2011-03-31,2,0,3,12,0,4,1,3,0.28,0.2727,0.93,0.194,17,73,90
5289,5045,2011-08-03,3,0,8,2,0,3,1,2,0.78,0.7121,0.49,0.1642,2,9,11
5290,5563,2011-08-24,3,0,8,16,0,3,1,1,0.76,0.697,0.52,0.4179,49,222,271
5291,3839,2011-06-13,2,0,6,20,0,1,1,1,0.64,0.6212,0.44,0.2537,78,253,331
5292,17221,2012-12-25,1,1,12,9,1,2,0,2,0.24,0.2576,0.87,0,7,21,28
5293,13488,2012-07-21,3,1,7,4,0,6,0,3,0.58,0.5455,0.88,0.2836,11,5,16
5294,15442,2012-10-10,4,1,10,14,0,3,1,1,0.6,0.6212,0.4,0.1642,63,208,271
5295,12859,2012-06-24,3,1,6,23,0,0,0,1,0.74,0.6818,0.58,0.1045,20,67,87
5296,7802,2011-11-26,4,0,11,16,0,6,0,2,0.46,0.4545,0.47,0.1343,137,138,275
5297,5466,2011-08-20,3,0,8,15,0,6,0,1,0.8,0.7273,0.43,0.194,175,215,390
5298,13238,2012-07-10,3,1,7,18,0,2,1,3,0.7,0.6667,0.74,0.2239,70,749,819
5299,5660,2011-08-29,3,0,8,6,0,1,1,1,0.56,0.5303,0.73,0.1343,3,99,102
5300,11447,2012-04-27,2,1,4,3,0,5,1,1,0.44,0.4394,0.47,0.4925,1,2,3
5301,13711,2012-07-30,3,1,7,11,0,1,1,2,0.78,0.7273,0.55,0.1343,69,146,215
5302,11969,2012-05-18,2,1,5,21,0,5,1,1,0.6,0.6212,0.4,0,49,209,258
5303,2985,2011-05-09,2,0,5,6,0,1,1,1,0.44,0.4394,0.72,0.2537,2,87,89
5304,6389,2011-09-28,4,0,9,18,0,3,1,3,0.66,0.6061,0.83,0.2537,65,459,524
5305,14445,2012-08-30,3,1,8,1,0,4,1,1,0.64,0.6061,0.65,0,6,17,23
5306,2816,2011-05-02,2,0,5,5,0,1,1,2,0.44,0.4394,0.77,0.1343,4,16,20
5307,2047,2011-03-31,2,0,3,3,0,4,1,3,0.24,0.2273,0.93,0.2239,0,1,1
5308,14645,2012-09-07,3,1,9,9,0,5,1,1,0.7,0.6667,0.79,0.1343,33,311,344
5309,4924,2011-07-29,3,0,7,1,0,5,1,1,0.74,0.7121,0.79,0.1343,12,22,34
5310,4827,2011-07-25,3,0,7,0,0,1,1,2,0.76,0.7273,0.7,0,17,17,34
5311,9232,2012-01-25,1,1,1,13,0,3,1,1,0.34,0.3333,0.49,0.1343,63,149,212
5312,16899,2012-12-11,4,1,12,21,0,2,1,1,0.32,0.3182,0.53,0.194,14,193,207
5313,2348,2011-04-12,2,0,4,17,0,2,1,3,0.44,0.4394,0.77,0.2239,29,262,291
5314,10723,2012-03-27,2,1,3,21,0,2,1,1,0.36,0.3485,0.37,0.1642,21,200,221
5315,13682,2012-07-29,3,1,7,6,0,0,0,1,0.64,0.6061,0.73,0.1642,6,12,18
5316,14585,2012-09-04,3,1,9,21,0,2,1,1,0.74,0.7121,0.74,0.2537,28,240,268
5317,17013,2012-12-16,4,1,12,15,0,0,0,2,0.38,0.3939,0.82,0.1045,46,292,338
5318,1415,2011-03-04,1,0,3,5,0,5,1,2,0.16,0.1818,0.74,0.1343,0,7,7
5319,500,2011-01-22,1,0,1,21,0,6,0,1,0.06,0.1061,0.41,0.0896,0,39,39
5320,669,2011-01-31,1,0,1,4,0,1,1,1,0.2,0.197,0.59,0.2239,0,2,2
5321,3034,2011-05-11,2,0,5,7,0,3,1,1,0.48,0.4697,0.72,0.194,25,293,318
5322,15456,2012-10-11,4,1,10,4,0,4,1,1,0.4,0.4091,0.5,0.2537,0,10,10
5323,13922,2012-08-08,3,1,8,6,0,3,1,2,0.7,0.6667,0.84,0.1642,4,169,173
5324,17219,2012-12-25,1,1,12,7,1,2,0,2,0.22,0.2273,0.93,0.1642,0,6,6
5325,9723,2012-02-15,1,1,2,1,0,3,1,1,0.34,0.3636,0.53,0,0,5,5
5326,14042,2012-08-13,3,1,8,6,0,1,1,1,0.62,0.5909,0.73,0.0896,4,155,159
5327,3775,2011-06-11,2,0,6,4,0,6,0,1,0.68,0.6364,0.79,0.0896,4,9,13
5328,304,2011-01-14,1,0,1,2,0,5,1,1,0.1,0.1212,0.54,0.1343,0,1,1
5329,5904,2011-09-08,3,0,9,12,0,4,1,2,0.66,0.5909,0.94,0.2239,17,85,102
5330,1704,2011-03-16,1,0,3,15,0,3,1,2,0.4,0.4091,0.76,0.2537,22,79,101
5331,3835,2011-06-13,2,0,6,16,0,1,1,1,0.7,0.6364,0.37,0.4179,64,262,326
5332,7732,2011-11-23,4,0,11,18,0,3,1,2,0.4,0.4091,0.58,0.5224,7,138,145
5333,8026,2011-12-06,4,0,12,1,0,2,1,2,0.46,0.4545,0.88,0.2985,2,14,16
5334,5860,2011-09-06,3,0,9,15,0,2,1,3,0.54,0.5152,0.94,0.3881,18,71,89
5335,1619,2011-03-12,1,0,3,22,0,6,0,1,0.36,0.3788,0.71,0,7,56,63
5336,12932,2012-06-28,3,1,6,0,0,4,1,1,0.66,0.6212,0.5,0.1045,2,52,54
5337,11171,2012-04-15,2,1,4,15,0,0,0,1,0.7,0.6364,0.39,0.3881,266,351,617
5338,2925,2011-05-06,2,0,5,18,0,5,1,3,0.54,0.5152,0.52,0.3582,85,385,470
5339,3207,2011-05-18,2,0,5,12,0,3,1,1,0.56,0.5303,0.94,0.2985,12,42,54
5340,16475,2012-11-24,4,1,11,4,0,6,0,1,0.26,0.2121,0.41,0.4478,1,2,3
5341,4275,2011-07-02,3,0,7,0,0,6,0,1,0.68,0.6364,0.47,0.0896,31,84,115
5342,11765,2012-05-10,2,1,5,9,0,4,1,1,0.5,0.4848,0.59,0.4627,62,299,361
5343,5197,2011-08-09,3,0,8,10,0,2,1,2,0.8,0.7727,0.59,0.2239,55,89,144
5344,12813,2012-06-23,3,1,6,1,0,6,0,1,0.66,0.6061,0.78,0.1343,16,107,123
5345,16656,2012-12-01,4,1,12,18,0,6,0,2,0.34,0.3636,0.76,0,42,255,297
5346,12779,2012-06-21,3,1,6,15,0,4,1,1,0.92,0.8333,0.33,0.1642,40,154,194
5347,15969,2012-11-03,4,1,11,1,0,6,0,2,0.34,0.303,0.49,0.3284,6,83,89
5348,1951,2011-03-27,2,0,3,1,0,0,0,2,0.24,0.2273,0.52,0.194,3,17,20
5349,8622,2011-12-31,1,0,12,0,0,6,0,2,0.38,0.3939,0.62,0.3284,7,37,44
5350,16147,2012-11-10,4,1,11,12,0,6,0,1,0.48,0.4697,0.48,0,258,348,606
5351,1069,2011-02-17,1,0,2,6,0,4,1,1,0.3,0.303,0.7,0.1343,3,44,47
5352,3661,2011-06-06,2,0,6,10,0,1,1,1,0.72,0.6667,0.51,0.2239,31,64,95
5353,8285,2011-12-16,4,0,12,20,0,5,1,2,0.32,0.3182,0.45,0.194,6,146,152
5354,5835,2011-09-05,3,0,9,13,1,1,0,2,0.74,0.697,0.7,0.1343,154,235,389
5355,2471,2011-04-17,2,0,4,20,0,0,0,1,0.52,0.5,0.36,0.194,44,97,141
5356,14322,2012-08-24,3,1,8,22,0,5,1,2,0.7,0.6515,0.61,0,42,209,251
5357,16983,2012-12-15,4,1,12,9,0,6,0,1,0.26,0.2727,0.75,0.1045,17,203,220
5358,4747,2011-07-21,3,0,7,16,0,4,1,1,0.92,0.9242,0.48,0.2836,43,167,210
5359,4650,2011-07-17,3,0,7,15,0,0,0,1,0.82,0.7424,0.43,0.2985,129,195,324
5360,5999,2011-09-12,3,0,9,12,0,1,1,1,0.72,0.6667,0.51,0.194,37,147,184
5361,17076,2012-12-19,4,1,12,6,0,3,1,1,0.24,0.2576,0.75,0.0896,3,109,112
5362,4195,2011-06-28,3,0,6,16,0,2,1,1,0.86,0.803,0.47,0.2836,41,220,261
5363,2767,2011-04-30,2,0,4,4,0,6,0,2,0.42,0.4242,0.54,0.2239,2,5,7
5364,16566,2012-11-27,4,1,11,23,0,2,1,2,0.26,0.2424,0.81,0.2537,3,64,67
5365,3039,2011-05-11,2,0,5,12,0,3,1,1,0.6,0.6212,0.56,0,41,185,226
5366,10167,2012-03-04,1,1,3,16,0,0,0,1,0.36,0.3182,0.29,0.4925,68,231,299
5367,17039,2012-12-17,4,1,12,17,0,1,1,2,0.4,0.4091,0.94,0.2537,17,478,495
5368,583,2011-01-26,1,0,1,13,0,3,1,3,0.22,0.197,0.93,0.3284,4,43,47
5369,10276,2012-03-09,1,1,3,5,0,5,1,3,0.4,0.4091,0.66,0.2836,2,27,29
5370,15915,2012-10-31,4,1,10,19,0,3,1,2,0.4,0.4091,0.5,0.194,27,383,410
5371,10978,2012-04-07,2,1,4,13,0,6,0,1,0.5,0.4848,0.22,0.194,355,288,643
5372,5033,2011-08-02,3,0,8,14,0,2,1,1,0.9,0.7727,0.25,0.2836,45,114,159
5373,15633,2012-10-18,4,1,10,13,0,4,1,1,0.62,0.6212,0.53,0.3582,96,236,332
5374,348,2011-01-15,1,0,1,23,0,6,0,1,0.3,0.2879,0.45,0.2836,5,39,44
5375,15641,2012-10-18,4,1,10,21,0,4,1,2,0.54,0.5152,0.77,0.194,38,245,283
5376,7650,2011-11-20,4,0,11,8,0,0,0,2,0.42,0.4242,0.71,0.2836,13,52,65
5377,9815,2012-02-18,1,1,2,21,0,6,0,1,0.44,0.4394,0.33,0.2985,25,89,114
5378,6236,2011-09-22,3,0,9,9,0,4,1,2,0.62,0.5455,0.94,0.194,35,168,203
5379,5144,2011-08-07,3,0,8,5,0,0,0,1,0.7,0.6667,0.89,0.194,1,4,5
5380,15643,2012-10-18,4,1,10,23,0,4,1,2,0.54,0.5152,0.83,0,6,111,117
5381,4953,2011-07-30,3,0,7,6,0,6,0,1,0.72,0.6818,0.7,0.2985,6,18,24
5382,13269,2012-07-12,3,1,7,1,0,4,1,2,0.66,0.6212,0.61,0,0,21,21
5383,1478,2011-03-06,1,0,3,21,0,0,0,3,0.24,0.1818,0.93,0.6119,1,6,7
5384,4253,2011-07-01,3,0,7,2,0,5,1,1,0.62,0.6061,0.69,0,6,7,13
5385,181,2011-01-08,1,0,1,19,0,6,0,1,0.14,0.1212,0.36,0.2537,4,26,30
5386,13873,2012-08-06,3,1,8,5,0,1,1,1,0.7,0.6667,0.79,0.194,2,23,25
5387,6807,2011-10-16,4,0,10,4,0,0,0,1,0.42,0.4242,0.54,0.194,5,7,12
5388,14816,2012-09-14,3,1,9,12,0,5,1,2,0.7,0.6515,0.54,0.194,119,290,409
5389,8359,2011-12-19,4,0,12,22,0,1,1,2,0.36,0.3485,0.57,0.1642,12,95,107
5390,12114,2012-05-24,2,1,5,22,0,4,1,2,0.64,0.5909,0.78,0.1045,33,210,243
5391,256,2011-01-12,1,0,1,0,0,3,1,2,0.16,0.197,0.86,0.0896,0,7,7
5392,6979,2011-10-23,4,0,10,9,0,0,0,1,0.4,0.4091,0.76,0,48,95,143
5393,16757,2012-12-05,4,1,12,23,0,3,1,1,0.3,0.2727,0.49,0.3881,5,69,74
5394,13153,2012-07-07,3,1,7,5,0,6,0,1,0.74,0.7121,0.74,0.194,2,12,14
5395,8272,2011-12-16,4,0,12,7,0,5,1,2,0.38,0.3939,0.46,0.2985,5,226,231
5396,4514,2011-07-11,3,0,7,23,0,1,1,1,0.7,0.6667,0.79,0.1343,11,44,55
5397,7273,2011-11-04,4,0,11,15,0,5,1,1,0.46,0.4545,0.44,0.3881,45,192,237
5398,2632,2011-04-24,2,0,4,13,0,0,0,1,0.7,0.6515,0.58,0.2836,205,236,441
5399,108,2011-01-05,1,0,1,16,0,3,1,1,0.3,0.3182,0.28,0.0896,4,85,89
5400,3718,2011-06-08,2,0,6,19,0,3,1,1,0.82,0.803,0.59,0.1343,61,323,384
5401,4464,2011-07-09,3,0,7,21,0,6,0,1,0.74,0.6818,0.58,0.1642,83,155,238
5402,10472,2012-03-17,1,1,3,10,0,6,0,2,0.5,0.4848,0.77,0.0896,140,303,443
5403,417,2011-01-19,1,0,1,9,0,3,1,2,0.24,0.2576,0.93,0.1045,2,107,109
5404,7051,2011-10-26,4,0,10,9,0,3,1,2,0.48,0.4697,0.63,0.2239,14,226,240
5405,13600,2012-07-25,3,1,7,20,0,3,1,1,0.74,0.6515,0.4,0.1642,106,461,567
5406,10988,2012-04-07,2,1,4,23,0,6,0,1,0.46,0.4545,0.23,0.2239,32,86,118
5407,16785,2012-12-07,4,1,12,3,0,5,1,2,0.26,0.2576,0.81,0.194,0,5,5
5408,9067,2012-01-18,1,1,1,16,0,3,1,1,0.28,0.2273,0.3,0.5224,13,163,176
5409,16159,2012-11-11,4,1,11,0,0,0,0,1,0.34,0.3485,0.81,0.0896,14,110,124
5410,8926,2012-01-12,1,1,1,18,0,4,1,1,0.44,0.4394,0.67,0.194,22,399,421
5411,5080,2011-08-04,3,0,8,13,0,4,1,1,0.76,0.7121,0.58,0,63,142,205
5412,17088,2012-12-19,4,1,12,18,0,3,1,1,0.38,0.3939,0.5,0.3582,23,546,569
5413,11044,2012-04-10,2,1,4,7,0,2,1,1,0.34,0.3485,0.71,0.1045,16,368,384
5414,4607,2011-07-15,3,0,7,20,0,5,1,1,0.7,0.6515,0.51,0.2239,92,251,343
5415,12810,2012-06-22,3,1,6,22,0,5,1,1,0.68,0.6364,0.69,0.1343,42,155,197
5416,15065,2012-09-24,4,1,9,21,0,1,1,1,0.5,0.4848,0.51,0.1343,26,230,256
5417,13755,2012-08-01,3,1,8,7,0,3,1,2,0.64,0.5758,0.83,0.1343,19,468,487
5418,9667,2012-02-12,1,1,2,17,0,0,0,1,0.18,0.1515,0.37,0.4179,4,83,87
5419,16599,2012-11-29,4,1,11,9,0,4,1,1,0.24,0.2879,0.6,0,13,286,299
5420,9190,2012-01-23,1,1,1,19,0,1,1,2,0.26,0.2576,0.93,0.1642,9,211,220
5421,2031,2011-03-30,2,0,3,11,0,3,1,2,0.34,0.3182,0.46,0.2537,26,64,90
5422,14709,2012-09-10,3,1,9,1,0,1,1,1,0.54,0.5152,0.6,0.194,7,11,18
5423,40,2011-01-02,1,0,1,16,0,0,0,3,0.34,0.3333,0.71,0.1642,9,67,76
5424,15900,2012-10-31,4,1,10,4,0,3,1,2,0.3,0.2879,0.87,0.194,0,5,5
5425,9754,2012-02-16,1,1,2,8,0,4,1,2,0.3,0.3182,0.7,0.0896,9,489,498
5426,5749,2011-09-01,3,0,9,23,0,4,1,1,0.64,0.6061,0.65,0.2537,15,111,126
5427,3509,2011-05-31,2,0,5,2,0,2,1,2,0.66,0.5909,0.94,0.1343,5,7,12
5428,11732,2012-05-09,2,1,5,0,0,3,1,2,0.58,0.5455,0.83,0.194,8,27,35
5429,11809,2012-05-12,2,1,5,5,0,6,0,1,0.42,0.4242,0.67,0.1343,5,8,13
5430,2981,2011-05-09,2,0,5,2,0,1,1,1,0.44,0.4394,0.94,0,6,2,8
5431,3438,2011-05-28,2,0,5,3,0,6,0,1,0.56,0.5303,0.88,0.2239,2,13,15
5432,16738,2012-12-05,4,1,12,4,0,3,1,1,0.5,0.4848,0.63,0.4478,1,9,10
5433,10155,2012-03-04,1,1,3,4,0,0,0,2,0.34,0.3333,0.46,0.194,3,11,14
5434,7192,2011-11-01,4,0,11,6,0,2,1,1,0.32,0.3182,0.81,0.194,3,90,93
5435,6111,2011-09-17,3,0,9,4,0,6,0,1,0.46,0.4545,0.72,0.1343,1,4,5
5436,3545,2011-06-01,2,0,6,14,0,3,1,1,0.9,0.8182,0.37,0.2537,40,105,145
5437,2868,2011-05-04,2,0,5,9,0,3,1,3,0.34,0.303,0.93,0.3582,5,35,40
5438,4443,2011-07-09,3,0,7,0,0,6,0,2,0.66,0.6061,0.83,0.1343,31,90,121
5439,9579,2012-02-09,1,1,2,1,0,4,1,2,0.24,0.2424,0.87,0.1343,2,10,12
5440,10520,2012-03-19,1,1,3,10,0,1,1,1,0.52,0.5,0.72,0.1343,56,128,184
5441,12007,2012-05-20,2,1,5,11,0,0,0,1,0.66,0.6212,0.36,0.3284,258,323,581
5442,13792,2012-08-02,3,1,8,20,0,4,1,1,0.78,0.7576,0.66,0,51,376,427
5443,10216,2012-03-06,1,1,3,17,0,2,1,1,0.36,0.3333,0.34,0.2836,21,425,446
5444,5884,2011-09-07,3,0,9,15,0,3,1,3,0.62,0.5455,0.94,0.1045,3,55,58
5445,1879,2011-03-24,2,0,3,1,0,4,1,2,0.3,0.2879,1,0.2239,0,3,3
5446,5372,2011-08-16,3,0,8,17,0,2,1,1,0.76,0.6818,0.45,0.3284,75,525,600
5447,11798,2012-05-11,2,1,5,18,0,5,1,1,0.64,0.6061,0.23,0.2836,78,518,596
5448,8385,2011-12-21,1,0,12,0,0,3,1,2,0.34,0.3333,0.71,0.1343,7,18,25
5449,8806,2012-01-07,1,1,1,17,0,6,0,2,0.54,0.5152,0.43,0.1343,87,235,322
5450,16455,2012-11-23,4,1,11,8,0,5,1,1,0.24,0.2576,0.87,0.0896,11,83,94
5451,10544,2012-03-20,1,1,3,10,0,2,1,1,0.54,0.5152,0.88,0.194,44,119,163
5452,15704,2012-10-21,4,1,10,12,0,0,0,1,0.54,0.5152,0.39,0.3284,236,439,675
5453,13223,2012-07-10,3,1,7,3,0,2,1,1,0.68,0.6364,0.79,0,0,3,3
5454,2730,2011-04-28,2,0,4,15,0,4,1,1,0.66,0.6212,0.69,0.3284,46,117,163
5455,14023,2012-08-12,3,1,8,11,0,0,0,1,0.74,0.6667,0.42,0.1642,167,282,449
5456,8732,2012-01-04,1,1,1,15,0,3,1,2,0.18,0.1515,0.37,0.3284,9,81,90
5457,16068,2012-11-07,4,1,11,4,0,3,1,2,0.28,0.2576,0.52,0.2985,0,9,9
5458,11735,2012-05-09,2,1,5,3,0,3,1,3,0.56,0.5303,0.88,0.1642,0,2,2
5459,6126,2011-09-17,3,0,9,19,0,6,0,1,0.52,0.5,0.68,0.1343,70,186,256
5460,11937,2012-05-17,2,1,5,13,0,4,1,1,0.62,0.6212,0.41,0.194,86,241,327
5461,3077,2011-05-13,2,0,5,2,0,5,1,2,0.5,0.4848,0.88,0.1343,3,8,11
5462,12484,2012-06-09,2,1,6,8,0,6,0,1,0.62,0.6061,0.61,0.1045,42,202,244
5463,8936,2012-01-13,1,1,1,4,0,5,1,3,0.32,0.2879,0.7,0.4925,1,2,3
5464,9393,2012-02-01,1,1,2,6,0,3,1,3,0.4,0.4091,0.54,0.1642,0,67,67
5465,5298,2011-08-13,3,0,8,15,0,6,0,3,0.68,0.6364,0.79,0.3582,150,208,358
5466,2728,2011-04-28,2,0,4,13,0,4,1,2,0.62,0.5758,0.83,0.2985,18,103,121
5467,14139,2012-08-17,3,1,8,7,0,5,1,1,0.64,0.2424,0.73,0.1045,11,368,379
5468,3837,2011-06-13,2,0,6,18,0,1,1,1,0.7,0.6364,0.37,0.3582,76,510,586
5469,37,2011-01-02,1,0,1,13,0,0,0,2,0.36,0.3485,0.66,0.1343,11,64,75
5470,8878,2012-01-10,1,1,1,18,0,2,1,1,0.4,0.4091,0.4,0.1045,13,372,385
5471,4188,2011-06-28,3,0,6,9,0,2,1,1,0.74,0.697,0.7,0,38,208,246
5472,676,2011-01-31,1,0,1,11,0,1,1,2,0.16,0.1515,0.59,0.194,2,46,48
5473,15871,2012-10-28,4,1,10,11,0,0,0,2,0.5,0.4848,0.51,0.3881,110,352,462
5474,1556,2011-03-10,1,0,3,6,0,4,1,3,0.36,0.3333,0,0.3284,0,12,12
5475,9653,2012-02-12,1,1,2,3,0,0,0,2,0.1,0.0455,0.46,0.6866,0,14,14
5476,3980,2011-06-19,2,0,6,17,0,0,0,1,0.74,0.6667,0.51,0,159,238,397
5477,10437,2012-03-15,1,1,3,23,0,4,1,1,0.48,0.4697,0.72,0.194,12,85,97
5478,3709,2011-06-08,2,0,6,10,0,3,1,1,0.82,0.7424,0.43,0.2239,27,63,90
5479,8283,2011-12-16,4,0,12,18,0,5,1,2,0.32,0.303,0.45,0.2537,10,285,295
5480,7077,2011-10-27,4,0,10,11,0,4,1,3,0.5,0.4848,0.88,0.1343,8,44,52
5481,14046,2012-08-13,3,1,8,10,0,1,1,2,0.76,0.6818,0.4,0,88,111,199
5482,6067,2011-09-15,3,0,9,8,0,4,1,1,0.64,0.6061,0.73,0.1343,27,364,391
5483,5385,2011-08-17,3,0,8,6,0,3,1,1,0.62,0.5909,0.78,0,4,101,105
5484,14604,2012-09-05,3,1,9,16,0,3,1,1,0.76,0.7273,0.7,0.2537,86,344,430
5485,3821,2011-06-13,2,0,6,2,0,1,1,1,0.62,0.5909,0.73,0.2836,2,8,10
5486,11794,2012-05-11,2,1,5,14,0,5,1,1,0.62,0.6061,0.23,0.2239,116,218,334
5487,17107,2012-12-20,4,1,12,13,0,4,1,2,0.36,0.3485,0.57,0.194,46,171,217
5488,10188,2012-03-05,1,1,3,13,0,1,1,2,0.26,0.2576,0.55,0.2985,11,109,120
5489,11853,2012-05-14,2,1,5,1,0,1,1,2,0.6,0.6061,0.6,0.2836,5,6,11
5490,1747,2011-03-18,1,0,3,11,0,5,1,1,0.54,0.5152,0.52,0.2836,55,104,159
5491,6346,2011-09-26,4,0,9,23,0,1,1,1,0.62,0.5455,0.94,0.1343,11,64,75
5492,9444,2012-02-03,1,1,2,9,0,5,1,1,0.24,0.2273,0.65,0.194,18,252,270
5493,6622,2011-10-08,4,0,10,11,0,6,0,1,0.58,0.5455,0.56,0,176,221,397
5494,7019,2011-10-25,4,0,10,1,0,2,1,1,0.44,0.4394,0.77,0.1343,5,6,11
5495,1053,2011-02-16,1,0,2,14,0,3,1,1,0.46,0.4545,0.28,0.4179,17,65,82
5496,4039,2011-06-22,3,0,6,4,0,3,1,1,0.64,0.5758,0.83,0,3,8,11
5497,3406,2011-05-26,2,0,5,19,0,4,1,1,0.78,0.697,0.46,0.3284,67,311,378
5498,3706,2011-06-08,2,0,6,7,0,3,1,1,0.66,0.6212,0.74,0.1045,24,329,353
5499,17100,2012-12-20,4,1,12,6,0,4,1,2,0.3,0.3333,0.65,0,4,114,118
5500,3956,2011-06-18,2,0,6,17,0,6,0,2,0.76,0.6818,0.48,0.1642,210,239,449
5501,15995,2012-11-04,4,1,11,3,0,0,0,1,0.28,0.2879,0.61,0.1045,1,10,11
5502,3376,2011-05-25,2,0,5,13,0,3,1,1,0.74,0.6818,0.55,0.1343,39,163,202
5503,3429,2011-05-27,2,0,5,18,0,5,1,2,0.72,0.6818,0.62,0.2985,89,310,399
5504,8376,2011-12-20,4,0,12,15,0,2,1,2,0.44,0.4394,0.54,0,15,139,154
5505,2508,2011-04-19,2,0,4,9,0,2,1,3,0.52,0.5,0.63,0.0896,23,139,162
5506,11712,2012-05-08,2,1,5,4,0,2,1,2,0.52,0.5,0.68,0.3284,0,5,5
5507,4682,2011-07-18,3,0,7,23,0,1,1,1,0.74,0.697,0.66,0.1642,32,59,91
5508,15011,2012-09-22,3,1,9,15,0,6,0,1,0.74,0.6667,0.48,0.3881,307,443,750
5509,211,2011-01-10,1,0,1,1,0,1,1,1,0.12,0.1212,0.5,0.2836,1,0,1
5510,16764,2012-12-06,4,1,12,6,0,4,1,1,0.22,0.2121,0.55,0.2985,2,122,124
5511,10505,2012-03-18,1,1,3,19,0,0,0,1,0.56,0.5303,0.64,0.1642,118,234,352
5512,4748,2011-07-21,3,0,7,17,0,4,1,1,0.92,0.9091,0.45,0.2985,40,374,414
5513,16915,2012-12-12,4,1,12,13,0,3,1,2,0.34,0.3636,0.42,0,18,220,238
5514,12824,2012-06-23,3,1,6,12,0,6,0,1,0.8,0.7273,0.43,0.194,203,399,602
5515,10865,2012-04-02,2,1,4,20,0,1,1,1,0.46,0.4545,0.31,0.1642,48,281,329
5516,1671,2011-03-15,1,0,3,5,0,2,1,1,0.24,0.2273,0.75,0.194,0,11,11
5517,2321,2011-04-11,2,0,4,14,0,1,1,2,0.72,0.6667,0.54,0.3582,60,85,145
5518,3496,2011-05-30,2,0,5,13,1,1,0,1,0.86,0.7879,0.44,0.0896,133,217,350
5519,10199,2012-03-06,1,1,3,0,0,2,1,1,0.22,0.2121,0.37,0.2985,0,8,8
5520,13989,2012-08-11,3,1,8,1,0,6,0,1,0.66,0.6212,0.74,0.2239,32,84,116
5521,13419,2012-07-18,3,1,7,7,0,3,1,1,0.74,0.697,0.66,0.1642,23,472,495
5522,13143,2012-07-06,3,1,7,19,0,5,1,1,0.88,0.7879,0.35,0.2239,112,306,418
5523,6678,2011-10-10,4,0,10,19,1,1,0,2,0.58,0.5455,0.78,0.0896,69,267,336
5524,8050,2011-12-07,4,0,12,1,0,3,1,2,0.46,0.4545,1,0.2537,4,9,13
5525,14199,2012-08-19,3,1,8,19,0,0,0,2,0.64,0.6061,0.73,0.1343,72,269,341
5526,12511,2012-06-10,2,1,6,11,0,0,0,1,0.76,0.6818,0.45,0.0896,184,315,499
5527,485,2011-01-22,1,0,1,6,0,6,0,2,0.02,0.0303,0.44,0.2239,0,2,2
5528,15162,2012-09-28,4,1,9,22,0,5,1,2,0.58,0.5455,0.53,0.2239,30,190,220
5529,10027,2012-02-27,1,1,2,19,0,1,1,1,0.5,0.4848,0.29,0.3881,16,318,334
5530,13537,2012-07-23,3,1,7,5,0,1,1,2,0.66,0.5909,0.94,0.1343,3,48,51
5531,5438,2011-08-19,3,0,8,11,0,5,1,2,0.72,0.6818,0.66,0.0896,45,120,165
5532,7873,2011-11-29,4,0,11,16,0,2,1,3,0.4,0.4091,0.87,0.2239,5,146,151
5533,6873,2011-10-18,4,0,10,22,0,2,1,2,0.52,0.5,0.77,0.1642,22,115,137
5534,16752,2012-12-05,4,1,12,18,0,3,1,1,0.42,0.4242,0.35,0.4478,29,580,609
5535,2641,2011-04-24,2,0,4,22,0,0,0,3,0.54,0.5152,1,0.1642,5,40,45
5536,1251,2011-02-25,1,0,2,6,0,5,1,3,0.34,0.3485,0.93,0.0896,0,11,11
5537,8693,2012-01-03,1,1,1,0,0,2,1,1,0.2,0.197,0.51,0.2537,0,13,13
5538,5118,2011-08-06,3,0,8,3,0,6,0,2,0.66,0.6061,0.78,0.1642,14,28,42
5539,16434,2012-11-22,4,1,11,11,1,4,0,1,0.42,0.4242,0.41,0.0896,89,143,232
5540,7208,2011-11-01,4,0,11,22,0,2,1,1,0.36,0.3788,0.81,0,5,91,96
5541,6073,2011-09-15,3,0,9,14,0,4,1,2,0.64,0.6061,0.65,0.4179,36,134,170
5542,9729,2012-02-15,1,1,2,7,0,3,1,2,0.3,0.2879,0.65,0.194,3,318,321
5543,4862,2011-07-26,3,0,7,11,0,2,1,1,0.82,0.7121,0.3,0,49,102,151
5544,2304,2011-04-10,2,0,4,20,0,0,0,1,0.46,0.4545,0.82,0.1343,21,71,92
5545,2653,2011-04-25,2,0,4,10,0,1,1,1,0.64,0.6061,0.73,0.2239,61,64,125
5546,8933,2012-01-13,1,1,1,1,0,5,1,2,0.38,0.3939,0.76,0.2985,0,12,12
5547,12281,2012-05-31,2,1,5,21,0,4,1,1,0.68,0.6364,0.44,0.1642,41,318,359
5548,4245,2011-06-30,3,0,6,18,0,4,1,1,0.76,0.6667,0.29,0.2537,114,472,586
5549,719,2011-02-02,1,0,2,7,0,3,1,3,0.22,0.2121,0.93,0.2239,1,48,49
5550,15311,2012-10-05,4,1,10,3,0,5,1,1,0.54,0.5152,0.73,0,5,11,16
5551,12795,2012-06-22,3,1,6,7,0,5,1,1,0.74,0.6818,0.58,0.1642,19,340,359
5552,7601,2011-11-18,4,0,11,7,0,5,1,1,0.22,0.2273,0.44,0.1642,5,211,216
5553,8871,2012-01-10,1,1,1,11,0,2,1,1,0.42,0.4242,0.38,0.2985,8,93,101
5554,16166,2012-11-11,4,1,11,7,0,0,0,1,0.3,0.3182,0.89,0.0896,12,56,68
5555,8710,2012-01-03,1,1,1,17,0,2,1,1,0.14,0.1061,0.26,0.4627,4,241,245
5556,10215,2012-03-06,1,1,3,16,0,2,1,1,0.36,0.3333,0.32,0.2836,22,228,250
5557,739,2011-02-03,1,0,2,3,0,4,1,1,0.18,0.1667,0.43,0.2537,0,1,1
5558,8765,2012-01-06,1,1,1,0,0,5,1,1,0.22,0.2576,0.75,0.0896,1,24,25
5559,6129,2011-09-17,3,0,9,22,0,6,0,1,0.5,0.4848,0.72,0.2239,31,112,143
5560,13453,2012-07-19,3,1,7,17,0,4,1,1,0.86,0.7879,0.41,0,93,678,771
5561,5577,2011-08-25,3,0,8,6,0,4,1,1,0.66,0.6061,0.83,0.3284,1,101,102
5562,9856,2012-02-20,1,1,2,15,1,1,0,1,0.34,0.3182,0.34,0.2239,54,235,289
5563,1974,2011-03-28,2,0,3,1,0,1,1,1,0.22,0.2273,0.44,0.194,2,4,6
5564,7774,2011-11-25,4,0,11,12,0,5,1,1,0.46,0.4545,0.51,0.1045,126,146,272
5565,17120,2012-12-21,1,1,12,2,0,5,1,3,0.46,0.4545,0.94,0.3881,0,3,3
5566,5437,2011-08-19,3,0,8,10,0,5,1,1,0.72,0.6818,0.62,0.0896,57,108,165
5567,7429,2011-11-11,4,0,11,3,1,5,0,1,0.3,0.2879,0.61,0.194,0,6,6
5568,9374,2012-01-31,1,1,1,11,0,2,1,1,0.4,0.4091,0.37,0.2836,14,125,139
5569,2771,2011-04-30,2,0,4,8,0,6,0,1,0.4,0.4091,0.54,0.2985,21,70,91
5570,12079,2012-05-23,2,1,5,11,0,3,1,1,0.64,0.6061,0.73,0,46,151,197
5571,2330,2011-04-11,2,0,4,23,0,1,1,3,0.58,0.5455,0.6,0,16,38,54
5572,15469,2012-10-11,4,1,10,17,0,4,1,1,0.5,0.4848,0.39,0.2836,90,737,827
5573,9671,2012-02-12,1,1,2,21,0,0,0,1,0.14,0.1212,0.43,0.2985,0,36,36
5574,5805,2011-09-04,3,0,9,7,0,0,0,1,0.66,0.6061,0.78,0.194,10,20,30
5575,1276,2011-02-26,1,0,2,7,0,6,0,1,0.22,0.2576,0.6,0.0896,1,21,22
5576,6007,2011-09-12,3,0,9,20,0,1,1,1,0.66,0.6212,0.65,0,41,258,299
5577,16169,2012-11-11,4,1,11,10,0,0,0,1,0.4,0.4091,0.69,0.1045,133,272,405
5578,4820,2011-07-24,3,0,7,17,0,0,0,1,0.9,0.8333,0.39,0.1045,75,174,249
5579,10364,2012-03-12,1,1,3,22,0,1,1,2,0.56,0.5303,0.56,0.2239,17,116,133
5580,10480,2012-03-17,1,1,3,18,0,6,0,1,0.62,0.6212,0.57,0.2985,221,339,560
5581,6030,2011-09-13,3,0,9,19,0,2,1,1,0.68,0.6364,0.69,0.1642,55,341,396
5582,2265,2011-04-09,2,0,4,5,0,6,0,2,0.3,0.2879,0.93,0.2239,0,5,5
5583,319,2011-01-14,1,0,1,18,0,5,1,1,0.2,0.2576,0.47,0,5,134,139
5584,1537,2011-03-09,1,0,3,9,0,3,1,2,0.26,0.2424,0.87,0.2537,5,136,141
5585,7597,2011-11-18,4,0,11,3,0,5,1,1,0.24,0.2121,0.41,0.2836,0,2,2
5586,9193,2012-01-23,1,1,1,22,0,1,1,2,0.26,0.2424,1,0.2836,4,64,68
5587,11555,2012-05-01,2,1,5,15,0,2,1,2,0.74,0.6667,0.45,0.2239,48,186,234
5588,1370,2011-03-02,1,0,3,8,0,3,1,1,0.24,0.2121,0.65,0.2836,13,243,256
5589,741,2011-02-03,1,0,2,6,0,4,1,1,0.16,0.1364,0.43,0.3582,0,39,39
5590,6072,2011-09-15,3,0,9,13,0,4,1,2,0.64,0.6061,0.65,0.2836,38,151,189
5591,1189,2011-02-22,1,0,2,13,0,2,1,1,0.22,0.2273,0.55,0.1642,3,52,55
5592,2066,2011-03-31,2,0,3,22,0,4,1,3,0.28,0.2727,0.93,0.2537,7,44,51
5593,11601,2012-05-03,2,1,5,13,0,4,1,1,0.6,0.5909,0.69,0.194,48,217,265
5594,12683,2012-06-17,2,1,6,15,0,0,0,1,0.66,0.6212,0.5,0.2239,203,260,463
5595,2528,2011-04-20,2,0,4,5,0,3,1,1,0.4,0.4091,0.94,0.194,1,14,15
5596,14994,2012-09-21,3,1,9,22,0,5,1,1,0.6,0.5909,0.73,0.194,47,248,295
5597,3488,2011-05-30,2,0,5,5,1,1,0,2,0.62,0.5455,0.94,0.1045,1,6,7
5598,16595,2012-11-29,4,1,11,5,0,4,1,1,0.2,0.2576,0.69,0,0,42,42
5599,13640,2012-07-27,3,1,7,12,0,5,1,1,0.84,0.7879,0.49,0.3582,92,207,299
5600,7714,2011-11-23,4,0,11,0,0,3,1,2,0.48,0.4697,0.94,0.2537,2,14,16
5601,16478,2012-11-24,4,1,11,7,0,6,0,2,0.26,0.2273,0.41,0.3284,4,21,25
5602,14417,2012-08-28,3,1,8,21,0,2,1,1,0.72,0.6667,0.48,0.0896,38,276,314
5603,8867,2012-01-10,1,1,1,7,0,2,1,2,0.18,0.197,0.93,0.1642,3,219,222
5604,12496,2012-06-09,2,1,6,20,0,6,0,1,0.76,0.6667,0.35,0.2239,125,238,363
5605,7181,2011-10-31,4,0,10,19,0,1,1,1,0.4,0.4091,0.66,0.0896,12,226,238
5606,17136,2012-12-21,1,1,12,18,0,5,1,2,0.26,0.2273,0.56,0.2985,7,236,243
5607,14143,2012-08-17,3,1,8,11,0,5,1,1,0.76,0.2424,0.52,0.2836,98,205,303
5608,15894,2012-10-30,4,1,10,22,0,2,1,1,0.3,0.303,0.81,0.1343,2,64,66
5609,17060,2012-12-18,4,1,12,14,0,2,1,1,0.46,0.4545,0.47,0.4478,56,191,247
5610,11722,2012-05-08,2,1,5,14,0,2,1,3,0.62,0.6061,0.69,0.3284,8,63,71
5611,8014,2011-12-05,4,0,12,13,0,1,1,2,0.42,0.4242,0.71,0.0896,18,153,171
5612,9098,2012-01-19,1,1,1,23,0,4,1,1,0.26,0.2273,0.48,0.3284,1,55,56
5613,3489,2011-05-30,2,0,5,6,1,1,0,2,0.64,0.5606,0.94,0.0896,6,10,16
5614,1292,2011-02-26,1,0,2,23,0,6,0,1,0.28,0.2576,0.75,0.2836,5,29,34
5615,4920,2011-07-28,3,0,7,21,0,4,1,1,0.78,0.7576,0.66,0.2836,31,165,196
5616,16008,2012-11-04,4,1,11,16,0,0,0,1,0.4,0.4091,0.4,0.3284,119,316,435
5617,16642,2012-12-01,4,1,12,4,0,6,0,1,0.26,0.2879,0.81,0.0896,0,5,5
5618,5765,2011-09-02,3,0,9,15,0,5,1,2,0.7,0.6515,0.61,0.2537,69,277,346
5619,10608,2012-03-23,2,1,3,2,0,5,1,1,0.54,0.5152,0.88,0.0896,12,20,32
5620,12315,2012-06-02,2,1,6,7,0,6,0,1,0.52,0.5,0.72,0.1045,9,77,86
5621,12521,2012-06-10,2,1,6,21,0,0,0,1,0.72,0.6818,0.62,0.1642,83,170,253
5622,12522,2012-06-10,2,1,6,22,0,0,0,1,0.7,0.6515,0.65,0.1642,42,117,159
5623,9712,2012-02-14,1,1,2,14,0,2,1,1,0.4,0.4091,0.4,0.2239,13,111,124
5624,8857,2012-01-09,1,1,1,20,0,1,1,2,0.2,0.2273,0.86,0.0896,5,127,132
5625,6068,2011-09-15,3,0,9,9,0,4,1,2,0.64,0.6061,0.73,0.3582,23,186,209
5626,563,2011-01-25,1,0,1,15,0,2,1,2,0.32,0.3485,0.42,0,21,63,84
5627,16319,2012-11-17,4,1,11,16,0,6,0,1,0.4,0.4091,0.4,0.2239,144,325,469
5628,16029,2012-11-05,4,1,11,13,0,1,1,1,0.36,0.3333,0.4,0.2537,39,183,222
5629,11361,2012-04-23,2,1,4,13,0,1,1,3,0.34,0.303,0.66,0.3881,9,98,107
5630,9531,2012-02-07,1,1,2,1,0,2,1,1,0.28,0.2879,0.61,0.1343,8,6,14
5631,3703,2011-06-08,2,0,6,4,0,3,1,1,0.62,0.5758,0.83,0,0,6,6
5632,16459,2012-11-23,4,1,11,12,0,5,1,1,0.44,0.4394,0.38,0.2537,186,193,379
5633,2408,2011-04-15,2,0,4,5,1,5,0,1,0.36,0.3636,0.81,0.1045,2,11,13
5634,4378,2011-07-06,3,0,7,7,0,3,1,2,0.72,0.697,0.79,0,24,288,312
5635,3612,2011-06-04,2,0,6,9,0,6,0,1,0.62,0.6212,0.43,0.1343,55,169,224
5636,16350,2012-11-18,4,1,11,23,0,0,0,1,0.36,0.3485,0.66,0.2239,6,53,59
5637,9415,2012-02-02,1,1,2,4,0,4,1,3,0.4,0.4091,0.82,0.0896,0,1,1
5638,6003,2011-09-12,3,0,9,16,0,1,1,1,0.72,0.6667,0.48,0,60,238,298
5639,8941,2012-01-13,1,1,1,9,0,5,1,1,0.22,0.197,0.47,0.3881,10,204,214
5640,2911,2011-05-06,2,0,5,4,0,5,1,1,0.36,0.3636,0.71,0.1045,0,1,1
5641,16341,2012-11-18,4,1,11,14,0,0,0,1,0.4,0.4091,0.62,0.2985,125,303,428
5642,15984,2012-11-03,4,1,11,16,0,6,0,2,0.36,0.3333,0.46,0.3284,108,292,400
5643,3167,2011-05-16,2,0,5,20,0,1,1,1,0.58,0.5455,0.83,0,31,167,198
5644,6609,2011-10-07,4,0,10,22,0,5,1,1,0.5,0.4848,0.68,0,27,119,146
5645,7856,2011-11-28,4,0,11,23,0,1,1,2,0.52,0.5,0.83,0.1343,5,41,46
5646,12943,2012-06-28,3,1,6,11,0,4,1,1,0.8,0.697,0.31,0.194,41,170,211
5647,9768,2012-02-16,1,1,2,22,0,4,1,2,0.32,0.3485,0.81,0,3,108,111
5648,10354,2012-03-12,1,1,3,12,0,1,1,1,0.48,0.4697,0.39,0.2239,59,162,221
5649,11931,2012-05-17,2,1,5,7,0,4,1,1,0.54,0.5152,0.73,0.3881,25,449,474
5650,2219,2011-04-07,2,0,4,7,0,4,1,2,0.34,0.3333,0.76,0.1642,8,152,160
5651,7946,2011-12-02,4,0,12,17,0,5,1,1,0.42,0.4242,0.38,0,20,391,411
5652,1956,2011-03-27,2,0,3,7,0,0,0,3,0.16,0.1667,0.86,0.1642,0,7,7
5653,16241,2012-11-14,4,1,11,10,0,3,1,1,0.32,0.2879,0.45,0.3582,18,153,171
5654,10476,2012-03-17,1,1,3,14,0,6,0,1,0.62,0.6212,0.53,0.0896,352,338,690
5655,15020,2012-09-23,4,1,9,0,0,0,0,1,0.62,0.6212,0.38,0.2537,34,146,180
5656,14439,2012-08-29,3,1,8,19,0,3,1,1,0.7,0.6515,0.54,0.194,120,523,643
5657,4787,2011-07-23,3,0,7,8,0,6,0,1,0.84,0.7879,0.49,0.2537,24,85,109
5658,1400,2011-03-03,1,0,3,14,0,4,1,1,0.24,0.2576,0.21,0.1045,18,60,78
5659,15996,2012-11-04,4,1,11,4,0,0,0,1,0.26,0.2727,0.65,0.1343,2,7,9
5660,12325,2012-06-02,2,1,6,17,0,6,0,1,0.64,0.6212,0.36,0,248,338,586
5661,13065,2012-07-03,3,1,7,13,0,2,1,1,0.9,0.7727,0.25,0.1343,80,203,283
5662,12984,2012-06-30,3,1,6,4,0,6,0,2,0.62,0.5455,0.94,0,3,15,18
5663,3069,2011-05-12,2,0,5,18,0,4,1,1,0.62,0.6061,0.69,0.2239,64,463,527
5664,15317,2012-10-05,4,1,10,9,0,5,1,1,0.6,0.6061,0.6,0.0896,58,326,384
5665,2235,2011-04-07,2,0,4,23,0,4,1,1,0.38,0.3939,0.76,0.2537,9,45,54
5666,7705,2011-11-22,4,0,11,15,0,2,1,3,0.44,0.4394,0.94,0,2,32,34
5667,15707,2012-10-21,4,1,10,15,0,0,0,1,0.56,0.5303,0.35,0.3284,240,383,623
5668,11314,2012-04-21,2,1,4,14,0,6,0,1,0.7,0.6364,0.45,0.2836,278,331,609
5669,5307,2011-08-14,3,0,8,0,0,0,0,3,0.66,0.6061,0.83,0.2985,19,71,90
5670,10033,2012-02-28,1,1,2,1,0,2,1,1,0.38,0.3939,0.62,0.1642,0,6,6
5671,4550,2011-07-13,3,0,7,11,0,3,1,1,0.84,0.7424,0.39,0.1642,55,110,165
5672,9627,2012-02-11,1,1,2,1,0,6,0,3,0.28,0.2879,0.81,0.1343,2,43,45
5673,17238,2012-12-26,1,1,12,2,0,3,1,2,0.26,0.2273,0.65,0.2985,0,1,1
5674,14133,2012-08-17,3,1,8,1,0,5,1,1,0.66,0.2424,0.65,0.1045,16,38,54
5675,6386,2011-09-28,4,0,9,15,0,3,1,1,0.7,0.6515,0.7,0.1343,35,146,181
5676,13697,2012-07-29,3,1,7,21,0,0,0,1,0.72,0.6818,0.7,0.1343,72,199,271
5677,3818,2011-06-12,2,0,6,23,0,0,0,1,0.64,0.5909,0.78,0.194,33,74,107
5678,5736,2011-09-01,3,0,9,10,0,4,1,1,0.68,0.6364,0.61,0.1343,46,92,138
5679,12417,2012-06-06,2,1,6,13,0,3,1,1,0.62,0.6212,0.41,0.0896,73,230,303
5680,5328,2011-08-14,3,0,8,21,0,0,0,3,0.6,0.5455,0.88,0.4925,51,104,155
5681,1435,2011-03-05,1,0,3,1,0,6,0,2,0.3,0.3182,0.81,0.1045,5,20,25
5682,17367,2012-12-31,1,1,12,11,0,1,1,2,0.22,0.2273,0.6,0.194,43,114,157
5683,12408,2012-06-06,2,1,6,4,0,3,1,1,0.46,0.4545,0.82,0.1045,3,7,10
5684,14077,2012-08-14,3,1,8,17,0,2,1,3,0.76,0.7273,0.66,0.2537,78,734,812
5685,8397,2011-12-21,1,0,12,12,0,3,1,3,0.46,0.4545,0.88,0.3881,3,58,61
5686,342,2011-01-15,1,0,1,17,0,6,0,2,0.32,0.303,0.36,0.2836,29,54,83
5687,16666,2012-12-02,4,1,12,4,0,0,0,2,0.26,0.303,0.93,0,1,6,7
5688,15093,2012-09-26,4,1,9,1,0,3,1,1,0.58,0.5455,0.64,0.3284,10,19,29
5689,9718,2012-02-14,1,1,2,20,0,2,1,2,0.38,0.3939,0.46,0.1343,6,178,184
5690,16704,2012-12-03,4,1,12,18,0,1,1,1,0.5,0.4848,0.68,0.0896,26,666,692
5691,10647,2012-03-24,2,1,3,17,0,6,0,3,0.5,0.4848,0.88,0.2239,47,68,115
5692,5474,2011-08-20,3,0,8,23,0,6,0,1,0.7,0.6667,0.74,0.1343,59,98,157
5693,3379,2011-05-25,2,0,5,16,0,3,1,1,0.74,0.6667,0.51,0.2836,61,238,299
5694,5181,2011-08-08,3,0,8,18,0,1,1,1,0.84,0.7576,0.41,0.1343,64,465,529
5695,2778,2011-04-30,2,0,4,15,0,6,0,1,0.56,0.5303,0.37,0.1343,217,282,499
5696,12056,2012-05-22,2,1,5,12,0,2,1,2,0.62,0.5909,0.78,0.1045,76,178,254
5697,429,2011-01-19,1,0,1,21,0,3,1,1,0.32,0.2879,0.49,0.4179,4,55,59
5698,7690,2011-11-22,4,0,11,0,0,2,1,3,0.38,0.3939,0.94,0.1045,0,14,14
5699,9658,2012-02-12,1,1,2,8,0,0,0,1,0.08,0.0758,0.53,0.2537,0,26,26
5700,15038,2012-09-23,4,1,9,18,0,0,0,1,0.54,0.5152,0.37,0.194,135,405,540
5701,9811,2012-02-18,1,1,2,17,0,6,0,1,0.48,0.4697,0.36,0.2836,142,222,364
5702,7977,2011-12-04,4,0,12,0,0,0,0,1,0.3,0.3182,0.7,0.1045,19,64,83
5703,17134,2012-12-21,1,1,12,16,0,5,1,2,0.3,0.2727,0.39,0.3284,28,253,281
5704,3479,2011-05-29,2,0,5,20,0,0,0,1,0.7,0.6667,0.79,0.194,91,128,219
5705,4505,2011-07-11,3,0,7,14,0,1,1,1,0.86,0.8333,0.53,0.2836,40,94,134
5706,6464,2011-10-01,4,0,10,21,0,6,0,3,0.36,0.3636,0.87,0.1045,3,53,56
5707,9673,2012-02-12,1,1,2,23,0,0,0,1,0.14,0.1364,0.43,0.2239,0,23,23
5708,15448,2012-10-10,4,1,10,20,0,3,1,1,0.52,0.5,0.48,0.4925,21,371,392
5709,6591,2011-10-07,4,0,10,4,0,5,1,1,0.4,0.4091,0.87,0.1045,0,5,5
5710,66,2011-01-03,1,0,1,20,0,1,1,1,0.2,0.2273,0.47,0.1045,3,49,52
5711,15506,2012-10-13,4,1,10,6,0,6,0,1,0.3,0.2879,0.61,0.194,5,23,28
5712,7279,2011-11-04,4,0,11,21,0,5,1,1,0.34,0.3182,0.46,0.2537,8,115,123
5713,11347,2012-04-22,2,1,4,23,0,0,0,3,0.36,0.3182,0.81,0.4627,0,17,17
5714,6352,2011-09-27,4,0,9,5,0,2,1,3,0.62,0.5455,0.94,0.0896,0,24,24
5715,5046,2011-08-03,3,0,8,3,0,3,1,2,0.76,0.697,0.55,0.0896,0,4,4
5716,14757,2012-09-12,3,1,9,1,0,3,1,1,0.52,0.5,0.72,0.1045,2,19,21
5717,16173,2012-11-11,4,1,11,14,0,0,0,1,0.6,0.6212,0.33,0.1642,292,362,654
5718,2866,2011-05-04,2,0,5,7,0,3,1,3,0.34,0.303,0.93,0.3582,6,46,52
5719,5365,2011-08-16,3,0,8,10,0,2,1,1,0.7,0.6515,0.58,0.3881,28,83,111
5720,9606,2012-02-10,1,1,2,4,0,5,1,1,0.26,0.2879,0.56,0.0896,0,2,2
5721,6387,2011-09-28,4,0,9,16,0,3,1,1,0.7,0.6515,0.7,0.194,39,241,280
5722,6202,2011-09-20,3,0,9,23,0,2,1,1,0.56,0.5303,0.94,0,11,70,81
5723,5114,2011-08-05,3,0,8,23,0,5,1,1,0.68,0.6364,0.69,0.2239,37,102,139
5724,12777,2012-06-21,3,1,6,13,0,4,1,1,0.9,0.8182,0.35,0,31,141,172
5725,15659,2012-10-19,4,1,10,15,0,5,1,1,0.64,0.6061,0.65,0.2985,93,302,395
5726,8958,2012-01-14,1,1,1,2,0,6,0,1,0.16,0.1667,0.47,0.1642,6,32,38
5727,1692,2011-03-16,1,0,3,3,0,3,1,2,0.28,0.2727,1,0.2239,1,2,3
5728,14790,2012-09-13,3,1,9,10,0,4,1,1,0.64,0.6212,0.61,0.0896,63,149,212
5729,14049,2012-08-13,3,1,8,13,0,1,1,1,0.78,0.697,0.4,0.1642,79,175,254
5730,1422,2011-03-04,1,0,3,12,0,5,1,1,0.32,0.303,0.43,0.1642,10,87,97
5731,8825,2012-01-08,1,1,1,12,0,0,0,1,0.38,0.3939,0.43,0.2239,78,273,351
5732,6261,2011-09-23,4,0,9,10,0,5,1,3,0.62,0.5152,1,0.1045,7,28,35
5733,16789,2012-12-07,4,1,12,7,0,5,1,3,0.28,0.2727,0.81,0.1642,3,212,215
5734,820,2011-02-06,1,0,2,14,0,0,0,1,0.34,0.3485,0.46,0.0896,47,114,161
5735,15324,2012-10-05,4,1,10,16,0,5,1,1,0.72,0.6515,0.37,0,153,481,634
5736,7591,2011-11-17,4,0,11,21,0,4,1,1,0.3,0.2879,0.42,0.2537,3,113,116
5737,5750,2011-09-02,3,0,9,0,0,5,1,1,0.64,0.6061,0.65,0.194,6,58,64
5738,1844,2011-03-22,2,0,3,13,0,2,1,1,0.5,0.4848,0.45,0.2239,21,85,106
5739,13856,2012-08-05,3,1,8,12,0,0,0,1,0.86,0.803,0.47,0.5224,161,330,491
5740,9724,2012-02-15,1,1,2,2,0,3,1,1,0.3,0.3333,0.61,0,0,4,4
5741,10982,2012-04-07,2,1,4,17,0,6,0,1,0.54,0.5152,0.19,0.4179,299,268,567
5742,1286,2011-02-26,1,0,2,17,0,6,0,1,0.36,0.3485,0.43,0.2239,53,130,183
5743,16760,2012-12-06,4,1,12,2,0,4,1,1,0.24,0.2121,0.52,0.2836,0,9,9
5744,4304,2011-07-03,3,0,7,5,0,0,0,3,0.62,0.5758,0.83,0.194,0,1,1
5745,6367,2011-09-27,4,0,9,20,0,2,1,1,0.62,0.5909,0.78,0,17,221,238
5746,1942,2011-03-26,2,0,3,16,0,6,0,1,0.34,0.3333,0.23,0.194,118,130,248
5747,16398,2012-11-20,4,1,11,23,0,2,1,1,0.32,0.3333,0.81,0.1045,1,82,83
5748,1092,2011-02-18,1,0,2,5,0,5,1,2,0.46,0.4545,0.67,0.1045,1,6,7
5749,6892,2011-10-19,4,0,10,18,0,3,1,3,0.56,0.5303,1,0.1642,8,132,140
5750,74,2011-01-04,1,0,1,5,0,2,1,1,0.12,0.1515,0.68,0.1045,0,4,4
5751,3398,2011-05-26,2,0,5,11,0,4,1,1,0.74,0.697,0.66,0.2239,36,124,160
5752,14068,2012-08-14,3,1,8,8,0,2,1,2,0.66,0.5909,0.89,0.0896,27,591,618
5753,8605,2011-12-30,1,0,12,7,0,5,1,1,0.24,0.2576,0.75,0.0896,3,92,95
5754,4193,2011-06-28,3,0,6,14,0,2,1,1,0.86,0.7879,0.44,0.2239,43,117,160
5755,14876,2012-09-17,3,1,9,0,0,1,1,1,0.54,0.5152,0.68,0.1642,14,31,45
5756,14489,2012-08-31,3,1,8,21,0,5,1,1,0.76,0.7121,0.58,0.194,71,232,303
5757,9150,2012-01-22,1,1,1,3,0,0,0,2,0.18,0.1667,0.69,0.2836,1,20,21
5758,5065,2011-08-03,3,0,8,22,0,3,1,3,0.68,0.6364,0.89,0.1045,11,66,77
5759,4388,2011-07-06,3,0,7,17,0,3,1,1,0.78,0.7424,0.59,0.2239,79,517,596
5760,17127,2012-12-21,1,1,12,9,0,5,1,2,0.32,0.2727,0.45,0.5522,2,265,267
5761,16540,2012-11-26,4,1,11,21,0,1,1,1,0.34,0.3636,0.49,0,9,172,181
5762,12561,2012-06-12,2,1,6,13,0,2,1,3,0.66,0.6061,0.83,0.194,11,48,59
5763,10270,2012-03-08,1,1,3,23,0,4,1,2,0.56,0.5303,0.49,0.4478,6,88,94
5764,14107,2012-08-15,3,1,8,23,0,3,1,1,0.68,0.6364,0.65,0.1045,18,120,138
5765,13140,2012-07-06,3,1,7,16,0,5,1,1,0.92,0.8182,0.29,0.1045,69,300,369
5766,7883,2011-11-30,4,0,11,2,0,3,1,1,0.32,0.3182,0.7,0.1642,0,5,5
5767,11115,2012-04-13,2,1,4,7,0,5,1,1,0.34,0.3182,0.61,0.2239,13,283,296
5768,3964,2011-06-19,2,0,6,1,0,0,0,2,0.7,0.6515,0.65,0.0896,17,59,76
5769,7874,2011-11-29,4,0,11,17,0,2,1,2,0.4,0.4091,0.87,0.2985,8,346,354
5770,6930,2011-10-21,4,0,10,8,0,5,1,1,0.4,0.4091,0.62,0.194,16,386,402
5771,7287,2011-11-05,4,0,11,5,0,6,0,1,0.26,0.2273,0.6,0.3284,0,2,2
5772,10485,2012-03-17,1,1,3,23,0,6,0,1,0.5,0.4848,0.77,0.1642,34,151,185
5773,1111,2011-02-19,1,0,2,0,0,6,0,1,0.48,0.4697,0.12,0.4925,6,23,29
5774,4415,2011-07-07,3,0,7,20,0,4,1,1,0.76,0.7121,0.58,0.3582,61,224,285
5775,6504,2011-10-03,4,0,10,13,0,1,1,3,0.42,0.4242,0.67,0.1642,16,102,118
5776,13650,2012-07-27,3,1,7,22,0,5,1,1,0.78,0.7424,0.59,0.1343,48,151,199
5777,16581,2012-11-28,4,1,11,14,0,3,1,1,0.36,0.3333,0.4,0.2985,15,161,176
5778,10857,2012-04-02,2,1,4,12,0,1,1,1,0.44,0.4394,0.44,0.4478,100,181,281
5779,1826,2011-03-21,2,0,3,19,0,1,1,1,0.58,0.5455,0.6,0.4179,22,199,221
5780,3147,2011-05-16,2,0,5,0,0,1,1,1,0.52,0.5,0.94,0.1045,17,21,38
5781,7794,2011-11-26,4,0,11,8,0,6,0,1,0.32,0.3333,0.76,0.0896,10,50,60
5782,14854,2012-09-16,3,1,9,2,0,0,0,1,0.52,0.5,0.63,0,27,62,89
5783,13693,2012-07-29,3,1,7,17,0,0,0,1,0.82,0.7424,0.41,0.1642,164,367,531
5784,145,2011-01-07,1,0,1,7,0,5,1,1,0.2,0.2121,0.69,0.1343,8,76,84
5785,11153,2012-04-14,2,1,4,21,0,6,0,2,0.56,0.5303,0.43,0.1343,53,167,220
5786,11265,2012-04-19,2,1,4,13,0,4,1,1,0.56,0.5303,0.46,0,52,186,238
5787,3515,2011-05-31,2,0,5,8,0,2,1,1,0.78,0.7424,0.59,0.1343,34,372,406
5788,11179,2012-04-15,2,1,4,23,0,0,0,1,0.66,0.6212,0.5,0.3881,25,65,90
5789,17243,2012-12-26,1,1,12,7,0,3,1,3,0.2,0.1818,0.86,0.3284,0,26,26
5790,5849,2011-09-06,3,0,9,4,0,2,1,2,0.54,0.5152,0.94,0.2985,1,3,4
5791,7473,2011-11-12,4,0,11,23,0,6,0,1,0.4,0.4091,0.58,0.1642,23,78,101
5792,10748,2012-03-28,2,1,3,22,0,3,1,1,0.56,0.5303,0.64,0.1343,21,151,172
5793,10187,2012-03-05,1,1,3,12,0,1,1,2,0.26,0.303,0.52,0,15,122,137
5794,15994,2012-11-04,4,1,11,2,0,0,0,1,0.3,0.3333,0.65,0,6,31,37
5795,1831,2011-03-22,2,0,3,0,0,2,1,1,0.46,0.4545,0.88,0.194,4,7,11
5796,11055,2012-04-10,2,1,4,18,0,2,1,1,0.54,0.5152,0.22,0.4179,78,626,704
5797,4182,2011-06-28,3,0,6,3,0,2,1,2,0.66,0.6212,0.74,0,0,2,2
5798,14682,2012-09-08,3,1,9,22,0,6,0,2,0.58,0.5455,0.78,0.2985,18,176,194
5799,1220,2011-02-23,1,0,2,21,0,3,1,1,0.24,0.2879,0.48,0,2,89,91
5800,7684,2011-11-21,4,0,11,18,0,1,1,3,0.42,0.4242,0.88,0.194,8,184,192
5801,17028,2012-12-17,4,1,12,6,0,1,1,2,0.36,0.3485,0.93,0.1343,1,107,108
5802,10633,2012-03-24,2,1,3,3,0,6,0,1,0.54,0.5152,0.77,0.1045,10,22,32
5803,8929,2012-01-12,1,1,1,21,0,4,1,1,0.44,0.4394,0.67,0.1343,12,162,174
5804,6299,2011-09-25,4,0,9,0,0,0,0,2,0.6,0.5455,0.88,0,37,136,173
5805,8510,2011-12-26,1,0,12,7,1,1,0,1,0.32,0.3182,0.45,0.194,2,17,19
5806,16210,2012-11-13,4,1,11,3,0,2,1,3,0.36,0.3333,0.87,0.3582,2,3,5
5807,1056,2011-02-16,1,0,2,17,0,3,1,1,0.46,0.4545,0.28,0.2836,11,244,255
5808,15387,2012-10-08,4,1,10,7,1,1,0,2,0.34,0.3333,0.76,0.1642,3,151,154
5809,595,2011-01-27,1,0,1,23,0,4,1,1,0.18,0.197,0.8,0.1642,0,16,16
5810,7111,2011-10-28,4,0,10,21,0,5,1,3,0.32,0.3182,0.7,0.1642,5,69,74
5811,16101,2012-11-08,4,1,11,14,0,4,1,1,0.44,0.4394,0.18,0.4179,33,149,182
5812,11946,2012-05-17,2,1,5,22,0,4,1,1,0.56,0.5303,0.43,0.0896,42,209,251
5813,5837,2011-09-05,3,0,9,15,1,1,0,2,0.68,0.6364,0.79,0.2836,111,142,253
5814,14048,2012-08-13,3,1,8,12,0,1,1,1,0.78,0.697,0.4,0.194,96,180,276
5815,4703,2011-07-19,3,0,7,20,0,2,1,1,0.74,0.7273,0.74,0.0896,48,229,277
5816,13049,2012-07-02,3,1,7,21,0,1,1,1,0.76,0.6818,0.45,0.1343,17,241,258
5817,14793,2012-09-13,3,1,9,13,0,4,1,1,0.7,0.6364,0.42,0,60,223,283
5818,6481,2011-10-02,4,0,10,14,0,0,0,3,0.36,0.3485,0.81,0.1642,61,195,256
5819,11392,2012-04-24,2,1,4,20,0,2,1,1,0.48,0.4697,0.21,0.3284,16,269,285
5820,13191,2012-07-08,3,1,7,19,0,0,0,1,0.78,0.7424,0.62,0.1642,66,184,250
5821,7808,2011-11-26,4,0,11,22,0,6,0,2,0.38,0.3939,0.76,0,14,51,65
5822,5938,2011-09-09,3,0,9,22,0,5,1,1,0.62,0.5455,0.94,0,33,127,160
5823,16832,2012-12-09,4,1,12,2,0,0,0,2,0.4,0.4091,0.87,0.1045,8,70,78
5824,5383,2011-08-17,3,0,8,4,0,3,1,1,0.64,0.6061,0.73,0,0,5,5
5825,17286,2012-12-28,1,1,12,2,0,5,1,1,0.24,0.2273,0.6,0.2537,0,5,5
5826,7467,2011-11-12,4,0,11,17,0,6,0,1,0.5,0.4848,0.34,0.2537,92,193,285
5827,13492,2012-07-21,3,1,7,8,0,6,0,2,0.58,0.5455,0.83,0.2537,18,94,112
5828,4975,2011-07-31,3,0,7,4,0,0,0,1,0.72,0.6818,0.7,0,6,7,13
5829,82,2011-01-04,1,0,1,13,0,2,1,1,0.24,0.2273,0.56,0.194,18,79,97
5830,7970,2011-12-03,4,0,12,17,0,6,0,1,0.36,0.3788,0.62,0,46,186,232
5831,533,2011-01-24,1,0,1,8,0,1,1,1,0.04,0.1364,0.49,0,6,171,177
5832,959,2011-02-12,1,0,2,13,0,6,0,1,0.3,0.2727,0.39,0.4179,32,103,135
5833,473,2011-01-21,1,0,1,17,0,5,1,1,0.14,0.1212,0.28,0.3582,10,151,161
5834,10330,2012-03-11,1,1,3,12,0,0,0,1,0.4,0.4091,0.37,0.2985,146,264,410
5835,2291,2011-04-10,2,0,4,7,0,0,0,2,0.36,0.3636,1,0.0896,3,7,10
5836,13054,2012-07-03,3,1,7,2,0,2,1,1,0.72,0.6667,0.58,0,2,8,10
5837,13451,2012-07-19,3,1,7,15,0,4,1,1,0.84,0.7727,0.47,0.0896,66,226,292
5838,15868,2012-10-28,4,1,10,8,0,0,0,2,0.5,0.4848,0.59,0.5522,55,118,173
5839,2900,2011-05-05,2,0,5,17,0,4,1,1,0.56,0.5303,0.26,0.3881,66,467,533
5840,3955,2011-06-18,2,0,6,16,0,6,0,2,0.76,0.697,0.52,0.2239,193,275,468
5841,4404,2011-07-07,3,0,7,9,0,4,1,1,0.74,0.697,0.7,0.1642,25,154,179
5842,14267,2012-08-22,3,1,8,15,0,3,1,1,0.76,0.6818,0.48,0.1343,94,222,316
5843,6279,2011-09-24,4,0,9,4,0,6,0,1,0.56,0.5303,0.94,0.1045,1,7,8
5844,12685,2012-06-17,2,1,6,17,0,0,0,1,0.64,0.6212,0.57,0.2239,232,361,593
5845,5997,2011-09-12,3,0,9,10,0,1,1,1,0.68,0.6364,0.62,0.1642,40,89,129
5846,13312,2012-07-13,3,1,7,20,0,5,1,1,0.74,0.6667,0.48,0.1343,95,294,389
5847,8396,2011-12-21,1,0,12,11,0,3,1,2,0.48,0.4697,0.82,0.4179,3,53,56
5848,5354,2011-08-15,3,0,8,23,0,1,1,1,0.64,0.6061,0.69,0.2239,11,77,88
5849,11321,2012-04-21,2,1,4,21,0,6,0,3,0.5,0.4848,0.82,0.3881,20,82,102
5850,16420,2012-11-21,4,1,11,21,0,3,1,1,0.36,0.3788,0.5,0,8,97,105
5851,12442,2012-06-07,2,1,6,14,0,4,1,1,0.72,0.6515,0.37,0.2537,67,198,265
5852,14697,2012-09-09,3,1,9,13,0,0,0,1,0.68,0.6364,0.39,0,238,491,729
5853,15831,2012-10-26,4,1,10,19,0,5,1,2,0.54,0.5152,0.83,0.1642,72,399,471
5854,8349,2011-12-19,4,0,12,12,0,1,1,1,0.3,0.2727,0.61,0.3284,13,128,141
5855,7972,2011-12-03,4,0,12,19,0,6,0,1,0.3,0.3182,0.61,0.0896,31,144,175
5856,8371,2011-12-20,4,0,12,10,0,2,1,2,0.42,0.4242,0.58,0.194,20,109,129
5857,10511,2012-03-19,1,1,3,1,0,1,1,1,0.46,0.4545,0.88,0.1045,0,15,15
5858,13344,2012-07-15,3,1,7,4,0,0,0,2,0.68,0.6364,0.89,0.1045,8,11,19
5859,9331,2012-01-29,1,1,1,16,0,0,0,1,0.36,0.3333,0.21,0.4179,54,268,322
5860,16592,2012-11-29,4,1,11,1,0,4,1,1,0.22,0.2576,0.64,0.0896,1,15,16
5861,3725,2011-06-09,2,0,6,2,0,4,1,2,0.72,0.7121,0.84,0.1642,0,6,6
5862,1265,2011-02-25,1,0,2,20,0,5,1,1,0.3,0.2576,0.49,0.6119,2,60,62
5863,4868,2011-07-26,3,0,7,17,0,2,1,1,0.86,0.7576,0.36,0.3582,72,465,537
5864,4601,2011-07-15,3,0,7,14,0,5,1,1,0.7,0.6515,0.51,0.194,105,160,265
5865,14996,2012-09-22,3,1,9,0,0,6,0,1,0.6,0.5909,0.73,0.2836,32,140,172
5866,14213,2012-08-20,3,1,8,9,0,1,1,2,0.64,0.6061,0.69,0,55,302,357
5867,5101,2011-08-05,3,0,8,10,0,5,1,1,0.74,0.6818,0.55,0.1343,50,113,163
5868,4372,2011-07-06,3,0,7,1,0,3,1,1,0.7,0.6667,0.74,0.1343,4,11,15
5869,13379,2012-07-16,3,1,7,15,0,1,1,1,0.86,0.803,0.47,0.2537,61,176,237
5870,6651,2011-10-09,4,0,10,16,0,0,0,1,0.66,0.6212,0.5,0.1343,223,247,470
5871,4375,2011-07-06,3,0,7,4,0,3,1,2,0.68,0.6364,0.83,0.0896,0,6,6
5872,1273,2011-02-26,1,0,2,4,0,6,0,2,0.22,0.2576,0.6,0.0896,1,1,2
5873,4088,2011-06-24,3,0,6,5,0,5,1,1,0.64,0.5758,0.89,0.0896,2,18,20
5874,16622,2012-11-30,4,1,11,8,0,5,1,2,0.22,0.2576,0.8,0.0896,20,709,729
5875,14638,2012-09-07,3,1,9,2,0,5,1,1,0.62,0.5758,0.83,0.0896,1,10,11
5876,5771,2011-09-02,3,0,9,21,0,5,1,2,0.64,0.6061,0.73,0.0896,28,121,149
5877,1898,2011-03-24,2,0,3,20,0,4,1,1,0.28,0.2576,0.61,0.2836,8,110,118
5878,14708,2012-09-10,3,1,9,0,0,1,1,1,0.56,0.5303,0.52,0.2836,6,35,41
5879,9223,2012-01-25,1,1,1,4,0,3,1,1,0.26,0.2424,0.7,0.2836,0,4,4
5880,17236,2012-12-26,1,1,12,0,0,3,1,2,0.28,0.2727,0.65,0.2537,1,8,9
5881,13786,2012-08-02,3,1,8,14,0,4,1,1,0.86,0.7879,0.41,0.1343,54,171,225
5882,1459,2011-03-06,1,0,3,1,0,0,0,2,0.42,0.4242,0.77,0.2836,12,27,39
5883,9412,2012-02-02,1,1,2,1,0,4,1,2,0.46,0.4545,0.55,0,3,14,17
5884,16409,2012-11-21,4,1,11,10,0,3,1,1,0.36,0.3788,0.62,0,22,150,172
5885,7736,2011-11-23,4,0,11,22,0,3,1,1,0.34,0.303,0.61,0.4478,3,59,62
5886,3762,2011-06-10,2,0,6,15,0,5,1,1,0.84,0.7576,0.44,0.1045,49,163,212
5887,3586,2011-06-03,2,0,6,7,0,5,1,1,0.54,0.5152,0.45,0.2537,25,252,277
5888,716,2011-02-02,1,0,2,4,0,3,1,3,0.22,0.2121,0.93,0.2836,0,1,1
5889,12999,2012-06-30,3,1,6,19,0,6,0,1,0.84,0.7576,0.44,0.2537,134,240,374
5890,15757,2012-10-23,4,1,10,17,0,2,1,1,0.68,0.6364,0.41,0,67,871,938
5891,1119,2011-02-19,1,0,2,8,0,6,0,1,0.38,0.3939,0.17,0.5821,9,36,45
5892,8744,2012-01-05,1,1,1,3,0,4,1,1,0.2,0.2576,0.61,0,0,4,4
5893,1288,2011-02-26,1,0,2,19,0,6,0,1,0.32,0.303,0.49,0.2537,30,64,94
5894,5558,2011-08-24,3,0,8,11,0,3,1,1,0.72,0.6667,0.54,0.2985,57,128,185
5895,6212,2011-09-21,3,0,9,9,0,3,1,2,0.56,0.5303,1,0.0896,21,187,208
5896,6356,2011-09-27,4,0,9,9,0,2,1,3,0.64,0.5758,0.89,0.194,20,173,193
5897,2317,2011-04-11,2,0,4,10,0,1,1,2,0.56,0.5303,0.83,0.2985,41,55,96
5898,1418,2011-03-04,1,0,3,8,0,5,1,1,0.18,0.197,0.74,0.1343,6,222,228
5899,8731,2012-01-04,1,1,1,14,0,3,1,2,0.14,0.1212,0.46,0.2537,6,69,75
5900,13910,2012-08-07,3,1,8,18,0,2,1,2,0.76,0.7121,0.62,0.1642,103,711,814
5901,12495,2012-06-09,2,1,6,19,0,6,0,1,0.8,0.697,0.29,0.1642,128,232,360
5902,14918,2012-09-18,3,1,9,18,0,2,1,2,0.6,0.5455,0.88,0.1642,19,262,281
5903,995,2011-02-14,1,0,2,2,0,1,1,1,0.36,0.3333,0.4,0.2985,0,2,2
5904,13527,2012-07-22,3,1,7,19,0,0,0,1,0.72,0.6818,0.7,0.1642,180,342,522
5905,4293,2011-07-02,3,0,7,18,0,6,0,1,0.82,0.7121,0.3,0.2836,193,190,383
5906,6493,2011-10-03,4,0,10,2,0,1,1,1,0.36,0.3636,0.76,0.1045,0,4,4
5907,2637,2011-04-24,2,0,4,18,0,0,0,1,0.64,0.6061,0.69,0.1642,96,174,270
5908,13094,2012-07-04,3,1,7,18,1,3,0,1,0.9,0.8485,0.42,0.194,159,271,430
5909,297,2011-01-13,1,0,1,19,0,4,1,1,0.16,0.1515,0.47,0.2537,1,98,99
5910,1865,2011-03-23,2,0,3,11,0,3,1,2,0.34,0.3333,0.87,0.194,18,53,71
5911,16898,2012-12-11,4,1,12,20,0,2,1,1,0.32,0.303,0.53,0.2239,9,248,257
5912,11882,2012-05-15,2,1,5,6,0,2,1,3,0.56,0.5303,0.94,0.2239,2,22,24
5913,7306,2011-11-06,4,0,11,0,0,0,0,1,0.28,0.3182,0.75,0,10,65,75
5914,1146,2011-02-20,1,0,2,12,0,0,0,1,0.3,0.3182,0.33,0.1045,62,120,182
5915,16827,2012-12-08,4,1,12,21,0,6,0,2,0.36,0.3788,1,0,34,175,209
5916,13467,2012-07-20,3,1,7,7,0,5,1,2,0.66,0.5909,0.89,0.194,14,346,360
5917,13815,2012-08-03,3,1,8,19,0,5,1,2,0.8,0.7879,0.63,0.2239,81,388,469
5918,16431,2012-11-22,4,1,11,8,1,4,0,1,0.24,0.2424,0.75,0.1343,20,77,97
5919,4830,2011-07-25,3,0,7,3,0,1,1,1,0.74,0.7121,0.79,0,2,2,4
5920,10948,2012-04-06,2,1,4,7,0,5,1,1,0.3,0.2879,0.49,0.2836,15,231,246
5921,7933,2011-12-02,4,0,12,4,0,5,1,1,0.22,0.2727,0.8,0,0,3,3
5922,12283,2012-05-31,2,1,5,23,0,4,1,1,0.66,0.6212,0.54,0.2239,26,114,140
5923,11666,2012-05-06,2,1,5,6,0,0,0,3,0.52,0.5,0.83,0.2239,3,14,17
5924,14045,2012-08-13,3,1,8,9,0,1,1,2,0.74,0.6667,0.45,0,40,265,305
5925,8524,2011-12-26,1,0,12,21,1,1,0,1,0.26,0.303,0.7,0,10,39,49
5926,6703,2011-10-11,4,0,10,20,0,2,1,2,0.58,0.5455,0.83,0.2239,31,203,234
5927,7497,2011-11-13,4,0,11,23,0,0,0,1,0.46,0.4545,0.51,0.2985,18,49,67
5928,1836,2011-03-22,2,0,3,5,0,2,1,2,0.4,0.4091,0.87,0.1343,1,11,12
5929,9832,2012-02-19,1,1,2,14,0,0,0,2,0.32,0.3182,0.45,0.194,48,189,237
5930,8615,2011-12-30,1,0,12,17,0,5,1,1,0.38,0.3939,0.54,0.1642,54,188,242
5931,13684,2012-07-29,3,1,7,8,0,0,0,1,0.7,0.6515,0.65,0.2239,37,90,127
5932,6700,2011-10-11,4,0,10,17,0,2,1,2,0.6,0.5758,0.78,0.2537,70,534,604
5933,9996,2012-02-26,1,1,2,12,0,0,0,1,0.3,0.303,0.39,0.1343,49,256,305
5934,15863,2012-10-28,4,1,10,3,0,0,0,2,0.5,0.4848,0.63,0.3284,18,61,79
5935,5853,2011-09-06,3,0,9,8,0,2,1,3,0.54,0.5152,0.83,0.3881,15,349,364
5936,14541,2012-09-03,3,1,9,1,1,1,0,2,0.68,0.6364,0.89,0.1642,18,37,55
5937,17358,2012-12-31,1,1,12,2,0,1,1,1,0.16,0.1667,0.59,0.1642,3,8,11
5938,6394,2011-09-28,4,0,9,23,0,3,1,1,0.6,0.5152,0.94,0.1343,12,59,71
5939,478,2011-01-21,1,0,1,22,0,5,1,1,0.06,0.0303,0.41,0.3881,1,33,34
5940,8154,2011-12-11,4,0,12,9,0,0,0,1,0.2,0.2576,0.59,0,19,88,107
5941,6163,2011-09-19,3,0,9,8,0,1,1,2,0.52,0.5,0.77,0.1343,29,391,420
5942,4191,2011-06-28,3,0,6,12,0,2,1,1,0.84,0.7727,0.47,0.2239,41,161,202
5943,16724,2012-12-04,4,1,12,14,0,2,1,2,0.58,0.5455,0.56,0.2239,39,231,270
5944,6506,2011-10-03,4,0,10,15,0,1,1,3,0.4,0.4091,0.76,0,22,79,101
5945,9020,2012-01-16,1,1,1,16,1,1,0,1,0.26,0.2273,0.44,0.3582,22,158,180
5946,643,2011-01-30,1,0,1,1,0,0,0,1,0.14,0.2121,0.8,0,7,22,29
5947,7150,2011-10-30,4,0,10,12,0,0,0,1,0.38,0.3939,0.5,0.194,85,229,314
5948,4463,2011-07-09,3,0,7,20,0,6,0,1,0.76,0.7121,0.58,0.2239,129,185,314
5949,13631,2012-07-27,3,1,7,3,0,5,1,1,0.7,0.6667,0.74,0.1642,3,9,12
5950,15010,2012-09-22,3,1,9,14,0,6,0,1,0.76,0.6818,0.48,0.2836,250,404,654
5951,14080,2012-08-14,3,1,8,20,0,2,1,1,0.74,0.7121,0.74,0.2239,65,371,436
5952,1794,2011-03-20,1,0,3,10,0,0,0,2,0.32,0.3485,0.45,0,55,81,136
5953,1693,2011-03-16,1,0,3,4,0,3,1,2,0.3,0.303,0.93,0.1642,0,1,1
5954,17104,2012-12-20,4,1,12,10,0,4,1,2,0.32,0.3333,0.66,0,23,138,161
5955,5431,2011-08-19,3,0,8,4,0,5,1,1,0.64,0.5758,0.83,0,1,7,8
5956,9416,2012-02-02,1,1,2,5,0,4,1,3,0.4,0.4091,0.82,0,0,19,19
5957,494,2011-01-22,1,0,1,15,0,6,0,1,0.12,0.1515,0.28,0,10,93,103
5958,16569,2012-11-28,4,1,11,2,0,3,1,2,0.26,0.2576,0.75,0.2239,0,1,1
5959,4254,2011-07-01,3,0,7,3,0,5,1,1,0.64,0.6212,0.53,0,5,6,11
5960,16679,2012-12-02,4,1,12,17,0,0,0,3,0.4,0.4091,0.76,0.194,59,244,303
5961,1464,2011-03-06,1,0,3,7,0,0,0,3,0.42,0.4242,1,0.4478,0,5,5
5962,8233,2011-12-14,4,0,12,16,0,3,1,2,0.38,0.3939,0.54,0.1045,12,233,245
5963,10125,2012-03-02,1,1,3,22,0,5,1,2,0.36,0.3788,0.87,0,6,69,75
5964,10222,2012-03-06,1,1,3,23,0,2,1,1,0.28,0.2727,0.61,0.2239,3,51,54
5965,6340,2011-09-26,4,0,9,17,0,1,1,1,0.7,0.6515,0.7,0.1343,61,509,570
5966,11727,2012-05-08,2,1,5,19,0,2,1,2,0.64,0.6061,0.69,0.2836,59,399,458
5967,7890,2011-11-30,4,0,11,9,0,3,1,1,0.3,0.2879,0.75,0.2836,7,186,193
5968,2288,2011-04-10,2,0,4,4,0,0,0,2,0.36,0.3636,0.93,0.1045,3,2,5
5969,16454,2012-11-23,4,1,11,7,0,5,1,1,0.24,0.2879,0.81,0,5,72,77
5970,7153,2011-10-30,4,0,10,15,0,0,0,1,0.42,0.4242,0.35,0.1642,88,202,290
5971,7454,2011-11-12,4,0,11,4,0,6,0,1,0.2,0.2121,0.8,0.1343,0,7,7
5972,966,2011-02-12,1,0,2,20,0,6,0,1,0.26,0.2576,0.41,0.2239,1,39,40
5973,445,2011-01-20,1,0,1,13,0,4,1,2,0.28,0.2879,0.45,0.1045,12,86,98
5974,10115,2012-03-02,1,1,3,12,0,5,1,1,0.4,0.4091,0.43,0.1642,40,194,234
5975,9621,2012-02-10,1,1,2,19,0,5,1,2,0.32,0.3485,0.57,0,16,246,262
5976,439,2011-01-20,1,0,1,7,0,4,1,1,0.22,0.2121,0.55,0.2239,1,100,101
5977,11156,2012-04-15,2,1,4,0,0,0,0,2,0.54,0.5152,0.56,0.194,30,94,124
5978,10224,2012-03-07,1,1,3,1,0,3,1,1,0.3,0.2727,0.61,0.2985,1,4,5
5979,12196,2012-05-28,2,1,5,8,1,1,0,1,0.66,0.6212,0.69,0,62,93,155
5980,13489,2012-07-21,3,1,7,5,0,6,0,3,0.58,0.5455,0.88,0.2537,7,10,17
5981,15263,2012-10-03,4,1,10,3,0,3,1,2,0.6,0.5152,0.94,0,0,7,7
5982,17302,2012-12-28,1,1,12,18,0,5,1,1,0.24,0.2424,0.6,0.1343,16,197,213
5983,5262,2011-08-12,3,0,8,3,0,5,1,1,0.62,0.6212,0.53,0.1642,0,9,9
5984,468,2011-01-21,1,0,1,12,0,5,1,1,0.22,0.1818,0.27,0.5821,11,67,78
5985,12421,2012-06-06,2,1,6,17,0,3,1,1,0.62,0.6212,0.43,0.1343,72,652,724
5986,3752,2011-06-10,2,0,6,5,0,5,1,1,0.66,0.6061,0.78,0.1642,0,28,28
5987,7052,2011-10-26,4,0,10,10,0,3,1,2,0.52,0.5,0.62,0.2537,26,105,131
5988,757,2011-02-03,1,0,2,22,0,4,1,1,0.18,0.2121,0.51,0.0896,2,39,41
5989,7075,2011-10-27,4,0,10,9,0,4,1,2,0.5,0.4848,0.82,0.1642,16,155,171
5990,2689,2011-04-26,2,0,4,22,0,2,1,2,0.6,0.5606,0.83,0.194,32,116,148
5991,5187,2011-08-09,3,0,8,0,0,2,1,1,0.72,0.697,0.79,0.1343,10,25,35
5992,9164,2012-01-22,1,1,1,17,0,0,0,2,0.16,0.1818,0.8,0.1045,8,100,108
5993,6885,2011-10-19,4,0,10,11,0,3,1,3,0.52,0.5,0.94,0.2537,33,116,149
5994,3959,2011-06-18,2,0,6,20,0,6,0,2,0.72,0.6667,0.58,0.1343,61,127,188
5995,916,2011-02-10,1,0,2,16,0,4,1,1,0.2,0.1818,0.27,0.2985,4,76,80
5996,11634,2012-05-04,2,1,5,22,0,5,1,1,0.6,0.5606,0.83,0.1343,50,182,232
5997,4512,2011-07-11,3,0,7,21,0,1,1,1,0.7,0.6667,0.79,0.4179,21,109,130
5998,1375,2011-03-02,1,0,3,13,0,3,1,1,0.5,0.4848,0.25,0,35,90,125
5999,10313,2012-03-10,1,1,3,18,0,6,0,1,0.36,0.3636,0.21,0.0896,67,230,297
6000,11771,2012-05-10,2,1,5,15,0,4,1,1,0.54,0.5152,0.37,0.3881,79,192,271
6001,16842,2012-12-09,4,1,12,12,0,0,0,2,0.4,0.4091,0.82,0.2985,60,255,315
6002,9129,2012-01-21,1,1,1,6,0,6,0,3,0.16,0.1667,0.93,0.1642,0,1,1
6003,12055,2012-05-22,2,1,5,11,0,2,1,2,0.6,0.5758,0.78,0,39,150,189
6004,13634,2012-07-27,3,1,7,6,0,5,1,1,0.7,0.6667,0.79,0,10,129,139
6005,10684,2012-03-26,2,1,3,6,0,1,1,1,0.42,0.4242,0.82,0.194,7,110,117
6006,538,2011-01-24,1,0,1,13,0,1,1,2,0.14,0.1364,0.43,0.2239,6,54,60
6007,8254,2011-12-15,4,0,12,13,0,4,1,2,0.5,0.4848,0.55,0.3582,14,150,164
6008,16591,2012-11-29,4,1,11,0,0,4,1,1,0.24,0.2576,0.56,0.0896,4,25,29
6009,5216,2011-08-10,3,0,8,5,0,3,1,1,0.68,0.6364,0.61,0.0896,2,30,32
6010,8540,2011-12-27,1,0,12,13,0,2,1,3,0.3,0.303,0.87,0.1343,1,19,20
6011,14721,2012-09-10,3,1,9,13,0,1,1,1,0.64,0.6212,0.38,0.2239,72,251,323
6012,16549,2012-11-27,4,1,11,6,0,2,1,2,0.3,0.303,0.81,0.1642,3,97,100
6013,8811,2012-01-07,1,1,1,22,0,6,0,1,0.44,0.4394,0.38,0.2537,16,93,109
6014,11326,2012-04-22,2,1,4,2,0,0,0,1,0.46,0.4545,0.72,0.2836,7,49,56
6015,2187,2011-04-05,2,0,4,23,0,2,1,1,0.3,0.2879,0.49,0.2836,3,23,26
6016,11918,2012-05-16,2,1,5,18,0,3,1,1,0.72,0.6667,0.51,0.2239,97,749,846
6017,14713,2012-09-10,3,1,9,5,0,1,1,1,0.5,0.4848,0.72,0.2537,4,36,40
6018,15340,2012-10-06,4,1,10,8,0,6,0,1,0.56,0.5303,0.83,0.194,22,184,206
6019,10382,2012-03-13,1,1,3,16,0,2,1,1,0.72,0.6515,0.34,0.3881,53,312,365
6020,1433,2011-03-04,1,0,3,23,0,5,1,2,0.3,0.303,0.75,0.1642,6,40,46
6021,13420,2012-07-18,3,1,7,8,0,3,1,1,0.78,0.7424,0.62,0.1045,55,624,679
6022,12335,2012-06-03,2,1,6,3,0,0,0,1,0.52,0.5,0.63,0.1045,16,34,50
6023,7518,2011-11-14,4,0,11,20,0,1,1,1,0.6,0.6212,0.53,0.3582,30,210,240
6024,333,2011-01-15,1,0,1,8,0,6,0,1,0.14,0.1515,0.63,0.1343,1,22,23
6025,3031,2011-05-11,2,0,5,4,0,3,1,2,0.48,0.4697,0.88,0.1343,0,2,2
6026,2103,2011-04-02,2,0,4,11,0,6,0,2,0.4,0.4091,0.47,0.1642,72,126,198
6027,16284,2012-11-16,4,1,11,5,0,5,1,2,0.3,0.3182,0.65,0.0896,2,34,36
6028,15706,2012-10-21,4,1,10,14,0,0,0,1,0.56,0.5303,0.35,0.194,235,405,640
6029,3892,2011-06-16,2,0,6,1,0,4,1,1,0.58,0.5455,0.6,0,4,13,17
6030,6791,2011-10-15,4,0,10,12,0,6,0,1,0.58,0.5455,0.35,0.5522,195,261,456
6031,1996,2011-03-29,2,0,3,0,0,2,1,1,0.26,0.2273,0.28,0.3284,1,15,16
6032,2953,2011-05-07,2,0,5,22,0,6,0,1,0.54,0.5152,0.49,0.194,26,94,120
6033,6701,2011-10-11,4,0,10,18,0,2,1,2,0.6,0.5758,0.78,0.2239,46,493,539
6034,16221,2012-11-13,4,1,11,14,0,2,1,1,0.38,0.3939,0.46,0.3881,34,169,203
6035,5404,2011-08-18,3,0,8,1,0,4,1,2,0.66,0.6212,0.65,0.1642,13,11,24
6036,9515,2012-02-06,1,1,2,9,0,1,1,1,0.18,0.2121,0.8,0.1045,8,269,277
6037,5293,2011-08-13,3,0,8,10,0,6,0,2,0.72,0.697,0.74,0.2239,97,163,260
6038,13596,2012-07-25,3,1,7,16,0,3,1,1,0.8,0.697,0.29,0.1642,91,393,484
6039,16800,2012-12-07,4,1,12,18,0,5,1,2,0.38,0.3939,0.71,0.1045,25,473,498
6040,4926,2011-07-29,3,0,7,3,0,5,1,1,0.74,0.7121,0.79,0,2,9,11
6041,8818,2012-01-08,1,1,1,5,0,0,0,2,0.32,0.3333,0.49,0.1045,0,2,2
6042,11737,2012-05-09,2,1,5,5,0,3,1,2,0.56,0.5303,0.88,0.1343,1,27,28
6043,10275,2012-03-09,1,1,3,4,0,5,1,3,0.4,0.4091,0.66,0.2836,0,1,1
6044,2448,2011-04-16,2,0,4,21,0,6,0,2,0.44,0.4394,0.94,0,1,13,14
6045,14493,2012-09-01,3,1,9,1,0,6,0,1,0.72,0.697,0.74,0.1343,11,68,79
6046,12702,2012-06-18,2,1,6,10,0,1,1,3,0.54,0.5152,0.88,0.1045,13,78,91
6047,14561,2012-09-03,3,1,9,21,1,1,0,1,0.72,0.6818,0.76,0.1045,42,142,184
6048,14175,2012-08-18,3,1,8,19,0,6,0,1,0.7,0.6364,0.45,0.1642,164,324,488
6049,1116,2011-02-19,1,0,2,5,0,6,0,1,0.4,0.4091,0.15,0.3284,0,3,3
6050,14998,2012-09-22,3,1,9,2,0,6,0,1,0.56,0.5303,0.88,0.2537,10,73,83
6051,7338,2011-11-07,4,0,11,8,0,1,1,2,0.3,0.3182,1,0.0896,13,397,410
6052,11193,2012-04-16,2,1,4,13,1,1,0,1,0.74,0.6667,0.45,0.2985,79,184,263
6053,15591,2012-10-16,4,1,10,19,0,2,1,1,0.48,0.4697,0.48,0,40,491,531
6054,5146,2011-08-07,3,0,8,7,0,0,0,1,0.7,0.6667,0.84,0.194,11,28,39
6055,13643,2012-07-27,3,1,7,15,0,5,1,1,0.86,0.7879,0.41,0.2239,81,242,323
6056,11027,2012-04-09,2,1,4,14,0,1,1,1,0.56,0.5303,0.28,0.5522,66,152,218
6057,4340,2011-07-04,3,0,7,17,1,1,0,1,0.8,0.7273,0.46,0,240,196,436
6058,9163,2012-01-22,1,1,1,16,0,0,0,2,0.16,0.1515,0.8,0.194,12,143,155
6059,9599,2012-02-09,1,1,2,21,0,4,1,1,0.3,0.3182,0.52,0.0896,8,169,177
6060,11101,2012-04-12,2,1,4,17,0,4,1,1,0.5,0.4848,0.27,0.3881,60,596,656
6061,13916,2012-08-08,3,1,8,0,0,3,1,1,0.7,0.6667,0.84,0,12,46,58
6062,5071,2011-08-04,3,0,8,4,0,4,1,2,0.68,0.6364,0.89,0,0,7,7
6063,5826,2011-09-05,3,0,9,4,1,1,0,2,0.68,0.6364,0.69,0.2836,3,5,8
6064,8420,2011-12-22,1,0,12,11,0,4,1,2,0.44,0.4394,0.77,0,10,135,145
6065,6293,2011-09-24,4,0,9,18,0,6,0,1,0.64,0.5909,0.78,0.1045,157,243,400
6066,14066,2012-08-14,3,1,8,6,0,2,1,3,0.64,0.5758,0.83,0.194,1,63,64
6067,8493,2011-12-25,1,0,12,13,0,0,0,1,0.32,0.303,0.7,0.2537,40,39,79
6068,10283,2012-03-09,1,1,3,12,0,5,1,1,0.36,0.3333,0.34,0.4179,27,174,201
6069,15754,2012-10-23,4,1,10,14,0,2,1,1,0.68,0.6364,0.41,0.1642,67,229,296
6070,135,2011-01-06,1,0,1,20,0,4,1,1,0.2,0.2121,0.51,0.1642,3,66,69
6071,10287,2012-03-09,1,1,3,16,0,5,1,1,0.48,0.4697,0.23,0.4179,51,292,343
6072,17323,2012-12-29,1,1,12,15,0,6,0,2,0.24,0.2424,0.87,0,19,110,129
6073,800,2011-02-05,1,0,2,18,0,6,0,2,0.28,0.2424,0.93,0.4478,2,81,83
6074,10539,2012-03-20,1,1,3,5,0,2,1,2,0.52,0.5,0.94,0,0,20,20
6075,428,2011-01-19,1,0,1,20,0,3,1,1,0.32,0.303,0.49,0.2985,2,74,76
6076,11592,2012-05-03,2,1,5,4,0,4,1,2,0.46,0.4545,0.88,0.2537,0,2,2
6077,7559,2011-11-16,4,0,11,13,0,3,1,3,0.46,0.4545,0.94,0.1343,6,52,58
6078,7884,2011-11-30,4,0,11,3,0,3,1,1,0.32,0.3182,0.7,0.1642,0,1,1
6079,7841,2011-11-28,4,0,11,8,0,1,1,2,0.42,0.4242,0.94,0,13,394,407
6080,17097,2012-12-20,4,1,12,3,0,4,1,2,0.3,0.3182,0.7,0.0896,1,3,4
6081,2539,2011-04-20,2,0,4,16,0,3,1,2,0.76,0.6667,0.35,0.3582,54,201,255
6082,5993,2011-09-12,3,0,9,6,0,1,1,1,0.56,0.5303,0.83,0,1,108,109
6083,1256,2011-02-25,1,0,2,11,0,5,1,1,0.52,0.5,0.77,0.4478,9,50,59
6084,9005,2012-01-16,1,1,1,1,1,1,0,1,0.14,0.1667,0.43,0.1045,2,18,20
6085,10435,2012-03-15,1,1,3,21,0,4,1,1,0.54,0.5152,0.68,0.2836,36,207,243
6086,8342,2011-12-19,4,0,12,5,0,1,1,1,0.14,0.1667,0.93,0.1045,0,21,21
6087,8110,2011-12-09,4,0,12,13,0,5,1,1,0.38,0.3939,0.5,0.194,27,141,168
6088,2725,2011-04-28,2,0,4,10,0,4,1,2,0.62,0.5606,0.88,0.2836,9,45,54
6089,8495,2011-12-25,1,0,12,15,0,0,0,1,0.34,0.3333,0.61,0.194,43,48,91
6090,11996,2012-05-20,2,1,5,0,0,0,0,1,0.58,0.5455,0.53,0.1045,42,128,170
6091,3132,2011-05-15,2,0,5,9,0,0,0,1,0.58,0.5455,0.83,0.2537,36,98,134
6092,1927,2011-03-26,2,0,3,1,0,6,0,1,0.26,0.2273,0.38,0.2985,3,24,27
6093,13198,2012-07-09,3,1,7,2,0,1,1,3,0.7,0.6667,0.89,0.194,1,4,5
6094,3038,2011-05-11,2,0,5,11,0,3,1,1,0.56,0.5303,0.64,0.0896,18,123,141
6095,8266,2011-12-16,4,0,12,1,0,5,1,1,0.5,0.4848,0.72,0.2239,3,28,31
6096,7439,2011-11-11,4,0,11,13,1,5,0,1,0.38,0.3939,0.37,0.5522,57,179,236
6097,10960,2012-04-06,2,1,4,19,0,5,1,1,0.48,0.4697,0.23,0.2985,115,297,412
6098,10990,2012-04-08,2,1,4,1,0,0,0,1,0.44,0.4394,0.24,0.2239,14,50,64
6099,6909,2011-10-20,4,0,10,11,0,4,1,1,0.48,0.4697,0.55,0.5224,30,99,129
6100,14657,2012-09-07,3,1,9,21,0,5,1,1,0.7,0.6667,0.74,0.1642,55,246,301
6101,11976,2012-05-19,2,1,5,4,0,6,0,1,0.48,0.4697,0.59,0.0896,6,8,14
6102,7554,2011-11-16,4,0,11,8,0,3,1,3,0.46,0.4545,0.94,0,9,223,232
6103,6144,2011-09-18,3,0,9,13,0,0,0,1,0.56,0.5303,0.6,0.1343,162,214,376
6104,9797,2012-02-18,1,1,2,3,0,6,0,1,0.28,0.2879,0.65,0.1045,3,15,18
6105,3747,2011-06-10,2,0,6,0,0,5,1,3,0.7,0.6515,0.65,0.2239,8,61,69
6106,16974,2012-12-15,4,1,12,0,0,6,0,1,0.3,0.3333,0.7,0,4,90,94
6107,5370,2011-08-16,3,0,8,15,0,2,1,1,0.8,0.7121,0.41,0.2985,36,123,159
6108,5923,2011-09-09,3,0,9,7,0,5,1,3,0.62,0.5152,1,0.2537,4,104,108
6109,7445,2011-11-11,4,0,11,19,1,5,0,1,0.32,0.3182,0.39,0.1642,17,182,199
6110,17070,2012-12-19,4,1,12,0,0,3,1,1,0.3,0.3182,0.61,0,6,35,41
6111,12619,2012-06-14,2,1,6,23,0,4,1,2,0.62,0.6061,0.69,0.1642,36,136,172
6112,16106,2012-11-08,4,1,11,19,0,4,1,1,0.38,0.3939,0.27,0.3582,14,359,373
6113,14995,2012-09-21,3,1,9,23,0,5,1,1,0.6,0.5909,0.73,0.3284,23,163,186
6114,17265,2012-12-27,1,1,12,5,0,4,1,1,0.24,0.2424,0.75,0.1642,1,10,11
6115,6019,2011-09-13,3,0,9,8,0,2,1,1,0.6,0.5606,0.81,0.1045,26,399,425
6116,4097,2011-06-24,3,0,6,14,0,5,1,1,0.78,0.697,0.43,0.2836,67,162,229
6117,8240,2011-12-14,4,0,12,23,0,3,1,1,0.32,0.3182,0.7,0.1642,3,48,51
6118,17141,2012-12-21,1,1,12,23,0,5,1,1,0.26,0.2424,0.44,0.2836,1,39,40
6119,14018,2012-08-12,3,1,8,6,0,0,0,1,0.64,0.6061,0.65,0.1642,2,14,16
6120,13574,2012-07-24,3,1,7,18,0,2,1,1,0.76,0.7121,0.62,0.3284,110,767,877
6121,15183,2012-09-29,4,1,9,19,0,6,0,1,0.52,0.5,0.55,0.1642,119,351,470
6122,3504,2011-05-30,2,0,5,21,1,1,0,1,0.74,0.697,0.7,0.1343,42,107,149
6123,14215,2012-08-20,3,1,8,11,0,1,1,1,0.66,0.6212,0.65,0.1045,90,151,241
6124,11280,2012-04-20,2,1,4,4,0,5,1,1,0.42,0.4242,0.94,0.1045,0,3,3
6125,10058,2012-02-29,1,1,2,2,0,3,1,1,0.3,0.2879,0.56,0.2239,0,4,4
6126,8424,2011-12-22,1,0,12,15,0,4,1,2,0.48,0.4697,0.59,0,28,186,214
6127,6419,2011-09-30,4,0,9,0,0,5,1,1,0.52,0.5,0.83,0.1045,7,53,60
6128,2315,2011-04-11,2,0,4,8,0,1,1,2,0.52,0.5,0.88,0.2836,28,286,314
6129,17139,2012-12-21,1,1,12,21,0,5,1,1,0.26,0.2273,0.41,0.4179,2,68,70
6130,11416,2012-04-25,2,1,4,20,0,3,1,1,0.56,0.5303,0.22,0.0896,22,358,380
6131,7672,2011-11-21,4,0,11,6,0,1,1,2,0.42,0.4242,1,0,0,76,76
6132,2019,2011-03-29,2,0,3,23,0,2,1,2,0.32,0.3333,0.57,0.1045,8,27,35
6133,9252,2012-01-26,1,1,1,9,0,4,1,2,0.3,0.3333,0.81,0,18,256,274
6134,11718,2012-05-08,2,1,5,10,0,2,1,2,0.58,0.5455,0.68,0.4179,46,111,157
6135,7912,2011-12-01,4,0,12,7,0,4,1,1,0.24,0.2121,0.65,0.3582,11,265,276
6136,6947,2011-10-22,4,0,10,1,0,6,0,1,0.4,0.4091,0.62,0.194,20,50,70
6137,6940,2011-10-21,4,0,10,18,0,5,1,2,0.44,0.4394,0.54,0.2537,43,354,397
6138,6552,2011-10-05,4,0,10,13,0,3,1,1,0.64,0.6212,0.41,0.2239,30,189,219
6139,7460,2011-11-12,4,0,11,10,0,6,0,1,0.34,0.3182,0.61,0.2836,62,170,232
6140,5227,2011-08-10,3,0,8,16,0,3,1,1,0.86,0.7424,0.26,0.2985,76,206,282
6141,15472,2012-10-11,4,1,10,20,0,4,1,1,0.42,0.4242,0.62,0.1642,27,388,415
6142,4541,2011-07-13,3,0,7,2,0,3,1,1,0.76,0.697,0.55,0,2,3,5
6143,6370,2011-09-27,4,0,9,23,0,2,1,1,0.6,0.5455,0.88,0.0896,11,82,93
6144,15219,2012-10-01,4,1,10,7,0,1,1,1,0.44,0.4394,0.77,0.1642,13,470,483
6145,6012,2011-09-13,3,0,9,1,0,2,1,1,0.58,0.5455,0.83,0.1045,4,6,10
6146,10733,2012-03-28,2,1,3,7,0,3,1,1,0.36,0.3333,0.46,0.3284,10,348,358
6147,14421,2012-08-29,3,1,8,1,0,3,1,1,0.64,0.6061,0.69,0.1343,2,12,14
6148,4127,2011-06-25,3,0,6,20,0,6,0,1,0.7,0.6515,0.48,0.194,74,195,269
6149,3640,2011-06-05,2,0,6,13,0,0,0,1,0.66,0.6212,0.65,0.1045,154,213,367
6150,10521,2012-03-19,1,1,3,11,0,1,1,1,0.56,0.5303,0.68,0.1642,56,145,201
6151,7949,2011-12-02,4,0,12,20,0,5,1,1,0.38,0.3939,0.4,0.2836,12,178,190
6152,16415,2012-11-21,4,1,11,16,0,3,1,1,0.44,0.4394,0.33,0.1343,59,410,469
6153,9691,2012-02-13,1,1,2,17,0,1,1,1,0.36,0.3485,0.23,0.194,8,399,407
6154,4081,2011-06-23,3,0,6,22,0,4,1,2,0.7,0.6667,0.74,0.2239,23,139,162
6155,14752,2012-09-11,3,1,9,20,0,2,1,1,0.58,0.5455,0.56,0.1343,40,421,461
6156,3449,2011-05-28,2,0,5,14,0,6,0,1,0.74,0.6818,0.58,0.2239,172,210,382
6157,4963,2011-07-30,3,0,7,16,0,6,0,1,0.9,0.7879,0.27,0.2239,126,176,302
6158,13862,2012-08-05,3,1,8,18,0,0,0,3,0.7,0.6667,0.74,0.1343,75,154,229
6159,44,2011-01-02,1,0,1,20,0,0,0,1,0.3,0.2727,0.39,0.3582,5,17,22
6160,18,2011-01-01,1,0,1,17,0,6,0,2,0.44,0.4394,0.82,0.2836,15,52,67
6161,798,2011-02-05,1,0,2,16,0,6,0,3,0.22,0.2273,1,0.1343,8,63,71
6162,5468,2011-08-20,3,0,8,17,0,6,0,1,0.8,0.7424,0.49,0.194,180,203,383
6163,1884,2011-03-24,2,0,3,6,0,4,1,2,0.28,0.2727,0.93,0.2239,0,41,41
6164,6694,2011-10-11,4,0,10,11,0,2,1,2,0.6,0.5909,0.73,0.1642,31,92,123
6165,12295,2012-06-01,2,1,6,11,0,5,1,2,0.7,0.6667,0.74,0.2836,42,193,235
6166,2373,2011-04-13,2,0,4,18,0,3,1,1,0.44,0.4394,0.62,0.3881,28,293,321
6167,15485,2012-10-12,4,1,10,9,0,5,1,1,0.5,0.4848,0.39,0.2985,26,374,400
6168,8497,2011-12-25,1,0,12,17,0,0,0,1,0.34,0.3333,0.61,0.1343,11,33,44
6169,9731,2012-02-15,1,1,2,9,0,3,1,1,0.32,0.303,0.61,0.3284,5,226,231
6170,15385,2012-10-08,4,1,10,5,1,1,0,1,0.34,0.3182,0.76,0.2239,2,17,19
6171,6168,2011-09-19,3,0,9,13,0,1,1,2,0.6,0.6061,0.6,0,53,124,177
6172,4095,2011-06-24,3,0,6,12,0,5,1,1,0.8,0.7121,0.41,0.2836,51,150,201
6173,8257,2011-12-15,4,0,12,16,0,4,1,3,0.46,0.4545,0.72,0.1642,7,124,131
6174,481,2011-01-22,1,0,1,1,0,6,0,2,0.04,0,0.41,0.3881,3,9,12
6175,8716,2012-01-03,1,1,1,23,0,2,1,1,0.1,0.0758,0.46,0.3881,0,18,18
6176,12251,2012-05-30,2,1,5,15,0,3,1,1,0.72,0.6667,0.51,0.1343,54,221,275
6177,11586,2012-05-02,2,1,5,22,0,3,1,1,0.5,0.4848,0.82,0.2239,27,146,173
6178,16635,2012-11-30,4,1,11,21,0,5,1,1,0.3,0.3182,0.75,0.0896,14,169,183
6179,10412,2012-03-14,1,1,3,22,0,3,1,1,0.52,0.5,0.55,0.1343,43,159,202
6180,1332,2011-02-28,1,0,2,18,0,1,1,3,0.46,0.4545,0.94,0.194,4,127,131
6181,16065,2012-11-07,4,1,11,1,0,3,1,2,0.28,0.2727,0.61,0.2537,6,86,92
6182,12841,2012-06-24,3,1,6,5,0,0,0,1,0.62,0.6061,0.69,0.1343,1,7,8
6183,3306,2011-05-22,2,0,5,15,0,0,0,2,0.66,0.6212,0.61,0.1642,110,221,331
6184,4356,2011-07-05,3,0,7,9,0,2,1,1,0.74,0.6818,0.58,0.1343,50,177,227
6185,12746,2012-06-20,2,1,6,6,0,3,1,2,0.64,0.5758,0.89,0.0896,9,156,165
6186,444,2011-01-20,1,0,1,12,0,4,1,2,0.3,0.3333,0.42,0,7,77,84
6187,11328,2012-04-22,2,1,4,4,0,0,0,2,0.44,0.4394,0.77,0.1642,0,7,7
6188,7524,2011-11-15,4,0,11,2,0,2,1,1,0.56,0.5303,0.64,0.2537,7,8,15
6189,16839,2012-12-09,4,1,12,9,0,0,0,2,0.4,0.4091,0.87,0.2537,9,94,103
6190,14152,2012-08-17,3,1,8,20,0,5,1,2,0.72,0.2424,0.58,0.2239,97,262,359
6191,1421,2011-03-04,1,0,3,11,0,5,1,1,0.28,0.2727,0.52,0.2239,16,73,89
6192,5206,2011-08-09,3,0,8,19,0,2,1,1,0.8,0.7424,0.49,0.1045,69,302,371
6193,14724,2012-09-10,3,1,9,16,0,1,1,1,0.66,0.6212,0.34,0.3284,108,380,488
6194,15274,2012-10-03,4,1,10,14,0,3,1,2,0.72,0.6818,0.7,0.1642,56,195,251
6195,15222,2012-10-01,4,1,10,10,0,1,1,1,0.54,0.5152,0.56,0,44,135,179
6196,15777,2012-10-24,4,1,10,13,0,3,1,1,0.66,0.6212,0.54,0,65,241,306
6197,1064,2011-02-17,1,0,2,1,0,4,1,1,0.34,0.3182,0.53,0.2239,0,6,6
6198,431,2011-01-19,1,0,1,23,0,3,1,1,0.3,0.2727,0.52,0.4627,1,27,28
6199,16564,2012-11-27,4,1,11,21,0,2,1,1,0.24,0.2121,0.81,0.2836,6,179,185
6200,14725,2012-09-10,3,1,9,17,0,1,1,1,0.66,0.6212,0.34,0.3284,127,744,871
6201,2329,2011-04-11,2,0,4,22,0,1,1,2,0.64,0.6212,0.5,0.2836,25,66,91
6202,228,2011-01-10,1,0,1,18,0,1,1,1,0.2,0.197,0.4,0.2239,1,154,155
6203,14727,2012-09-10,3,1,9,19,0,1,1,1,0.62,0.6212,0.38,0.2985,71,562,633
6204,578,2011-01-26,1,0,1,8,0,3,1,3,0.22,0.2121,0.87,0.2985,3,69,72
6205,4234,2011-06-30,3,0,6,7,0,4,1,1,0.62,0.6061,0.61,0.2239,29,291,320
6206,8198,2011-12-13,4,0,12,5,0,2,1,1,0.18,0.2424,0.86,0,0,20,20
6207,685,2011-01-31,1,0,1,20,0,1,1,3,0.16,0.1667,0.59,0.1642,0,78,78
6208,5221,2011-08-10,3,0,8,10,0,3,1,1,0.8,0.7273,0.43,0.2239,41,72,113
6209,12472,2012-06-08,2,1,6,20,0,5,1,1,0.72,0.6515,0.32,0.1343,117,291,408
6210,3786,2011-06-11,2,0,6,15,0,6,0,1,0.82,0.7727,0.49,0.1045,142,232,374
6211,6632,2011-10-08,4,0,10,21,0,6,0,1,0.52,0.5,0.77,0,54,133,187
6212,5795,2011-09-03,3,0,9,21,0,6,0,1,0.68,0.6364,0.83,0.1343,71,93,164
6213,762,2011-02-04,1,0,2,3,0,5,1,2,0.14,0.1667,0.63,0.1045,0,1,1
6214,3589,2011-06-03,2,0,6,10,0,5,1,1,0.62,0.6212,0.33,0.2537,54,107,161
6215,7020,2011-10-25,4,0,10,2,0,2,1,1,0.42,0.4242,0.82,0.1343,2,3,5
6216,797,2011-02-05,1,0,2,15,0,6,0,3,0.22,0.2727,1,0,11,49,60
6217,6495,2011-10-03,4,0,10,4,0,1,1,1,0.34,0.3485,0.87,0.1045,2,6,8
6218,6292,2011-09-24,4,0,9,17,0,6,0,1,0.66,0.6212,0.74,0.1045,180,246,426
6219,12383,2012-06-05,2,1,6,3,0,2,1,3,0.5,0.4848,0.82,0.194,0,5,5
6220,10255,2012-03-08,1,1,3,8,0,4,1,1,0.44,0.4394,0.77,0.3881,12,573,585
6221,11674,2012-05-06,2,1,5,14,0,0,0,2,0.6,0.6061,0.64,0.1045,226,292,518
6222,15474,2012-10-11,4,1,10,22,0,4,1,1,0.4,0.4091,0.66,0.1642,10,167,177
6223,15191,2012-09-30,4,1,9,3,0,0,0,1,0.46,0.4545,0.67,0.0896,17,41,58
6224,11056,2012-04-10,2,1,4,19,0,2,1,1,0.52,0.5,0.2,0.3582,51,428,479
6225,6038,2011-09-14,3,0,9,3,0,3,1,1,0.6,0.5455,0.88,0.1343,1,7,8
6226,434,2011-01-20,1,0,1,2,0,4,1,1,0.26,0.2727,0.56,0,0,2,2
6227,529,2011-01-24,1,0,1,4,0,1,1,1,0.02,0.0606,0.48,0.1343,0,1,1
6228,2759,2011-04-29,2,0,4,20,0,5,1,1,0.48,0.4697,0.48,0.2239,34,160,194
6229,5689,2011-08-30,3,0,8,11,0,2,1,1,0.72,0.6515,0.37,0.194,60,115,175
6230,13507,2012-07-21,3,1,7,23,0,6,0,2,0.6,0.5455,0.88,0,32,117,149
6231,8409,2011-12-22,1,0,12,0,0,4,1,2,0.5,0.4848,0.82,0.1045,3,24,27
6232,1655,2011-03-14,1,0,3,12,0,1,1,1,0.38,0.3939,0.37,0,40,54,94
6233,1293,2011-02-27,1,0,2,0,0,0,0,1,0.26,0.2424,0.87,0.2836,8,26,34
6234,15292,2012-10-04,4,1,10,8,0,4,1,1,0.64,0.5758,0.89,0,27,711,738
6235,14017,2012-08-12,3,1,8,5,0,0,0,1,0.64,0.6212,0.61,0.194,1,9,10
6236,592,2011-01-27,1,0,1,20,0,4,1,1,0.18,0.2121,0.74,0.0896,4,55,59
6237,14231,2012-08-21,3,1,8,3,0,2,1,1,0.56,0.5303,0.88,0,0,3,3
6238,9398,2012-02-01,1,1,2,11,0,3,1,1,0.4,0.4091,0.58,0.1642,27,116,143
6239,5138,2011-08-06,3,0,8,23,0,6,0,3,0.7,0.6667,0.84,0.2836,29,79,108
6240,2393,2011-04-14,2,0,4,14,0,4,1,1,0.56,0.5303,0.35,0.0896,36,101,137
6241,2222,2011-04-07,2,0,4,10,0,4,1,2,0.42,0.4242,0.67,0.1045,29,66,95
6242,14294,2012-08-23,3,1,8,18,0,4,1,1,0.74,0.6667,0.48,0.2239,130,811,941
6243,6699,2011-10-11,4,0,10,16,0,2,1,2,0.6,0.5909,0.73,0.1642,63,257,320
6244,16586,2012-11-28,4,1,11,19,0,3,1,1,0.32,0.3182,0.36,0.1642,9,378,387
6245,1279,2011-02-26,1,0,2,10,0,6,0,2,0.3,0.303,0.49,0.1343,14,71,85
6246,7404,2011-11-10,4,0,11,2,0,4,1,2,0.38,0.3939,0.94,0,0,5,5
6247,12582,2012-06-13,2,1,6,10,0,3,1,2,0.64,0.6061,0.65,0.4179,64,134,198
6248,9845,2012-02-20,1,1,2,3,1,1,0,2,0.24,0.2273,0.81,0.194,0,8,8
6249,14963,2012-09-20,3,1,9,15,0,4,1,1,0.66,0.6212,0.47,0.194,60,231,291
6250,17287,2012-12-28,1,1,12,3,0,5,1,2,0.24,0.2424,0.6,0.1642,0,2,2
6251,6587,2011-10-07,4,0,10,0,0,5,1,1,0.44,0.4394,0.88,0,19,48,67
6252,5698,2011-08-30,3,0,8,20,0,2,1,1,0.66,0.6212,0.5,0,39,259,298
6253,12568,2012-06-12,2,1,6,20,0,2,1,1,0.68,0.6364,0.83,0.194,36,350,386
6254,13277,2012-07-12,3,1,7,9,0,4,1,1,0.72,0.6667,0.58,0.1045,42,285,327
6255,13366,2012-07-16,3,1,7,2,0,1,1,1,0.7,0.6667,0.74,0.1045,4,11,15
6256,10862,2012-04-02,2,1,4,17,0,1,1,1,0.5,0.4848,0.29,0.2836,128,601,729
6257,14032,2012-08-12,3,1,8,20,0,0,0,1,0.72,0.6515,0.45,0,96,204,300
6258,15397,2012-10-08,4,1,10,17,1,1,0,2,0.42,0.4242,0.66,0.2537,81,416,497
6259,10261,2012-03-08,1,1,3,14,0,4,1,2,0.62,0.6212,0.43,0.6418,48,155,203
6260,12386,2012-06-05,2,1,6,6,0,2,1,1,0.48,0.4697,0.82,0.2537,7,177,184
6261,5082,2011-08-04,3,0,8,15,0,4,1,1,0.8,0.7576,0.55,0.2537,50,115,165
6262,14146,2012-08-17,3,1,8,14,0,5,1,1,0.86,0.2424,0.34,0.4179,128,200,328
6263,17353,2012-12-30,1,1,12,21,0,0,0,1,0.2,0.2121,0.51,0.1642,5,42,47
6264,16127,2012-11-09,4,1,11,16,0,5,1,1,0.46,0.4545,0.38,0.1642,57,377,434
6265,7599,2011-11-18,4,0,11,5,0,5,1,1,0.22,0.2273,0.44,0.1343,0,22,22
6266,12954,2012-06-28,3,1,6,22,0,4,1,1,0.76,0.697,0.52,0.1642,50,224,274
6267,6743,2011-10-13,4,0,10,12,0,4,1,2,0.62,0.5606,0.88,0,10,95,105
6268,10157,2012-03-04,1,1,3,6,0,0,0,2,0.3,0.2727,0.52,0.2985,0,5,5
6269,4636,2011-07-17,3,0,7,1,0,0,0,1,0.64,0.6061,0.69,0.194,16,86,102
6270,6757,2011-10-14,4,0,10,2,0,5,1,1,0.56,0.5303,0.94,0.1642,0,6,6
6271,17233,2012-12-25,1,1,12,21,1,2,0,2,0.3,0.2879,0.65,0.194,8,26,34
6272,3541,2011-06-01,2,0,6,10,0,3,1,2,0.76,0.7424,0.75,0.2537,31,84,115
6273,12264,2012-05-31,2,1,5,4,0,4,1,1,0.62,0.6061,0.69,0,0,8,8
6274,15491,2012-10-12,4,1,10,15,0,5,1,1,0.52,0.5,0.42,0.4478,138,317,455
6275,16058,2012-11-06,4,1,11,18,0,2,1,1,0.32,0.303,0.57,0.2985,20,477,497
6276,5978,2011-09-11,3,0,9,14,0,0,0,1,0.72,0.6667,0.58,0.2836,120,222,342
6277,1161,2011-02-21,1,0,2,3,1,1,0,2,0.34,0.303,0.42,0.2985,2,3,5
6278,15095,2012-09-26,4,1,9,3,0,3,1,2,0.58,0.5455,0.64,0.2836,4,6,10
6279,5956,2011-09-10,3,0,9,16,0,6,0,1,0.74,0.6818,0.55,0.194,170,261,431
6280,14862,2012-09-16,3,1,9,10,0,0,0,1,0.62,0.6212,0.5,0.1045,160,330,490
6281,14420,2012-08-29,3,1,8,0,0,3,1,1,0.66,0.6212,0.69,0,8,39,47
6282,10108,2012-03-02,1,1,3,5,0,5,1,1,0.3,0.3333,0.7,0,0,24,24
6283,7285,2011-11-05,4,0,11,3,0,6,0,1,0.3,0.2727,0.52,0.2985,0,8,8
6284,7387,2011-11-09,4,0,11,9,0,3,1,1,0.34,0.3636,0.93,0,22,197,219
6285,8479,2011-12-24,1,0,12,22,0,6,0,1,0.24,0.2879,0.52,0,8,12,20
6286,14634,2012-09-06,3,1,9,22,0,4,1,1,0.64,0.5758,0.89,0.1642,24,193,217
6287,14586,2012-09-04,3,1,9,22,0,2,1,1,0.74,0.697,0.7,0.2836,25,154,179
6288,1574,2011-03-11,1,0,3,0,0,5,1,2,0.34,0.3485,1,0.0896,0,6,6
6289,13868,2012-08-06,3,1,8,0,0,1,1,2,0.72,0.697,0.79,0,9,24,33
6290,15986,2012-11-03,4,1,11,18,0,6,0,2,0.36,0.3333,0.46,0.2836,58,239,297
6291,13915,2012-08-07,3,1,8,23,0,2,1,1,0.72,0.697,0.79,0,18,120,138
6292,9900,2012-02-22,1,1,2,12,0,3,1,1,0.4,0.4091,0.62,0.2836,21,186,207
6293,9637,2012-02-11,1,1,2,11,0,6,0,2,0.24,0.2576,0.81,0.1045,26,157,183
6294,5377,2011-08-16,3,0,8,22,0,2,1,1,0.7,0.6515,0.61,0,31,121,152
6295,15430,2012-10-10,4,1,10,2,0,3,1,2,0.46,0.4545,0.88,0,2,6,8
6296,13214,2012-07-09,3,1,7,18,0,1,1,1,0.76,0.6818,0.48,0.1343,82,790,872
6297,1330,2011-02-28,1,0,2,16,0,1,1,3,0.42,0.4242,1,0.1343,2,40,42
6298,9681,2012-02-13,1,1,2,7,0,1,1,1,0.1,0.1061,0.54,0.194,1,194,195
6299,7633,2011-11-19,4,0,11,15,0,6,0,1,0.42,0.4242,0.41,0.194,120,262,382
6300,3773,2011-06-11,2,0,6,2,0,6,0,1,0.7,0.6667,0.79,0.1045,10,50,60
6301,5485,2011-08-21,3,0,8,10,0,0,0,1,0.74,0.7121,0.74,0.2537,97,177,274
6302,6082,2011-09-15,3,0,9,23,0,4,1,1,0.44,0.4394,0.67,0.2239,8,61,69
6303,14629,2012-09-06,3,1,9,17,0,4,1,1,0.74,0.697,0.7,0.2537,67,741,808
6304,15873,2012-10-28,4,1,10,13,0,0,0,2,0.48,0.4697,0.59,0.4179,75,316,391
6305,3351,2011-05-24,2,0,5,12,0,2,1,1,0.76,0.6818,0.45,0.3881,41,129,170
6306,1887,2011-03-24,2,0,3,9,0,4,1,2,0.26,0.2576,0.93,0.2239,3,94,97
6307,624,2011-01-29,1,0,1,6,0,6,0,1,0.16,0.1818,0.64,0.1343,0,2,2
6308,13433,2012-07-18,3,1,7,21,0,3,1,1,0.76,0.7121,0.62,0,53,266,319
6309,1340,2011-03-01,1,0,3,2,0,2,1,1,0.24,0.2121,0.65,0.3881,0,4,4
6310,17283,2012-12-27,1,1,12,23,0,4,1,2,0.24,0.2273,0.6,0.2537,2,24,26
6311,5838,2011-09-05,3,0,9,16,1,1,0,2,0.68,0.6364,0.79,0.2836,92,192,284
6312,12897,2012-06-26,3,1,6,13,0,2,1,1,0.7,0.6364,0.3,0.4627,74,232,306
6313,7327,2011-11-06,4,0,11,21,0,0,0,1,0.36,0.3636,0.81,0.0896,11,77,88
6314,3081,2011-05-13,2,0,5,6,0,5,1,3,0.5,0.4848,0.88,0.1343,6,76,82
6315,13830,2012-08-04,3,1,8,10,0,6,0,1,0.82,0.7727,0.57,0.194,108,288,396
6316,3795,2011-06-12,2,0,6,0,0,0,0,1,0.66,0.6061,0.78,0.2239,19,100,119
6317,1502,2011-03-07,1,0,3,22,0,1,1,1,0.26,0.2576,0.48,0.1642,1,34,35
6318,4996,2011-08-01,3,0,8,1,0,1,1,1,0.72,0.697,0.74,0.194,5,12,17
6319,12797,2012-06-22,3,1,6,9,0,5,1,1,0.76,0.7121,0.58,0.2239,55,278,333
6320,8627,2011-12-31,1,0,12,5,0,6,0,2,0.36,0.3485,0.76,0.2239,1,0,1
6321,2387,2011-04-14,2,0,4,8,0,4,1,1,0.42,0.4242,0.58,0.1642,21,316,337
6322,15676,2012-10-20,4,1,10,8,0,6,0,1,0.46,0.4545,0.67,0.1343,29,164,193
6323,11975,2012-05-19,2,1,5,3,0,6,0,1,0.5,0.4848,0.48,0.1045,10,23,33
6324,8332,2011-12-18,4,0,12,19,0,0,0,1,0.26,0.2727,0.52,0.1343,5,130,135
6325,7921,2011-12-01,4,0,12,16,0,4,1,1,0.4,0.4091,0.4,0.194,9,192,201
6326,14340,2012-08-25,3,1,8,16,0,6,0,2,0.66,0.6212,0.74,0.2985,174,260,434
6327,10407,2012-03-14,1,1,3,17,0,3,1,1,0.7,0.6364,0.28,0.0896,140,642,782
6328,5710,2011-08-31,3,0,8,8,0,3,1,1,0.62,0.6061,0.69,0,27,440,467
6329,2533,2011-04-20,2,0,4,10,0,3,1,1,0.62,0.6061,0.69,0.0896,45,86,131
6330,517,2011-01-23,1,0,1,15,0,0,0,1,0.16,0.1364,0.28,0.3582,13,64,77
6331,673,2011-01-31,1,0,1,8,0,1,1,2,0.16,0.1364,0.59,0.2836,3,182,185
6332,15233,2012-10-01,4,1,10,21,0,1,1,2,0.54,0.5152,0.73,0.1343,13,205,218
6333,13935,2012-08-08,3,1,8,19,0,3,1,1,0.76,0.7273,0.66,0.2239,119,567,686
6334,15277,2012-10-03,4,1,10,17,0,3,1,1,0.7,0.6515,0.65,0,84,833,917
6335,15775,2012-10-24,4,1,10,11,0,3,1,1,0.58,0.5455,0.64,0,47,189,236
6336,9092,2012-01-19,1,1,1,17,0,4,1,2,0.26,0.2273,0.44,0.3284,21,364,385
6337,10308,2012-03-10,1,1,3,13,0,6,0,1,0.32,0.303,0.29,0.2836,89,268,357
6338,7440,2011-11-11,4,0,11,14,1,5,0,1,0.38,0.3939,0.37,0.4627,64,183,247
6339,4723,2011-07-20,3,0,7,16,0,3,1,1,0.84,0.8182,0.56,0,30,204,234
6340,16759,2012-12-06,4,1,12,1,0,4,1,1,0.26,0.2424,0.48,0.2836,0,16,16
6341,6113,2011-09-17,3,0,9,6,0,6,0,2,0.46,0.4545,0.72,0.2239,5,17,22
6342,4239,2011-06-30,3,0,6,12,0,4,1,1,0.76,0.6667,0.35,0.1642,50,183,233
6343,13481,2012-07-20,3,1,7,21,0,5,1,3,0.62,0.5758,0.83,0.3284,14,108,122
6344,10740,2012-03-28,2,1,3,14,0,3,1,1,0.62,0.6212,0.38,0.3582,52,169,221
6345,14150,2012-08-17,3,1,8,18,0,5,1,2,0.82,0.2424,0.38,0.2537,108,561,669
6346,7720,2011-11-23,4,0,11,6,0,3,1,2,0.44,0.4394,1,0,1,68,69
6347,10933,2012-04-05,2,1,4,16,0,4,1,1,0.5,0.4848,0.31,0.194,84,318,402
6348,1473,2011-03-06,1,0,3,16,0,0,0,3,0.36,0.3333,1,0.2836,3,8,11
6349,10582,2012-03-22,2,1,3,0,0,4,1,1,0.52,0.5,0.83,0.0896,9,32,41
6350,8619,2011-12-30,1,0,12,21,0,5,1,2,0.36,0.3636,0.66,0.1045,11,84,95
6351,15715,2012-10-21,4,1,10,23,0,0,0,1,0.44,0.4394,0.54,0,7,59,66
6352,8956,2012-01-14,1,1,1,0,0,6,0,1,0.16,0.1818,0.47,0.1045,2,42,44
6353,850,2011-02-07,1,0,2,20,0,1,1,2,0.32,0.3333,0.7,0.1045,6,82,88
6354,16819,2012-12-08,4,1,12,13,0,6,0,2,0.4,0.4091,0.87,0.1642,148,399,547
6355,9072,2012-01-18,1,1,1,21,0,3,1,1,0.2,0.1667,0.4,0.4179,5,119,124
6356,10762,2012-03-29,2,1,3,12,0,4,1,1,0.5,0.4848,0.42,0.4925,64,228,292
6357,9682,2012-02-13,1,1,2,8,0,1,1,1,0.1,0.1212,0.54,0.1343,4,413,417
6358,10944,2012-04-06,2,1,4,3,0,5,1,1,0.34,0.303,0.53,0.3284,3,5,8
6359,2211,2011-04-06,2,0,4,23,0,3,1,1,0.46,0.4545,0.41,0.2985,11,29,40
6360,13050,2012-07-02,3,1,7,22,0,1,1,1,0.74,0.6667,0.51,0.1642,19,169,188
6361,3527,2011-05-31,2,0,5,20,0,2,1,1,0.78,0.7424,0.62,0.1045,38,213,251
6362,9073,2012-01-18,1,1,1,22,0,3,1,1,0.18,0.1667,0.47,0.2537,4,74,78
6363,3203,2011-05-18,2,0,5,8,0,3,1,1,0.56,0.5303,0.88,0.2836,25,428,453
6364,10414,2012-03-15,1,1,3,0,0,4,1,1,0.54,0.5152,0.49,0.1343,14,46,60
6365,983,2011-02-13,1,0,2,14,0,0,0,2,0.4,0.4091,0.3,0.4179,51,110,161
6366,16496,2012-11-25,4,1,11,1,0,0,0,1,0.22,0.2273,0.44,0.194,4,32,36
6367,14520,2012-09-02,3,1,9,4,0,0,0,1,0.66,0.5909,0.89,0,7,15,22
6368,7137,2011-10-29,4,0,10,23,0,6,0,1,0.22,0.2273,0.87,0.194,3,33,36
6369,13406,2012-07-17,3,1,7,18,0,2,1,1,0.9,0.803,0.33,0.194,60,712,772
6370,3425,2011-05-27,2,0,5,14,0,5,1,1,0.76,0.697,0.55,0.2537,51,188,239
6371,415,2011-01-19,1,0,1,7,0,3,1,2,0.24,0.2576,0.92,0.1045,1,89,90
6372,3594,2011-06-03,2,0,6,15,0,5,1,1,0.7,0.6364,0.28,0.2836,56,156,212
6373,14886,2012-09-17,3,1,9,10,0,1,1,2,0.62,0.6061,0.65,0.194,73,129,202
6374,7937,2011-12-02,4,0,12,8,0,5,1,1,0.24,0.2879,0.87,0,13,432,445
6375,12747,2012-06-20,2,1,6,7,0,3,1,2,0.66,0.5909,0.89,0,20,444,464
6376,8601,2011-12-30,1,0,12,3,0,5,1,1,0.24,0.2576,0.7,0.1045,0,6,6
6377,10152,2012-03-04,1,1,3,1,0,0,0,2,0.38,0.3939,0.34,0.194,16,60,76
6378,14843,2012-09-15,3,1,9,15,0,6,0,2,0.68,0.6364,0.34,0.2836,312,342,654
6379,4718,2011-07-20,3,0,7,11,0,3,1,1,0.8,0.7879,0.63,0.0896,26,116,142
6380,2095,2011-04-02,2,0,4,3,0,6,0,1,0.24,0.2424,0.7,0.1642,1,8,9
6381,1005,2011-02-14,1,0,2,12,0,1,1,1,0.56,0.5303,0.22,0.4478,27,99,126
6382,11728,2012-05-08,2,1,5,20,0,2,1,2,0.64,0.6061,0.69,0.2836,40,262,302
6383,7625,2011-11-19,4,0,11,7,0,6,0,1,0.24,0.2273,0.6,0.2537,3,38,41
6384,16682,2012-12-02,4,1,12,20,0,0,0,2,0.42,0.4242,0.82,0.194,12,142,154
6385,2341,2011-04-12,2,0,4,10,0,2,1,3,0.5,0.4848,0.82,0.4179,6,34,40
6386,266,2011-01-12,1,0,1,12,0,3,1,1,0.2,0.1515,0.47,0.5821,3,52,55
6387,9227,2012-01-25,1,1,1,8,0,3,1,1,0.24,0.2273,0.7,0.2537,18,495,513
6388,10761,2012-03-29,2,1,3,11,0,4,1,1,0.5,0.4848,0.45,0.4179,54,166,220
6389,9059,2012-01-18,1,1,1,8,0,3,1,1,0.3,0.2727,0.52,0.4179,15,474,489
6390,12013,2012-05-20,2,1,5,17,0,0,0,1,0.72,0.6515,0.45,0.3284,209,340,549
6391,6573,2011-10-06,4,0,10,10,0,4,1,1,0.52,0.5,0.52,0,24,105,129
6392,3334,2011-05-23,2,0,5,19,0,1,1,1,0.7,0.6667,0.74,0.2239,56,302,358
6393,12354,2012-06-03,2,1,6,22,0,0,0,1,0.62,0.6212,0.5,0.3881,61,165,226
6394,11676,2012-05-06,2,1,5,16,0,0,0,2,0.62,0.6061,0.61,0,181,363,544
6395,9564,2012-02-08,1,1,2,10,0,3,1,2,0.26,0.2576,0.7,0.2239,1,107,108
6396,3543,2011-06-01,2,0,6,12,0,3,1,1,0.86,0.8333,0.53,0,32,137,169
6397,13440,2012-07-19,3,1,7,4,0,4,1,1,0.72,0.6818,0.7,0.1045,0,8,8
6398,254,2011-01-11,1,0,1,22,0,2,1,3,0.16,0.1818,0.93,0.1045,1,28,29
6399,11905,2012-05-16,2,1,5,5,0,3,1,1,0.54,0.5152,0.94,0.1045,4,34,38
6400,17296,2012-12-28,1,1,12,12,0,5,1,2,0.3,0.303,0.49,0.1343,72,150,222
6401,1149,2011-02-20,1,0,2,15,0,0,0,1,0.36,0.3636,0.27,0.0896,66,102,168
6402,2143,2011-04-04,2,0,4,3,0,1,1,1,0.38,0.3939,0.66,0.2836,1,0,1
6403,6093,2011-09-16,3,0,9,10,0,5,1,2,0.5,0.4848,0.51,0.2836,36,104,140
6404,6404,2011-09-29,4,0,9,9,0,4,1,1,0.62,0.5909,0.78,0.2537,27,198,225
6405,3852,2011-06-14,2,0,6,9,0,2,1,1,0.62,0.6212,0.46,0.194,19,174,193
6406,7722,2011-11-23,4,0,11,8,0,3,1,2,0.48,0.4697,0.94,0.1045,7,316,323
6407,1083,2011-02-17,1,0,2,20,0,4,1,1,0.48,0.4697,0.59,0.3284,8,131,139
6408,1672,2011-03-15,1,0,3,6,0,2,1,1,0.22,0.2273,0.8,0.194,3,32,35
6409,11763,2012-05-10,2,1,5,7,0,4,1,1,0.44,0.4394,0.72,0.2985,8,393,401
6410,3243,2011-05-20,2,0,5,0,0,5,1,1,0.46,0.4545,0.94,0.0896,15,33,48
6411,6819,2011-10-16,4,0,10,16,0,0,0,1,0.6,0.6212,0.46,0.3881,177,289,466
6412,15511,2012-10-13,4,1,10,11,0,6,0,1,0.42,0.4242,0.35,0.1343,192,335,527
6413,1504,2011-03-08,1,0,3,0,0,2,1,1,0.26,0.2879,0.48,0.0896,1,9,10
6414,9888,2012-02-22,1,1,2,0,0,3,1,1,0.32,0.303,0.66,0.2239,5,19,24
6415,1972,2011-03-27,2,0,3,23,0,0,0,1,0.26,0.2576,0.44,0.194,3,16,19
6416,13825,2012-08-04,3,1,8,5,0,6,0,1,0.7,0.6667,0.84,0.2239,1,16,17
6417,3799,2011-06-12,2,0,6,4,0,0,0,1,0.62,0.5606,0.88,0.1642,8,6,14
6418,4864,2011-07-26,3,0,7,13,0,2,1,1,0.84,0.7273,0.32,0.2985,43,139,182
6419,7290,2011-11-05,4,0,11,8,0,6,0,1,0.28,0.2576,0.56,0.3284,4,80,84
6420,695,2011-02-01,1,0,2,7,0,2,1,3,0.16,0.2273,0.93,0,0,52,52
6421,5730,2011-09-01,3,0,9,4,0,4,1,1,0.56,0.5303,0.83,0.0896,0,7,7
6422,13937,2012-08-08,3,1,8,21,0,3,1,1,0.74,0.697,0.66,0.1045,70,311,381
6423,3856,2011-06-14,2,0,6,13,0,2,1,1,0.64,0.6212,0.44,0.2239,33,176,209
6424,5965,2011-09-11,3,0,9,1,0,0,0,2,0.62,0.5606,0.88,0,22,66,88
6425,14660,2012-09-08,3,1,9,0,0,6,0,1,0.66,0.5909,0.89,0.2537,20,130,150
6426,14308,2012-08-24,3,1,8,8,0,5,1,2,0.66,0.6212,0.74,0,41,703,744
6427,13450,2012-07-19,3,1,7,14,0,4,1,1,0.86,0.7879,0.44,0.0896,46,151,197
6428,17010,2012-12-16,4,1,12,12,0,0,0,2,0.38,0.3939,0.82,0.194,67,350,417
6429,11493,2012-04-29,2,1,4,1,0,0,0,2,0.36,0.3485,0.81,0.1343,5,37,42
6430,11933,2012-05-17,2,1,5,9,0,4,1,1,0.54,0.5152,0.52,0.4179,57,289,346
6431,999,2011-02-14,1,0,2,6,0,1,1,1,0.34,0.303,0.46,0.2985,1,25,26
6432,3095,2011-05-13,2,0,5,20,0,5,1,2,0.52,0.5,0.83,0.1343,22,130,152
6433,10646,2012-03-24,2,1,3,16,0,6,0,3,0.5,0.4848,0.94,0.2985,49,128,177
6434,2115,2011-04-02,2,0,4,23,0,6,0,1,0.32,0.3182,0.61,0.1642,20,33,53
6435,15290,2012-10-04,4,1,10,6,0,4,1,3,0.62,0.5455,0.94,0.0896,1,132,133
6436,2274,2011-04-09,2,0,4,14,0,6,0,2,0.36,0.3485,0.81,0.1343,94,118,212
6437,7301,2011-11-05,4,0,11,19,0,6,0,1,0.34,0.3636,0.53,0,45,159,204
6438,8893,2012-01-11,1,1,1,9,0,3,1,2,0.2,0.2121,0.86,0.1343,7,218,225
6439,3245,2011-05-20,2,0,5,2,0,5,1,1,0.44,0.4394,1,0.0896,4,4,8
6440,10515,2012-03-19,1,1,3,5,0,1,1,1,0.44,0.4394,0.94,0,0,31,31
6441,6183,2011-09-20,3,0,9,4,0,2,1,1,0.54,0.5152,0.88,0.194,2,4,6
6442,3101,2011-05-14,2,0,5,2,0,6,0,2,0.5,0.4848,0.88,0.1343,15,37,52
6443,12597,2012-06-14,2,1,6,1,0,4,1,1,0.6,0.6212,0.56,0.2239,4,17,21
6444,4818,2011-07-24,3,0,7,15,0,0,0,1,0.9,0.8485,0.42,0.2537,68,170,238
6445,15823,2012-10-26,4,1,10,11,0,5,1,2,0.56,0.5303,0.78,0.1642,68,222,290
6446,7976,2011-12-03,4,0,12,23,0,6,0,1,0.3,0.303,0.7,0.1343,12,73,85
6447,3564,2011-06-02,2,0,6,9,0,4,1,1,0.72,0.6364,0.26,0.3582,28,197,225
6448,14715,2012-09-10,3,1,9,7,0,1,1,1,0.52,0.5,0.68,0.2239,20,427,447
6449,13079,2012-07-04,3,1,7,3,1,3,0,1,0.68,0.6364,0.74,0.194,9,23,32
6450,8655,2012-01-01,1,1,1,9,0,0,0,1,0.26,0.2727,0.93,0.1045,13,27,40
6451,4473,2011-07-10,3,0,7,6,0,0,0,1,0.64,0.5909,0.78,0.0896,8,17,25
6452,6177,2011-09-19,3,0,9,22,0,1,1,2,0.56,0.5303,0.68,0.1642,25,104,129
6453,17027,2012-12-17,4,1,12,5,0,1,1,2,0.38,0.3939,0.87,0,0,24,24
6454,6313,2011-09-25,4,0,9,14,0,0,0,2,0.66,0.6061,0.78,0,116,231,347
6455,16822,2012-12-08,4,1,12,16,0,6,0,1,0.42,0.4242,0.82,0.1642,139,368,507
6456,16151,2012-11-10,4,1,11,16,0,6,0,1,0.54,0.5152,0.37,0,227,378,605
6457,15753,2012-10-23,4,1,10,13,0,2,1,2,0.64,0.6212,0.44,0,59,244,303
6458,15186,2012-09-29,4,1,9,22,0,6,0,1,0.5,0.4848,0.63,0.1045,48,173,221
6459,14777,2012-09-12,3,1,9,21,0,3,1,1,0.6,0.6061,0.6,0.1343,27,279,306
6460,16702,2012-12-03,4,1,12,16,0,1,1,1,0.6,0.6212,0.53,0.1343,45,397,442
6461,9280,2012-01-27,1,1,1,13,0,5,1,1,0.5,0.4848,0.59,0.4627,26,175,201
6462,2636,2011-04-24,2,0,4,17,0,0,0,1,0.66,0.6212,0.65,0.2985,142,189,331
6463,7746,2011-11-24,4,0,11,8,1,4,0,1,0.3,0.3182,0.65,0.0896,4,42,46
6464,14633,2012-09-06,3,1,9,21,0,4,1,1,0.64,0.5758,0.89,0.1642,32,240,272
6465,15118,2012-09-27,4,1,9,2,0,4,1,1,0.6,0.5758,0.78,0.0896,3,13,16
6466,3232,2011-05-19,2,0,5,13,0,4,1,3,0.58,0.5455,0.64,0.2537,44,139,183
6467,12294,2012-06-01,2,1,6,10,0,5,1,2,0.66,0.6061,0.78,0.2836,49,155,204
6468,14355,2012-08-26,3,1,8,7,0,0,0,1,0.64,0.5758,0.89,0.194,11,23,34
6469,2485,2011-04-18,2,0,4,10,0,1,1,2,0.52,0.5,0.55,0.1045,41,68,109
6470,4843,2011-07-25,3,0,7,16,0,1,1,1,0.7,0.6667,0.84,0.2239,37,161,198
6471,10785,2012-03-30,2,1,3,11,0,5,1,2,0.36,0.3788,0.53,0,48,153,201
6472,14354,2012-08-26,3,1,8,6,0,0,0,1,0.62,0.5606,0.88,0.2985,5,16,21
6473,4591,2011-07-15,3,0,7,4,0,5,1,1,0.6,0.5909,0.73,0.1642,2,8,10
6474,5968,2011-09-11,3,0,9,4,0,0,0,1,0.6,0.5606,0.83,0.1343,3,6,9
6475,15046,2012-09-24,4,1,9,2,0,1,1,2,0.46,0.4545,0.63,0.1343,0,8,8
6476,8350,2011-12-19,4,0,12,13,0,1,1,1,0.34,0.303,0.49,0.3284,15,127,142
6477,5351,2011-08-15,3,0,8,20,0,1,1,1,0.66,0.6212,0.74,0.1343,45,240,285
6478,953,2011-02-12,1,0,2,7,0,6,0,1,0.12,0.1515,0.8,0.1045,2,9,11
6479,12180,2012-05-27,2,1,5,16,0,0,0,1,0.78,0.7121,0.52,0.2836,258,243,501
6480,14559,2012-09-03,3,1,9,19,1,1,0,1,0.72,0.697,0.74,0.194,73,301,374
6481,5665,2011-08-29,3,0,8,11,0,1,1,1,0.66,0.6212,0.47,0.1642,38,100,138
6482,12191,2012-05-28,2,1,5,3,1,1,0,1,0.62,0.5909,0.73,0.1642,6,12,18
6483,3410,2011-05-26,2,0,5,23,0,4,1,1,0.7,0.6515,0.65,0.194,17,73,90
6484,8300,2011-12-17,4,0,12,11,0,6,0,2,0.28,0.2576,0.45,0.3284,21,188,209
6485,4776,2011-07-22,3,0,7,21,0,5,1,1,0.82,0.803,0.59,0.0896,38,152,190
6486,1719,2011-03-17,1,0,3,6,0,4,1,1,0.32,0.3182,0.76,0.194,4,47,51
6487,7809,2011-11-26,4,0,11,23,0,6,0,1,0.36,0.3788,0.81,0,18,51,69
6488,10722,2012-03-27,2,1,3,20,0,2,1,1,0.42,0.4242,0.17,0.0896,28,266,294
6489,12547,2012-06-11,2,1,6,23,0,1,1,2,0.7,0.6515,0.58,0.2239,8,72,80
6490,16331,2012-11-18,4,1,11,4,0,0,0,2,0.3,0.2879,0.81,0.194,4,8,12
6491,8442,2011-12-23,1,0,12,9,0,5,1,1,0.4,0.4091,0.66,0.2985,4,152,156
6492,10361,2012-03-12,1,1,3,19,0,1,1,2,0.56,0.5303,0.49,0.2239,67,379,446
6493,13311,2012-07-13,3,1,7,19,0,5,1,1,0.74,0.6667,0.51,0.1642,103,385,488
6494,6483,2011-10-02,4,0,10,16,0,0,0,3,0.36,0.3485,0.87,0.194,44,162,206
6495,7979,2011-12-04,4,0,12,2,0,0,0,1,0.26,0.303,0.81,0,11,51,62
6496,7418,2011-11-10,4,0,11,16,0,4,1,3,0.36,0.3485,0.81,0.2239,6,67,73
6497,13749,2012-08-01,3,1,8,1,0,3,1,1,0.66,0.6061,0.83,0.0896,5,28,33
6498,2565,2011-04-21,2,0,4,18,0,4,1,1,0.5,0.4848,0.25,0.2836,71,381,452
6499,5929,2011-09-09,3,0,9,13,0,5,1,1,0.7,0.6667,0.79,0.0896,14,108,122
6500,15238,2012-10-02,4,1,10,2,0,2,1,2,0.54,0.5152,0.77,0.1045,0,2,2
6501,7886,2011-11-30,4,0,11,5,0,3,1,1,0.28,0.2727,0.81,0.194,1,21,22
6502,5153,2011-08-07,3,0,8,14,0,0,0,1,0.86,0.803,0.47,0.194,130,192,322
6503,1147,2011-02-20,1,0,2,13,0,0,0,1,0.34,0.3333,0.29,0,76,122,198
6504,13392,2012-07-17,3,1,7,4,0,2,1,1,0.72,0.6818,0.62,0,0,7,7
6505,1938,2011-03-26,2,0,3,12,0,6,0,1,0.3,0.2879,0.36,0.194,98,129,227
6506,15149,2012-09-28,4,1,9,9,0,5,1,2,0.62,0.5758,0.83,0.1045,27,399,426
6507,1032,2011-02-15,1,0,2,16,0,2,1,1,0.34,0.3182,0.19,0.2537,21,77,98
6508,3885,2011-06-15,2,0,6,18,0,3,1,1,0.72,0.6515,0.32,0.1343,80,527,607
6509,14104,2012-08-15,3,1,8,20,0,3,1,1,0.7,0.6515,0.61,0.1343,72,355,427
6510,7653,2011-11-20,4,0,11,11,0,0,0,2,0.5,0.4848,0.63,0.1045,74,212,286
6511,17172,2012-12-23,1,1,12,6,0,0,0,1,0.16,0.197,0.64,0.0896,4,5,9
6512,12385,2012-06-05,2,1,6,5,0,2,1,3,0.48,0.4697,0.82,0.1642,1,35,36
6513,457,2011-01-21,1,0,1,1,0,5,1,2,0.24,0.2273,0.7,0.2537,0,6,6
6514,11252,2012-04-19,2,1,4,0,0,4,1,3,0.42,0.4242,0.77,0,5,20,25
6515,3337,2011-05-23,2,0,5,22,0,1,1,1,0.62,0.5455,0.94,0.2239,25,106,131
6516,5398,2011-08-17,3,0,8,19,0,3,1,1,0.76,0.697,0.55,0.2239,50,297,347
6517,10130,2012-03-03,1,1,3,3,0,6,0,2,0.36,0.3485,0.93,0.1642,1,20,21
6518,3859,2011-06-14,2,0,6,16,0,2,1,1,0.68,0.6364,0.41,0.194,51,279,330
6519,97,2011-01-05,1,0,1,5,0,3,1,1,0.22,0.2273,0.47,0.1642,0,3,3
6520,3508,2011-05-31,2,0,5,1,0,2,1,1,0.68,0.6364,0.89,0.0896,8,9,17
6521,3131,2011-05-15,2,0,5,8,0,0,0,2,0.54,0.5152,0.94,0.1343,24,46,70
6522,2475,2011-04-18,2,0,4,0,0,1,1,1,0.46,0.4545,0.47,0.0896,15,24,39
6523,3932,2011-06-17,2,0,6,17,0,5,1,3,0.76,0.6818,0.4,0.194,85,467,552
6524,2628,2011-04-24,2,0,4,9,0,0,0,1,0.56,0.5303,0.88,0.2537,73,104,177
6525,3774,2011-06-11,2,0,6,3,0,6,0,1,0.68,0.6364,0.83,0.0896,10,18,28
6526,14606,2012-09-05,3,1,9,18,0,3,1,1,0.76,0.7424,0.75,0.194,82,757,839
6527,2240,2011-04-08,2,0,4,4,0,5,1,2,0.34,0.3333,0.86,0.1343,0,1,1
6528,12789,2012-06-22,3,1,6,1,0,5,1,1,0.76,0.7424,0.75,0.1642,3,28,31
6529,7094,2011-10-28,4,0,10,4,0,5,1,1,0.3,0.2879,0.65,0.2836,5,5,10
6530,7895,2011-11-30,4,0,11,14,0,3,1,2,0.38,0.3939,0.43,0.3582,13,99,112
6531,7513,2011-11-14,4,0,11,15,0,1,1,1,0.64,0.6212,0.44,0.3284,53,142,195
6532,13638,2012-07-27,3,1,7,10,0,5,1,1,0.84,0.7727,0.47,0,85,146,231
6533,3028,2011-05-11,2,0,5,1,0,3,1,2,0.5,0.4848,0.59,0.1045,4,16,20
6534,5748,2011-09-01,3,0,9,22,0,4,1,2,0.66,0.6212,0.57,0.2239,34,145,179
6535,5139,2011-08-07,3,0,8,0,0,0,0,2,0.7,0.6667,0.84,0.2836,14,66,80
6536,12213,2012-05-29,2,1,5,1,0,2,1,1,0.7,0.6667,0.79,0.194,1,13,14
6537,2390,2011-04-14,2,0,4,11,0,4,1,1,0.52,0.5,0.45,0.1642,28,87,115
6538,7947,2011-12-02,4,0,12,18,0,5,1,1,0.4,0.4091,0.5,0,10,362,372
6539,16820,2012-12-08,4,1,12,14,0,6,0,2,0.4,0.4091,0.87,0.2836,164,378,542
6540,1593,2011-03-11,1,0,3,20,0,5,1,1,0.3,0.303,0.56,0.1642,6,70,76
6541,2392,2011-04-14,2,0,4,13,0,4,1,1,0.56,0.5303,0.37,0.2239,38,121,159
6542,3083,2011-05-13,2,0,5,8,0,5,1,2,0.5,0.4848,0.88,0.194,26,361,387
6543,7590,2011-11-17,4,0,11,20,0,4,1,1,0.3,0.2879,0.42,0.2836,7,162,169
6544,8012,2011-12-05,4,0,12,11,0,1,1,2,0.36,0.3636,0.87,0.0896,17,106,123
6545,11741,2012-05-09,2,1,5,9,0,3,1,2,0.6,0.5606,0.83,0,40,285,325
6546,6835,2011-10-17,4,0,10,8,0,1,1,2,0.5,0.4848,0.51,0.2537,33,381,414
6547,15703,2012-10-21,4,1,10,11,0,0,0,1,0.52,0.5,0.44,0.3284,191,356,547
6548,13251,2012-07-11,3,1,7,7,0,3,1,2,0.66,0.6061,0.83,0.1045,26,471,497
6549,5157,2011-08-07,3,0,8,18,0,0,0,1,0.72,0.697,0.74,0.0896,74,155,229
6550,7664,2011-11-20,4,0,11,22,0,0,0,3,0.46,0.4545,0.88,0.0896,5,35,40
6551,14434,2012-08-29,3,1,8,14,0,3,1,1,0.76,0.6818,0.4,0.0896,87,214,301
6552,16400,2012-11-21,4,1,11,1,0,3,1,1,0.32,0.3333,0.81,0.1045,1,13,14
6553,1664,2011-03-14,1,0,3,21,0,1,1,1,0.34,0.3333,0.46,0.1343,5,58,63
6554,2902,2011-05-05,2,0,5,19,0,4,1,1,0.54,0.5152,0.28,0.2239,56,305,361
6555,4100,2011-06-24,3,0,6,17,0,5,1,1,0.76,0.6667,0.37,0.2537,85,472,557
6556,14917,2012-09-18,3,1,9,17,0,2,1,3,0.6,0.5455,0.88,0.194,36,302,338
6557,17103,2012-12-20,4,1,12,9,0,4,1,2,0.3,0.3333,0.7,0,14,303,317
6558,5089,2011-08-04,3,0,8,22,0,4,1,1,0.68,0.6364,0.74,0.194,33,141,174
6559,15145,2012-09-28,4,1,9,5,0,5,1,1,0.56,0.5303,0.88,0,1,37,38
6560,2541,2011-04-20,2,0,4,18,0,3,1,1,0.74,0.6515,0.3,0.3582,56,385,441
6561,12964,2012-06-29,3,1,6,8,0,5,1,2,0.74,0.6818,0.55,0.1045,48,576,624
6562,10548,2012-03-20,1,1,3,14,0,2,1,2,0.6,0.5909,0.73,0.1642,66,182,248
6563,11959,2012-05-18,2,1,5,11,0,5,1,1,0.62,0.6212,0.43,0,109,225,334
6564,6408,2011-09-29,4,0,9,13,0,4,1,1,0.64,0.6212,0.61,0.194,36,175,211
6565,12274,2012-05-31,2,1,5,14,0,4,1,1,0.76,0.6667,0.31,0.194,61,193,254
6566,7793,2011-11-26,4,0,11,7,0,6,0,1,0.26,0.2727,0.87,0.1045,4,13,17
6567,6841,2011-10-17,4,0,10,14,0,1,1,1,0.58,0.5455,0.49,0.194,44,122,166
6568,2355,2011-04-13,2,0,4,0,0,3,1,2,0.4,0.4091,1,0.2985,3,12,15
6569,2135,2011-04-03,2,0,4,19,0,0,0,2,0.42,0.4242,0.44,0.194,51,93,144
6570,9842,2012-02-20,1,1,2,0,1,1,0,2,0.24,0.2576,0.87,0.0896,5,36,41
6571,2398,2011-04-14,2,0,4,19,0,4,1,1,0.54,0.5152,0.32,0,37,222,259
6572,16004,2012-11-04,4,1,11,12,0,0,0,1,0.38,0.3939,0.46,0.2239,150,354,504
6573,4185,2011-06-28,3,0,6,6,0,2,1,1,0.66,0.6061,0.83,0.1642,7,117,124
6574,15499,2012-10-12,4,1,10,23,0,5,1,1,0.36,0.3485,0.57,0.194,11,89,100
6575,2577,2011-04-22,2,0,4,6,0,5,1,1,0.34,0.3182,0.53,0.2836,2,47,49
6576,2374,2011-04-13,2,0,4,19,0,3,1,1,0.44,0.4394,0.62,0.2537,15,160,175
6577,11810,2012-05-12,2,1,5,6,0,6,0,1,0.42,0.4242,0.67,0.0896,10,23,33
6578,13716,2012-07-30,3,1,7,16,0,1,1,1,0.8,0.7424,0.49,0.2836,88,337,425
6579,11400,2012-04-25,2,1,4,4,0,3,1,1,0.34,0.3485,0.66,0.0896,0,6,6
6580,8766,2012-01-06,1,1,1,1,0,5,1,1,0.22,0.2727,0.75,0,2,6,8
6581,15655,2012-10-19,4,1,10,11,0,5,1,1,0.6,0.5606,0.83,0.194,41,211,252
6582,1282,2011-02-26,1,0,2,13,0,6,0,2,0.34,0.3182,0.42,0.2537,38,136,174
6583,8631,2011-12-31,1,0,12,9,0,6,0,1,0.38,0.3939,0.76,0,18,72,90
6584,15172,2012-09-29,4,1,9,8,0,6,0,1,0.5,0.4848,0.68,0.2836,37,174,211
6585,5641,2011-08-28,3,0,8,11,0,0,0,1,0.7,0.6515,0.58,0.3881,59,178,237
6586,15155,2012-09-28,4,1,9,15,0,5,1,2,0.68,0.6364,0.54,0.2836,104,288,392
6587,9836,2012-02-19,1,1,2,18,0,0,0,2,0.3,0.2727,0.49,0.3284,23,144,167
6588,11421,2012-04-26,2,1,4,1,0,4,1,2,0.48,0.4697,0.48,0.0896,1,22,23
6589,2516,2011-04-19,2,0,4,17,0,2,1,1,0.56,0.5303,0.6,0.1045,39,372,411
6590,16076,2012-11-07,4,1,11,12,0,3,1,2,0.32,0.303,0.53,0.2836,24,188,212
6591,4263,2011-07-01,3,0,7,12,0,5,1,1,0.8,0.697,0.26,0,83,180,263
6592,12170,2012-05-27,2,1,5,6,0,0,0,1,0.62,0.5758,0.83,0.1642,8,14,22
6593,15662,2012-10-19,4,1,10,18,0,5,1,1,0.56,0.5303,0.83,0.1045,21,212,233
6594,1472,2011-03-06,1,0,3,15,0,0,0,3,0.44,0.4394,1,0.2239,3,4,7
6595,416,2011-01-19,1,0,1,8,0,3,1,2,0.24,0.2576,0.93,0.1045,1,196,197
6596,6957,2011-10-22,4,0,10,11,0,6,0,2,0.44,0.4394,0.62,0.1045,110,172,282
6597,6347,2011-09-27,4,0,9,0,0,2,1,1,0.62,0.5455,0.94,0.1343,9,28,37
6598,5014,2011-08-01,3,0,8,19,0,1,1,1,0.74,0.6667,0.51,0.2239,63,350,413
6599,5779,2011-09-03,3,0,9,5,0,6,0,1,0.62,0.6061,0.69,0.194,3,9,12
6600,12611,2012-06-14,2,1,6,15,0,4,1,1,0.74,0.6667,0.48,0.2985,111,213,324
6601,3696,2011-06-07,2,0,6,21,0,2,1,1,0.72,0.6818,0.7,0.1343,31,187,218
6602,711,2011-02-01,1,0,2,23,0,2,1,3,0.2,0.197,0.93,0.194,1,15,16
6603,12308,2012-06-02,2,1,6,0,0,6,0,2,0.56,0.5303,0.83,0.1343,5,81,86
6604,15032,2012-09-23,4,1,9,12,0,0,0,1,0.56,0.5303,0.43,0.1045,250,526,776
6605,3529,2011-05-31,2,0,5,22,0,2,1,1,0.74,0.697,0.7,0.1642,42,117,159
6606,4504,2011-07-11,3,0,7,13,0,1,1,1,0.86,0.8182,0.5,0.2537,22,119,141
6607,7307,2011-11-06,4,0,11,1,0,0,0,1,0.26,0.303,0.81,0,11,104,115
6608,2529,2011-04-20,2,0,4,6,0,3,1,1,0.42,0.4242,0.94,0.1642,2,62,64
6609,15248,2012-10-02,4,1,10,12,0,2,1,2,0.6,0.5455,0.88,0.194,6,98,104
6610,9202,2012-01-24,1,1,1,7,0,2,1,2,0.32,0.3333,0.93,0.1343,11,221,232
6611,16567,2012-11-28,4,1,11,0,0,3,1,2,0.26,0.2424,0.75,0.2537,1,22,23
6612,2894,2011-05-05,2,0,5,11,0,4,1,1,0.52,0.5,0.36,0.4478,43,105,148
6613,13609,2012-07-26,3,1,7,5,0,4,1,1,0.66,0.6212,0.74,0.194,2,40,42
6614,1496,2011-03-07,1,0,3,16,0,1,1,1,0.34,0.303,0.31,0.3582,26,96,122
6615,6635,2011-10-09,4,0,10,0,0,0,0,1,0.46,0.4545,0.88,0.0896,46,83,129
6616,12571,2012-06-12,2,1,6,23,0,2,1,3,0.66,0.5909,0.94,0.2239,11,78,89
6617,6250,2011-09-22,3,0,9,23,0,4,1,2,0.62,0.5455,0.94,0,14,99,113
6618,6868,2011-10-18,4,0,10,17,0,2,1,1,0.6,0.6061,0.6,0.1343,72,553,625
6619,15908,2012-10-31,4,1,10,12,0,3,1,1,0.4,0.4091,0.58,0.194,44,197,241
6620,4092,2011-06-24,3,0,6,9,0,5,1,1,0.74,0.6818,0.62,0.1343,28,203,231
6621,12069,2012-05-23,2,1,5,1,0,3,1,1,0.6,0.5606,0.83,0.1642,23,9,32
6622,2889,2011-05-05,2,0,5,6,0,4,1,1,0.34,0.3182,0.66,0.2537,3,86,89
6623,13783,2012-08-02,3,1,8,11,0,4,1,1,0.82,0.7727,0.52,0.1045,59,167,226
6624,15079,2012-09-25,4,1,9,11,0,2,1,1,0.6,0.6212,0.46,0.2985,63,155,218
6625,1524,2011-03-08,1,0,3,20,0,2,1,1,0.32,0.3333,0.39,0.0896,2,74,76
6626,10546,2012-03-20,1,1,3,12,0,2,1,1,0.6,0.5758,0.78,0.2537,56,205,261
6627,16794,2012-12-07,4,1,12,12,0,5,1,2,0.34,0.3333,0.71,0.194,36,204,240
6628,5207,2011-08-09,3,0,8,20,0,2,1,1,0.8,0.7273,0.43,0.194,34,258,292
6629,15212,2012-10-01,4,1,10,0,0,1,1,1,0.46,0.4545,0.72,0.1045,6,39,45
6630,1407,2011-03-03,1,0,3,21,0,4,1,1,0.18,0.2121,0.4,0.1045,3,48,51
6631,3320,2011-05-23,2,0,5,5,0,1,1,2,0.54,0.5152,0.94,0,0,11,11
6632,14085,2012-08-15,3,1,8,1,0,3,1,1,0.7,0.6515,0.61,0,6,31,37
6633,13649,2012-07-27,3,1,7,21,0,5,1,1,0.78,0.7424,0.59,0.1045,71,189,260
6634,9469,2012-02-04,1,1,2,10,0,6,0,1,0.24,0.2576,0.87,0.1045,31,193,224
6635,528,2011-01-24,1,0,1,3,0,1,1,1,0.04,0.0303,0.45,0.2537,0,1,1
6636,1812,2011-03-21,2,0,3,5,0,1,1,1,0.32,0.303,0.81,0.2985,1,1,2
6637,8831,2012-01-08,1,1,1,18,0,0,0,1,0.34,0.3182,0.46,0.2239,19,162,181
6638,7402,2011-11-10,4,0,11,0,0,4,1,1,0.4,0.4091,0.87,0,0,24,24
6639,10882,2012-04-03,2,1,4,13,0,2,1,1,0.56,0.5303,0.19,0.2537,120,225,345
6640,13086,2012-07-04,3,1,7,10,1,3,0,1,0.8,0.7273,0.46,0,143,304,447
6641,15463,2012-10-11,4,1,10,11,0,4,1,1,0.46,0.4545,0.36,0,76,175,251
6642,10134,2012-03-03,1,1,3,7,0,6,0,2,0.36,0.3485,0.93,0.1343,2,14,16
6643,12443,2012-06-07,2,1,6,15,0,4,1,1,0.74,0.6515,0.3,0,99,234,333
6644,11631,2012-05-04,2,1,5,19,0,5,1,1,0.7,0.6515,0.51,0.1343,64,388,452
6645,11833,2012-05-13,2,1,5,5,0,0,0,1,0.52,0.5,0.72,0.194,4,8,12
6646,6265,2011-09-23,4,0,9,14,0,5,1,3,0.6,0.5,1,0.0896,3,21,24
6647,8586,2011-12-29,1,0,12,12,0,4,1,2,0.26,0.2727,0.56,0.1045,12,118,130
6648,17092,2012-12-19,4,1,12,22,0,3,1,1,0.34,0.3485,0.61,0.0896,12,117,129
6649,13098,2012-07-04,3,1,7,22,1,3,0,1,0.82,0.7879,0.56,0.2239,175,327,502
6650,4228,2011-06-30,3,0,6,1,0,4,1,1,0.64,0.6212,0.53,0.1343,13,19,32
6651,10075,2012-02-29,1,1,2,20,0,3,1,3,0.42,0.4242,0.88,0.1642,2,95,97
6652,1487,2011-03-07,1,0,3,7,0,1,1,1,0.2,0.1667,0.75,0.4179,3,88,91
6653,8757,2012-01-05,1,1,1,16,0,4,1,1,0.36,0.3333,0.34,0.2836,19,178,197
6654,6108,2011-09-17,3,0,9,1,0,6,0,1,0.46,0.4545,0.72,0.1045,28,52,80
6655,13732,2012-07-31,3,1,7,8,0,2,1,1,0.7,0.6667,0.79,0.1343,30,730,760
6656,3013,2011-05-10,2,0,5,10,0,2,1,2,0.56,0.5303,0.37,0.0896,27,100,127
6657,775,2011-02-04,1,0,2,17,0,5,1,2,0.26,0.2727,0.56,0.1343,10,195,205
6658,10001,2012-02-26,1,1,2,17,0,0,0,1,0.36,0.3485,0.32,0.2239,46,241,287
6659,6456,2011-10-01,4,0,10,13,0,6,0,2,0.4,0.4091,0.82,0.3284,27,98,125
6660,1632,2011-03-13,1,0,3,12,0,0,0,1,0.46,0.4545,0.38,0.3881,74,120,194
6661,8165,2011-12-11,4,0,12,20,0,0,0,1,0.22,0.2424,0.55,0.1045,10,62,72
6662,10290,2012-03-09,1,1,3,19,0,5,1,1,0.42,0.4242,0.28,0.6119,12,232,244
6663,8608,2011-12-30,1,0,12,10,0,5,1,1,0.3,0.2879,0.65,0.2537,10,108,118
6664,9348,2012-01-30,1,1,1,9,0,1,1,1,0.2,0.197,0.47,0.2239,5,193,198
6665,470,2011-01-21,1,0,1,14,0,5,1,1,0.2,0.1515,0.25,0.5224,6,56,62
6666,2751,2011-04-29,2,0,4,12,0,5,1,1,0.56,0.5303,0.37,0.2836,63,160,223
6667,15744,2012-10-23,4,1,10,4,0,2,1,1,0.42,0.4242,0.77,0.1045,1,6,7
6668,13506,2012-07-21,3,1,7,22,0,6,0,2,0.6,0.5455,0.88,0.1045,40,140,180
6669,5701,2011-08-30,3,0,8,23,0,2,1,1,0.62,0.6061,0.61,0,19,74,93
6670,10320,2012-03-11,1,1,3,1,0,0,0,1,0.24,0.2424,0.52,0.1642,4,57,61
6671,15774,2012-10-24,4,1,10,10,0,3,1,2,0.54,0.5152,0.73,0,29,142,171
6672,7365,2011-11-08,4,0,11,11,0,2,1,1,0.46,0.4545,0.63,0.1343,21,126,147
6673,12139,2012-05-25,2,1,5,23,0,5,1,1,0.66,0.6061,0.78,0.2239,34,132,166
6674,12148,2012-05-26,2,1,5,8,0,6,0,1,0.64,0.5909,0.78,0.1343,38,103,141
6675,9255,2012-01-26,1,1,1,12,0,4,1,2,0.34,0.3333,0.81,0.1343,29,136,165
6676,599,2011-01-28,1,0,1,3,0,5,1,2,0.2,0.2273,0.75,0.1045,1,0,1
6677,4563,2011-07-14,3,0,7,0,0,4,1,1,0.66,0.6212,0.69,0.2985,14,32,46
6678,17196,2012-12-24,1,1,12,7,0,1,1,1,0.2,0.2576,0.69,0,3,27,30
6679,15343,2012-10-06,4,1,10,11,0,6,0,1,0.64,0.6061,0.65,0.2537,258,389,647
6680,4002,2011-06-20,2,0,6,15,0,1,1,1,0.66,0.6212,0.61,0.1343,66,139,205
6681,4660,2011-07-18,3,0,7,1,0,1,1,1,0.7,0.6667,0.74,0.2239,17,8,25
6682,1906,2011-03-25,2,0,3,4,0,5,1,1,0.18,0.2121,0.74,0.1045,3,2,5
6683,7206,2011-11-01,4,0,11,20,0,2,1,1,0.4,0.4091,0.71,0,18,191,209
6684,9609,2012-02-10,1,1,2,7,0,5,1,1,0.2,0.2121,0.59,0.1642,5,225,230
6685,4685,2011-07-19,3,0,7,2,0,2,1,1,0.72,0.6818,0.7,0.1642,9,4,13
6686,9483,2012-02-05,1,1,2,0,0,0,0,2,0.24,0.2424,0.87,0.1343,3,58,61
6687,11195,2012-04-16,2,1,4,15,1,1,0,1,0.8,0.697,0.33,0.4478,81,194,275
6688,6932,2011-10-21,4,0,10,10,0,5,1,1,0.46,0.4545,0.51,0.1642,32,106,138
6689,9984,2012-02-26,1,1,2,0,0,0,0,1,0.24,0.2121,0.41,0.3582,7,63,70
6690,5684,2011-08-30,3,0,8,6,0,2,1,1,0.54,0.5152,0.73,0.1045,4,115,119
6691,8127,2011-12-10,4,0,12,6,0,6,0,1,0.24,0.2576,0.65,0.1045,1,10,11
6692,5081,2011-08-04,3,0,8,14,0,4,1,1,0.8,0.7576,0.55,0.1642,53,114,167
6693,9620,2012-02-10,1,1,2,18,0,5,1,3,0.3,0.303,0.61,0.1343,14,345,359
6694,5791,2011-09-03,3,0,9,17,0,6,0,1,0.72,0.6818,0.7,0.2239,170,201,371
6695,10715,2012-03-27,2,1,3,13,0,2,1,1,0.36,0.3485,0.27,0,46,165,211
6696,9660,2012-02-12,1,1,2,10,0,0,0,1,0.12,0.1061,0.42,0.3582,8,83,91
6697,15928,2012-11-01,4,1,11,8,0,4,1,2,0.36,0.3788,0.56,0.1045,12,668,680
6698,11072,2012-04-11,2,1,4,12,0,3,1,2,0.36,0.3333,0.46,0.3881,35,147,182
6699,6832,2011-10-17,4,0,10,5,0,1,1,1,0.5,0.4848,0.63,0.2985,1,28,29
6700,1447,2011-03-05,1,0,3,13,0,6,0,2,0.46,0.4545,0.67,0.2836,60,130,190
6701,12005,2012-05-20,2,1,5,9,0,0,0,1,0.62,0.6212,0.32,0.2537,129,184,313
6702,7579,2011-11-17,4,0,11,9,0,4,1,2,0.34,0.303,0.61,0.3284,14,184,198
6703,14129,2012-08-16,3,1,8,21,0,4,1,1,0.74,0.6667,0.48,0.194,83,273,356
6704,1420,2011-03-04,1,0,3,10,0,5,1,1,0.24,0.2273,0.6,0.2537,10,56,66
6705,7074,2011-10-27,4,0,10,8,0,4,1,3,0.48,0.4697,0.88,0.194,12,304,316
6706,7887,2011-11-30,4,0,11,6,0,3,1,1,0.26,0.2727,0.87,0.1045,3,100,103
6707,14944,2012-09-19,3,1,9,20,0,3,1,1,0.52,0.5,0.48,0.1642,31,378,409
6708,10526,2012-03-19,1,1,3,16,0,1,1,1,0.66,0.6212,0.5,0.2239,65,320,385
6709,6188,2011-09-20,3,0,9,9,0,2,1,3,0.54,0.5152,0.94,0.2239,5,64,69
6710,6001,2011-09-12,3,0,9,14,0,1,1,1,0.74,0.6667,0.51,0.1642,60,129,189
6711,13337,2012-07-14,3,1,7,21,0,6,0,1,0.7,0.6667,0.84,0.2239,69,200,269
6712,2838,2011-05-03,2,0,5,3,0,2,1,1,0.54,0.5152,0.83,0.2836,0,2,2
6713,9094,2012-01-19,1,1,1,19,0,4,1,2,0.26,0.2273,0.48,0.2985,5,229,234
6714,3758,2011-06-10,2,0,6,11,0,5,1,1,0.82,0.7576,0.46,0,46,107,153
6715,3219,2011-05-19,2,0,5,0,0,4,1,1,0.52,0.5,0.94,0.1045,6,23,29
6716,3574,2011-06-02,2,0,6,19,0,4,1,1,0.72,0.6364,0.23,0.2985,58,321,379
6717,3133,2011-05-15,2,0,5,10,0,0,0,1,0.58,0.5455,0.83,0.2239,73,153,226
6718,8890,2012-01-11,1,1,1,6,0,3,1,1,0.2,0.2121,0.86,0.1343,2,72,74
6719,3521,2011-05-31,2,0,5,14,0,2,1,1,0.9,0.8182,0.37,0,41,99,140
6720,6595,2011-10-07,4,0,10,8,0,5,1,1,0.46,0.4545,0.82,0,31,386,417
6721,15012,2012-09-22,3,1,9,16,0,6,0,1,0.74,0.6667,0.51,0.3284,253,427,680
6722,8969,2012-01-14,1,1,1,13,0,6,0,1,0.22,0.2121,0.44,0.2836,38,182,220
6723,17052,2012-12-18,4,1,12,6,0,2,1,1,0.36,0.3485,0.93,0.1642,1,117,118
6724,2589,2011-04-22,2,0,4,18,0,5,1,3,0.32,0.303,0.93,0.2239,4,47,51
6725,14641,2012-09-07,3,1,9,5,0,5,1,1,0.62,0.5606,0.88,0,1,39,40
6726,3339,2011-05-24,2,0,5,0,0,2,1,2,0.6,0.5152,0.94,0.194,12,23,35
6727,4696,2011-07-19,3,0,7,13,0,2,1,1,0.86,0.8333,0.53,0.1045,33,139,172
6728,14429,2012-08-29,3,1,8,9,0,3,1,1,0.7,0.6515,0.51,0.194,40,308,348
6729,13154,2012-07-07,3,1,7,6,0,6,0,1,0.74,0.7121,0.74,0.1045,4,27,31
6730,10703,2012-03-27,2,1,3,1,0,2,1,1,0.3,0.2727,0.26,0.4627,1,4,5
6731,3354,2011-05-24,2,0,5,15,0,2,1,3,0.74,0.6818,0.55,0.4179,59,129,188
6732,4309,2011-07-03,3,0,7,10,0,0,0,1,0.74,0.697,0.66,0.1642,131,133,264
6733,1759,2011-03-18,1,0,3,23,0,5,1,2,0.6,0.6212,0.53,0.2239,26,60,86
6734,14351,2012-08-26,3,1,8,3,0,0,0,2,0.64,0.5758,0.89,0.2537,11,42,53
6735,13089,2012-07-04,3,1,7,13,1,3,0,1,0.9,0.8182,0.35,0,177,322,499
6736,853,2011-02-07,1,0,2,23,0,1,1,2,0.3,0.3333,0.81,0,6,19,25
6737,1495,2011-03-07,1,0,3,15,0,1,1,1,0.34,0.303,0.31,0.3881,32,64,96
6738,10420,2012-03-15,1,1,3,6,0,4,1,1,0.44,0.4394,0.72,0.0896,4,113,117
6739,11397,2012-04-25,2,1,4,1,0,3,1,1,0.42,0.4242,0.41,0,8,17,25
6740,2465,2011-04-17,2,0,4,14,0,0,0,1,0.52,0.5,0.34,0.3881,170,191,361
6741,14334,2012-08-25,3,1,8,10,0,6,0,2,0.7,0.6515,0.65,0.2985,148,294,442
6742,17045,2012-12-17,4,1,12,23,0,1,1,3,0.42,0.4242,0.94,0.2239,6,41,47
6743,14440,2012-08-29,3,1,8,20,0,3,1,1,0.68,0.6364,0.57,0,49,378,427
6744,6385,2011-09-28,4,0,9,14,0,3,1,1,0.72,0.6818,0.62,0.2537,25,145,170
6745,4484,2011-07-10,3,0,7,17,0,0,0,1,0.84,0.7424,0.36,0.2239,146,217,363
6746,11188,2012-04-16,2,1,4,8,1,1,0,2,0.56,0.5303,0.83,0.1642,48,549,597
6747,9526,2012-02-06,1,1,2,20,0,1,1,1,0.34,0.3333,0.46,0.1642,7,194,201
6748,9573,2012-02-08,1,1,2,19,0,3,1,3,0.24,0.2576,0.87,0.1045,3,158,161
6749,5220,2011-08-10,3,0,8,9,0,3,1,1,0.76,0.6818,0.48,0.2239,32,148,180
6750,17006,2012-12-16,4,1,12,8,0,0,0,2,0.36,0.3485,0.87,0.1343,12,76,88
6751,8957,2012-01-14,1,1,1,1,0,6,0,1,0.16,0.1515,0.47,0.194,6,44,50
6752,2333,2011-04-12,2,0,4,2,0,2,1,2,0.6,0.6212,0.53,0.1343,7,7,14
6753,15002,2012-09-22,3,1,9,6,0,6,0,1,0.56,0.5303,0.83,0.2985,6,35,41
6754,8970,2012-01-14,1,1,1,14,0,6,0,1,0.24,0.2121,0.41,0.2985,52,179,231
6755,4609,2011-07-15,3,0,7,22,0,5,1,1,0.66,0.6212,0.57,0.2239,71,152,223
6756,15800,2012-10-25,4,1,10,12,0,4,1,2,0.56,0.5303,0.78,0.1045,61,258,319
6757,13196,2012-07-09,3,1,7,0,0,1,1,2,0.68,0.6364,0.89,0.0896,6,33,39
6758,4575,2011-07-14,3,0,7,12,0,4,1,1,0.74,0.6515,0.35,0.2537,51,172,223
6759,8795,2012-01-07,1,1,1,6,0,6,0,1,0.26,0.2727,0.75,0.1045,0,7,7
6760,501,2011-01-22,1,0,1,22,0,6,0,1,0.06,0.1515,0.49,0,7,23,30
6761,14008,2012-08-11,3,1,8,20,0,6,0,3,0.66,0.5909,0.89,0.4179,31,129,160
6762,7667,2011-11-21,4,0,11,1,0,1,1,3,0.46,0.4545,0.94,0.194,4,8,12
6763,11248,2012-04-18,2,1,4,20,0,3,1,2,0.42,0.4242,0.77,0.1045,8,252,260
6764,1047,2011-02-16,1,0,2,8,0,3,1,2,0.22,0.2273,0.55,0.1642,6,224,230
6765,13125,2012-07-06,3,1,7,1,0,5,1,1,0.78,0.7273,0.55,0.2239,7,22,29
6766,11196,2012-04-16,2,1,4,16,1,1,0,1,0.8,0.697,0.33,0.4627,92,266,358
6767,2634,2011-04-24,2,0,4,15,0,0,0,1,0.66,0.6212,0.61,0.2537,167,202,369
6768,9306,2012-01-28,1,1,1,15,0,6,0,1,0.4,0.4091,0.47,0.3284,90,320,410
6769,9441,2012-02-03,1,1,2,6,0,5,1,1,0.24,0.2424,0.65,0.1642,0,88,88
6770,11355,2012-04-23,2,1,4,7,0,1,1,3,0.3,0.2879,0.81,0.2537,1,206,207
6771,10947,2012-04-06,2,1,4,6,0,5,1,1,0.3,0.2727,0.49,0.3881,0,80,80
6772,10096,2012-03-01,1,1,3,17,0,4,1,1,0.56,0.5303,0.35,0.2985,49,551,600
6773,12721,2012-06-19,2,1,6,5,0,2,1,2,0.6,0.5758,0.78,0.194,3,34,37
6774,13607,2012-07-26,3,1,7,3,0,4,1,1,0.66,0.6212,0.69,0.2239,0,8,8
6775,14393,2012-08-27,3,1,8,21,0,1,1,1,0.72,0.697,0.74,0.194,39,239,278
6776,5626,2011-08-27,3,0,8,7,0,6,0,2,0.7,0.6667,0.84,0.3582,2,26,28
6777,7785,2011-11-25,4,0,11,23,0,5,1,1,0.34,0.3485,0.76,0.1045,5,28,33
6778,14470,2012-08-31,3,1,8,2,0,5,1,1,0.66,0.5909,0.89,0.1343,9,11,20
6779,8987,2012-01-15,1,1,1,7,0,0,0,1,0.12,0.1212,0.54,0.2836,3,14,17
6780,14868,2012-09-16,3,1,9,16,0,0,0,1,0.64,0.6212,0.44,0.1642,194,402,596
6781,12402,2012-06-05,2,1,6,22,0,2,1,1,0.56,0.5303,0.52,0.1045,22,171,193
6782,778,2011-02-04,1,0,2,20,0,5,1,2,0.24,0.2424,0.65,0.1642,2,69,71
6783,16662,2012-12-02,4,1,12,0,0,0,0,2,0.3,0.3182,0.87,0.0896,9,108,117
6784,6444,2011-10-01,4,0,10,1,0,6,0,1,0.48,0.4697,0.67,0.3284,11,47,58
6785,10736,2012-03-28,2,1,3,10,0,3,1,1,0.46,0.4545,0.41,0.4179,33,140,173
6786,7308,2011-11-06,4,0,11,2,0,0,0,1,0.26,0.303,0.81,0,6,23,29
6787,4020,2011-06-21,3,0,6,9,0,2,1,2,0.62,0.5606,0.88,0.2537,32,243,275
6788,1195,2011-02-22,1,0,2,19,0,2,1,1,0.2,0.1818,0.47,0.2836,4,114,118
6789,12586,2012-06-13,2,1,6,14,0,3,1,2,0.72,0.6515,0.37,0.4179,98,222,320
6790,52,2011-01-03,1,0,1,6,0,1,1,1,0.14,0.1061,0.5,0.3881,0,30,30
6791,5653,2011-08-28,3,0,8,23,0,0,0,1,0.62,0.5909,0.73,0.1045,16,48,64
6792,7049,2011-10-26,4,0,10,7,0,3,1,1,0.42,0.4242,0.71,0.1642,15,284,299
6793,2305,2011-04-10,2,0,4,21,0,0,0,1,0.44,0.4394,0.88,0.194,18,77,95
6794,9752,2012-02-16,1,1,2,6,0,4,1,2,0.3,0.3182,0.7,0.0896,4,83,87
6795,8445,2011-12-23,1,0,12,12,0,5,1,1,0.4,0.4091,0.54,0.5224,14,156,170
6796,17220,2012-12-25,1,1,12,8,1,2,0,2,0.24,0.2879,0.87,0,1,10,11
6797,6084,2011-09-16,3,0,9,1,0,5,1,1,0.42,0.4242,0.67,0.194,7,19,26
6798,1114,2011-02-19,1,0,2,3,0,6,0,1,0.42,0.4242,0.14,0.2985,0,7,7
6799,2983,2011-05-09,2,0,5,4,0,1,1,1,0.42,0.4242,0.82,0.1642,0,4,4
6800,657,2011-01-30,1,0,1,16,0,0,0,1,0.3,0.3333,0.56,0,19,104,123
6801,3255,2011-05-20,2,0,5,12,0,5,1,2,0.6,0.6212,0.56,0.2537,69,186,255
6802,9174,2012-01-23,1,1,1,3,0,1,1,2,0.18,0.2424,0.86,0,0,1,1
6803,4922,2011-07-28,3,0,7,23,0,4,1,1,0.76,0.7424,0.75,0.194,28,95,123
6804,5891,2011-09-07,3,0,9,22,0,3,1,3,0.62,0.5455,0.94,0.1642,3,26,29
6805,1188,2011-02-22,1,0,2,12,0,2,1,1,0.2,0.2273,0.59,0.1045,7,48,55
6806,17322,2012-12-29,1,1,12,14,0,6,0,2,0.24,0.2424,0.87,0.0896,10,88,98
6807,13839,2012-08-04,3,1,8,19,0,6,0,1,0.82,0.7727,0.52,0.3582,133,264,397
6808,16253,2012-11-14,4,1,11,22,0,3,1,1,0.28,0.3182,0.61,0,6,167,173
6809,6006,2011-09-12,3,0,9,19,0,1,1,1,0.68,0.6364,0.57,0.1343,63,373,436
6810,566,2011-01-25,1,0,1,18,0,2,1,2,0.3,0.3182,0.49,0.0896,7,218,225
6811,4119,2011-06-25,3,0,6,12,0,6,0,1,0.74,0.6515,0.4,0.2836,140,252,392
6812,5900,2011-09-08,3,0,9,8,0,4,1,3,0.62,0.5455,0.94,0.1343,7,188,195
6813,11240,2012-04-18,2,1,4,12,0,3,1,3,0.46,0.4545,0.51,0.1045,15,95,110
6814,5682,2011-08-30,3,0,8,4,0,2,1,1,0.52,0.5,0.77,0.1642,0,6,6
6815,841,2011-02-07,1,0,2,11,0,1,1,1,0.3,0.3182,0.65,0.0896,11,36,47
6816,3889,2011-06-15,2,0,6,22,0,3,1,1,0.62,0.6212,0.5,0.1045,31,144,175
6817,1643,2011-03-13,1,0,3,23,0,0,0,1,0.26,0.2576,0.65,0.2239,5,23,28
6818,10495,2012-03-18,1,1,3,9,0,0,0,2,0.42,0.4242,0.88,0.0896,65,113,178
6819,7177,2011-10-31,4,0,10,15,0,1,1,1,0.44,0.4394,0.47,0.1642,27,141,168
6820,11079,2012-04-11,2,1,4,19,0,3,1,1,0.4,0.4091,0.4,0.3582,28,356,384
6821,16703,2012-12-03,4,1,12,17,0,1,1,1,0.52,0.5,0.63,0.1045,43,665,708
6822,2667,2011-04-26,2,0,4,0,0,2,1,1,0.62,0.6061,0.69,0.2836,10,17,27
6823,1973,2011-03-28,2,0,3,0,0,1,1,1,0.22,0.2273,0.55,0.194,1,11,12
6824,17073,2012-12-19,4,1,12,3,0,3,1,1,0.26,0.2727,0.75,0.1343,0,5,5
6825,11844,2012-05-13,2,1,5,16,0,0,0,1,0.72,0.6515,0.42,0.2537,225,339,564
6826,1150,2011-02-20,1,0,2,16,0,0,0,1,0.36,0.3636,0.29,0.0896,59,88,147
6827,4784,2011-07-23,3,0,7,5,0,6,0,1,0.76,0.7121,0.62,0.1343,1,6,7
6828,4093,2011-06-24,3,0,6,10,0,5,1,1,0.8,0.7273,0.43,0.2836,43,102,145
6829,12731,2012-06-19,2,1,6,15,0,2,1,1,0.78,0.7424,0.59,0.1642,72,187,259
6830,10525,2012-03-19,1,1,3,15,0,1,1,1,0.64,0.6212,0.57,0.2239,97,189,286
6831,766,2011-02-04,1,0,2,8,0,5,1,1,0.14,0.1515,0.74,0.1343,3,217,220
6832,13183,2012-07-08,3,1,7,11,0,0,0,1,0.92,0.8939,0.42,0.2985,120,269,389
6833,9699,2012-02-14,1,1,2,1,0,2,1,2,0.26,0.303,0.56,0,0,6,6
6834,1486,2011-03-07,1,0,3,6,0,1,1,1,0.2,0.1818,0.75,0.3881,3,31,34
6835,3873,2011-06-15,2,0,6,6,0,3,1,1,0.5,0.4848,0.63,0.2537,11,110,121
6836,5663,2011-08-29,3,0,8,9,0,1,1,1,0.62,0.6212,0.53,0.2537,22,166,188
6837,16631,2012-11-30,4,1,11,17,0,5,1,1,0.36,0.3485,0.5,0.194,31,551,582
6838,4866,2011-07-26,3,0,7,15,0,2,1,1,0.88,0.7576,0.28,0.3284,49,114,163
6839,10909,2012-04-04,2,1,4,16,0,3,1,2,0.64,0.6212,0.44,0.2836,86,304,390
6840,2621,2011-04-24,2,0,4,2,0,0,0,1,0.5,0.4848,0.88,0.194,27,45,72
6841,10432,2012-03-15,1,1,3,18,0,4,1,1,0.66,0.6212,0.44,0.2836,98,648,746
6842,9799,2012-02-18,1,1,2,5,0,6,0,1,0.24,0.2576,0.7,0.0896,0,1,1
6843,6710,2011-10-12,4,0,10,3,0,3,1,3,0.54,0.5152,0.94,0.2985,0,2,2
6844,11570,2012-05-02,2,1,5,6,0,3,1,3,0.56,0.5303,0.84,0,3,117,120
6845,3027,2011-05-11,2,0,5,0,0,3,1,2,0.52,0.5,0.55,0.1343,8,30,38
6846,9721,2012-02-14,1,1,2,23,0,2,1,2,0.36,0.3636,0.5,0.0896,2,55,57
6847,4103,2011-06-24,3,0,6,20,0,5,1,1,0.72,0.6515,0.45,0.1642,66,222,288
6848,1299,2011-02-27,1,0,2,7,0,0,0,1,0.24,0.2424,0.87,0.1343,6,8,14
6849,16919,2012-12-12,4,1,12,17,0,3,1,2,0.32,0.303,0.53,0.2239,21,540,561
6850,5108,2011-08-05,3,0,8,17,0,5,1,1,0.78,0.7121,0.49,0.2985,84,466,550
6851,13899,2012-08-07,3,1,8,7,0,2,1,2,0.7,0.6667,0.74,0.1343,21,481,502
6852,6339,2011-09-26,4,0,9,16,0,1,1,1,0.7,0.6515,0.65,0.1642,74,239,313
6853,2023,2011-03-30,2,0,3,3,0,3,1,2,0.32,0.3485,0.49,0,0,4,4
6854,9800,2012-02-18,1,1,2,6,0,6,0,1,0.24,0.2879,0.7,0,1,8,9
6855,15214,2012-10-01,4,1,10,2,0,1,1,1,0.46,0.4545,0.72,0,6,6,12
6856,6959,2011-10-22,4,0,10,13,0,6,0,1,0.5,0.4848,0.45,0,136,186,322
6857,2686,2011-04-26,2,0,4,19,0,2,1,1,0.64,0.6061,0.73,0.4179,42,286,328
6858,16852,2012-12-09,4,1,12,22,0,0,0,3,0.36,0.3636,0.93,0.1045,3,75,78
6859,11554,2012-05-01,2,1,5,14,0,2,1,2,0.74,0.6667,0.48,0.2537,37,167,204
6860,12008,2012-05-20,2,1,5,12,0,0,0,1,0.68,0.6364,0.36,0.3284,247,390,637
6861,1026,2011-02-15,1,0,2,10,0,2,1,1,0.24,0.2121,0.27,0.2836,5,47,52
6862,10141,2012-03-03,1,1,3,14,0,6,0,2,0.46,0.4545,0.44,0.3582,151,279,430
6863,912,2011-02-10,1,0,2,12,0,4,1,1,0.16,0.1364,0.34,0.3881,4,65,69
6864,7392,2011-11-09,4,0,11,14,0,3,1,1,0.52,0.5,0.48,0.1642,26,153,179
6865,10076,2012-02-29,1,1,2,21,0,3,1,3,0.42,0.4242,0.88,0.1642,0,39,39
6866,15743,2012-10-23,4,1,10,3,0,2,1,1,0.44,0.4394,0.77,0.1343,0,1,1
6867,10220,2012-03-06,1,1,3,21,0,2,1,1,0.32,0.3182,0.49,0.194,5,143,148
6868,5769,2011-09-02,3,0,9,19,0,5,1,1,0.66,0.6212,0.69,0.1343,67,220,287
6869,6077,2011-09-15,3,0,9,18,0,4,1,3,0.48,0.4697,0.67,0.6119,22,222,244
6870,5717,2011-08-31,3,0,8,15,0,3,1,1,0.74,0.6515,0.4,0.1343,34,138,172
6871,9381,2012-01-31,1,1,1,18,0,2,1,1,0.54,0.5152,0.24,0.3582,16,486,502
6872,7727,2011-11-23,4,0,11,13,0,3,1,2,0.44,0.4394,0.54,0.4925,12,162,174
6873,1346,2011-03-01,1,0,3,8,0,2,1,1,0.2,0.1818,0.59,0.3881,10,204,214
6874,1445,2011-03-05,1,0,3,11,0,6,0,2,0.4,0.4091,0.76,0.2239,43,116,159
6875,3499,2011-05-30,2,0,5,16,1,1,0,1,0.88,0.7879,0.37,0.2836,101,208,309
6876,3500,2011-05-30,2,0,5,17,1,1,0,1,0.86,0.7879,0.41,0.2239,102,202,304
6877,15096,2012-09-26,4,1,9,4,0,3,1,1,0.56,0.5303,0.73,0.2537,2,12,14
6878,7745,2011-11-24,4,0,11,7,1,4,0,1,0.26,0.2727,0.75,0.1045,9,31,40
6879,15616,2012-10-17,4,1,10,20,0,3,1,1,0.5,0.4848,0.72,0.1343,54,360,414
6880,6207,2011-09-21,3,0,9,4,0,3,1,2,0.54,0.5152,1,0.1343,2,5,7
6881,8490,2011-12-25,1,0,12,10,0,0,0,1,0.26,0.2424,0.81,0.2537,31,12,43
6882,2423,2011-04-15,2,0,4,20,1,5,0,2,0.4,0.4091,0.76,0.3284,26,92,118
6883,7517,2011-11-14,4,0,11,19,0,1,1,1,0.6,0.6212,0.53,0.2985,28,274,302
6884,2733,2011-04-28,2,0,4,18,0,4,1,1,0.64,0.6212,0.47,0.3582,44,486,530
6885,81,2011-01-04,1,0,1,12,0,2,1,1,0.22,0.2273,0.51,0.1642,12,66,78
6886,4218,2011-06-29,3,0,6,15,0,3,1,1,0.82,0.7121,0.3,0.1642,43,146,189
6887,4243,2011-06-30,3,0,6,16,0,4,1,1,0.8,0.697,0.26,0.1343,63,260,323
6888,12902,2012-06-26,3,1,6,18,0,2,1,1,0.72,0.6515,0.28,0.3582,105,719,824
6889,7248,2011-11-03,4,0,11,14,0,4,1,1,0.52,0.5,0.52,0.1642,32,120,152
6890,7477,2011-11-13,4,0,11,3,0,0,0,2,0.36,0.3485,0.62,0.1343,8,20,28
6891,14596,2012-09-05,3,1,9,8,0,3,1,1,0.72,0.697,0.74,0.194,33,692,725
6892,1360,2011-03-01,1,0,3,22,0,2,1,1,0.24,0.2727,0.62,0.1045,3,44,47
6893,4740,2011-07-21,3,0,7,9,0,4,1,2,0.8,0.8182,0.75,0.2537,34,166,200
6894,7498,2011-11-14,4,0,11,0,0,1,1,1,0.46,0.4545,0.59,0.2836,8,22,30
6895,1573,2011-03-10,1,0,3,23,0,4,1,3,0.34,0.3485,0,0.0896,1,26,27
6896,5915,2011-09-08,3,0,9,23,0,4,1,3,0.62,0.5152,1,0.0896,0,26,26
6897,16072,2012-11-07,4,1,11,8,0,3,1,2,0.26,0.2424,0.6,0.2836,18,583,601
6898,880,2011-02-09,1,0,2,2,0,3,1,1,0.08,0.0758,0.38,0.2836,1,2,3
6899,1579,2011-03-11,1,0,3,6,0,5,1,1,0.26,0.2424,0.81,0.2836,1,31,32
6900,11013,2012-04-09,2,1,4,0,0,1,1,1,0.48,0.4697,0.39,0.2836,8,29,37
6901,1510,2011-03-08,1,0,3,6,0,2,1,1,0.2,0.2576,0.59,0,3,42,45
6902,1897,2011-03-24,2,0,3,19,0,4,1,1,0.3,0.2727,0.56,0.3881,16,122,138
6903,6921,2011-10-20,4,0,10,23,0,4,1,1,0.42,0.4242,0.58,0.2537,7,83,90
6904,13146,2012-07-06,3,1,7,22,0,5,1,1,0.8,0.7576,0.55,0.194,78,210,288
6905,4113,2011-06-25,3,0,6,6,0,6,0,1,0.64,0.6212,0.57,0.2239,12,17,29
6906,10447,2012-03-16,1,1,3,9,0,5,1,2,0.42,0.4242,0.82,0,35,277,312
6907,12086,2012-05-23,2,1,5,18,0,3,1,3,0.64,0.6061,0.69,0.1045,31,296,327
6908,1846,2011-03-22,2,0,3,15,0,2,1,1,0.5,0.4848,0.42,0.2239,55,79,134
6909,10111,2012-03-02,1,1,3,8,0,5,1,1,0.28,0.303,0.75,0.0896,16,533,549
6910,8869,2012-01-10,1,1,1,9,0,2,1,2,0.18,0.197,0.93,0.1642,11,184,195
6911,11424,2012-04-26,2,1,4,4,0,4,1,2,0.48,0.4697,0.59,0.0896,1,2,3
6912,9086,2012-01-19,1,1,1,11,0,4,1,1,0.16,0.1667,0.55,0.1642,6,93,99
6913,4569,2011-07-14,3,0,7,6,0,4,1,1,0.6,0.6061,0.6,0.2239,14,116,130
6914,17351,2012-12-30,1,1,12,19,0,0,0,1,0.34,0.3636,0.61,0,16,86,102
6915,4743,2011-07-21,3,0,7,12,0,4,1,1,0.88,0.8939,0.56,0.3284,29,106,135
6916,5200,2011-08-09,3,0,8,13,0,2,1,1,0.84,0.7879,0.49,0.1642,48,127,175
6917,9200,2012-01-24,1,1,1,5,0,2,1,2,0.3,0.3182,1,0.0896,0,26,26
6918,2606,2011-04-23,2,0,4,11,0,6,0,2,0.46,0.4545,0.88,0.2239,68,164,232
6919,16770,2012-12-06,4,1,12,12,0,4,1,1,0.28,0.3182,0.41,0,29,206,235
6920,11234,2012-04-18,2,1,4,6,0,3,1,2,0.5,0.4848,0.39,0.2836,6,128,134
6921,16511,2012-11-25,4,1,11,16,0,0,0,1,0.3,0.2879,0.39,0.2239,25,203,228
6922,11832,2012-05-13,2,1,5,4,0,0,0,2,0.54,0.5152,0.68,0.194,2,7,9
6923,5097,2011-08-05,3,0,8,6,0,5,1,1,0.64,0.5909,0.78,0.1343,7,94,101
6924,5280,2011-08-12,3,0,8,21,0,5,1,1,0.7,0.6515,0.48,0.1343,73,153,226
6925,14833,2012-09-15,3,1,9,5,0,6,0,1,0.58,0.5455,0.6,0.5224,1,15,16
6926,3487,2011-05-30,2,0,5,4,1,1,0,1,0.62,0.5455,0.94,0.1642,2,4,6
6927,13723,2012-07-30,3,1,7,23,0,1,1,1,0.7,0.6667,0.74,0.194,34,116,150
6928,14364,2012-08-26,3,1,8,16,0,0,0,3,0.64,0.5758,0.89,0.2836,57,116,173
6929,3615,2011-06-04,2,0,6,12,0,6,0,1,0.7,0.6364,0.32,0.1642,150,270,420
6930,12786,2012-06-21,3,1,6,22,0,4,1,1,0.8,0.7879,0.63,0.1642,22,221,243
6931,2109,2011-04-02,2,0,4,17,0,6,0,1,0.38,0.3939,0.54,0.3582,89,95,184
6932,14087,2012-08-15,3,1,8,3,0,3,1,1,0.66,0.6212,0.74,0.1045,1,10,11
6933,4310,2011-07-03,3,0,7,11,0,0,0,1,0.76,0.7121,0.62,0.1045,215,175,390
6934,17310,2012-12-29,1,1,12,2,0,6,0,2,0.24,0.2424,0.7,0,1,18,19
6935,17352,2012-12-30,1,1,12,20,0,0,0,1,0.22,0.197,0.47,0.3284,9,63,72
6936,13865,2012-08-05,3,1,8,21,0,0,0,1,0.72,0.697,0.79,0.1045,51,157,208
6937,5596,2011-08-26,3,0,8,1,0,5,1,1,0.62,0.5758,0.83,0,10,13,23
6938,4697,2011-07-19,3,0,7,14,0,2,1,1,0.86,0.8182,0.5,0.194,41,111,152
6939,8444,2011-12-23,1,0,12,11,0,5,1,1,0.4,0.4091,0.58,0.4478,26,148,174
6940,6033,2011-09-13,3,0,9,22,0,2,1,1,0.64,0.5909,0.78,0.1343,24,120,144
6941,5324,2011-08-14,3,0,8,17,0,0,0,1,0.76,0.7121,0.62,0.1343,133,196,329
6942,13570,2012-07-24,3,1,7,14,0,2,1,2,0.84,0.803,0.53,0.2239,48,196,244
6943,16132,2012-11-09,4,1,11,21,0,5,1,1,0.34,0.3636,0.76,0,23,176,199
6944,9839,2012-02-19,1,1,2,21,0,0,0,3,0.26,0.2576,0.65,0.1642,3,33,36
6945,8137,2011-12-10,4,0,12,16,0,6,0,1,0.32,0.2879,0.31,0.3881,58,183,241
6946,14841,2012-09-15,3,1,9,13,0,6,0,1,0.68,0.6364,0.36,0.194,327,377,704
6947,14073,2012-08-14,3,1,8,13,0,2,1,1,0.8,0.7273,0.46,0.0896,83,203,286
6948,16336,2012-11-18,4,1,11,9,0,0,0,1,0.32,0.303,0.7,0.2537,49,155,204
6949,10398,2012-03-14,1,1,3,8,0,3,1,1,0.44,0.4394,0.82,0,34,628,662
6950,637,2011-01-29,1,0,1,19,0,6,0,2,0.22,0.2121,0.69,0.2537,6,52,58
6951,15889,2012-10-30,4,1,10,17,0,2,1,3,0.3,0.2879,0.87,0.2239,19,105,124
6952,4326,2011-07-04,3,0,7,3,1,1,0,1,0.64,0.5909,0.78,0,13,13,26
6953,3220,2011-05-19,2,0,5,1,0,4,1,1,0.5,0.4848,0.94,0,2,4,6
6954,14198,2012-08-19,3,1,8,18,0,0,0,2,0.64,0.5909,0.78,0.1045,86,291,377
6955,6283,2011-09-24,4,0,9,8,0,6,0,2,0.58,0.5455,0.9,0.0896,19,102,121
6956,16020,2012-11-05,4,1,11,4,0,1,1,2,0.3,0.2879,0.52,0.2537,5,11,16
6957,7450,2011-11-12,4,0,11,0,0,6,0,1,0.24,0.2424,0.6,0.1343,12,52,64
6958,9993,2012-02-26,1,1,2,9,0,0,0,1,0.22,0.2121,0.47,0.2239,11,76,87
6959,1194,2011-02-22,1,0,2,18,0,2,1,1,0.22,0.2273,0.47,0.1343,6,161,167
6960,46,2011-01-02,1,0,1,22,0,0,0,1,0.24,0.2121,0.44,0.2985,0,9,9
6961,7845,2011-11-28,4,0,11,12,0,1,1,1,0.56,0.5303,0.6,0.1045,13,165,178
6962,977,2011-02-13,1,0,2,8,0,0,0,2,0.22,0.2273,0.64,0.194,1,11,12
6963,12510,2012-06-10,2,1,6,10,0,0,0,1,0.76,0.6818,0.4,0.1045,148,265,413
6964,7782,2011-11-25,4,0,11,20,0,5,1,1,0.4,0.4091,0.58,0.0896,19,76,95
6965,5675,2011-08-29,3,0,8,21,0,1,1,1,0.64,0.6212,0.53,0.194,34,168,202
6966,6787,2011-10-15,4,0,10,8,0,6,0,1,0.46,0.4545,0.59,0.2836,24,101,125
6967,13582,2012-07-25,3,1,7,2,0,3,1,1,0.68,0.6364,0.61,0.2239,1,11,12
6968,2964,2011-05-08,2,0,5,9,0,0,0,1,0.56,0.5303,0.52,0.2239,48,112,160
6969,5564,2011-08-24,3,0,8,17,0,3,1,1,0.76,0.697,0.52,0.3582,83,484,567
6970,8650,2012-01-01,1,1,1,4,0,0,0,1,0.28,0.303,0.81,0.0896,0,8,8
6971,1585,2011-03-11,1,0,3,12,0,5,1,2,0.34,0.3182,0.53,0.2537,15,96,111
6972,12017,2012-05-20,2,1,5,21,0,0,0,1,0.64,0.6061,0.69,0.3881,51,182,233
6973,14873,2012-09-16,3,1,9,21,0,0,0,1,0.6,0.6212,0.56,0.1045,43,148,191
6974,4516,2011-07-12,3,0,7,1,0,2,1,1,0.7,0.6667,0.79,0.0896,6,8,14
6975,15826,2012-10-26,4,1,10,14,0,5,1,2,0.6,0.6061,0.64,0.1343,99,252,351
6976,6076,2011-09-15,3,0,9,17,0,4,1,3,0.48,0.4697,0.82,0.4627,31,230,261
6977,11954,2012-05-18,2,1,5,6,0,5,1,1,0.44,0.4394,0.77,0.1343,14,168,182
6978,1976,2011-03-28,2,0,3,3,0,1,1,1,0.22,0.2273,0.44,0.1642,0,2,2
6979,3913,2011-06-16,2,0,6,22,0,4,1,3,0.62,0.5758,0.83,0.2537,24,127,151
6980,16189,2012-11-12,4,1,11,6,1,1,0,1,0.38,0.3939,0.87,0.1045,7,64,71
6981,12080,2012-05-23,2,1,5,12,0,3,1,2,0.66,0.6212,0.69,0.0896,42,206,248
6982,13289,2012-07-12,3,1,7,21,0,4,1,1,0.72,0.6667,0.48,0.2239,44,329,373
6983,4412,2011-07-07,3,0,7,17,0,4,1,1,0.86,0.7576,0.36,0.2537,80,489,569
6984,15905,2012-10-31,4,1,10,9,0,3,1,1,0.34,0.3333,0.76,0.1343,17,280,297
6985,9181,2012-01-23,1,1,1,10,0,1,1,2,0.2,0.2576,0.93,0,10,139,149
6986,16414,2012-11-21,4,1,11,15,0,3,1,1,0.46,0.4545,0.36,0.0896,68,381,449
6987,6890,2011-10-19,4,0,10,16,0,3,1,3,0.56,0.5303,0.94,0.1642,21,180,201
6988,12958,2012-06-29,3,1,6,2,0,5,1,1,0.72,0.6667,0.58,0.194,3,15,18
6989,14437,2012-08-29,3,1,8,17,0,3,1,1,0.78,0.6818,0.35,0.2239,108,762,870
6990,8360,2011-12-19,4,0,12,23,0,1,1,1,0.36,0.3485,0.53,0.1642,10,50,60
6991,2841,2011-05-03,2,0,5,6,0,2,1,2,0.52,0.5,0.94,0.1642,7,102,109
6992,8820,2012-01-08,1,1,1,7,0,0,0,2,0.3,0.3333,0.52,0,1,23,24
6993,12805,2012-06-22,3,1,6,17,0,5,1,2,0.82,0.7273,0.38,0.1642,95,551,646
6994,13371,2012-07-16,3,1,7,7,0,1,1,1,0.72,0.6818,0.7,0.0896,24,459,483
6995,14025,2012-08-12,3,1,8,13,0,0,0,1,0.78,0.697,0.4,0,178,365,543
6996,6213,2011-09-21,3,0,9,10,0,3,1,2,0.6,0.5455,0.88,0,30,103,133
6997,15076,2012-09-25,4,1,9,8,0,2,1,1,0.48,0.4697,0.67,0.194,41,764,805
6998,9750,2012-02-16,1,1,2,4,0,4,1,3,0.3,0.3182,0.7,0.0896,0,3,3
6999,8501,2011-12-25,1,0,12,21,0,0,0,1,0.3,0.303,0.56,0.1343,4,15,19
7000,433,2011-01-20,1,0,1,1,0,4,1,1,0.26,0.2727,0.56,0,2,3,5
7001,7378,2011-11-09,4,0,11,0,0,3,1,1,0.36,0.3788,0.87,0,0,13,13
7002,12300,2012-06-01,2,1,6,16,0,5,1,3,0.74,0.6818,0.58,0.4478,36,186,222
7003,7277,2011-11-04,4,0,11,19,0,5,1,1,0.4,0.4091,0.37,0.3582,14,182,196
7004,1833,2011-03-22,2,0,3,2,0,2,1,1,0.44,0.4394,0.94,0.0896,0,1,1
7005,11855,2012-05-14,2,1,5,3,0,1,1,2,0.58,0.5455,0.68,0.3284,0,2,2
7006,10003,2012-02-26,1,1,2,19,0,0,0,1,0.34,0.3333,0.34,0.1642,13,130,143
7007,15404,2012-10-09,4,1,10,0,0,2,1,2,0.38,0.3939,0.82,0.2239,9,22,31
7008,461,2011-01-21,1,0,1,5,0,5,1,1,0.24,0.197,0.6,0.4179,1,4,5
7009,4506,2011-07-11,3,0,7,15,0,1,1,1,0.86,0.8485,0.56,0.4179,38,108,146
7010,9982,2012-02-25,1,1,2,22,0,6,0,1,0.24,0.197,0.38,0.4627,4,78,82
7011,38,2011-01-02,1,0,1,14,0,0,0,3,0.36,0.3485,0.76,0.194,4,55,59
7012,17308,2012-12-29,1,1,12,0,0,6,0,2,0.24,0.2424,0.7,0,1,25,26
7013,577,2011-01-26,1,0,1,7,0,3,1,3,0.22,0.2121,0.87,0.2985,1,29,30
7014,11502,2012-04-29,2,1,4,10,0,0,0,1,0.42,0.4242,0.67,0.0896,127,253,380
7015,6204,2011-09-21,3,0,9,1,0,3,1,1,0.54,0.5152,0.94,0,0,17,17
7016,3989,2011-06-20,2,0,6,2,0,1,1,1,0.64,0.5758,0.89,0.0896,2,0,2
7017,15913,2012-10-31,4,1,10,17,0,3,1,2,0.4,0.4091,0.58,0.1642,39,684,723
7018,11052,2012-04-10,2,1,4,15,0,2,1,1,0.56,0.5303,0.21,0.2985,46,157,203
7019,714,2011-02-02,1,0,2,2,0,3,1,3,0.22,0.2273,0.93,0.1343,4,0,4
7020,560,2011-01-25,1,0,1,12,0,2,1,2,0.26,0.2879,0.56,0.0896,21,85,106
7021,13296,2012-07-13,3,1,7,4,0,5,1,2,0.66,0.6212,0.61,0,0,11,11
7022,8310,2011-12-17,4,0,12,21,0,6,0,1,0.2,0.2121,0.75,0.1642,8,88,96
7023,5184,2011-08-08,3,0,8,21,0,1,1,1,0.76,0.7121,0.58,0.0896,30,156,186
7024,12923,2012-06-27,3,1,6,15,0,3,1,1,0.8,0.697,0.26,0.4627,61,188,249
7025,2336,2011-04-12,2,0,4,5,0,2,1,2,0.54,0.5152,0.68,0.1343,1,15,16
7026,4900,2011-07-28,3,0,7,1,0,4,1,1,0.72,0.6667,0.51,0,3,26,29
7027,7284,2011-11-05,4,0,11,2,0,6,0,1,0.3,0.2727,0.52,0.3284,7,24,31
7028,4421,2011-07-08,3,0,7,2,0,5,1,2,0.7,0.6667,0.74,0.1642,10,12,22
7029,11597,2012-05-03,2,1,5,9,0,4,1,2,0.48,0.4697,0.88,0.1045,25,279,304
7030,5551,2011-08-24,3,0,8,4,0,3,1,1,0.56,0.5303,0.73,0.1045,0,7,7
7031,9411,2012-02-02,1,1,2,0,0,4,1,1,0.46,0.4545,0.59,0.1343,7,24,31
7032,5070,2011-08-04,3,0,8,3,0,4,1,3,0.66,0.5909,0.94,0.0896,0,3,3
7033,13675,2012-07-28,3,1,7,23,0,6,0,1,0.66,0.6061,0.83,0.0896,52,156,208
7034,882,2011-02-09,1,0,2,5,0,3,1,1,0.06,0.1061,0.45,0.1045,0,7,7
7035,11848,2012-05-13,2,1,5,20,0,0,0,2,0.66,0.6212,0.5,0.2836,67,163,230
7036,10441,2012-03-16,1,1,3,3,0,5,1,2,0.4,0.4091,0.87,0.2836,0,3,3
7037,4901,2011-07-28,3,0,7,2,0,4,1,1,0.72,0.6667,0.54,0.1045,2,5,7
7038,13444,2012-07-19,3,1,7,8,0,4,1,1,0.76,0.7121,0.58,0.2537,32,625,657
7039,568,2011-01-25,1,0,1,20,0,2,1,1,0.24,0.2273,0.65,0.194,16,103,119
7040,9542,2012-02-07,1,1,2,12,0,2,1,1,0.4,0.4091,0.4,0.3284,9,163,172
7041,16480,2012-11-24,4,1,11,9,0,6,0,2,0.26,0.2121,0.41,0.4478,26,96,122
7042,2246,2011-04-08,2,0,4,10,0,5,1,2,0.36,0.3333,0.71,0.2836,10,63,73
7043,7406,2011-11-10,4,0,11,4,0,4,1,1,0.38,0.3939,0.94,0.0896,1,2,3
7044,8361,2011-12-20,4,0,12,0,0,2,1,1,0.36,0.3636,0.57,0.1045,0,21,21
7045,4166,2011-06-27,3,0,6,11,0,1,1,2,0.7,0.6515,0.58,0,55,95,150
7046,17369,2012-12-31,1,1,12,13,0,1,1,2,0.26,0.2576,0.44,0.1642,38,165,203
7047,9871,2012-02-21,1,1,2,7,0,2,1,1,0.22,0.2727,0.64,0,6,273,279
7048,14166,2012-08-18,3,1,8,10,0,6,0,1,0.7,0.6515,0.54,0.1642,166,314,480
7049,10663,2012-03-25,2,1,3,9,0,0,0,2,0.4,0.4091,0.94,0.2537,26,92,118
7050,240,2011-01-11,1,0,1,8,0,2,1,2,0.18,0.2121,0.51,0.0896,3,214,217
7051,13288,2012-07-12,3,1,7,20,0,4,1,1,0.74,0.6667,0.48,0.2239,75,439,514
7052,10827,2012-04-01,2,1,4,5,0,0,0,2,0.34,0.3485,0.81,0.0896,8,10,18
7053,5688,2011-08-30,3,0,8,10,0,2,1,1,0.7,0.6364,0.39,0.2239,28,109,137
7054,13524,2012-07-22,3,1,7,16,0,0,0,1,0.74,0.697,0.66,0.1045,245,383,628
7055,15216,2012-10-01,4,1,10,4,0,1,1,1,0.42,0.4242,0.82,0.1045,0,10,10
7056,1598,2011-03-12,1,0,3,1,0,6,0,1,0.24,0.2273,0.65,0.194,3,15,18
7057,13207,2012-07-09,3,1,7,11,0,1,1,2,0.72,0.6818,0.62,0.1343,72,144,216
7058,16557,2012-11-27,4,1,11,14,0,2,1,3,0.28,0.2576,0.87,0.3582,8,86,94
7059,4491,2011-07-11,3,0,7,0,0,1,1,1,0.7,0.6515,0.65,0.194,10,25,35
7060,6102,2011-09-16,3,0,9,19,0,5,1,2,0.5,0.4848,0.55,0.1642,59,256,315
7061,1902,2011-03-25,2,0,3,0,0,5,1,1,0.24,0.2273,0.6,0.194,1,17,18
7062,8856,2012-01-09,1,1,1,19,0,1,1,3,0.2,0.2273,0.93,0.0896,3,187,190
7063,11435,2012-04-26,2,1,4,15,0,4,1,2,0.52,0.5,0.83,0.3284,39,165,204
7064,5889,2011-09-07,3,0,9,20,0,3,1,3,0.64,0.5758,0.89,0.0896,3,93,96
7065,1181,2011-02-21,1,0,2,23,1,1,0,3,0.2,0.1667,0.75,0.4179,0,2,2
7066,9967,2012-02-25,1,1,2,7,0,6,0,1,0.28,0.2424,0.45,0.4478,3,20,23
7067,14929,2012-09-19,3,1,9,5,0,3,1,2,0.52,0.5,0.68,0.2836,2,54,56
7068,8148,2011-12-11,4,0,12,3,0,0,0,1,0.16,0.1818,0.59,0.1343,2,17,19
7069,4303,2011-07-03,3,0,7,4,0,0,0,3,0.68,0.6364,0.65,0.0896,3,2,5
7070,3007,2011-05-10,2,0,5,4,0,2,1,1,0.42,0.4242,0.62,0.2537,0,2,2
7071,9510,2012-02-06,1,1,2,4,0,1,1,1,0.18,0.2121,0.8,0.1045,0,2,2
7072,11639,2012-05-05,2,1,5,3,0,6,0,1,0.58,0.5455,0.83,0,11,21,32
7073,2782,2011-04-30,2,0,4,19,0,6,0,1,0.54,0.5152,0.43,0.1343,150,237,387
7074,13959,2012-08-09,3,1,8,19,0,4,1,1,0.8,0.7576,0.55,0.194,90,533,623
7075,11779,2012-05-10,2,1,5,23,0,4,1,1,0.48,0.4697,0.48,0.1045,23,112,135
7076,12792,2012-06-22,3,1,6,4,0,5,1,2,0.76,0.7273,0.66,0,3,7,10
7077,626,2011-01-29,1,0,1,8,0,6,0,1,0.18,0.197,0.55,0.1642,3,31,34
7078,5831,2011-09-05,3,0,9,9,1,1,0,3,0.68,0.6364,0.74,0.1642,63,89,152
7079,6976,2011-10-23,4,0,10,6,0,0,0,1,0.32,0.3333,0.87,0.1045,0,12,12
7080,11525,2012-04-30,2,1,4,9,0,1,1,2,0.4,0.4091,0.43,0.194,29,239,268
7081,9288,2012-01-27,1,1,1,21,0,5,1,1,0.34,0.2879,0.53,0.5224,8,127,135
7082,5122,2011-08-06,3,0,8,7,0,6,0,1,0.68,0.6364,0.83,0.1642,14,49,63
7083,8166,2011-12-11,4,0,12,21,0,0,0,1,0.22,0.2727,0.55,0,10,53,63
7084,14160,2012-08-18,3,1,8,4,0,6,0,1,0.62,0.5909,0.73,0.2239,5,8,13
7085,10911,2012-04-04,2,1,4,18,0,3,1,1,0.66,0.6212,0.41,0.2537,113,646,759
7086,2830,2011-05-02,2,0,5,19,0,1,1,2,0.62,0.6061,0.69,0.1343,46,268,314
7087,16627,2012-11-30,4,1,11,13,0,5,1,2,0.4,0.4091,0.4,0.1642,21,241,262
7088,14036,2012-08-13,3,1,8,0,0,1,1,1,0.66,0.6212,0.65,0.1045,14,33,47
7089,8256,2011-12-15,4,0,12,15,0,4,1,3,0.52,0.5,0.55,0.2239,6,76,82
7090,5788,2011-09-03,3,0,9,14,0,6,0,2,0.72,0.6818,0.66,0.1642,204,176,380
7091,13544,2012-07-23,3,1,7,12,0,1,1,2,0.8,0.7424,0.52,0.1642,109,205,314
7092,8087,2011-12-08,4,0,12,14,0,4,1,1,0.32,0.303,0.45,0.2537,16,121,137
7093,14982,2012-09-21,3,1,9,10,0,5,1,1,0.62,0.6061,0.61,0.2239,44,181,225
7094,10183,2012-03-05,1,1,3,8,0,1,1,1,0.2,0.2273,0.59,0.1045,13,415,428
7095,4220,2011-06-29,3,0,6,17,0,3,1,1,0.82,0.7121,0.26,0.4179,78,492,570
7096,3687,2011-06-07,2,0,6,12,0,2,1,2,0.8,0.7273,0.46,0.2836,42,141,183
7097,5981,2011-09-11,3,0,9,17,0,0,0,1,0.72,0.6667,0.51,0.1343,152,228,380
7098,10044,2012-02-28,1,1,2,12,0,2,1,1,0.36,0.3485,0.34,0.1343,19,164,183
7099,15888,2012-10-30,4,1,10,16,0,2,1,3,0.3,0.2879,0.87,0.2537,15,83,98
7100,15938,2012-11-01,4,1,11,18,0,4,1,2,0.4,0.4091,0.5,0.1642,50,628,678
7101,14382,2012-08-27,3,1,8,10,0,1,1,1,0.72,0.697,0.74,0.1343,63,143,206
7102,13756,2012-08-01,3,1,8,8,0,3,1,2,0.66,0.6061,0.78,0.194,32,649,681
7103,12759,2012-06-20,2,1,6,19,0,3,1,1,0.88,0.7879,0.37,0.2537,90,449,539
7104,5341,2011-08-15,3,0,8,10,0,1,1,1,0.68,0.6364,0.69,0.2836,54,87,141
7105,3414,2011-05-27,2,0,5,3,0,5,1,1,0.66,0.6212,0.65,0.0896,1,11,12
7106,7262,2011-11-04,4,0,11,4,0,5,1,2,0.38,0.3939,0.87,0.0896,1,6,7
7107,10032,2012-02-28,1,1,2,0,0,2,1,1,0.42,0.4242,0.54,0.1343,0,10,10
7108,907,2011-02-10,1,0,2,7,0,4,1,1,0.1,0.0758,0.5,0.4179,0,99,99
7109,9421,2012-02-02,1,1,2,10,0,4,1,3,0.42,0.4242,0.77,0.1045,6,72,78
7110,3694,2011-06-07,2,0,6,19,0,2,1,1,0.76,0.6818,0.48,0.2537,69,355,424
7111,761,2011-02-04,1,0,2,2,0,5,1,2,0.14,0.1667,0.63,0.1045,0,1,1
7112,3119,2011-05-14,2,0,5,20,0,6,0,3,0.54,0.5152,0.94,0.1343,42,115,157
7113,15470,2012-10-11,4,1,10,18,0,4,1,1,0.46,0.4545,0.44,0.1642,64,628,692
7114,13039,2012-07-02,3,1,7,11,0,1,1,1,0.84,0.7273,0.28,0.2985,67,134,201
7115,2292,2011-04-10,2,0,4,8,0,0,0,2,0.38,0.3939,0.94,0.0896,17,38,55
7116,11069,2012-04-11,2,1,4,9,0,3,1,2,0.32,0.303,0.49,0.2985,20,282,302
7117,9452,2012-02-03,1,1,2,17,0,5,1,1,0.4,0.4091,0.37,0.0896,30,458,488
7118,8230,2011-12-14,4,0,12,13,0,3,1,2,0.36,0.3636,0.57,0.1045,14,119,133
7119,7500,2011-11-14,4,0,11,2,0,1,1,1,0.46,0.4545,0.63,0.3582,7,10,17
7120,5988,2011-09-12,3,0,9,0,0,1,1,1,0.56,0.5303,0.88,0.0896,5,11,16
7121,7742,2011-11-24,4,0,11,4,1,4,0,1,0.3,0.3182,0.61,0.0896,1,1,2
7122,10650,2012-03-24,2,1,3,20,0,6,0,3,0.44,0.4394,1,0.194,31,80,111
7123,11453,2012-04-27,2,1,4,9,0,5,1,1,0.42,0.4242,0.44,0.4925,42,292,334
7124,296,2011-01-13,1,0,1,18,0,4,1,1,0.2,0.1818,0.4,0.3284,3,141,144
7125,5143,2011-08-07,3,0,8,4,0,0,0,1,0.7,0.6667,0.84,0.1343,1,5,6
7126,7169,2011-10-31,4,0,10,7,0,1,1,1,0.24,0.2879,0.93,0,11,216,227
7127,5602,2011-08-26,3,0,8,7,0,5,1,1,0.64,0.5758,0.83,0,3,263,266
7128,11093,2012-04-12,2,1,4,9,0,4,1,1,0.36,0.3333,0.57,0.3582,16,271,287
7129,11505,2012-04-29,2,1,4,13,0,0,0,1,0.5,0.4848,0.45,0.1045,226,369,595
7130,1786,2011-03-20,1,0,3,2,0,0,0,1,0.3,0.2879,0.52,0.2836,6,24,30
7131,10878,2012-04-03,2,1,4,9,0,2,1,1,0.42,0.4242,0.38,0.0896,54,354,408
7132,4383,2011-07-06,3,0,7,12,0,3,1,2,0.74,0.697,0.66,0.0896,38,114,152
7133,12127,2012-05-25,2,1,5,11,0,5,1,1,0.68,0.6364,0.79,0.1343,90,193,283
7134,5319,2011-08-14,3,0,8,12,0,0,0,2,0.7,0.6667,0.79,0.2239,98,183,281
7135,5855,2011-09-06,3,0,9,10,0,2,1,3,0.54,0.5152,0.83,0.3582,16,90,106
7136,11246,2012-04-18,2,1,4,18,0,3,1,2,0.42,0.4242,0.77,0,27,478,505
7137,1285,2011-02-26,1,0,2,16,0,6,0,1,0.36,0.3333,0.46,0.2836,41,130,171
7138,8009,2011-12-05,4,0,12,8,0,1,1,1,0.32,0.3485,0.93,0,12,392,404
7139,1363,2011-03-02,1,0,3,1,0,3,1,1,0.22,0.2273,0.69,0.194,0,4,4
7140,10884,2012-04-03,2,1,4,15,0,2,1,1,0.6,0.5909,0.2,0.194,109,207,316
7141,15669,2012-10-20,4,1,10,1,0,6,0,1,0.46,0.4545,0.72,0.1343,2,93,95
7142,5454,2011-08-20,3,0,8,3,0,6,0,1,0.62,0.5909,0.78,0,9,42,51
7143,5734,2011-09-01,3,0,9,8,0,4,1,1,0.62,0.5909,0.73,0.1343,31,467,498
7144,5770,2011-09-02,3,0,9,20,0,5,1,1,0.64,0.6061,0.73,0,38,158,196
7145,4455,2011-07-09,3,0,7,12,0,6,0,1,0.8,0.7273,0.46,0.2537,145,221,366
7146,14121,2012-08-16,3,1,8,13,0,4,1,1,0.8,0.697,0.31,0.2239,81,219,300
7147,17114,2012-12-20,4,1,12,20,0,4,1,3,0.34,0.3333,0.76,0.1642,1,49,50
7148,13424,2012-07-18,3,1,7,12,0,3,1,1,0.92,0.8636,0.37,0.1343,36,166,202
7149,12828,2012-06-23,3,1,6,16,0,6,0,1,0.84,0.7121,0.26,0.2985,196,317,513
7150,550,2011-01-25,1,0,1,1,0,2,1,2,0.16,0.1667,0.69,0.1642,0,5,5
7151,15019,2012-09-22,3,1,9,23,0,6,0,1,0.62,0.6212,0.5,0.194,34,137,171
7152,11656,2012-05-05,2,1,5,20,0,6,0,1,0.6,0.5758,0.78,0.2537,100,209,309
7153,6821,2011-10-16,4,0,10,18,0,0,0,1,0.56,0.5303,0.49,0.4478,102,226,328
7154,15732,2012-10-22,4,1,10,16,0,1,1,1,0.62,0.6212,0.33,0.1642,80,444,524
7155,14864,2012-09-16,3,1,9,12,0,0,0,1,0.66,0.6212,0.44,0.1642,188,468,656
7156,3575,2011-06-02,2,0,6,20,0,4,1,1,0.7,0.6364,0.24,0.194,51,286,337
7157,7043,2011-10-26,4,0,10,1,0,3,1,1,0.44,0.4394,0.67,0.2537,3,9,12
7158,8861,2012-01-10,1,1,1,0,0,2,1,2,0.22,0.2424,0.87,0.1045,0,14,14
7159,10487,2012-03-18,1,1,3,1,0,0,0,1,0.46,0.4545,0.82,0.1343,25,88,113
7160,4353,2011-07-05,3,0,7,6,0,2,1,1,0.66,0.6212,0.74,0.0896,3,91,94
7161,11793,2012-05-11,2,1,5,13,0,5,1,1,0.6,0.6061,0.26,0.3881,100,263,363
7162,2649,2011-04-25,2,0,4,6,0,1,1,2,0.5,0.4848,1,0,7,59,66
7163,2587,2011-04-22,2,0,4,16,0,5,1,3,0.34,0.3333,0.87,0.1343,4,58,62
7164,16213,2012-11-13,4,1,11,6,0,2,1,3,0.32,0.2879,0.81,0.4627,2,48,50
7165,4890,2011-07-27,3,0,7,15,0,3,1,1,0.86,0.7424,0.26,0.2537,37,103,140
7166,16186,2012-11-12,4,1,11,3,1,1,0,1,0.4,0.4091,0.76,0.1343,1,3,4
7167,6577,2011-10-06,4,0,10,14,0,4,1,1,0.58,0.5455,0.43,0.0896,56,139,195
7168,3161,2011-05-16,2,0,5,14,0,1,1,1,0.68,0.6364,0.51,0,76,117,193
7169,12605,2012-06-14,2,1,6,9,0,4,1,1,0.62,0.6061,0.61,0.2239,45,312,357
7170,9431,2012-02-02,1,1,2,20,0,4,1,1,0.36,0.3182,0.46,0.5224,9,204,213
7171,3183,2011-05-17,2,0,5,12,0,2,1,3,0.56,0.5303,0.83,0.4179,38,115,153
7172,6467,2011-10-02,4,0,10,0,0,0,0,3,0.36,0.3333,0.93,0.2985,4,43,47
7173,8745,2012-01-05,1,1,1,4,0,4,1,2,0.2,0.2273,0.59,0.0896,0,5,5
7174,3481,2011-05-29,2,0,5,22,0,0,0,1,0.66,0.5909,0.89,0.1343,78,93,171
7175,2378,2011-04-13,2,0,4,23,0,3,1,1,0.4,0.4091,0.71,0.1343,5,57,62
7176,4804,2011-07-24,3,0,7,1,0,0,0,1,0.78,0.7576,0.66,0.1045,33,63,96
7177,14378,2012-08-27,3,1,8,6,0,1,1,1,0.62,0.5606,0.88,0,4,141,145
7178,5693,2011-08-30,3,0,8,15,0,2,1,1,0.74,0.6515,0.35,0.2239,34,162,196
7179,17170,2012-12-23,1,1,12,4,0,0,0,1,0.2,0.2121,0.47,0.1343,1,3,4
7180,9189,2012-01-23,1,1,1,18,0,1,1,2,0.24,0.2424,0.93,0.1343,7,275,282
7181,16288,2012-11-16,4,1,11,9,0,5,1,1,0.34,0.3485,0.53,0.1045,21,330,351
7182,13983,2012-08-10,3,1,8,19,0,5,1,1,0.76,0.7121,0.62,0.2836,98,394,492
7183,8086,2011-12-08,4,0,12,13,0,4,1,1,0.3,0.2727,0.49,0.3582,9,115,124
7184,15059,2012-09-24,4,1,9,15,0,1,1,1,0.6,0.6212,0.31,0,84,216,300
7185,4588,2011-07-15,3,0,7,1,0,5,1,1,0.62,0.5909,0.73,0.194,7,13,20
7186,12332,2012-06-03,2,1,6,0,0,0,0,1,0.54,0.5152,0.6,0.1642,27,142,169
7187,10020,2012-02-27,1,1,2,12,0,1,1,1,0.4,0.4091,0.37,0.2985,13,164,177
7188,9977,2012-02-25,1,1,2,17,0,6,0,1,0.3,0.2727,0.33,0.3582,16,143,159
7189,14981,2012-09-21,3,1,9,9,0,5,1,1,0.58,0.5455,0.68,0.1343,35,348,383
7190,16587,2012-11-28,4,1,11,20,0,3,1,1,0.32,0.3333,0.36,0.1343,5,258,263
7191,17346,2012-12-30,1,1,12,14,0,0,0,1,0.3,0.2727,0.36,0.4627,39,121,160
7192,5400,2011-08-17,3,0,8,21,0,3,1,1,0.72,0.6818,0.62,0.2239,38,192,230
7193,14202,2012-08-19,3,1,8,22,0,0,0,2,0.62,0.5909,0.78,0.1642,6,50,56
7194,10461,2012-03-16,1,1,3,23,0,5,1,2,0.44,0.4394,0.94,0,22,104,126
7195,10338,2012-03-11,1,1,3,20,0,0,0,1,0.44,0.4394,0.47,0.2239,42,129,171
7196,12240,2012-05-30,2,1,5,4,0,3,1,2,0.62,0.5606,0.88,0.1343,0,6,6
7197,9305,2012-01-28,1,1,1,14,0,6,0,1,0.38,0.3939,0.5,0.3881,123,239,362
7198,15436,2012-10-10,4,1,10,8,0,3,1,1,0.5,0.4848,0.77,0.1642,33,806,839
7199,12602,2012-06-14,2,1,6,6,0,4,1,1,0.58,0.5455,0.6,0.2836,12,169,181
7200,13358,2012-07-15,3,1,7,18,0,0,0,3,0.72,0.697,0.79,0.3582,84,228,312
7201,5373,2011-08-16,3,0,8,18,0,2,1,1,0.76,0.6818,0.45,0.2239,54,516,570
7202,15589,2012-10-16,4,1,10,17,0,2,1,1,0.52,0.5,0.39,0.194,104,839,943
7203,4956,2011-07-30,3,0,7,9,0,6,0,1,0.82,0.7576,0.46,0.2985,49,125,174
7204,1614,2011-03-12,1,0,3,17,0,6,0,1,0.46,0.4545,0.44,0.3284,99,114,213
7205,5830,2011-09-05,3,0,9,8,1,1,0,2,0.66,0.6061,0.78,0.194,45,56,101
7206,8394,2011-12-21,1,0,12,9,0,3,1,2,0.4,0.4091,0.87,0.2239,14,220,234
7207,10091,2012-03-01,1,1,3,12,0,4,1,1,0.56,0.5303,0.37,0.2239,16,204,220
7208,15876,2012-10-28,4,1,10,16,0,0,0,3,0.48,0.4697,0.67,0.4627,42,251,293
7209,15836,2012-10-27,4,1,10,0,0,6,0,1,0.5,0.4848,0.88,0.1343,10,132,142
7210,2016,2011-03-29,2,0,3,20,0,2,1,1,0.36,0.3636,0.21,0.0896,13,119,132
7211,15648,2012-10-19,4,1,10,4,0,5,1,2,0.56,0.5303,0.83,0,1,5,6
7212,16613,2012-11-29,4,1,11,23,0,4,1,1,0.28,0.3182,0.61,0,6,124,130
7213,14399,2012-08-28,3,1,8,3,0,2,1,1,0.66,0.5909,0.89,0.1343,0,4,4
7214,5757,2011-09-02,3,0,9,7,0,5,1,1,0.6,0.5606,0.83,0.1045,6,253,259
7215,16202,2012-11-12,4,1,11,19,1,1,0,1,0.54,0.5152,0.73,0.2836,30,323,353
7216,5330,2011-08-14,3,0,8,23,0,0,0,3,0.6,0.5606,0.83,0,5,22,27
7217,13129,2012-07-06,3,1,7,5,0,5,1,1,0.74,0.697,0.66,0.194,4,31,35
7218,2982,2011-05-09,2,0,5,3,0,1,1,1,0.46,0.4545,0.82,0.0896,0,7,7
7219,9956,2012-02-24,1,1,2,20,0,5,1,1,0.44,0.4394,0.62,0.4179,8,159,167
7220,11198,2012-04-16,2,1,4,18,1,1,0,1,0.8,0.697,0.31,0.3881,87,589,676
7221,7013,2011-10-24,4,0,10,19,0,1,1,3,0.48,0.4697,0.82,0,25,212,237
7222,16200,2012-11-12,4,1,11,17,1,1,0,1,0.56,0.5303,0.64,0.2836,66,530,596
7223,244,2011-01-11,1,0,1,12,0,2,1,2,0.2,0.2273,0.51,0.1045,2,55,57
7224,15951,2012-11-02,4,1,11,7,0,5,1,2,0.3,0.303,0.7,0.1343,8,349,357
7225,4879,2011-07-27,3,0,7,4,0,3,1,1,0.72,0.6667,0.51,0.194,1,3,4
7226,11720,2012-05-08,2,1,5,12,0,2,1,2,0.62,0.6061,0.65,0.3284,60,203,263
7227,107,2011-01-05,1,0,1,15,0,3,1,1,0.3,0.2879,0.28,0.194,7,55,62
7228,6803,2011-10-16,4,0,10,0,0,0,0,1,0.46,0.4545,0.44,0.1343,22,85,107
7229,9779,2012-02-17,1,1,2,9,0,5,1,2,0.26,0.303,1,0,8,275,283
7230,6735,2011-10-13,4,0,10,4,0,4,1,2,0.54,0.5152,1,0.1045,2,5,7
7231,15489,2012-10-12,4,1,10,13,0,5,1,1,0.56,0.5303,0.37,0.3881,81,300,381
7232,16388,2012-11-20,4,1,11,13,0,2,1,2,0.44,0.4394,0.58,0,49,218,267
7233,16685,2012-12-02,4,1,12,23,0,0,0,2,0.42,0.4242,0.82,0.1343,7,44,51
7234,16407,2012-11-21,4,1,11,8,0,3,1,2,0.28,0.303,0.81,0.0896,12,539,551
7235,4831,2011-07-25,3,0,7,4,0,1,1,1,0.72,0.7121,0.84,0.0896,0,6,6
7236,9245,2012-01-26,1,1,1,2,0,4,1,2,0.28,0.2727,0.75,0.1642,1,6,7
7237,5345,2011-08-15,3,0,8,14,0,1,1,1,0.74,0.6818,0.55,0.0896,56,95,151
7238,5203,2011-08-09,3,0,8,16,0,2,1,1,0.86,0.7727,0.39,0.2985,57,228,285
7239,12990,2012-06-30,3,1,6,10,0,6,0,1,0.88,0.7727,0.3,0.2537,96,308,404
7240,15688,2012-10-20,4,1,10,20,0,6,0,1,0.5,0.4848,0.39,0.2239,61,198,259
7241,9938,2012-02-24,1,1,2,2,0,5,1,3,0.42,0.4242,0.77,0.2836,1,4,5
7242,15444,2012-10-10,4,1,10,16,0,3,1,1,0.6,0.6212,0.4,0.2239,92,474,566
7243,4606,2011-07-15,3,0,7,19,0,5,1,1,0.7,0.6364,0.45,0.2239,114,280,394
7244,9955,2012-02-24,1,1,2,19,0,5,1,2,0.44,0.4394,0.88,0.1045,6,227,233
7245,8659,2012-01-01,1,1,1,13,0,0,0,1,0.42,0.4242,0.58,0.2836,82,141,223
7246,7519,2011-11-14,4,0,11,21,0,1,1,1,0.6,0.6212,0.53,0.3582,37,176,213
7247,8375,2011-12-20,4,0,12,14,0,2,1,2,0.44,0.4394,0.58,0.1045,11,127,138
7248,3961,2011-06-18,2,0,6,22,0,6,0,2,0.72,0.6818,0.62,0.1343,56,105,161
7249,15087,2012-09-25,4,1,9,19,0,2,1,1,0.62,0.6212,0.5,0.2537,49,490,539
7250,3874,2011-06-15,2,0,6,7,0,3,1,1,0.54,0.5152,0.6,0.1343,22,348,370
7251,180,2011-01-08,1,0,1,18,0,6,0,1,0.14,0.1212,0.39,0.2985,3,52,55
7252,4447,2011-07-09,3,0,7,4,0,6,0,1,0.64,0.5758,0.83,0.2239,2,4,6
7253,12319,2012-06-02,2,1,6,11,0,6,0,1,0.58,0.5455,0.46,0.2836,179,357,536
7254,2837,2011-05-03,2,0,5,2,0,2,1,2,0.56,0.5303,0.78,0.2537,0,5,5
7255,14256,2012-08-22,3,1,8,4,0,3,1,1,0.58,0.5455,0.83,0.1045,1,7,8
7256,8945,2012-01-13,1,1,1,13,0,5,1,1,0.26,0.2121,0.33,0.5224,14,140,154
7257,4794,2011-07-23,3,0,7,15,0,6,0,1,0.94,0.8788,0.38,0,78,137,215
7258,10888,2012-04-03,2,1,4,19,0,2,1,1,0.56,0.5303,0.26,0.1045,98,460,558
7259,5959,2011-09-10,3,0,9,19,0,6,0,1,0.7,0.6515,0.58,0.1343,101,214,315
7260,11515,2012-04-29,2,1,4,23,0,0,0,1,0.48,0.4697,0.59,0,15,67,82
7261,13941,2012-08-09,3,1,8,1,0,4,1,1,0.7,0.6667,0.79,0.1343,5,23,28
7262,11747,2012-05-09,2,1,5,15,0,3,1,2,0.64,0.6212,0.53,0.1045,68,191,259
7263,16536,2012-11-26,4,1,11,17,0,1,1,1,0.42,0.4242,0.32,0,13,540,553
7264,6891,2011-10-19,4,0,10,17,0,3,1,3,0.56,0.5303,0.94,0.1642,11,170,181
7265,14897,2012-09-17,3,1,9,21,0,1,1,3,0.62,0.5758,0.83,0.2239,28,205,233
7266,16728,2012-12-04,4,1,12,18,0,2,1,1,0.5,0.4848,0.63,0.2239,38,693,731
7267,12460,2012-06-08,2,1,6,8,0,5,1,1,0.58,0.5455,0.6,0.0896,37,663,700
7268,11014,2012-04-09,2,1,4,1,0,1,1,1,0.46,0.4545,0.41,0.1343,4,12,16
7269,30,2011-01-02,1,0,1,6,0,0,0,3,0.42,0.4242,0.77,0.2985,0,2,2
7270,16768,2012-12-06,4,1,12,10,0,4,1,1,0.24,0.2273,0.52,0.194,23,122,145
7271,5704,2011-08-31,3,0,8,2,0,3,1,1,0.56,0.5303,0.73,0,1,5,6
7272,2802,2011-05-01,2,0,5,15,0,0,0,2,0.5,0.4848,0.72,0,113,153,266
7273,9249,2012-01-26,1,1,1,6,0,4,1,2,0.28,0.3182,0.81,0,0,88,88
7274,9363,2012-01-31,1,1,1,0,0,2,1,1,0.28,0.2727,0.52,0.2537,0,15,15
7275,2923,2011-05-06,2,0,5,16,0,5,1,1,0.6,0.6212,0.4,0.2537,82,262,344
7276,14494,2012-09-01,3,1,9,2,0,6,0,1,0.7,0.6515,0.7,0.1642,8,61,69
7277,4665,2011-07-18,3,0,7,6,0,1,1,1,0.64,0.5758,0.83,0.1045,10,95,105
7278,15891,2012-10-30,4,1,10,19,0,2,1,2,0.5,0.4848,0.68,0.194,6,109,115
7279,16829,2012-12-08,4,1,12,23,0,6,0,2,0.4,0.4091,0.94,0,18,144,162
7280,13497,2012-07-21,3,1,7,13,0,6,0,3,0.6,0.5606,0.83,0.1642,106,248,354
7281,15799,2012-10-25,4,1,10,11,0,4,1,2,0.54,0.5152,0.83,0.1045,57,181,238
7282,1246,2011-02-25,1,0,2,0,0,5,1,3,0.32,0.3485,0.93,0,1,8,9
7283,12715,2012-06-18,2,1,6,23,0,1,1,3,0.6,0.5758,0.78,0.194,17,57,74
7284,4538,2011-07-12,3,0,7,23,0,2,1,1,0.78,0.7121,0.52,0,20,59,79
7285,5555,2011-08-24,3,0,8,8,0,3,1,1,0.62,0.6061,0.69,0.1343,32,436,468
7286,12125,2012-05-25,2,1,5,9,0,5,1,2,0.64,0.5758,0.89,0.1343,52,288,340
7287,4054,2011-06-22,3,0,6,19,0,3,1,2,0.8,0.7424,0.52,0.2537,62,280,342
7288,5932,2011-09-09,3,0,9,16,0,5,1,1,0.74,0.697,0.66,0.1343,41,244,285
7289,16057,2012-11-06,4,1,11,17,0,2,1,1,0.32,0.303,0.53,0.2239,30,597,627
7290,4413,2011-07-07,3,0,7,18,0,4,1,1,0.84,0.7576,0.44,0.2985,70,492,562
7291,109,2011-01-05,1,0,1,17,0,3,1,1,0.24,0.2273,0.38,0.194,4,186,190
7292,14890,2012-09-17,3,1,9,14,0,1,1,2,0.64,0.6061,0.65,0.2537,129,203,332
7293,9622,2012-02-10,1,1,2,20,0,5,1,2,0.32,0.3485,0.57,0,7,144,151
7294,15231,2012-10-01,4,1,10,19,0,1,1,2,0.54,0.5152,0.68,0.1045,33,483,516
7295,4970,2011-07-30,3,0,7,23,0,6,0,1,0.76,0.697,0.55,0.0896,63,114,177
7296,15611,2012-10-17,4,1,10,15,0,3,1,2,0.58,0.5455,0.43,0.2239,62,239,301
7297,6537,2011-10-04,4,0,10,22,0,2,1,1,0.5,0.4848,0.72,0.1343,8,106,114
7298,13884,2012-08-06,3,1,8,16,0,1,1,1,0.84,0.7576,0.41,0.1045,88,363,451
7299,9368,2012-01-31,1,1,1,5,0,2,1,1,0.3,0.2879,0.49,0.194,0,22,22
7300,8841,2012-01-09,1,1,1,4,0,1,1,1,0.22,0.2424,0.64,0.1045,0,4,4
7301,9442,2012-02-03,1,1,2,7,0,5,1,1,0.24,0.2273,0.65,0.2239,10,216,226
7302,13405,2012-07-17,3,1,7,17,0,2,1,1,0.92,0.8182,0.29,0,95,675,770
7303,13164,2012-07-07,3,1,7,16,0,6,0,1,1,0.8636,0.19,0.1642,102,192,294
7304,5845,2011-09-05,3,0,9,23,1,1,0,3,0.56,0.5303,0.88,0.3881,3,17,20
7305,16474,2012-11-24,4,1,11,3,0,6,0,1,0.28,0.2576,0.41,0.3582,6,5,11
7306,4395,2011-07-07,3,0,7,0,0,4,1,1,0.66,0.5909,0.89,0.1343,6,29,35
7307,5874,2011-09-07,3,0,9,5,0,3,1,2,0.56,0.5303,1,0.1343,1,15,16
7308,15273,2012-10-03,4,1,10,13,0,3,1,2,0.7,0.6667,0.74,0.1045,55,224,279
7309,12025,2012-05-21,2,1,5,5,0,1,1,3,0.56,0.5303,0.88,0.2985,1,14,15
7310,15700,2012-10-21,4,1,10,8,0,0,0,1,0.42,0.4242,0.67,0,39,104,143
7311,10688,2012-03-26,2,1,3,10,0,1,1,1,0.5,0.4848,0.36,0.5821,55,98,153
7312,11528,2012-04-30,2,1,4,12,0,1,1,2,0.44,0.4394,0.47,0.1343,45,180,225
7313,15747,2012-10-23,4,1,10,7,0,2,1,2,0.44,0.4394,0.77,0.1045,12,519,531
7314,4349,2011-07-05,3,0,7,2,0,2,1,1,0.66,0.6212,0.74,0.0896,8,5,13
7315,10812,2012-03-31,2,1,3,14,0,6,0,2,0.5,0.4848,0.63,0.2537,240,311,551
7316,8823,2012-01-08,1,1,1,10,0,0,0,1,0.34,0.3333,0.49,0.1642,27,181,208
7317,9641,2012-02-11,1,1,2,15,0,6,0,2,0.3,0.2727,0.61,0.2985,12,112,124
7318,1159,2011-02-21,1,0,2,1,1,1,0,2,0.34,0.303,0.42,0.3284,2,11,13
7319,16034,2012-11-05,4,1,11,18,0,1,1,1,0.34,0.3182,0.46,0.2239,19,523,542
7320,9376,2012-01-31,1,1,1,13,0,2,1,1,0.46,0.4545,0.36,0.2239,27,171,198
7321,7668,2011-11-21,4,0,11,2,0,1,1,3,0.44,0.4394,1,0.194,1,2,3
7322,3126,2011-05-15,2,0,5,3,0,0,0,2,0.52,0.5,1,0,11,21,32
7323,1866,2011-03-23,2,0,3,12,0,3,1,2,0.34,0.3182,0.87,0.2239,14,73,87
7324,8481,2011-12-25,1,0,12,0,0,0,0,1,0.24,0.2273,0.6,0.194,2,4,6
7325,12987,2012-06-30,3,1,6,7,0,6,0,1,0.64,0.5758,0.89,0.1642,10,82,92
7326,974,2011-02-13,1,0,2,4,0,0,0,2,0.2,0.2121,0.69,0.1642,0,2,2
7327,7666,2011-11-21,4,0,11,0,0,1,1,2,0.46,0.4545,0.94,0,4,13,17
7328,4300,2011-07-03,3,0,7,1,0,0,0,2,0.7,0.6515,0.61,0.1642,23,55,78
7329,16403,2012-11-21,4,1,11,4,0,3,1,1,0.28,0.2879,0.87,0.1045,0,10,10
7330,3654,2011-06-06,2,0,6,3,0,1,1,1,0.58,0.5455,0.88,0,2,3,5
7331,5873,2011-09-07,3,0,9,4,0,3,1,3,0.56,0.5303,0.94,0.1642,0,4,4
7332,10735,2012-03-28,2,1,3,9,0,3,1,1,0.4,0.4091,0.43,0.4478,16,298,314
7333,15013,2012-09-22,3,1,9,17,0,6,0,1,0.74,0.6667,0.51,0.3284,195,451,646
7334,12843,2012-06-24,3,1,6,7,0,0,0,1,0.64,0.6061,0.69,0.1045,23,48,71
7335,10484,2012-03-17,1,1,3,22,0,6,0,1,0.54,0.5152,0.68,0,58,153,211
7336,5548,2011-08-24,3,0,8,1,0,3,1,1,0.6,0.6061,0.6,0.1045,7,17,24
7337,13709,2012-07-30,3,1,7,9,0,1,1,2,0.74,0.697,0.7,0,34,259,293
7338,3089,2011-05-13,2,0,5,14,0,5,1,2,0.52,0.5,0.87,0.2836,70,120,190
7339,10708,2012-03-27,2,1,3,6,0,2,1,1,0.22,0.2273,0.37,0.194,5,96,101
7340,7196,2011-11-01,4,0,11,10,0,2,1,1,0.44,0.4394,0.62,0.1343,21,114,135
7341,8280,2011-12-16,4,0,12,15,0,5,1,2,0.32,0.303,0.45,0.2985,12,141,153
7342,4681,2011-07-18,3,0,7,22,0,1,1,1,0.76,0.7273,0.66,0.2239,36,104,140
7343,14450,2012-08-30,3,1,8,6,0,4,1,1,0.6,0.5606,0.83,0.1642,8,155,163
7344,8243,2011-12-15,4,0,12,2,0,4,1,2,0.32,0.3333,0.7,0.1343,2,5,7
7345,2826,2011-05-02,2,0,5,15,0,1,1,1,0.66,0.6212,0.61,0.194,45,110,155
7346,1039,2011-02-15,1,0,2,23,0,2,1,2,0.22,0.2576,0.44,0.0896,0,20,20
7347,17110,2012-12-20,4,1,12,16,0,4,1,2,0.34,0.303,0.53,0.3284,21,281,302
7348,6331,2011-09-26,4,0,9,8,0,1,1,2,0.62,0.5455,0.94,0,29,326,355
7349,11,2011-01-01,1,0,1,10,0,6,0,1,0.38,0.3939,0.76,0.2537,12,24,36
7350,2648,2011-04-25,2,0,4,5,0,1,1,2,0.46,0.4545,1,0,3,14,17
7351,5869,2011-09-07,3,0,9,0,0,3,1,2,0.54,0.5152,0.94,0.2239,1,12,13
7352,14576,2012-09-04,3,1,9,12,0,2,1,1,0.76,0.7273,0.7,0.2836,54,233,287
7353,1427,2011-03-04,1,0,3,17,0,5,1,2,0.36,0.3333,0.5,0.2537,22,206,228
7354,14967,2012-09-20,3,1,9,19,0,4,1,1,0.58,0.5455,0.6,0.2239,69,534,603
7355,3266,2011-05-20,2,0,5,23,0,5,1,1,0.52,0.5,0.72,0.1642,15,100,115
7356,14550,2012-09-03,3,1,9,10,1,1,0,2,0.74,0.7121,0.74,0.2239,135,224,359
7357,14773,2012-09-12,3,1,9,17,0,3,1,1,0.7,0.6364,0.41,0.2985,114,811,925
7358,4815,2011-07-24,3,0,7,12,0,0,0,1,0.9,0.8636,0.45,0.1642,85,161,246
7359,14788,2012-09-13,3,1,9,8,0,4,1,1,0.56,0.5303,0.73,0,33,725,758
7360,11891,2012-05-15,2,1,5,15,0,2,1,2,0.7,0.6515,0.61,0.0896,51,205,256
7361,1216,2011-02-23,1,0,2,17,0,3,1,1,0.34,0.3485,0.25,0.0896,15,207,222
7362,7271,2011-11-04,4,0,11,13,0,5,1,1,0.44,0.4394,0.51,0.4179,33,161,194
7363,14516,2012-09-02,3,1,9,0,0,0,0,2,0.66,0.5909,0.89,0.0896,27,72,99
7364,2394,2011-04-14,2,0,4,15,0,4,1,1,0.6,0.6212,0.31,0.0896,57,85,142
7365,2785,2011-04-30,2,0,4,22,0,6,0,1,0.44,0.4394,0.67,0.1045,37,106,143
7366,16432,2012-11-22,4,1,11,9,1,4,0,1,0.3,0.3333,0.65,0,25,94,119
7367,16124,2012-11-09,4,1,11,13,0,5,1,1,0.46,0.4545,0.38,0.2985,62,237,299
7368,9145,2012-01-21,1,1,1,22,0,6,0,2,0.18,0.1667,0.74,0.2985,3,56,59
7369,324,2011-01-14,1,0,1,23,0,5,1,2,0.18,0.2424,0.55,0,1,26,27
7370,1345,2011-03-01,1,0,3,7,0,2,1,1,0.2,0.1818,0.59,0.3284,2,105,107
7371,13080,2012-07-04,3,1,7,4,1,3,0,1,0.68,0.6364,0.69,0.2537,5,11,16
7372,4458,2011-07-09,3,0,7,15,0,6,0,1,0.84,0.7273,0.34,0.0896,182,220,402
7373,373,2011-01-17,1,0,1,0,1,1,0,2,0.2,0.197,0.47,0.2239,1,16,17
7374,910,2011-02-10,1,0,2,10,0,4,1,1,0.12,0.1061,0.42,0.2985,1,34,35
7375,6724,2011-10-12,4,0,10,17,0,3,1,3,0.54,0.5152,0.94,0.2239,16,235,251
7376,12502,2012-06-10,2,1,6,2,0,0,0,1,0.64,0.6061,0.69,0.1343,17,56,73
7377,5084,2011-08-04,3,0,8,17,0,4,1,1,0.76,0.7121,0.62,0.3284,91,464,555
7378,3400,2011-05-26,2,0,5,13,0,4,1,1,0.82,0.7727,0.52,0.2836,52,145,197
7379,497,2011-01-22,1,0,1,18,0,6,0,1,0.08,0.0909,0.35,0.194,0,54,54
7380,5847,2011-09-06,3,0,9,2,0,2,1,3,0.54,0.5152,0.94,0.2537,0,2,2
7381,11507,2012-04-29,2,1,4,15,0,0,0,1,0.56,0.5303,0.37,0.1343,279,324,603
7382,10154,2012-03-04,1,1,3,3,0,0,0,2,0.36,0.3485,0.43,0.1343,5,21,26
7383,12680,2012-06-17,2,1,6,12,0,0,0,1,0.62,0.6212,0.57,0,260,355,615
7384,8143,2011-12-10,4,0,12,22,0,6,0,1,0.22,0.2273,0.41,0.1343,7,88,95
7385,15832,2012-10-26,4,1,10,20,0,5,1,2,0.54,0.5152,0.83,0.1642,40,271,311
7386,3471,2011-05-29,2,0,5,12,0,0,0,2,0.7,0.6667,0.74,0.2239,216,186,402
7387,5303,2011-08-13,3,0,8,20,0,6,0,2,0.68,0.6364,0.83,0.2239,78,105,183
7388,7503,2011-11-14,4,0,11,5,0,1,1,2,0.44,0.4394,0.67,0.2537,0,19,19
7389,16285,2012-11-16,4,1,11,6,0,5,1,2,0.3,0.3182,0.61,0.0896,4,126,130
7390,1245,2011-02-24,1,0,2,23,0,4,1,2,0.32,0.303,0.93,0.2239,3,47,50
7391,4366,2011-07-05,3,0,7,19,0,2,1,1,0.8,0.7727,0.59,0.1343,71,297,368
7392,16235,2012-11-14,4,1,11,4,0,3,1,1,0.22,0.2273,0.69,0.194,0,6,6
7393,1196,2011-02-22,1,0,2,20,0,2,1,1,0.2,0.197,0.47,0.2239,3,102,105
7394,14086,2012-08-15,3,1,8,2,0,3,1,1,0.68,0.6364,0.65,0,1,7,8
7395,4954,2011-07-30,3,0,7,7,0,6,0,1,0.76,0.7273,0.66,0.194,3,39,42
7396,13168,2012-07-07,3,1,7,20,0,6,0,1,0.9,0.8182,0.37,0.1642,79,197,276
7397,1424,2011-03-04,1,0,3,14,0,5,1,1,0.36,0.3333,0.4,0.2836,30,65,95
7398,8294,2011-12-17,4,0,12,5,0,6,0,2,0.26,0.2576,0.6,0.194,2,7,9
7399,257,2011-01-12,1,0,1,1,0,3,1,2,0.16,0.1818,0.86,0.1045,0,6,6
7400,15617,2012-10-17,4,1,10,21,0,3,1,1,0.46,0.4545,0.82,0.194,28,301,329
7401,11178,2012-04-15,2,1,4,22,0,0,0,1,0.68,0.6364,0.44,0.3582,37,97,134
7402,289,2011-01-13,1,0,1,11,0,4,1,2,0.2,0.1667,0.44,0.4478,4,33,37
7403,6288,2011-09-24,4,0,9,13,0,6,0,1,0.64,0.5909,0.78,0,170,290,460
7404,6578,2011-10-06,4,0,10,15,0,4,1,1,0.58,0.5455,0.46,0.1343,62,157,219
7405,8872,2012-01-10,1,1,1,12,0,2,1,1,0.42,0.4242,0.38,0.2985,13,127,140
7406,8507,2011-12-26,1,0,12,4,1,1,0,1,0.34,0.303,0.46,0.2985,0,2,2
7407,10570,2012-03-21,2,1,3,12,0,3,1,2,0.54,0.5152,0.77,0,58,171,229
7408,12432,2012-06-07,2,1,6,4,0,4,1,1,0.46,0.4545,0.88,0.1045,0,6,6
7409,10190,2012-03-05,1,1,3,15,0,1,1,2,0.3,0.2879,0.53,0.194,20,110,130
7410,4485,2011-07-10,3,0,7,18,0,0,0,1,0.82,0.7424,0.43,0.2836,141,222,363
7411,11097,2012-04-12,2,1,4,13,0,4,1,1,0.48,0.4697,0.36,0.4478,55,148,203
7412,13593,2012-07-25,3,1,7,13,0,3,1,1,0.78,0.6818,0.31,0.1642,81,231,312
7413,8367,2011-12-20,4,0,12,6,0,2,1,2,0.36,0.3788,0.57,0,1,71,72
7414,12390,2012-06-05,2,1,6,10,0,2,1,2,0.52,0.5,0.63,0.2985,58,118,176
7415,1233,2011-02-24,1,0,2,11,0,4,1,2,0.32,0.2879,0.57,0.3881,8,71,79
7416,1281,2011-02-26,1,0,2,12,0,6,0,2,0.32,0.3182,0.45,0.1642,45,115,160
7417,7182,2011-10-31,4,0,10,20,0,1,1,1,0.4,0.4091,0.66,0.0896,18,154,172
7418,10890,2012-04-03,2,1,4,21,0,2,1,1,0.54,0.5152,0.45,0,33,210,243
7419,14827,2012-09-14,3,1,9,23,0,5,1,1,0.62,0.5909,0.78,0.0896,27,168,195
7420,2676,2011-04-26,2,0,4,9,0,2,1,1,0.64,0.6061,0.73,0.3582,35,164,199
7421,1113,2011-02-19,1,0,2,2,0,6,0,1,0.44,0.4394,0.13,0.3881,3,14,17
7422,7804,2011-11-26,4,0,11,18,0,6,0,2,0.42,0.4242,0.62,0.1642,67,118,185
7423,10389,2012-03-13,1,1,3,23,0,2,1,1,0.56,0.5303,0.56,0.1343,8,79,87
7424,4222,2011-06-29,3,0,6,19,0,3,1,1,0.76,0.6667,0.35,0.3881,60,341,401
7425,14810,2012-09-14,3,1,9,6,0,5,1,1,0.54,0.5152,0.88,0,8,144,152
7426,5131,2011-08-06,3,0,8,16,0,6,0,3,0.74,0.7121,0.79,0.1642,155,188,343
7427,7536,2011-11-15,4,0,11,14,0,2,1,2,0.54,0.5152,0.6,0.2836,27,120,147
7428,5525,2011-08-23,3,0,8,2,0,2,1,1,0.56,0.5303,0.52,0.194,2,4,6
7429,268,2011-01-12,1,0,1,14,0,3,1,1,0.2,0.1818,0.47,0.3284,0,44,44
7430,12909,2012-06-27,3,1,6,1,0,3,1,1,0.6,0.6212,0.43,0.1642,5,18,23
7431,13268,2012-07-12,3,1,7,0,0,4,1,2,0.68,0.6364,0.61,0,1,55,56
7432,15402,2012-10-08,4,1,10,22,1,1,0,3,0.4,0.4091,0.76,0.2537,6,101,107
7433,16693,2012-12-03,4,1,12,7,0,1,1,2,0.34,0.3636,0.93,0,9,387,396
7434,6128,2011-09-17,3,0,9,21,0,6,0,2,0.5,0.4848,0.72,0.194,49,121,170
7435,9203,2012-01-24,1,1,1,8,0,2,1,2,0.32,0.3333,0.93,0.1343,11,479,490
7436,11256,2012-04-19,2,1,4,4,0,4,1,2,0.42,0.4242,0.71,0,0,4,4
7437,402,2011-01-18,1,0,1,17,0,2,1,2,0.22,0.2273,0.82,0.194,1,124,125
7438,5822,2011-09-05,3,0,9,0,1,1,0,2,0.7,0.6667,0.74,0.2239,31,66,97
7439,6508,2011-10-03,4,0,10,17,0,1,1,2,0.4,0.4091,0.76,0.1642,40,455,495
7440,9782,2012-02-17,1,1,2,12,0,5,1,1,0.38,0.3939,0.46,0.3881,21,177,198
7441,3049,2011-05-11,2,0,5,22,0,3,1,1,0.5,0.4848,0.72,0.2537,12,134,146
7442,2046,2011-03-31,2,0,3,2,0,4,1,3,0.24,0.2273,0.93,0.194,0,5,5
7443,10963,2012-04-06,2,1,4,22,0,5,1,1,0.4,0.4091,0.35,0.2239,34,124,158
7444,1380,2011-03-02,1,0,3,18,0,3,1,1,0.46,0.4545,0.23,0.4925,8,193,201
7445,8797,2012-01-07,1,1,1,8,0,6,0,1,0.24,0.2576,0.75,0.1045,0,64,64
7446,14242,2012-08-21,3,1,8,14,0,2,1,1,0.76,0.6667,0.37,0.0896,110,192,302
7447,14592,2012-09-05,3,1,9,4,0,3,1,1,0.7,0.6667,0.79,0.2836,2,3,5
7448,16498,2012-11-25,4,1,11,3,0,0,0,1,0.22,0.2727,0.44,0,0,8,8
7449,4760,2011-07-22,3,0,7,5,0,5,1,1,0.74,0.7121,0.79,0.1045,2,17,19
7450,15015,2012-09-22,3,1,9,19,0,6,0,1,0.7,0.6515,0.58,0.194,99,308,407
7451,9562,2012-02-08,1,1,2,8,0,3,1,2,0.24,0.2273,0.7,0.2239,13,495,508
7452,9053,2012-01-18,1,1,1,2,0,3,1,2,0.44,0.4394,0.51,0.4925,1,1,2
7453,9234,2012-01-25,1,1,1,15,0,3,1,1,0.36,0.3788,0.46,0,30,125,155
7454,3791,2011-06-11,2,0,6,20,0,6,0,1,0.68,0.6364,0.74,0.2537,95,180,275
7455,621,2011-01-29,1,0,1,2,0,6,0,1,0.22,0.2273,0.64,0.1642,0,15,15
7456,5800,2011-09-04,3,0,9,2,0,0,0,1,0.66,0.6061,0.83,0.194,17,43,60
7457,653,2011-01-30,1,0,1,12,0,0,0,1,0.3,0.3182,0.52,0.1045,10,87,97
7458,9386,2012-01-31,1,1,1,23,0,2,1,1,0.44,0.4394,0.38,0.2537,2,61,63
7459,10011,2012-02-27,1,1,2,3,0,1,1,1,0.24,0.2424,0.75,0.1642,0,2,2
7460,13626,2012-07-26,3,1,7,22,0,4,1,1,0.8,0.7424,0.49,0.6119,33,201,234
7461,3474,2011-05-29,2,0,5,15,0,0,0,1,0.74,0.697,0.7,0.2985,221,155,376
7462,15262,2012-10-03,4,1,10,2,0,3,1,2,0.62,0.5455,0.94,0,2,7,9
7463,8318,2011-12-18,4,0,12,5,0,0,0,1,0.2,0.2273,0.59,0.1045,1,4,5
7464,5329,2011-08-14,3,0,8,22,0,0,0,3,0.6,0.5455,0.88,0.4925,14,25,39
7465,7220,2011-11-02,4,0,11,10,0,3,1,1,0.4,0.4091,0.71,0.0896,25,108,133
7466,7948,2011-12-02,4,0,12,19,0,5,1,1,0.34,0.3182,0.53,0.2537,13,252,265
7467,10236,2012-03-07,1,1,3,13,0,3,1,1,0.5,0.4848,0.34,0.4179,26,179,205
7468,5020,2011-08-02,3,0,8,1,0,2,1,1,0.66,0.6212,0.74,0.1045,4,8,12
7469,8846,2012-01-09,1,1,1,9,0,1,1,2,0.22,0.2727,0.64,0,9,188,197
7470,6153,2011-09-18,3,0,9,22,0,0,0,2,0.54,0.5152,0.68,0.0896,9,75,84
7471,14531,2012-09-02,3,1,9,15,0,0,0,3,0.74,0.7121,0.74,0.1343,179,176,355
7472,2517,2011-04-19,2,0,4,18,0,2,1,2,0.54,0.5152,0.64,0.1343,44,377,421
7473,9575,2012-02-08,1,1,2,21,0,3,1,3,0.24,0.2273,0.87,0.194,3,126,129
7474,14347,2012-08-25,3,1,8,23,0,6,0,2,0.62,0.5758,0.83,0.2537,34,124,158
7475,13456,2012-07-19,3,1,7,20,0,4,1,1,0.82,0.7727,0.49,0.1642,65,440,505
7476,10565,2012-03-21,2,1,3,7,0,3,1,3,0.48,0.4697,0.94,0.194,34,338,372
7477,16408,2012-11-21,4,1,11,9,0,3,1,1,0.32,0.3333,0.76,0.0896,45,320,365
7478,5287,2011-08-13,3,0,8,4,0,6,0,2,0.64,0.6061,0.73,0.1343,5,5,10
7479,10263,2012-03-08,1,1,3,16,0,4,1,2,0.62,0.6212,0.41,0.6418,37,305,342
7480,11513,2012-04-29,2,1,4,21,0,0,0,1,0.52,0.5,0.48,0.1343,65,139,204
7481,13333,2012-07-14,3,1,7,17,0,6,0,3,0.7,0.6667,0.79,0.1642,199,259,458
7482,11881,2012-05-15,2,1,5,5,0,2,1,3,0.56,0.5303,0.94,0.2239,0,8,8
7483,14504,2012-09-01,3,1,9,12,0,6,0,2,0.8,0.7576,0.55,0.1642,187,284,471
7484,3604,2011-06-04,2,0,6,1,0,6,0,1,0.54,0.5152,0.64,0.1045,14,80,94
7485,12616,2012-06-14,2,1,6,20,0,4,1,1,0.66,0.6212,0.65,0.2537,84,351,435
7486,16958,2012-12-14,4,1,12,8,0,5,1,1,0.2,0.2273,0.69,0.0896,13,623,636
7487,7031,2011-10-25,4,0,10,13,0,2,1,1,0.56,0.5303,0.37,0.3881,37,161,198
7488,2917,2011-05-06,2,0,5,10,0,5,1,2,0.54,0.5152,0.49,0.3284,30,97,127
7489,11053,2012-04-10,2,1,4,16,0,2,1,1,0.58,0.5455,0.21,0.2537,66,296,362
7490,1507,2011-03-08,1,0,3,3,0,2,1,1,0.24,0.2576,0.52,0.0896,5,2,7
7491,13594,2012-07-25,3,1,7,14,0,3,1,1,0.8,0.697,0.29,0.1343,88,159,247
7492,16073,2012-11-07,4,1,11,9,0,3,1,2,0.26,0.2424,0.6,0.2836,17,351,368
7493,8066,2011-12-07,4,0,12,17,0,3,1,3,0.4,0.4091,1,0.3284,4,48,52
7494,9896,2012-02-22,1,1,2,8,0,3,1,1,0.3,0.3182,0.75,0.0896,9,567,576
7495,13500,2012-07-21,3,1,7,16,0,6,0,3,0.6,0.5455,0.88,0.194,130,196,326
7496,15309,2012-10-05,4,1,10,1,0,5,1,1,0.54,0.5152,0.68,0.1045,3,43,46
7497,8935,2012-01-13,1,1,1,3,0,5,1,1,0.36,0.3333,0.87,0.2537,3,4,7
7498,1649,2011-03-14,1,0,3,6,0,1,1,1,0.26,0.2727,0.65,0.1343,1,27,28
7499,15437,2012-10-10,4,1,10,9,0,3,1,1,0.54,0.5152,0.6,0.2836,35,331,366
7500,4891,2011-07-27,3,0,7,16,0,3,1,1,0.86,0.7273,0.25,0.1642,40,228,268
7501,731,2011-02-02,1,0,2,19,0,3,1,1,0.28,0.2424,0.45,0.4925,3,88,91
7502,5441,2011-08-19,3,0,8,14,0,5,1,1,0.78,0.7273,0.55,0.194,78,142,220
7503,6767,2011-10-14,4,0,10,12,0,5,1,3,0.52,0.5,0.88,0.1642,13,62,75
7504,10877,2012-04-03,2,1,4,8,0,2,1,1,0.34,0.3636,0.57,0,27,577,604
7505,10780,2012-03-30,2,1,3,6,0,5,1,1,0.32,0.3333,0.57,0.1343,5,81,86
7506,15279,2012-10-03,4,1,10,19,0,3,1,1,0.7,0.6515,0.65,0,49,544,593
7507,16470,2012-11-23,4,1,11,23,0,5,1,1,0.42,0.4242,0.38,0.4478,20,47,67
7508,338,2011-01-15,1,0,1,13,0,6,0,1,0.28,0.2576,0.38,0.2985,21,80,101
7509,10523,2012-03-19,1,1,3,13,0,1,1,1,0.62,0.6061,0.61,0.2537,69,194,263
7510,11526,2012-04-30,2,1,4,10,0,1,1,2,0.42,0.4242,0.41,0.1642,41,116,157
7511,1746,2011-03-18,1,0,3,10,0,5,1,1,0.52,0.5,0.53,0.2836,43,74,117
7512,8201,2011-12-13,4,0,12,8,0,2,1,1,0.2,0.2273,0.69,0.1045,9,391,400
7513,3854,2011-06-14,2,0,6,11,0,2,1,1,0.64,0.6212,0.41,0.2836,40,103,143
7514,11896,2012-05-15,2,1,5,20,0,2,1,3,0.64,0.6061,0.73,0.1343,30,233,263
7515,5222,2011-08-10,3,0,8,11,0,3,1,1,0.8,0.7121,0.41,0.3881,54,95,149
7516,17182,2012-12-23,1,1,12,16,0,0,0,1,0.34,0.3333,0.34,0.194,53,137,190
7517,2710,2011-04-27,2,0,4,19,0,3,1,1,0.62,0.5909,0.78,0.2836,40,220,260
7518,15970,2012-11-03,4,1,11,2,0,6,0,2,0.34,0.3182,0.49,0.2537,10,36,46
7519,5903,2011-09-08,3,0,9,11,0,4,1,2,0.64,0.5606,0.94,0.2239,16,82,98
7520,3389,2011-05-26,2,0,5,2,0,4,1,1,0.62,0.5758,0.83,0.1045,7,7,14
7521,11803,2012-05-11,2,1,5,23,0,5,1,1,0.54,0.5152,0.37,0.194,38,142,180
7522,9396,2012-02-01,1,1,2,9,0,3,1,2,0.36,0.3485,0.71,0.194,9,267,276
7523,16090,2012-11-08,4,1,11,2,0,4,1,2,0.3,0.2879,0.49,0.2239,1,5,6
7524,6390,2011-09-28,4,0,9,19,0,3,1,3,0.66,0.6061,0.83,0.2537,57,315,372
7525,11462,2012-04-27,2,1,4,18,0,5,1,1,0.52,0.5,0.25,0.3582,94,560,654
7526,11938,2012-05-17,2,1,5,14,0,4,1,1,0.64,0.6212,0.38,0.194,68,202,270
7527,8403,2011-12-21,1,0,12,18,0,3,1,2,0.44,0.4394,1,0.2985,2,278,280
7528,10256,2012-03-08,1,1,3,9,0,4,1,1,0.46,0.4545,0.72,0.4627,19,282,301
7529,3127,2011-05-15,2,0,5,4,0,0,0,2,0.52,0.5,1,0,5,8,13
7530,1157,2011-02-20,1,0,2,23,0,0,0,2,0.3,0.303,0.61,0.1642,9,45,54
7531,12956,2012-06-29,3,1,6,0,0,5,1,1,0.74,0.6667,0.48,0.1343,24,90,114
7532,14563,2012-09-03,3,1,9,23,1,1,0,2,0.7,0.6667,0.84,0.2537,12,58,70
7533,5986,2011-09-11,3,0,9,22,0,0,0,1,0.62,0.6061,0.69,0.3881,21,74,95
7534,6217,2011-09-21,3,0,9,14,0,3,1,2,0.66,0.6212,0.74,0.194,40,139,179
7535,10028,2012-02-27,1,1,2,20,0,1,1,1,0.48,0.4697,0.33,0.3582,11,208,219
7536,5913,2011-09-08,3,0,9,21,0,4,1,3,0.64,0.5606,0.94,0.1045,6,76,82
7537,33,2011-01-02,1,0,1,9,0,0,0,2,0.38,0.3939,0.76,0.2239,1,19,20
7538,7188,2011-11-01,4,0,11,2,0,2,1,2,0.36,0.3485,0.81,0.1642,1,3,4
7539,12479,2012-06-09,2,1,6,3,0,6,0,1,0.62,0.6212,0.57,0,12,28,40
7540,17153,2012-12-22,1,1,12,11,0,6,0,1,0.28,0.2576,0.41,0.3582,29,130,159
7541,5971,2011-09-11,3,0,9,7,0,0,0,1,0.6,0.5455,0.88,0,9,28,37
7542,1337,2011-02-28,1,0,2,23,0,1,1,2,0.32,0.2879,0.81,0.3881,0,45,45
7543,7256,2011-11-03,4,0,11,22,0,4,1,1,0.4,0.4091,0.82,0,21,116,137
7544,4022,2011-06-21,3,0,6,11,0,2,1,1,0.66,0.6061,0.83,0.1642,52,119,171
7545,13093,2012-07-04,3,1,7,17,1,3,0,1,0.92,0.8485,0.35,0.2985,161,253,414
7546,15879,2012-10-28,4,1,10,19,0,0,0,3,0.42,0.4242,0.94,0.3582,7,47,54
7547,10880,2012-04-03,2,1,4,11,0,2,1,1,0.48,0.4697,0.23,0,91,167,258
7548,9319,2012-01-29,1,1,1,4,0,0,0,1,0.24,0.2576,0.3,0,0,5,5
7549,6301,2011-09-25,4,0,9,2,0,0,0,3,0.6,0.5152,0.94,0,27,79,106
7550,1611,2011-03-12,1,0,3,14,0,6,0,1,0.4,0.4091,0.5,0.4478,70,96,166
7551,940,2011-02-11,1,0,2,18,0,5,1,1,0.28,0.3182,0.28,0,9,165,174
7552,10012,2012-02-27,1,1,2,4,0,1,1,1,0.22,0.2273,0.8,0.1343,0,1,1
7553,13883,2012-08-06,3,1,8,15,0,1,1,1,0.82,0.7576,0.46,0.1343,91,183,274
7554,4024,2011-06-21,3,0,6,13,0,2,1,1,0.74,0.697,0.66,0.1642,49,158,207
7555,11026,2012-04-09,2,1,4,13,0,1,1,1,0.54,0.5152,0.28,0.5821,108,173,281
7556,9268,2012-01-27,1,1,1,1,0,5,1,2,0.4,0.4091,0.87,0.2239,6,23,29
7557,13912,2012-08-07,3,1,8,20,0,2,1,2,0.74,0.697,0.7,0.1343,74,374,448
7558,16070,2012-11-07,4,1,11,6,0,3,1,2,0.26,0.2424,0.56,0.2836,3,115,118
7559,746,2011-02-03,1,0,2,11,0,4,1,1,0.18,0.1364,0.43,0.4478,9,55,64
7560,4084,2011-06-24,3,0,6,1,0,5,1,1,0.66,0.6061,0.83,0.3284,8,20,28
7561,15886,2012-10-30,4,1,10,14,0,2,1,3,0.3,0.2727,0.81,0.3582,8,118,126
7562,3271,2011-05-21,2,0,5,4,0,6,0,1,0.46,0.4545,0.88,0.1343,1,6,7
7563,5583,2011-08-25,3,0,8,12,0,4,1,3,0.7,0.6667,0.79,0,9,32,41
7564,2878,2011-05-04,2,0,5,19,0,3,1,1,0.42,0.4242,0.58,0.3582,30,266,296
7565,7615,2011-11-18,4,0,11,21,0,5,1,1,0.28,0.2727,0.48,0.1642,3,108,111
7566,4702,2011-07-19,3,0,7,19,0,2,1,1,0.76,0.7424,0.75,0.194,54,334,388
7567,1742,2011-03-18,1,0,3,6,0,5,1,1,0.4,0.4091,0.66,0.194,1,35,36
7568,13780,2012-08-02,3,1,8,8,0,4,1,1,0.72,0.697,0.74,0.1045,21,718,739
7569,9743,2012-02-15,1,1,2,21,0,3,1,1,0.34,0.3333,0.53,0.1642,8,170,178
7570,2652,2011-04-25,2,0,4,9,0,1,1,1,0.6,0.5606,0.83,0.1343,27,147,174
7571,14387,2012-08-27,3,1,8,15,0,1,1,1,0.8,0.7576,0.55,0.2985,77,205,282
7572,7797,2011-11-26,4,0,11,11,0,6,0,1,0.4,0.4091,0.62,0.1045,107,123,230
7573,5647,2011-08-28,3,0,8,17,0,0,0,1,0.76,0.6818,0.4,0.2985,145,253,398
7574,8422,2011-12-22,1,0,12,13,0,4,1,2,0.46,0.4545,0.63,0,21,167,188
7575,3003,2011-05-10,2,0,5,0,0,2,1,1,0.48,0.4697,0.63,0,6,12,18
7576,1822,2011-03-21,2,0,3,15,0,1,1,2,0.56,0.5303,0.6,0.2239,41,66,107
7577,10932,2012-04-05,2,1,4,15,0,4,1,1,0.5,0.4848,0.31,0.1045,98,171,269
7578,7414,2011-11-10,4,0,11,12,0,4,1,2,0.42,0.4242,0.67,0.3582,18,149,167
7579,1331,2011-02-28,1,0,2,17,0,1,1,3,0.4,0.4091,1,0.2985,2,77,79
7580,15078,2012-09-25,4,1,9,10,0,2,1,1,0.56,0.5303,0.52,0.2985,45,125,170
7581,7147,2011-10-30,4,0,10,9,0,0,0,1,0.3,0.2879,0.65,0.2537,55,92,147
7582,958,2011-02-12,1,0,2,12,0,6,0,1,0.3,0.2727,0.39,0.4627,27,93,120
7583,2111,2011-04-02,2,0,4,19,0,6,0,1,0.36,0.3333,0.53,0.3582,71,77,148
7584,8365,2011-12-20,4,0,12,4,0,2,1,2,0.36,0.3636,0.53,0.1045,0,4,4
7585,14254,2012-08-22,3,1,8,2,0,3,1,1,0.62,0.5909,0.78,0,7,10,17
7586,9126,2012-01-21,1,1,1,3,0,6,0,3,0.14,0.1818,0.93,0.0896,0,13,13
7587,7502,2011-11-14,4,0,11,4,0,1,1,1,0.44,0.4394,0.67,0.2239,0,5,5
7588,14054,2012-08-13,3,1,8,18,0,1,1,1,0.76,0.697,0.52,0.2836,103,709,812
7589,4692,2011-07-19,3,0,7,9,0,2,1,2,0.8,0.7879,0.63,0.1343,22,177,199
7590,16329,2012-11-18,4,1,11,2,0,0,0,1,0.28,0.2879,0.81,0.1045,8,65,73
7591,1661,2011-03-14,1,0,3,18,0,1,1,1,0.36,0.3636,0.4,0.1045,25,210,235
7592,16742,2012-12-05,4,1,12,8,0,3,1,2,0.44,0.4394,0.58,0.2836,22,737,759
7593,15251,2012-10-02,4,1,10,15,0,2,1,3,0.62,0.5758,0.83,0.1343,14,195,209
7594,7832,2011-11-27,4,0,11,22,0,0,0,1,0.48,0.4697,0.72,0.2537,13,53,66
7595,14665,2012-09-08,3,1,9,5,0,6,0,2,0.66,0.5909,0.94,0.2537,2,13,15
7596,2769,2011-04-30,2,0,4,6,0,6,0,1,0.4,0.4091,0.58,0.2836,10,11,21
7597,13099,2012-07-04,3,1,7,23,1,3,0,2,0.78,0.697,0.43,0.0896,31,152,183
7598,656,2011-01-30,1,0,1,15,0,0,0,1,0.3,0.3333,0.56,0,14,95,109
7599,14898,2012-09-17,3,1,9,22,0,1,1,3,0.62,0.5758,0.83,0.2537,20,109,129
7600,13350,2012-07-15,3,1,7,10,0,0,0,1,0.76,0.7273,0.66,0.1343,141,241,382
7601,16818,2012-12-08,4,1,12,12,0,6,0,2,0.4,0.4091,0.87,0.2239,122,364,486
7602,12422,2012-06-06,2,1,6,18,0,3,1,3,0.6,0.6212,0.53,0.194,94,688,782
7603,12464,2012-06-08,2,1,6,12,0,5,1,1,0.72,0.6515,0.39,0.3284,89,280,369
7604,8508,2011-12-26,1,0,12,5,1,1,0,1,0.34,0.303,0.42,0.3881,0,4,4
7605,10282,2012-03-09,1,1,3,11,0,5,1,2,0.36,0.3333,0.34,0.3582,17,170,187
7606,2200,2011-04-06,2,0,4,12,0,3,1,1,0.44,0.4394,0.41,0.2537,22,112,134
7607,2961,2011-05-08,2,0,5,6,0,0,0,2,0.44,0.4394,0.82,0,2,4,6
7608,4641,2011-07-17,3,0,7,6,0,0,0,1,0.62,0.5909,0.73,0.1642,10,11,21
7609,2400,2011-04-14,2,0,4,21,0,4,1,1,0.46,0.4545,0.63,0.1343,19,126,145
7610,7311,2011-11-06,4,0,11,5,0,0,0,1,0.24,0.2424,0.87,0.1343,0,5,5
7611,7252,2011-11-03,4,0,11,18,0,4,1,1,0.46,0.4545,0.63,0.1343,24,409,433
7612,5488,2011-08-21,3,0,8,13,0,0,0,1,0.8,0.7727,0.59,0.4179,94,216,310
7613,16126,2012-11-09,4,1,11,15,0,5,1,1,0.46,0.4545,0.36,0.2239,78,278,356
7614,14124,2012-08-16,3,1,8,16,0,4,1,1,0.82,0.7121,0.32,0.2239,79,340,419
7615,8288,2011-12-16,4,0,12,23,0,5,1,2,0.3,0.303,0.49,0.1343,4,71,75
7616,13724,2012-07-31,3,1,7,0,0,2,1,1,0.68,0.6364,0.79,0.1343,11,27,38
7617,8824,2012-01-08,1,1,1,11,0,0,0,1,0.36,0.3485,0.46,0.2239,55,201,256
7618,7837,2011-11-28,4,0,11,4,0,1,1,1,0.44,0.4394,0.82,0.0896,0,4,4
7619,1406,2011-03-03,1,0,3,20,0,4,1,1,0.2,0.2273,0.4,0.0896,1,69,70
7620,15420,2012-10-09,4,1,10,16,0,2,1,2,0.5,0.4848,0.72,0.1642,70,354,424
7621,2626,2011-04-24,2,0,4,7,0,0,0,2,0.5,0.4848,1,0,16,11,27
7622,11251,2012-04-18,2,1,4,23,0,3,1,2,0.42,0.4242,0.77,0,14,56,70
7623,11216,2012-04-17,2,1,4,12,0,2,1,1,0.6,0.6212,0.33,0.3582,65,179,244
7624,13745,2012-07-31,3,1,7,21,0,2,1,1,0.68,0.6364,0.79,0.194,60,292,352
7625,7626,2011-11-19,4,0,11,8,0,6,0,1,0.26,0.2424,0.56,0.2537,12,80,92
7626,3149,2011-05-16,2,0,5,2,0,1,1,1,0.5,0.4848,1,0.0896,4,9,13
7627,12487,2012-06-09,2,1,6,11,0,6,0,1,0.76,0.6667,0.35,0,218,351,569
7628,13361,2012-07-15,3,1,7,21,0,0,0,1,0.72,0.697,0.79,0.0896,59,164,223
7629,12033,2012-05-21,2,1,5,13,0,1,1,3,0.6,0.5606,0.83,0.2537,49,135,184
7630,11029,2012-04-09,2,1,4,16,0,1,1,1,0.56,0.5303,0.3,0.4179,81,310,391
7631,2874,2011-05-04,2,0,5,15,0,3,1,1,0.48,0.4697,0.51,0.4179,22,107,129
7632,8982,2012-01-15,1,1,1,2,0,0,0,2,0.16,0.1364,0.47,0.2836,5,38,43
7633,3917,2011-06-17,2,0,6,2,0,5,1,1,0.56,0.5303,0.94,0.1045,2,11,13
7634,13847,2012-08-05,3,1,8,3,0,0,0,1,0.72,0.697,0.74,0.2537,9,32,41
7635,3686,2011-06-07,2,0,6,11,0,2,1,2,0.76,0.697,0.52,0.2537,38,113,151
7636,11228,2012-04-18,2,1,4,0,0,3,1,1,0.54,0.5152,0.32,0.1642,3,35,38
7637,9049,2012-01-17,1,1,1,22,0,2,1,1,0.46,0.4545,0.72,0.3881,5,85,90
7638,15887,2012-10-30,4,1,10,15,0,2,1,3,0.3,0.2879,0.87,0.2537,10,114,124
7639,77,2011-01-04,1,0,1,8,0,2,1,1,0.14,0.1515,0.69,0.1642,2,177,179
7640,5196,2011-08-09,3,0,8,9,0,2,1,2,0.78,0.7424,0.62,0.1343,34,141,175
7641,13739,2012-07-31,3,1,7,15,0,2,1,1,0.76,0.7121,0.62,0.1343,29,115,144
7642,14598,2012-09-05,3,1,9,10,0,3,1,2,0.76,0.7273,0.7,0.1642,54,181,235
7643,11510,2012-04-29,2,1,4,18,0,0,0,1,0.6,0.6061,0.26,0.2836,164,323,487
7644,16791,2012-12-07,4,1,12,9,0,5,1,2,0.3,0.303,0.81,0.1343,10,291,301
7645,12548,2012-06-12,2,1,6,0,0,2,1,2,0.7,0.6515,0.58,0.2239,2,26,28
7646,14947,2012-09-19,3,1,9,23,0,3,1,1,0.48,0.4697,0.67,0.0896,17,106,123
7647,6652,2011-10-09,4,0,10,17,0,0,0,1,0.62,0.6061,0.61,0.1045,208,230,438
7648,4948,2011-07-30,3,0,7,1,0,6,0,1,0.76,0.697,0.55,0.0896,15,75,90
7649,436,2011-01-20,1,0,1,4,0,4,1,1,0.26,0.2576,0.56,0.1642,0,1,1
7650,2261,2011-04-09,2,0,4,1,0,6,0,2,0.3,0.303,0.87,0.1343,3,17,20
7651,1776,2011-03-19,1,0,3,16,0,6,0,1,0.5,0.4848,0.31,0.3881,175,129,304
7652,14914,2012-09-18,3,1,9,14,0,2,1,3,0.6,0.5152,0.94,0.4627,27,116,143
7653,10677,2012-03-25,2,1,3,23,0,0,0,1,0.48,0.4697,0.82,0.1343,9,56,65
7654,94,2011-01-05,1,0,1,1,0,3,1,1,0.16,0.197,0.74,0.0896,0,6,6
7655,7750,2011-11-24,4,0,11,12,1,4,0,1,0.46,0.4545,0.36,0.2239,62,88,150
7656,12576,2012-06-13,2,1,6,4,0,3,1,1,0.6,0.5606,0.83,0.1343,1,9,10
7657,4008,2011-06-20,2,0,6,21,0,1,1,1,0.64,0.6061,0.73,0.1642,39,167,206
7658,2732,2011-04-28,2,0,4,17,0,4,1,1,0.64,0.6212,0.47,0.3582,49,406,455
7659,16042,2012-11-06,4,1,11,2,0,2,1,1,0.24,0.2576,0.65,0.0896,0,2,2
7660,7172,2011-10-31,4,0,10,10,0,1,1,2,0.36,0.3485,0.57,0.1642,18,87,105
7661,6792,2011-10-15,4,0,10,13,0,6,0,1,0.6,0.6212,0.35,0.4627,171,223,394
7662,11574,2012-05-02,2,1,5,10,0,3,1,2,0.58,0.5455,0.83,0.1045,28,147,175
7663,4811,2011-07-24,3,0,7,8,0,0,0,1,0.82,0.7879,0.56,0.2836,22,82,104
7664,3182,2011-05-17,2,0,5,11,0,2,1,2,0.56,0.5303,0.83,0.4179,26,104,130
7665,8529,2011-12-27,1,0,12,2,0,2,1,1,0.26,0.2727,0.7,0.1343,2,2,4
7666,1077,2011-02-17,1,0,2,14,0,4,1,1,0.6,0.6212,0.31,0.2239,26,55,81
7667,2339,2011-04-12,2,0,4,8,0,2,1,3,0.48,0.4697,0.88,0.3881,15,211,226
7668,10030,2012-02-27,1,1,2,22,0,1,1,1,0.44,0.4394,0.44,0.2537,9,83,92
7669,13116,2012-07-05,3,1,7,16,0,4,1,1,0.92,0.8333,0.33,0.2537,109,324,433
7670,12223,2012-05-29,2,1,5,11,0,2,1,1,0.76,0.7121,0.62,0.2985,50,147,197
7671,9676,2012-02-13,1,1,2,2,0,1,1,1,0.14,0.1364,0.46,0.194,0,4,4
7672,1886,2011-03-24,2,0,3,8,0,4,1,3,0.26,0.2273,1,0.2985,4,120,124
7673,11569,2012-05-02,2,1,5,5,0,3,1,1,0.54,0.5152,0.9,0.1343,2,31,33
7674,15736,2012-10-22,4,1,10,20,0,1,1,1,0.5,0.4848,0.59,0.1045,21,382,403
7675,16392,2012-11-20,4,1,11,17,0,2,1,2,0.4,0.4091,0.71,0.1642,37,553,590
7676,5774,2011-09-03,3,0,9,0,0,6,0,2,0.64,0.6061,0.73,0.1045,22,65,87
7677,7709,2011-11-22,4,0,11,19,0,2,1,3,0.46,0.4545,0.94,0.1045,5,106,111
7678,4324,2011-07-04,3,0,7,1,1,1,0,1,0.64,0.5758,0.83,0.0896,43,76,119
7679,5585,2011-08-25,3,0,8,14,0,4,1,2,0.72,0.697,0.74,0,27,86,113
7680,4950,2011-07-30,3,0,7,3,0,6,0,1,0.74,0.6818,0.62,0.1642,18,25,43
7681,12969,2012-06-29,3,1,6,13,0,5,1,1,0.94,0.8788,0.38,0.194,45,194,239
7682,12321,2012-06-02,2,1,6,13,0,6,0,1,0.62,0.6212,0.41,0.2537,279,400,679
7683,223,2011-01-10,1,0,1,13,0,1,1,2,0.2,0.1818,0.4,0.2836,4,50,54
7684,12882,2012-06-25,3,1,6,22,0,1,1,1,0.66,0.6212,0.29,0.3881,21,166,187
7685,2760,2011-04-29,2,0,4,21,0,5,1,1,0.46,0.4545,0.51,0.194,50,145,195
7686,9961,2012-02-25,1,1,2,1,0,6,0,1,0.34,0.303,0.42,0.3582,4,42,46
7687,253,2011-01-11,1,0,1,21,0,2,1,3,0.16,0.197,0.86,0.0896,0,20,20
7688,4031,2011-06-21,3,0,6,20,0,2,1,3,0.74,0.697,0.7,0.2239,72,254,326
7689,3353,2011-05-24,2,0,5,14,0,2,1,1,0.78,0.697,0.46,0.2836,27,126,153
7690,1438,2011-03-05,1,0,3,4,0,6,0,2,0.3,0.303,0.93,0.1642,0,1,1
7691,1234,2011-02-24,1,0,2,12,0,4,1,2,0.36,0.3333,0.53,0.3582,10,85,95
7692,16135,2012-11-10,4,1,11,0,0,6,0,1,0.32,0.3333,0.76,0.0896,16,106,122
7693,4282,2011-07-02,3,0,7,7,0,6,0,1,0.64,0.6061,0.65,0,10,35,45
7694,13165,2012-07-07,3,1,7,17,0,6,0,1,0.96,0.8485,0.26,0.1343,103,176,279
7695,9160,2012-01-22,1,1,1,13,0,0,0,2,0.16,0.1818,0.8,0.1343,24,175,199
7696,3103,2011-05-14,2,0,5,4,0,6,0,2,0.5,0.4848,0.82,0.1642,1,4,5
7697,7478,2011-11-13,4,0,11,4,0,0,0,2,0.36,0.3485,0.62,0.1343,1,5,6
7698,2466,2011-04-17,2,0,4,15,0,0,0,1,0.54,0.5152,0.32,0.5224,179,209,388
7699,12812,2012-06-23,3,1,6,0,0,6,0,1,0.64,0.5758,0.83,0,14,102,116
7700,8032,2011-12-06,4,0,12,7,0,2,1,2,0.46,0.4545,0.94,0.194,7,227,234
7701,9922,2012-02-23,1,1,2,10,0,4,1,1,0.42,0.4242,0.67,0.194,41,107,148
7702,5394,2011-08-17,3,0,8,15,0,3,1,1,0.8,0.7273,0.43,0.1343,42,117,159
7703,5405,2011-08-18,3,0,8,2,0,4,1,1,0.66,0.6212,0.65,0.2239,2,4,6
7704,9467,2012-02-04,1,1,2,8,0,6,0,1,0.24,0.2879,0.87,0,4,86,90
7705,8192,2011-12-12,4,0,12,23,0,1,1,1,0.24,0.2879,0.75,0,3,42,45
7706,1355,2011-03-01,1,0,3,17,0,2,1,1,0.34,0.3485,0.34,0.0896,12,230,242
7707,450,2011-01-20,1,0,1,18,0,4,1,2,0.26,0.2576,0.56,0.194,1,184,185
7708,8030,2011-12-06,4,0,12,5,0,2,1,3,0.46,0.4545,0.88,0.2239,0,20,20
7709,16937,2012-12-13,4,1,12,11,0,4,1,1,0.34,0.3182,0.42,0.2537,25,164,189
7710,11571,2012-05-02,2,1,5,7,0,3,1,2,0.54,0.5152,0.88,0.194,14,344,358
7711,3622,2011-06-04,2,0,6,19,0,6,0,2,0.7,0.6364,0.39,0.0896,79,206,285
7712,2318,2011-04-11,2,0,4,11,0,1,1,2,0.6,0.5909,0.73,0.2985,45,59,104
7713,13955,2012-08-09,3,1,8,15,0,4,1,1,0.88,0.7727,0.32,0.2239,63,204,267
7714,12085,2012-05-23,2,1,5,17,0,3,1,3,0.64,0.6061,0.69,0.1045,45,240,285
7715,2186,2011-04-05,2,0,4,22,0,2,1,1,0.32,0.303,0.49,0.2985,3,43,46
7716,4478,2011-07-10,3,0,7,11,0,0,0,1,0.78,0.7273,0.55,0.194,110,177,287
7717,1891,2011-03-24,2,0,3,13,0,4,1,2,0.32,0.303,0.7,0.2239,11,90,101
7718,1156,2011-02-20,1,0,2,22,0,0,0,2,0.32,0.303,0.57,0.2239,4,43,47
7719,8705,2012-01-03,1,1,1,12,0,2,1,1,0.18,0.1364,0.37,0.5224,4,70,74
7720,16352,2012-11-19,4,1,11,1,0,1,1,2,0.36,0.3485,0.66,0.2239,0,19,19
7721,16756,2012-12-05,4,1,12,22,0,3,1,1,0.32,0.2879,0.45,0.3881,4,101,105
7722,1729,2011-03-17,1,0,3,16,0,4,1,1,0.5,0.4848,0.48,0.2836,34,108,142
7723,14938,2012-09-19,3,1,9,14,0,3,1,1,0.62,0.6212,0.38,0.2537,59,227,286
7724,13785,2012-08-02,3,1,8,13,0,4,1,1,0.86,0.7879,0.44,0.2239,98,212,310
7725,13266,2012-07-11,3,1,7,22,0,3,1,1,0.72,0.6667,0.58,0.2537,41,203,244
7726,6522,2011-10-04,4,0,10,7,0,2,1,1,0.42,0.4242,0.82,0.2836,11,298,309
7727,14337,2012-08-25,3,1,8,13,0,6,0,2,0.72,0.6667,0.51,0.3582,186,331,517
7728,2998,2011-05-09,2,0,5,19,0,1,1,1,0.58,0.5455,0.43,0.194,45,339,384
7729,17065,2012-12-18,4,1,12,19,0,2,1,1,0.38,0.3939,0.46,0.3881,19,334,353
7730,5350,2011-08-15,3,0,8,19,0,1,1,1,0.7,0.6515,0.65,0,54,343,397
7731,13891,2012-08-06,3,1,8,23,0,1,1,1,0.72,0.697,0.74,0.194,16,97,113
7732,10475,2012-03-17,1,1,3,13,0,6,0,1,0.6,0.6061,0.6,0.1045,286,400,686
7733,4393,2011-07-06,3,0,7,22,0,3,1,1,0.7,0.6667,0.79,0.194,30,156,186
7734,10478,2012-03-17,1,1,3,16,0,6,0,1,0.64,0.6212,0.5,0,367,318,685
7735,2504,2011-04-19,2,0,4,5,0,2,1,2,0.46,0.4545,0.72,0.194,1,17,18
7736,15031,2012-09-23,4,1,9,11,0,0,0,1,0.56,0.5303,0.46,0.2537,186,384,570
7737,16275,2012-11-15,4,1,11,20,0,4,1,1,0.34,0.3485,0.61,0.1045,23,262,285
7738,2464,2011-04-17,2,0,4,13,0,0,0,1,0.5,0.4848,0.34,0.3881,181,162,343
7739,2133,2011-04-03,2,0,4,17,0,0,0,2,0.46,0.4545,0.28,0.1343,148,126,274
7740,2847,2011-05-03,2,0,5,12,0,2,1,2,0.68,0.6364,0.61,0.4925,48,169,217
7741,11420,2012-04-26,2,1,4,0,0,4,1,2,0.48,0.4697,0.63,0,1,42,43
7742,12427,2012-06-06,2,1,6,23,0,3,1,1,0.52,0.5,0.77,0,13,110,123
7743,7587,2011-11-17,4,0,11,17,0,4,1,1,0.32,0.2879,0.42,0.3881,20,379,399
7744,1613,2011-03-12,1,0,3,16,0,6,0,1,0.46,0.4545,0.41,0.4478,100,144,244
7745,8461,2011-12-24,1,0,12,4,0,6,0,2,0.32,0.3182,0.66,0.1642,0,3,3
7746,2192,2011-04-06,2,0,4,4,0,3,1,1,0.24,0.2424,0.65,0.1343,0,1,1
7747,1730,2011-03-17,1,0,3,17,0,4,1,1,0.5,0.4848,0.42,0.194,48,265,313
7748,4825,2011-07-24,3,0,7,22,0,0,0,1,0.78,0.7576,0.66,0,23,75,98
7749,6669,2011-10-10,4,0,10,10,1,1,0,1,0.56,0.5303,0.73,0.1642,107,158,265
7750,12609,2012-06-14,2,1,6,13,0,4,1,1,0.68,0.6364,0.57,0.1642,71,213,284
7751,13800,2012-08-03,3,1,8,4,0,5,1,1,0.66,0.6061,0.83,0.2537,1,11,12
7752,12849,2012-06-24,3,1,6,13,0,0,0,1,0.8,0.697,0.33,0.2836,237,348,585
7753,7594,2011-11-18,4,0,11,0,0,5,1,1,0.26,0.2576,0.48,0.1642,2,28,30
7754,5658,2011-08-29,3,0,8,4,0,1,1,1,0.56,0.5303,0.68,0.1343,0,3,3
7755,6303,2011-09-25,4,0,9,4,0,0,0,3,0.6,0.5152,0.94,0.1343,3,5,8
7756,14255,2012-08-22,3,1,8,3,0,3,1,1,0.62,0.5909,0.78,0,0,7,7
7757,11860,2012-05-14,2,1,5,8,0,1,1,3,0.54,0.5152,0.88,0.2239,1,155,156
7758,5910,2011-09-08,3,0,9,18,0,4,1,3,0.64,0.5606,0.94,0.3582,2,66,68
7759,14865,2012-09-16,3,1,9,13,0,0,0,1,0.64,0.6212,0.41,0.1642,240,454,694
7760,16747,2012-12-05,4,1,12,13,0,3,1,1,0.46,0.4545,0.41,0.2836,14,200,214
7761,17208,2012-12-24,1,1,12,19,0,1,1,2,0.24,0.2424,0.93,0.1343,4,14,18
7762,11162,2012-04-15,2,1,4,6,0,0,0,1,0.5,0.4848,0.63,0.1343,5,11,16
7763,16619,2012-11-30,4,1,11,5,0,5,1,1,0.2,0.2576,0.8,0,1,39,40
7764,13521,2012-07-22,3,1,7,13,0,0,0,2,0.7,0.6515,0.65,0.0896,238,388,626
7765,8269,2011-12-16,4,0,12,4,0,5,1,2,0.5,0.4848,0.59,0.194,1,4,5
7766,7582,2011-11-17,4,0,11,12,0,4,1,2,0.34,0.303,0.53,0.2985,6,115,121
7767,4048,2011-06-22,3,0,6,13,0,3,1,2,0.82,0.7879,0.56,0.2537,34,113,147
7768,1867,2011-03-23,2,0,3,13,0,3,1,3,0.34,0.3333,0.87,0.1343,14,94,108
7769,9943,2012-02-24,1,1,2,7,0,5,1,2,0.4,0.4091,0.76,0.2239,7,265,272
7770,5951,2011-09-10,3,0,9,11,0,6,0,1,0.72,0.6818,0.62,0.2537,108,252,360
7771,15457,2012-10-11,4,1,10,5,0,4,1,1,0.36,0.3485,0.5,0.1642,0,42,42
7772,6897,2011-10-19,4,0,10,23,0,3,1,2,0.58,0.5455,0.94,0.3582,14,55,69
7773,5299,2011-08-13,3,0,8,16,0,6,0,2,0.7,0.6667,0.74,0.2836,148,133,281
7774,2557,2011-04-21,2,0,4,10,0,4,1,1,0.42,0.4242,0.44,0.3582,25,73,98
7775,16360,2012-11-19,4,1,11,9,0,1,1,2,0.36,0.3333,0.66,0.2537,18,260,278
7776,4241,2011-06-30,3,0,6,14,0,4,1,1,0.78,0.6818,0.31,0.194,46,117,163
7777,14968,2012-09-20,3,1,9,20,0,4,1,1,0.56,0.5303,0.64,0.1343,57,360,417
7778,14476,2012-08-31,3,1,8,8,0,5,1,2,0.7,0.6667,0.74,0,36,654,690
7779,5743,2011-09-01,3,0,9,17,0,4,1,1,0.72,0.6667,0.54,0.2537,61,567,628
7780,6746,2011-10-13,4,0,10,15,0,4,1,1,0.66,0.6061,0.78,0.194,27,128,155
7781,2756,2011-04-29,2,0,4,17,0,5,1,2,0.52,0.5,0.45,0.3881,75,433,508
7782,11077,2012-04-11,2,1,4,17,0,3,1,1,0.42,0.4242,0.35,0.3881,52,527,579
7783,2493,2011-04-18,2,0,4,18,0,1,1,1,0.64,0.6212,0.31,0.3582,41,321,362
7784,7613,2011-11-18,4,0,11,19,0,5,1,1,0.28,0.2727,0.41,0.1642,7,183,190
7785,3140,2011-05-15,2,0,5,17,0,0,0,3,0.56,0.5303,0.78,0.3582,137,255,392
7786,6903,2011-10-20,4,0,10,5,0,4,1,1,0.48,0.4697,0.82,0.3582,2,24,26
7787,15850,2012-10-27,4,1,10,14,0,6,0,1,0.6,0.6212,0.46,0.2537,325,425,750
7788,3743,2011-06-09,2,0,6,20,0,4,1,2,0.8,0.7273,0.43,0.194,40,214,254
7789,5235,2011-08-11,3,0,8,0,0,4,1,1,0.7,0.6364,0.45,0.1045,6,40,46
7790,12691,2012-06-17,2,1,6,23,0,0,0,1,0.58,0.5455,0.64,0.194,29,79,108
7791,3273,2011-05-21,2,0,5,6,0,6,0,1,0.5,0.4848,0.82,0.1343,6,22,28
7792,15787,2012-10-24,4,1,10,23,0,3,1,2,0.58,0.5455,0.68,0.0896,12,111,123
7793,5274,2011-08-12,3,0,8,15,0,5,1,1,0.8,0.697,0.29,0.1642,59,190,249
7794,14155,2012-08-17,3,1,8,23,0,5,1,3,0.64,0.2424,0.83,0.2239,21,100,121
7795,2890,2011-05-05,2,0,5,7,0,4,1,1,0.38,0.3939,0.58,0.2537,16,255,271
7796,6322,2011-09-25,4,0,9,23,0,0,0,2,0.62,0.5455,0.94,0.1045,12,67,79
7797,7915,2011-12-01,4,0,12,10,0,4,1,1,0.32,0.303,0.53,0.2985,7,86,93
7798,789,2011-02-05,1,0,2,7,0,6,0,3,0.22,0.2576,0.93,0.0896,0,4,4
7799,16936,2012-12-13,4,1,12,10,0,4,1,1,0.32,0.303,0.45,0.2836,28,139,167
7800,3348,2011-05-24,2,0,5,9,0,2,1,2,0.64,0.6061,0.73,0.194,27,111,138
7801,9488,2012-02-05,1,1,2,5,0,0,0,3,0.26,0.2576,0.81,0.194,0,4,4
7802,12545,2012-06-11,2,1,6,21,0,1,1,2,0.72,0.6667,0.58,0.194,32,218,250
7803,1163,2011-02-21,1,0,2,5,1,1,0,2,0.34,0.3636,0.36,0,1,2,3
7804,7547,2011-11-16,4,0,11,1,0,3,1,3,0.46,0.4545,0.94,0.0896,0,5,5
7805,10591,2012-03-22,2,1,3,9,0,4,1,2,0.5,0.4848,0.94,0.0896,41,277,318
7806,6127,2011-09-17,3,0,9,20,0,6,0,1,0.52,0.5,0.68,0.1343,43,133,176
7807,2195,2011-04-06,2,0,4,7,0,3,1,1,0.26,0.2727,0.65,0.1045,3,130,133
7808,9296,2012-01-28,1,1,1,5,0,6,0,1,0.24,0.2576,0.75,0.0896,0,10,10
7809,5445,2011-08-19,3,0,8,18,0,5,1,1,0.76,0.7121,0.58,0.5224,88,337,425
7810,15858,2012-10-27,4,1,10,22,0,6,0,2,0.52,0.5,0.72,0.2537,41,116,157
7811,8864,2012-01-10,1,1,1,4,0,2,1,2,0.2,0.2121,0.86,0.1642,0,4,4
7812,7859,2011-11-29,4,0,11,2,0,2,1,2,0.5,0.4848,0.88,0,0,5,5
7813,14849,2012-09-15,3,1,9,21,0,6,0,1,0.56,0.5303,0.52,0.1045,86,210,296
7814,6197,2011-09-20,3,0,9,18,0,2,1,1,0.6,0.5606,0.83,0.1045,39,453,492
7815,16270,2012-11-15,4,1,11,15,0,4,1,2,0.38,0.3939,0.58,0.1642,26,191,217
7816,12915,2012-06-27,3,1,6,7,0,3,1,1,0.6,0.6212,0.43,0.3582,29,498,527
7817,3378,2011-05-25,2,0,5,15,0,3,1,1,0.76,0.697,0.52,0.2537,37,145,182
7818,4528,2011-07-12,3,0,7,13,0,2,1,1,0.86,0.803,0.47,0.2239,32,104,136
7819,15837,2012-10-27,4,1,10,1,0,6,0,2,0.5,0.4848,0.88,0.1343,23,123,146
7820,1781,2011-03-19,1,0,3,21,0,6,0,1,0.4,0.4091,0.37,0.2985,20,73,93
7821,13536,2012-07-23,3,1,7,4,0,1,1,2,0.66,0.5909,0.94,0.1343,0,8,8
7822,16503,2012-11-25,4,1,11,8,0,0,0,2,0.22,0.2273,0.51,0.194,2,32,34
7823,2960,2011-05-08,2,0,5,5,0,0,0,2,0.44,0.4394,0.77,0,0,5,5
7824,7913,2011-12-01,4,0,12,8,0,4,1,1,0.26,0.2273,0.6,0.3284,15,462,477
7825,16305,2012-11-17,4,1,11,2,0,6,0,1,0.26,0.2576,0.65,0.194,8,41,49
7826,350,2011-01-16,1,0,1,1,0,0,0,1,0.26,0.2727,0.56,0.1343,4,19,23
7827,13530,2012-07-22,3,1,7,22,0,0,0,1,0.7,0.6667,0.74,0.194,55,136,191
7828,13115,2012-07-05,3,1,7,15,0,4,1,1,0.92,0.8333,0.33,0.3582,71,183,254
7829,3350,2011-05-24,2,0,5,11,0,2,1,1,0.74,0.6667,0.51,0.2239,33,142,175
7830,15684,2012-10-20,4,1,10,16,0,6,0,1,0.54,0.5152,0.42,0.2836,325,366,691
7831,11673,2012-05-06,2,1,5,13,0,0,0,2,0.6,0.6061,0.64,0,197,368,565
7832,43,2011-01-02,1,0,1,19,0,0,0,1,0.32,0.2879,0.42,0.4478,1,29,30
7833,802,2011-02-05,1,0,2,20,0,6,0,1,0.3,0.2879,0.87,0.2537,5,64,69
7834,3530,2011-05-31,2,0,5,23,0,2,1,1,0.72,0.697,0.79,0.0896,15,46,61
7835,3532,2011-06-01,2,0,6,1,0,3,1,1,0.7,0.6667,0.84,0.2537,8,9,17
7836,10158,2012-03-04,1,1,3,7,0,0,0,2,0.3,0.2727,0.52,0.2985,2,21,23
7837,982,2011-02-13,1,0,2,13,0,0,0,1,0.38,0.3939,0.29,0.3582,62,92,154
7838,6409,2011-09-29,4,0,9,14,0,4,1,1,0.68,0.6364,0.51,0.2985,33,134,167
7839,3459,2011-05-29,2,0,5,0,0,0,0,1,0.64,0.5758,0.83,0.2239,32,51,83
7840,8597,2011-12-29,1,0,12,23,0,4,1,1,0.3,0.303,0.65,0.1642,1,44,45
7841,8338,2011-12-19,4,0,12,1,0,1,1,1,0.18,0.2121,0.8,0.0896,3,8,11
7842,5174,2011-08-08,3,0,8,11,0,1,1,1,0.82,0.7424,0.48,0.3582,90,89,179
7843,17156,2012-12-22,1,1,12,14,0,6,0,1,0.32,0.2879,0.36,0.4627,20,141,161
7844,9963,2012-02-25,1,1,2,3,0,6,0,1,0.3,0.2727,0.45,0.2985,0,7,7
7845,9995,2012-02-26,1,1,2,11,0,0,0,1,0.28,0.2576,0.41,0.2836,43,184,227
7846,10541,2012-03-20,1,1,3,7,0,2,1,3,0.52,0.5,0.94,0.2239,3,167,170
7847,16157,2012-11-10,4,1,11,22,0,6,0,1,0.38,0.3939,0.71,0.0896,39,154,193
7848,11071,2012-04-11,2,1,4,11,0,3,1,2,0.38,0.3939,0.43,0.3284,38,142,180
7849,3092,2011-05-13,2,0,5,17,0,5,1,3,0.52,0.5,0.88,0.1642,62,429,491
7850,9315,2012-01-29,1,1,1,0,0,0,0,1,0.3,0.2879,0.33,0.2239,15,81,96
7851,9973,2012-02-25,1,1,2,13,0,6,0,1,0.32,0.2879,0.31,0.4925,48,178,226
7852,7647,2011-11-20,4,0,11,5,0,0,0,2,0.42,0.4242,0.67,0.2836,0,4,4
7853,7710,2011-11-22,4,0,11,20,0,2,1,2,0.46,0.4545,1,0.2239,6,121,127
7854,6854,2011-10-18,4,0,10,3,0,2,1,1,0.44,0.4394,0.94,0.0896,0,1,1
7855,2757,2011-04-29,2,0,4,18,0,5,1,1,0.52,0.5,0.48,0.3582,55,384,439
7856,6459,2011-10-01,4,0,10,16,0,6,0,2,0.4,0.4091,0.76,0.2985,58,165,223
7857,4813,2011-07-24,3,0,7,10,0,0,0,1,0.86,0.8182,0.5,0.3284,61,165,226
7858,917,2011-02-10,1,0,2,17,0,4,1,1,0.18,0.1818,0.26,0.194,6,159,165
7859,10822,2012-04-01,2,1,4,0,0,0,0,2,0.36,0.3333,0.76,0.2537,8,59,67
7860,4618,2011-07-16,3,0,7,7,0,6,0,1,0.62,0.5909,0.73,0.1343,14,38,52
7861,6601,2011-10-07,4,0,10,14,0,5,1,1,0.62,0.6212,0.5,0,77,179,256
7862,5615,2011-08-26,3,0,8,20,0,5,1,1,0.72,0.697,0.79,0.0896,39,183,222
7863,1617,2011-03-12,1,0,3,20,0,6,0,1,0.4,0.4091,0.58,0.1045,22,64,86
7864,6943,2011-10-21,4,0,10,21,0,5,1,1,0.42,0.4242,0.58,0.1642,31,112,143
7865,8352,2011-12-19,4,0,12,15,0,1,1,1,0.38,0.3939,0.46,0.1642,24,135,159
7866,10834,2012-04-01,2,1,4,12,0,0,0,2,0.42,0.4242,0.67,0.2239,187,258,445
7867,12302,2012-06-01,2,1,6,18,0,5,1,3,0.62,0.5606,0.88,0.3582,10,100,110
7868,2147,2011-04-04,2,0,4,7,0,1,1,2,0.44,0.4394,0.54,0.2537,7,150,157
7869,5088,2011-08-04,3,0,8,21,0,4,1,2,0.7,0.6667,0.74,0.194,25,186,211
7870,1834,2011-03-22,2,0,3,3,0,2,1,1,0.44,0.4394,0.82,0.2239,3,2,5
7871,8643,2011-12-31,1,0,12,21,0,6,0,1,0.4,0.4091,0.58,0.194,2,50,52
7872,11437,2012-04-26,2,1,4,17,0,4,1,1,0.54,0.5152,0.77,0.1642,49,565,614
7873,8319,2011-12-18,4,0,12,6,0,0,0,1,0.2,0.2121,0.59,0.1343,0,3,3
7874,3938,2011-06-17,2,0,6,23,0,5,1,1,0.62,0.5758,0.83,0.1343,37,141,178
7875,7537,2011-11-15,4,0,11,15,0,2,1,2,0.54,0.5152,0.6,0.1343,36,155,191
7876,7825,2011-11-27,4,0,11,15,0,0,0,1,0.62,0.6212,0.43,0.2836,96,221,317
7877,4715,2011-07-20,3,0,7,8,0,3,1,1,0.74,0.7121,0.74,0,34,404,438
7878,12512,2012-06-10,2,1,6,12,0,0,0,1,0.82,0.7121,0.3,0,173,329,502
7879,10959,2012-04-06,2,1,4,18,0,5,1,1,0.5,0.4848,0.22,0.4627,104,380,484
7880,5655,2011-08-29,3,0,8,1,0,1,1,1,0.6,0.5909,0.69,0.1045,5,15,20
7881,13264,2012-07-11,3,1,7,20,0,3,1,1,0.74,0.6667,0.51,0.1642,73,410,483
7882,13313,2012-07-13,3,1,7,21,0,5,1,1,0.72,0.6667,0.54,0,76,223,299
7883,783,2011-02-05,1,0,2,1,0,6,0,2,0.24,0.2424,0.65,0.1642,1,17,18
7884,4688,2011-07-19,3,0,7,5,0,2,1,2,0.7,0.6667,0.74,0.1045,0,19,19
7885,15376,2012-10-07,4,1,10,20,0,0,0,1,0.4,0.4091,0.82,0.1343,19,97,116
7886,5633,2011-08-27,3,0,8,14,0,6,0,3,0.64,0.5758,0.89,0.5522,4,19,23
7887,11473,2012-04-28,2,1,4,5,0,6,0,1,0.34,0.3333,0.46,0.1343,2,3,5
7888,11508,2012-04-29,2,1,4,16,0,0,0,1,0.6,0.6061,0.28,0.194,240,347,587
7889,8232,2011-12-14,4,0,12,15,0,3,1,2,0.38,0.3939,0.54,0.1045,24,143,167
7890,12732,2012-06-19,2,1,6,16,0,2,1,1,0.8,0.7576,0.55,0.2239,48,286,334
7891,12160,2012-05-26,2,1,5,20,0,6,0,2,0.74,0.6818,0.55,0.194,103,152,255
7892,11132,2012-04-14,2,1,4,0,0,6,0,1,0.4,0.4091,0.58,0.1343,11,85,96
7893,4839,2011-07-25,3,0,7,12,0,1,1,2,0.84,0.8333,0.59,0.194,17,50,67
7894,2402,2011-04-14,2,0,4,23,0,4,1,1,0.46,0.4545,0.59,0.1045,7,40,47
7895,12225,2012-05-29,2,1,5,13,0,2,1,1,0.82,0.7727,0.52,0.3881,63,176,239
7896,4206,2011-06-29,3,0,6,3,0,3,1,2,0.66,0.6061,0.83,0.1045,2,3,5
7897,8611,2011-12-30,1,0,12,13,0,5,1,2,0.36,0.3485,0.53,0.1343,53,154,207
7898,4642,2011-07-17,3,0,7,7,0,0,0,1,0.64,0.6061,0.73,0.1642,20,30,50
7899,2153,2011-04-04,2,0,4,13,0,1,1,1,0.68,0.6364,0.34,0.3284,47,92,139
7900,7511,2011-11-14,4,0,11,13,0,1,1,1,0.6,0.6212,0.49,0.3881,50,153,203
7901,9458,2012-02-03,1,1,2,23,0,5,1,1,0.26,0.2727,0.7,0.1045,3,74,77
7902,10783,2012-03-30,2,1,3,9,0,5,1,1,0.34,0.3333,0.57,0.1642,29,292,321
7903,7485,2011-11-13,4,0,11,11,0,0,0,1,0.46,0.4545,0.4,0.4179,108,187,295
7904,11057,2012-04-10,2,1,4,20,0,2,1,1,0.46,0.4545,0.28,0.3881,34,248,282
7905,2948,2011-05-07,2,0,5,17,0,6,0,1,0.58,0.5455,0.4,0.2239,138,216,354
7906,11786,2012-05-11,2,1,5,6,0,5,1,1,0.42,0.4242,0.5,0.2537,7,128,135
7907,15414,2012-10-09,4,1,10,10,0,2,1,2,0.44,0.4394,0.75,0.2239,33,131,164
7908,9607,2012-02-10,1,1,2,5,0,5,1,1,0.24,0.2273,0.52,0.2239,0,17,17
7909,3879,2011-06-15,2,0,6,12,0,3,1,1,0.7,0.6364,0.34,0.2239,33,178,211
7910,6913,2011-10-20,4,0,10,15,0,4,1,2,0.48,0.4697,0.51,0.4478,22,138,160
7911,14407,2012-08-28,3,1,8,11,0,2,1,1,0.78,0.7273,0.55,0.2537,47,171,218
7912,1703,2011-03-16,1,0,3,14,0,3,1,2,0.4,0.4091,0.76,0.2239,33,67,100
7913,9051,2012-01-18,1,1,1,0,0,3,1,2,0.46,0.4545,0.77,0.3284,3,14,17
7914,5642,2011-08-28,3,0,8,12,0,0,0,1,0.74,0.6667,0.51,0.3881,88,218,306
7915,14570,2012-09-04,3,1,9,6,0,2,1,2,0.68,0.6364,0.89,0.1045,7,165,172
7916,17022,2012-12-17,4,1,12,0,0,1,1,2,0.38,0.3939,0.87,0,2,26,28
7917,12197,2012-05-28,2,1,5,9,1,1,0,1,0.7,0.6515,0.61,0,121,142,263
7918,13357,2012-07-15,3,1,7,17,0,0,0,1,0.8,0.7727,0.59,0.4925,122,314,436
7919,8078,2011-12-08,4,0,12,5,0,4,1,1,0.22,0.2121,0.64,0.2239,0,12,12
7920,6886,2011-10-19,4,0,10,12,0,3,1,3,0.52,0.5,0.94,0.3284,13,117,130
7921,6248,2011-09-22,3,0,9,21,0,4,1,2,0.64,0.5758,0.89,0.0896,27,194,221
7922,8848,2012-01-09,1,1,1,11,0,1,1,2,0.26,0.2879,0.56,0.0896,6,82,88
7923,3024,2011-05-10,2,0,5,21,0,2,1,1,0.54,0.5152,0.52,0,30,173,203
7924,8084,2011-12-08,4,0,12,11,0,4,1,1,0.28,0.2727,0.52,0.2537,6,100,106
7925,3542,2011-06-01,2,0,6,11,0,3,1,2,0.82,0.803,0.59,0.2239,26,86,112
7926,3280,2011-05-21,2,0,5,13,0,6,0,1,0.7,0.6364,0.45,0,191,271,462
7927,13319,2012-07-14,3,1,7,3,0,6,0,2,0.7,0.6515,0.54,0.1045,9,31,40
7928,16142,2012-11-10,4,1,11,7,0,6,0,1,0.26,0.2727,0.87,0.1045,14,57,71
7929,16232,2012-11-14,4,1,11,1,0,3,1,1,0.24,0.2121,0.6,0.2985,2,10,12
7930,7765,2011-11-25,4,0,11,3,0,5,1,1,0.28,0.2879,0.75,0.1045,0,2,2
7931,11058,2012-04-10,2,1,4,21,0,2,1,1,0.44,0.4394,0.3,0.4478,15,191,206
7932,1572,2011-03-10,1,0,3,22,0,4,1,2,0.34,0.3333,0,0.1343,4,30,34
7933,10787,2012-03-30,2,1,3,13,0,5,1,3,0.4,0.4091,0.5,0,44,198,242
7934,1544,2011-03-09,1,0,3,16,0,3,1,2,0.34,0.303,0.76,0.3284,10,102,112
7935,13166,2012-07-07,3,1,7,18,0,6,0,1,0.94,0.8333,0.29,0.0896,83,194,277
7936,2805,2011-05-01,2,0,5,18,0,0,0,2,0.46,0.4545,0.82,0.0896,33,126,159
7937,15325,2012-10-05,4,1,10,17,0,5,1,1,0.7,0.6364,0.42,0.1642,158,742,900
7938,2212,2011-04-07,2,0,4,0,0,4,1,1,0.46,0.4545,0.41,0.2836,5,15,20
7939,9559,2012-02-08,1,1,2,5,0,3,1,1,0.24,0.2576,0.7,0.0896,0,20,20
7940,10164,2012-03-04,1,1,3,13,0,0,0,1,0.36,0.3333,0.37,0.3582,108,256,364
7941,13571,2012-07-24,3,1,7,15,0,2,1,1,0.82,0.7727,0.49,0.2985,73,212,285
7942,3134,2011-05-15,2,0,5,11,0,0,0,1,0.6,0.5758,0.78,0.2239,120,202,322
7943,9000,2012-01-15,1,1,1,20,0,0,0,1,0.16,0.1818,0.37,0.1045,10,85,95
7944,8157,2011-12-11,4,0,12,12,0,0,0,1,0.26,0.303,0.35,0,42,246,288
7945,16576,2012-11-28,4,1,11,9,0,3,1,1,0.28,0.2727,0.52,0.194,13,309,322
7946,16744,2012-12-05,4,1,12,10,0,3,1,2,0.44,0.4394,0.47,0.3582,14,127,141
7947,17359,2012-12-31,1,1,12,3,0,1,1,1,0.16,0.1818,0.59,0.1045,0,1,1
7948,5939,2011-09-09,3,0,9,23,0,5,1,1,0.62,0.5455,0.94,0.0896,35,113,148
7949,4321,2011-07-03,3,0,7,22,0,0,0,2,0.66,0.6061,0.78,0.1045,69,93,162
7950,9235,2012-01-25,1,1,1,16,0,3,1,1,0.34,0.3333,0.53,0.1642,29,217,246
7951,11136,2012-04-14,2,1,4,4,0,6,0,1,0.36,0.3636,0.71,0.1045,5,9,14
7952,2108,2011-04-02,2,0,4,16,0,6,0,1,0.38,0.3939,0.62,0.3284,111,85,196
7953,5129,2011-08-06,3,0,8,14,0,6,0,1,0.82,0.7727,0.52,0.2537,176,204,380
7954,14521,2012-09-02,3,1,9,5,0,0,0,1,0.66,0.5909,0.89,0,2,10,12
7955,13994,2012-08-11,3,1,8,6,0,6,0,2,0.62,0.5606,0.88,0.1045,5,18,23
7956,3974,2011-06-19,2,0,6,11,0,0,0,2,0.72,0.6667,0.58,0.0896,141,236,377
7957,8162,2011-12-11,4,0,12,17,0,0,0,1,0.28,0.3182,0.3,0,13,150,163
7958,3035,2011-05-11,2,0,5,8,0,3,1,1,0.48,0.4697,0.77,0.2537,21,421,442
7959,16425,2012-11-22,4,1,11,2,1,4,0,1,0.24,0.2576,0.75,0.0896,3,15,18
7960,11995,2012-05-19,2,1,5,23,0,6,0,1,0.6,0.6212,0.56,0.1642,71,168,239
7961,15594,2012-10-16,4,1,10,22,0,2,1,1,0.4,0.4091,0.71,0.0896,18,163,181
7962,4664,2011-07-18,3,0,7,5,0,1,1,1,0.64,0.5909,0.78,0.1045,2,15,17
7963,10009,2012-02-27,1,1,2,1,0,1,1,1,0.26,0.2576,0.65,0.2239,0,6,6
7964,3287,2011-05-21,2,0,5,20,0,6,0,1,0.62,0.6061,0.61,0,84,164,248
7965,12975,2012-06-29,3,1,6,19,0,5,1,1,0.9,0.8788,0.47,0.194,60,303,363
7966,2368,2011-04-13,2,0,4,13,0,3,1,2,0.44,0.4394,0.77,0.194,6,55,61
7967,17035,2012-12-17,4,1,12,13,0,1,1,2,0.4,0.4091,0.87,0.1343,16,194,210
7968,14246,2012-08-21,3,1,8,18,0,2,1,1,0.72,0.6667,0.54,0.2239,93,532,625
7969,5737,2011-09-01,3,0,9,11,0,4,1,1,0.72,0.6667,0.51,0.1343,51,141,192
7970,9187,2012-01-23,1,1,1,16,0,1,1,2,0.24,0.2424,0.93,0.1642,14,108,122
7971,441,2011-01-20,1,0,1,9,0,4,1,2,0.24,0.2273,0.52,0.2239,3,140,143
7972,6115,2011-09-17,3,0,9,8,0,6,0,2,0.46,0.4545,0.77,0.2537,27,81,108
7973,8177,2011-12-12,4,0,12,8,0,1,1,2,0.16,0.1818,0.8,0.1045,7,378,385
7974,15618,2012-10-17,4,1,10,22,0,3,1,1,0.46,0.4545,0.88,0.2537,17,198,215
7975,14911,2012-09-18,3,1,9,11,0,2,1,2,0.68,0.6364,0.79,0.6418,36,115,151
7976,13877,2012-08-06,3,1,8,9,0,1,1,3,0.7,0.6667,0.79,0.1642,28,248,276
7977,4693,2011-07-19,3,0,7,10,0,2,1,2,0.82,0.7879,0.56,0.1642,29,112,141
7978,10619,2012-03-23,2,1,3,13,0,5,1,2,0.7,0.6515,0.48,0,172,256,428
7979,833,2011-02-07,1,0,2,3,0,1,1,1,0.2,0.2576,0.86,0,0,1,1
7980,10820,2012-03-31,2,1,3,22,0,6,0,2,0.38,0.3939,0.71,0.2537,40,116,156
7981,14062,2012-08-14,3,1,8,2,0,2,1,2,0.68,0.6364,0.83,0.194,2,9,11
7982,6119,2011-09-17,3,0,9,12,0,6,0,2,0.52,0.5,0.67,0.2239,115,257,372
7983,3065,2011-05-12,2,0,5,14,0,4,1,2,0.62,0.6061,0.61,0.2239,43,148,191
7984,7715,2011-11-23,4,0,11,1,0,3,1,2,0.48,0.4697,0.94,0.2985,0,8,8
7985,15607,2012-10-17,4,1,10,11,0,3,1,2,0.5,0.4848,0.51,0.0896,78,156,234
7986,1225,2011-02-24,1,0,2,2,0,4,1,1,0.2,0.2273,0.64,0.0896,0,4,4
7987,10530,2012-03-19,1,1,3,20,0,1,1,1,0.6,0.6061,0.64,0.2239,34,296,330
7988,11729,2012-05-08,2,1,5,21,0,2,1,2,0.64,0.6061,0.65,0.2836,21,202,223
7989,2593,2011-04-22,2,0,4,22,0,5,1,3,0.3,0.303,1,0.1343,3,21,24
7990,3248,2011-05-20,2,0,5,5,0,5,1,1,0.44,0.4394,0.94,0.1045,0,28,28
7991,6850,2011-10-17,4,0,10,23,0,1,1,2,0.48,0.4697,0.88,0,10,52,62
7992,2813,2011-05-02,2,0,5,2,0,1,1,2,0.44,0.4394,0.77,0.2239,16,19,35
7993,9521,2012-02-06,1,1,2,15,0,1,1,1,0.42,0.4242,0.32,0.2836,25,146,171
7994,10018,2012-02-27,1,1,2,10,0,1,1,1,0.32,0.303,0.45,0.2537,16,88,104
7995,10159,2012-03-04,1,1,3,8,0,0,0,1,0.3,0.2727,0.52,0.3284,12,54,66
7996,12614,2012-06-14,2,1,6,18,0,4,1,1,0.74,0.6667,0.42,0.194,107,716,823
7997,2692,2011-04-27,2,0,4,1,0,3,1,1,0.6,0.5606,0.83,0.2537,2,15,17
7998,4133,2011-06-26,3,0,6,2,0,0,0,1,0.62,0.6212,0.57,0.1045,17,70,87
7999,9619,2012-02-10,1,1,2,17,0,5,1,2,0.34,0.3333,0.42,0.194,15,381,396
8000,1528,2011-03-09,1,0,3,0,0,3,1,1,0.26,0.2879,0.65,0.0896,0,9,9
8001,7064,2011-10-26,4,0,10,22,0,3,1,2,0.48,0.4697,0.88,0.0896,23,112,135
8002,2250,2011-04-08,2,0,4,14,0,5,1,3,0.34,0.3182,0.87,0.2239,2,13,15
8003,2553,2011-04-21,2,0,4,6,0,4,1,2,0.4,0.4091,0.58,0.5821,2,73,75
8004,8648,2012-01-01,1,1,1,2,0,0,0,1,0.32,0.3485,0.76,0,16,59,75
8005,15978,2012-11-03,4,1,11,10,0,6,0,1,0.36,0.3333,0.46,0.3881,68,260,328
8006,8189,2011-12-12,4,0,12,20,0,1,1,1,0.3,0.3182,0.56,0.0896,8,157,165
8007,7700,2011-11-22,4,0,11,10,0,2,1,3,0.4,0.4091,0.94,0,6,46,52
8008,12406,2012-06-06,2,1,6,2,0,3,1,1,0.5,0.4848,0.68,0,4,7,11
8009,9553,2012-02-07,1,1,2,23,0,2,1,1,0.32,0.3333,0.57,0.1343,2,49,51
8010,3650,2011-06-05,2,0,6,23,0,0,0,1,0.62,0.5909,0.78,0.1343,25,61,86
8011,14075,2012-08-14,3,1,8,15,0,2,1,1,0.82,0.7576,0.46,0.2239,84,199,283
8012,381,2011-01-17,1,0,1,8,1,1,0,2,0.16,0.1515,0.47,0.2239,3,30,33
8013,12173,2012-05-27,2,1,5,9,0,0,0,1,0.66,0.6061,0.83,0.2239,130,140,270
8014,7496,2011-11-13,4,0,11,22,0,0,0,1,0.48,0.4697,0.41,0.3881,25,64,89
8015,2622,2011-04-24,2,0,4,3,0,0,0,1,0.5,0.4848,0.94,0.0896,4,20,24
8016,9465,2012-02-04,1,1,2,6,0,6,0,1,0.22,0.2273,0.87,0.1343,1,4,5
8017,12293,2012-06-01,2,1,6,9,0,5,1,2,0.64,0.5758,0.83,0.2239,24,274,298
8018,13030,2012-07-02,3,1,7,2,0,1,1,2,0.74,0.6667,0.51,0.2537,1,14,15
8019,1361,2011-03-01,1,0,3,23,0,2,1,1,0.24,0.2273,0.65,0.2239,2,23,25
8020,3197,2011-05-18,2,0,5,2,0,3,1,3,0.52,0.5,0.94,0.2239,1,5,6
8021,11319,2012-04-21,2,1,4,19,0,6,0,3,0.56,0.5303,0.73,0.4925,9,45,54
8022,2038,2011-03-30,2,0,3,18,0,3,1,2,0.26,0.2576,0.93,0.2239,6,79,85
8023,12393,2012-06-05,2,1,6,13,0,2,1,2,0.6,0.6212,0.46,0.1642,66,201,267
8024,487,2011-01-22,1,0,1,8,0,6,0,1,0.02,0,0.44,0.3284,1,26,27
8025,7717,2011-11-23,4,0,11,3,0,3,1,3,0.5,0.4848,0.94,0.3582,1,2,3
8026,16787,2012-12-07,4,1,12,5,0,5,1,2,0.26,0.2727,0.81,0.1045,1,25,26
8027,9624,2012-02-10,1,1,2,22,0,5,1,2,0.32,0.3485,0.66,0,11,102,113
8028,784,2011-02-05,1,0,2,2,0,6,0,2,0.24,0.2424,0.75,0.1642,5,12,17
8029,6597,2011-10-07,4,0,10,10,0,5,1,1,0.52,0.5,0.68,0.0896,48,126,174
8030,17375,2012-12-31,1,1,12,19,0,1,1,2,0.26,0.2576,0.6,0.1642,11,108,119
8031,17152,2012-12-22,1,1,12,10,0,6,0,1,0.26,0.2273,0.48,0.3284,13,105,118
8032,8516,2011-12-26,1,0,12,13,1,1,0,1,0.38,0.3939,0.4,0.2985,57,83,140
8033,12447,2012-06-07,2,1,6,19,0,4,1,1,0.7,0.6364,0.34,0.2836,65,537,602
8034,7216,2011-11-02,4,0,11,6,0,3,1,1,0.3,0.3333,0.81,0,1,91,92
8035,6867,2011-10-18,4,0,10,16,0,2,1,1,0.62,0.6212,0.57,0.2537,58,246,304
8036,14224,2012-08-20,3,1,8,20,0,1,1,2,0.62,0.5758,0.83,0.2836,30,231,261
8037,13364,2012-07-16,3,1,7,0,0,1,1,3,0.72,0.697,0.79,0.1045,11,32,43
8038,3239,2011-05-19,2,0,5,20,0,4,1,1,0.54,0.5152,0.77,0.2836,46,236,282
8039,14863,2012-09-16,3,1,9,11,0,0,0,1,0.64,0.6212,0.47,0.1642,183,376,559
8040,874,2011-02-08,1,0,2,20,0,2,1,1,0.16,0.1364,0.4,0.3284,3,53,56
8041,8207,2011-12-13,4,0,12,14,0,2,1,1,0.4,0.4091,0.37,0.2537,18,116,134
8042,10319,2012-03-11,1,1,3,0,0,0,0,1,0.26,0.2879,0.44,0.0896,7,62,69
8043,6294,2011-09-24,4,0,9,19,0,6,0,1,0.62,0.5606,0.88,0,77,231,308
8044,2048,2011-03-31,2,0,3,4,0,4,1,3,0.24,0.2273,0.93,0.2537,0,2,2
8045,105,2011-01-05,1,0,1,13,0,3,1,1,0.28,0.2576,0.3,0.2985,6,65,71
8046,14300,2012-08-24,3,1,8,0,0,5,1,2,0.66,0.6212,0.69,0,27,84,111
8047,9695,2012-02-13,1,1,2,21,0,1,1,1,0.28,0.2879,0.45,0.1343,2,145,147
8048,10121,2012-03-02,1,1,3,18,0,5,1,3,0.36,0.3485,0.87,0.194,6,154,160
8049,16413,2012-11-21,4,1,11,14,0,3,1,1,0.46,0.4545,0.33,0.194,84,329,413
8050,1916,2011-03-25,2,0,3,14,0,5,1,1,0.36,0.3333,0.32,0.3284,30,103,133
8051,6500,2011-10-03,4,0,10,9,0,1,1,2,0.4,0.4091,0.66,0.0896,12,141,153
8052,15627,2012-10-18,4,1,10,7,0,4,1,1,0.44,0.4394,0.88,0.2537,20,488,508
8053,5685,2011-08-30,3,0,8,7,0,2,1,1,0.56,0.5303,0.68,0.1343,19,338,357
8054,10393,2012-03-14,1,1,3,3,0,3,1,1,0.48,0.4697,0.72,0.194,1,3,4
8055,6729,2011-10-12,4,0,10,22,0,3,1,3,0.54,0.5152,0.94,0.0896,3,40,43
8056,16379,2012-11-20,4,1,11,4,0,2,1,2,0.34,0.3333,0.66,0.194,0,6,6
8057,3633,2011-06-05,2,0,6,6,0,0,0,2,0.62,0.6061,0.61,0.1045,10,11,21
8058,110,2011-01-05,1,0,1,18,0,3,1,1,0.24,0.2424,0.38,0.1343,3,166,169
8059,10342,2012-03-12,1,1,3,0,0,1,1,1,0.38,0.3939,0.54,0.194,4,20,24
8060,11200,2012-04-16,2,1,4,20,1,1,0,1,0.74,0.6515,0.37,0.2985,48,327,375
8061,3465,2011-05-29,2,0,5,6,0,0,0,2,0.62,0.5606,0.88,0.194,5,10,15
8062,2139,2011-04-03,2,0,4,23,0,0,0,1,0.4,0.4091,0.5,0.0896,9,22,31
8063,11730,2012-05-08,2,1,5,22,0,2,1,3,0.6,0.5758,0.78,0.2537,13,134,147
8064,17211,2012-12-24,1,1,12,22,0,1,1,2,0.24,0.2879,0.93,0,7,5,12
8065,743,2011-02-03,1,0,2,8,0,4,1,1,0.14,0.1212,0.5,0.3582,4,184,188
8066,10564,2012-03-21,2,1,3,6,0,3,1,2,0.48,0.4697,0.94,0.2239,10,139,149
8067,14252,2012-08-22,3,1,8,0,0,3,1,1,0.62,0.5758,0.83,0.1045,9,46,55
8068,11805,2012-05-12,2,1,5,1,0,6,0,1,0.5,0.4848,0.48,0,14,79,93
8069,9405,2012-02-01,1,1,2,18,0,3,1,1,0.56,0.5303,0.46,0.1642,12,514,526
8070,8975,2012-01-14,1,1,1,19,0,6,0,1,0.2,0.197,0.47,0.2239,12,90,102
8071,14234,2012-08-21,3,1,8,6,0,2,1,1,0.56,0.5303,0.83,0.1045,5,164,169
8072,3325,2011-05-23,2,0,5,10,0,1,1,1,0.66,0.6212,0.74,0.2985,49,72,121
8073,16754,2012-12-05,4,1,12,20,0,3,1,1,0.34,0.303,0.46,0.3881,19,274,293
8074,4481,2011-07-10,3,0,7,14,0,0,0,1,0.82,0.7424,0.41,0.3284,122,227,349
8075,3443,2011-05-28,2,0,5,8,0,6,0,1,0.62,0.5909,0.78,0.194,27,75,102
8076,16462,2012-11-23,4,1,11,15,0,5,1,1,0.48,0.4697,0.41,0.2537,233,214,447
8077,13696,2012-07-29,3,1,7,20,0,0,0,1,0.74,0.697,0.66,0.1045,75,228,303
8078,4522,2011-07-12,3,0,7,7,0,2,1,1,0.76,0.697,0.55,0.194,29,301,330
8079,2848,2011-05-03,2,0,5,13,0,2,1,2,0.7,0.6515,0.58,0.6119,50,144,194
8080,7584,2011-11-17,4,0,11,14,0,4,1,2,0.34,0.303,0.49,0.3881,5,105,110
8081,9350,2012-01-30,1,1,1,11,0,1,1,1,0.26,0.2576,0.38,0,6,93,99
8082,9231,2012-01-25,1,1,1,12,0,3,1,1,0.32,0.3333,0.53,0.1343,46,147,193
8083,13897,2012-08-07,3,1,8,5,0,2,1,1,0.7,0.6667,0.79,0.1045,3,33,36
8084,15960,2012-11-02,4,1,11,16,0,5,1,1,0.38,0.3939,0.4,0.3284,48,373,421
8085,7054,2011-10-26,4,0,10,12,0,3,1,3,0.58,0.5455,0.53,0.2239,39,155,194
8086,15067,2012-09-24,4,1,9,23,0,1,1,1,0.46,0.4545,0.63,0.1343,11,83,94
8087,14006,2012-08-11,3,1,8,18,0,6,0,2,0.7,0.6667,0.74,0.2985,107,193,300
8088,12441,2012-06-07,2,1,6,13,0,4,1,1,0.7,0.6364,0.37,0.2836,65,250,315
8089,6132,2011-09-18,3,0,9,1,0,0,0,1,0.46,0.4545,0.77,0.2239,13,66,79
8090,9290,2012-01-27,1,1,1,23,0,5,1,1,0.32,0.2879,0.49,0.4179,8,78,86
8091,8238,2011-12-14,4,0,12,21,0,3,1,2,0.34,0.3333,0.66,0.1642,9,145,154
8092,11307,2012-04-21,2,1,4,7,0,6,0,1,0.5,0.4848,0.82,0.2836,21,55,76
8093,1948,2011-03-26,2,0,3,22,0,6,0,2,0.28,0.2727,0.41,0.2239,17,46,63
8094,16374,2012-11-19,4,1,11,23,0,1,1,1,0.34,0.3485,0.66,0.1045,2,72,74
8095,5415,2011-08-18,3,0,8,12,0,4,1,1,0.8,0.7424,0.52,0.2836,34,139,173
8096,14663,2012-09-08,3,1,9,3,0,6,0,2,0.66,0.5909,0.89,0.2239,3,40,43
8097,9680,2012-02-13,1,1,2,6,0,1,1,1,0.1,0.1061,0.54,0.2239,1,71,72
8098,16509,2012-11-25,4,1,11,14,0,0,0,2,0.3,0.2879,0.42,0.2537,33,170,203
8099,7333,2011-11-07,4,0,11,3,0,1,1,1,0.32,0.3485,0.93,0,0,3,3
8100,14621,2012-09-06,3,1,9,9,0,4,1,3,0.66,0.5909,0.94,0.1343,8,115,123
8101,1835,2011-03-22,2,0,3,4,0,2,1,2,0.42,0.4242,0.82,0.1642,0,1,1
8102,12153,2012-05-26,2,1,5,13,0,6,0,1,0.76,0.7273,0.66,0.194,265,274,539
8103,15675,2012-10-20,4,1,10,7,0,6,0,1,0.4,0.4091,0.82,0,6,59,65
8104,6731,2011-10-13,4,0,10,0,0,4,1,2,0.54,0.5152,0.94,0.1343,1,14,15
8105,15561,2012-10-15,4,1,10,13,0,1,1,2,0.56,0.5303,0.88,0.2239,37,109,146
8106,10262,2012-03-08,1,1,3,15,0,4,1,1,0.64,0.6212,0.38,0.6866,24,161,185
8107,16884,2012-12-11,4,1,12,6,0,2,1,2,0.34,0.303,0.71,0.2985,0,118,118
8108,10869,2012-04-03,2,1,4,0,0,2,1,1,0.4,0.4091,0.43,0.1343,1,32,33
8109,12241,2012-05-30,2,1,5,5,0,3,1,2,0.62,0.5909,0.78,0.1343,1,40,41
8110,4802,2011-07-23,3,0,7,23,0,6,0,1,0.8,0.7727,0.59,0.1045,27,77,104
8111,9903,2012-02-22,1,1,2,15,0,3,1,1,0.5,0.4848,0.31,0.4179,34,161,195
8112,14020,2012-08-12,3,1,8,8,0,0,0,1,0.66,0.6212,0.54,0.2239,35,84,119
8113,14584,2012-09-04,3,1,9,20,0,2,1,1,0.74,0.697,0.7,0.2537,47,338,385
8114,15834,2012-10-26,4,1,10,22,0,5,1,2,0.52,0.5,0.83,0.1343,37,180,217
8115,13680,2012-07-29,3,1,7,4,0,0,0,1,0.64,0.6061,0.69,0.194,2,11,13
8116,11365,2012-04-23,2,1,4,17,0,1,1,3,0.3,0.2727,0.82,0.3284,13,219,232
8117,16730,2012-12-04,4,1,12,20,0,2,1,2,0.5,0.4848,0.63,0.2239,34,272,306
8118,13104,2012-07-05,3,1,7,4,0,4,1,1,0.72,0.6667,0.58,0,0,7,7
8119,15166,2012-09-29,4,1,9,2,0,6,0,2,0.54,0.5152,0.56,0.2239,12,80,92
8120,3004,2011-05-10,2,0,5,1,0,2,1,1,0.46,0.4545,0.59,0.0896,3,12,15
8121,24,2011-01-01,1,0,1,23,0,6,0,2,0.46,0.4545,0.88,0.2985,15,24,39
8122,10741,2012-03-28,2,1,3,15,0,3,1,2,0.62,0.6212,0.41,0.2985,47,152,199
8123,3525,2011-05-31,2,0,5,18,0,2,1,1,0.84,0.803,0.53,0.194,55,362,417
8124,13539,2012-07-23,3,1,7,7,0,1,1,1,0.7,0.6667,0.84,0.1343,17,404,421
8125,5390,2011-08-17,3,0,8,11,0,3,1,1,0.78,0.697,0.43,0.1045,20,108,128
8126,8337,2011-12-19,4,0,12,0,0,1,1,1,0.2,0.2273,0.75,0.0896,3,14,17
8127,11114,2012-04-13,2,1,4,6,0,5,1,1,0.32,0.3182,0.57,0.1642,0,84,84
8128,11466,2012-04-27,2,1,4,22,0,5,1,1,0.42,0.4242,0.38,0.2537,24,134,158
8129,1310,2011-02-27,1,0,2,18,0,0,0,1,0.4,0.4091,0.54,0.194,24,103,127
8130,1665,2011-03-14,1,0,3,22,0,1,1,1,0.32,0.3333,0.49,0.1045,4,43,47
8131,10353,2012-03-12,1,1,3,11,0,1,1,1,0.44,0.4394,0.44,0.2239,39,111,150
8132,3476,2011-05-29,2,0,5,17,0,0,0,1,0.74,0.697,0.7,0.2836,214,169,383
8133,790,2011-02-05,1,0,2,8,0,6,0,3,0.2,0.2273,1,0.0896,0,10,10
8134,16886,2012-12-11,4,1,12,8,0,2,1,2,0.34,0.303,0.61,0.2985,16,708,724
8135,8063,2011-12-07,4,0,12,14,0,3,1,3,0.44,0.4394,1,0.194,1,24,25
8136,15979,2012-11-03,4,1,11,11,0,6,0,2,0.36,0.3333,0.46,0.3881,56,284,340
8137,14698,2012-09-09,3,1,9,14,0,0,0,1,0.72,0.6515,0.3,0.2836,232,415,647
8138,14729,2012-09-10,3,1,9,21,0,1,1,1,0.56,0.5303,0.49,0.1642,29,256,285
8139,9342,2012-01-30,1,1,1,3,0,1,1,1,0.24,0.2273,0.48,0.194,0,4,4
8140,7741,2011-11-24,4,0,11,3,1,4,0,1,0.28,0.2879,0.65,0.1343,1,4,5
8141,7316,2011-11-06,4,0,11,10,0,0,0,1,0.36,0.3636,0.66,0.0896,76,186,262
8142,3285,2011-05-21,2,0,5,18,0,6,0,2,0.7,0.6364,0.45,0.1642,191,253,444
8143,11312,2012-04-21,2,1,4,12,0,6,0,1,0.64,0.6212,0.57,0.2239,262,378,640
8144,2515,2011-04-19,2,0,4,16,0,2,1,1,0.56,0.5303,0.52,0.2985,30,162,192
8145,17277,2012-12-27,1,1,12,17,0,4,1,2,0.26,0.2424,0.52,0.2836,30,227,257
8146,8553,2011-12-28,1,0,12,2,0,3,1,1,0.32,0.303,0.61,0.2537,0,7,7
8147,4386,2011-07-06,3,0,7,15,0,3,1,1,0.76,0.7273,0.7,0.2836,55,130,185
8148,13540,2012-07-23,3,1,7,8,0,1,1,1,0.72,0.697,0.79,0.1045,47,691,738
8149,7563,2011-11-16,4,0,11,17,0,3,1,2,0.48,0.4697,0.88,0.194,17,216,233
8150,9493,2012-02-05,1,1,2,10,0,0,0,2,0.26,0.2424,0.65,0.2836,10,138,148
8151,4906,2011-07-28,3,0,7,7,0,4,1,1,0.72,0.6818,0.7,0.1642,27,278,305
8152,12775,2012-06-21,3,1,6,11,0,4,1,1,0.86,0.7879,0.41,0.1343,40,121,161
8153,6054,2011-09-14,3,0,9,19,0,3,1,2,0.7,0.6515,0.7,0.1045,44,337,381
8154,9404,2012-02-01,1,1,2,17,0,3,1,1,0.58,0.5455,0.43,0.194,31,508,539
8155,11012,2012-04-08,2,1,4,23,0,0,0,1,0.5,0.4848,0.39,0.2537,10,41,51
8156,1067,2011-02-17,1,0,2,4,0,4,1,1,0.32,0.3182,0.57,0.194,3,1,4
8157,15029,2012-09-23,4,1,9,9,0,0,0,1,0.5,0.4848,0.51,0.3284,71,205,276
8158,6228,2011-09-22,3,0,9,1,0,4,1,2,0.6,0.5152,0.94,0.0896,5,6,11
8159,16833,2012-12-09,4,1,12,3,0,0,0,2,0.4,0.4091,0.87,0.1045,14,34,48
8160,514,2011-01-23,1,0,1,12,0,0,0,1,0.16,0.1212,0.37,0.4627,24,92,116
8161,17188,2012-12-23,1,1,12,22,0,0,0,1,0.24,0.2576,0.6,0.1045,5,53,58
8162,3689,2011-06-07,2,0,6,14,0,2,1,2,0.8,0.7273,0.43,0.2836,34,112,146
8163,1396,2011-03-03,1,0,3,10,0,4,1,1,0.18,0.1818,0.29,0.194,7,49,56
8164,15752,2012-10-23,4,1,10,12,0,2,1,2,0.62,0.6212,0.46,0.0896,80,298,378
8165,9872,2012-02-21,1,1,2,8,0,2,1,1,0.2,0.2273,0.69,0.0896,5,459,464
8166,5007,2011-08-01,3,0,8,12,0,1,1,1,0.9,0.803,0.33,0.2537,53,115,168
8167,6215,2011-09-21,3,0,9,12,0,3,1,2,0.64,0.5909,0.78,0.0896,42,151,193
8168,8204,2011-12-13,4,0,12,11,0,2,1,1,0.34,0.3182,0.46,0.2537,9,115,124
8169,17335,2012-12-30,1,1,12,3,0,0,0,2,0.26,0.2273,0.56,0.4179,1,14,15
8170,15495,2012-10-12,4,1,10,19,0,5,1,1,0.42,0.4242,0.41,0.2239,40,453,493
8171,11539,2012-04-30,2,1,4,23,0,1,1,2,0.52,0.5,0.55,0.2239,10,50,60
8172,5542,2011-08-23,3,0,8,19,0,2,1,1,0.66,0.6212,0.5,0.2239,70,297,367
8173,5258,2011-08-11,3,0,8,23,0,4,1,1,0.66,0.6212,0.5,0.1642,22,105,127
8174,604,2011-01-28,1,0,1,9,0,5,1,3,0.18,0.2121,0.86,0.0896,6,95,101
8175,4724,2011-07-20,3,0,7,17,0,3,1,1,0.84,0.8333,0.59,0.194,50,405,455
8176,5741,2011-09-01,3,0,9,15,0,4,1,1,0.72,0.6667,0.51,0.1343,39,135,174
8177,10105,2012-03-02,1,1,3,2,0,5,1,1,0.34,0.3182,0.53,0.2836,2,4,6
8178,9321,2012-01-29,1,1,1,6,0,0,0,1,0.2,0.2273,0.4,0.1045,1,4,5
8179,2879,2011-05-04,2,0,5,20,0,3,1,1,0.4,0.4091,0.62,0.3284,17,174,191
8180,15177,2012-09-29,4,1,9,13,0,6,0,1,0.62,0.6212,0.41,0.2985,233,453,686
8181,3395,2011-05-26,2,0,5,8,0,4,1,2,0.66,0.6061,0.83,0.1642,31,458,489
8182,15538,2012-10-14,4,1,10,14,0,0,0,1,0.66,0.6212,0.39,0.4179,249,368,617
8183,11819,2012-05-12,2,1,5,15,0,6,0,1,0.68,0.6212,0.24,0.194,269,321,590
8184,14745,2012-09-11,3,1,9,13,0,2,1,1,0.66,0.6212,0.29,0.0896,72,256,328
8185,8583,2011-12-29,1,0,12,9,0,4,1,2,0.2,0.2121,0.64,0.1343,15,155,170
8186,11680,2012-05-06,2,1,5,20,0,0,0,1,0.6,0.6061,0.64,0.194,73,203,276
8187,3302,2011-05-22,2,0,5,11,0,0,0,1,0.7,0.6515,0.54,0.194,164,209,373
8188,15839,2012-10-27,4,1,10,3,0,6,0,1,0.5,0.4848,0.88,0.1642,5,21,26
8189,6844,2011-10-17,4,0,10,17,0,1,1,1,0.56,0.5303,0.64,0.1343,80,540,620
8190,12679,2012-06-17,2,1,6,11,0,0,0,1,0.62,0.6212,0.57,0.1045,196,350,546
8191,13340,2012-07-15,3,1,7,0,0,0,0,1,0.68,0.6364,0.89,0.1642,40,147,187
8192,14712,2012-09-10,3,1,9,4,0,1,1,1,0.52,0.5,0.68,0.2836,1,4,5
8193,7991,2011-12-04,4,0,12,14,0,0,0,1,0.42,0.4242,0.62,0.1343,77,246,323
8194,5407,2011-08-18,3,0,8,4,0,4,1,1,0.64,0.6061,0.73,0.2239,0,9,9
8195,713,2011-02-02,1,0,2,1,0,3,1,3,0.22,0.2273,0.93,0.194,0,3,3
8196,12428,2012-06-07,2,1,6,0,0,4,1,1,0.52,0.5,0.77,0.1343,9,50,59
8197,4410,2011-07-07,3,0,7,15,0,4,1,1,0.86,0.7879,0.41,0.2537,47,119,166
8198,13295,2012-07-13,3,1,7,3,0,5,1,2,0.68,0.6364,0.61,0,2,7,9
8199,5921,2011-09-09,3,0,9,5,0,5,1,2,0.62,0.5455,0.94,0.1343,0,14,14
8200,17218,2012-12-25,1,1,12,6,1,2,0,2,0.22,0.2273,0.93,0.1343,1,6,7
8201,5412,2011-08-18,3,0,8,9,0,4,1,1,0.72,0.6818,0.66,0.2537,42,186,228
8202,13341,2012-07-15,3,1,7,1,0,0,0,2,0.68,0.6364,0.89,0.1343,49,119,168
8203,551,2011-01-25,1,0,1,2,0,2,1,1,0.16,0.1515,0.69,0.2239,0,2,2
8204,9675,2012-02-13,1,1,2,1,0,1,1,1,0.12,0.1212,0.5,0.2239,0,6,6
8205,16252,2012-11-14,4,1,11,21,0,3,1,1,0.3,0.3333,0.56,0,5,208,213
8206,12506,2012-06-10,2,1,6,6,0,0,0,1,0.62,0.5909,0.73,0,3,27,30
8207,12342,2012-06-03,2,1,6,10,0,0,0,1,0.62,0.6212,0.43,0.2239,127,277,404
8208,10499,2012-03-18,1,1,3,13,0,0,0,2,0.46,0.4545,0.82,0.1642,198,346,544
8209,15082,2012-09-25,4,1,9,14,0,2,1,1,0.66,0.6212,0.39,0.3284,80,213,293
8210,3265,2011-05-20,2,0,5,22,0,5,1,1,0.54,0.5152,0.73,0,28,124,152
8211,5062,2011-08-03,3,0,8,19,0,3,1,3,0.7,0.6667,0.84,0,51,270,321
8212,2099,2011-04-02,2,0,4,7,0,6,0,2,0.26,0.2727,0.7,0.1045,2,16,18
8213,7002,2011-10-24,4,0,10,8,0,1,1,2,0.42,0.4242,0.88,0.1642,20,378,398
8214,7293,2011-11-05,4,0,11,11,0,6,0,1,0.36,0.3636,0.46,0.1045,69,169,238
8215,3672,2011-06-06,2,0,6,21,0,1,1,1,0.66,0.6212,0.57,0.0896,29,160,189
8216,13343,2012-07-15,3,1,7,3,0,0,0,2,0.68,0.6364,0.89,0.1642,15,42,57
8217,8584,2011-12-29,1,0,12,10,0,4,1,2,0.22,0.2273,0.64,0.1642,13,97,110
8218,4417,2011-07-07,3,0,7,22,0,4,1,1,0.74,0.6818,0.62,0.1642,32,150,182
8219,9215,2012-01-24,1,1,1,20,0,2,1,1,0.32,0.3485,0.76,0,18,211,229
8220,11724,2012-05-08,2,1,5,16,0,2,1,3,0.64,0.6061,0.73,0.2239,54,335,389
8221,14685,2012-09-09,3,1,9,1,0,0,0,1,0.56,0.5303,0.73,0.2239,20,104,124
8222,2935,2011-05-07,2,0,5,4,0,6,0,1,0.4,0.4091,0.82,0.1045,1,4,5
8223,9238,2012-01-25,1,1,1,19,0,3,1,2,0.34,0.3636,0.53,0,5,311,316
8224,6598,2011-10-07,4,0,10,11,0,5,1,1,0.56,0.5303,0.63,0,80,150,230
8225,9218,2012-01-24,1,1,1,23,0,2,1,1,0.32,0.3485,0.76,0,19,80,99
8226,9050,2012-01-17,1,1,1,23,0,2,1,1,0.46,0.4545,0.72,0.3881,1,60,61
8227,4834,2011-07-25,3,0,7,7,0,1,1,2,0.74,0.7121,0.79,0,20,257,277
8228,15276,2012-10-03,4,1,10,16,0,3,1,2,0.72,0.6667,0.58,0,42,436,478
8229,13301,2012-07-13,3,1,7,9,0,5,1,2,0.72,0.6667,0.51,0,70,344,414
8230,11625,2012-05-04,2,1,5,13,0,5,1,2,0.64,0.6061,0.73,0,71,207,278
8231,16005,2012-11-04,4,1,11,13,0,0,0,1,0.4,0.4091,0.43,0.2239,122,371,493
8232,9378,2012-01-31,1,1,1,15,0,2,1,1,0.54,0.5152,0.26,0.4478,27,150,177
8233,12318,2012-06-02,2,1,6,10,0,6,0,1,0.6,0.6212,0.53,0.2985,145,348,493
8234,57,2011-01-03,1,0,1,11,0,1,1,1,0.2,0.1818,0.4,0.3284,10,41,51
8235,3413,2011-05-27,2,0,5,2,0,5,1,1,0.68,0.6364,0.61,0.2239,6,12,18
8236,2856,2011-05-03,2,0,5,21,0,2,1,2,0.64,0.6212,0.61,0.4478,42,183,225
8237,401,2011-01-18,1,0,1,16,0,2,1,2,0.22,0.2273,0.87,0.194,0,61,61
8238,2987,2011-05-09,2,0,5,8,0,1,1,1,0.52,0.5,0.55,0.2239,23,351,374
8239,6606,2011-10-07,4,0,10,19,0,5,1,1,0.56,0.5303,0.52,0,51,243,294
8240,14909,2012-09-18,3,1,9,9,0,2,1,2,0.66,0.6061,0.83,0.5821,27,266,293
8241,10228,2012-03-07,1,1,3,5,0,3,1,1,0.28,0.2576,0.56,0.2985,0,18,18
8242,12860,2012-06-25,3,1,6,0,0,1,1,1,0.72,0.6818,0.62,0.2537,31,37,68
8243,6555,2011-10-05,4,0,10,16,0,3,1,1,0.64,0.6212,0.47,0.3284,37,245,282
8244,7259,2011-11-04,4,0,11,1,0,5,1,2,0.4,0.4091,0.82,0,1,16,17
8245,10335,2012-03-11,1,1,3,17,0,0,0,1,0.52,0.5,0.27,0.2985,199,299,498
8246,5782,2011-09-03,3,0,9,8,0,6,0,1,0.64,0.6061,0.69,0.1642,24,65,89
8247,12889,2012-06-26,3,1,6,5,0,2,1,1,0.52,0.5,0.48,0.3881,3,36,39
8248,11161,2012-04-15,2,1,4,5,0,0,0,1,0.5,0.4848,0.68,0.1642,4,6,10
8249,13215,2012-07-09,3,1,7,19,0,1,1,1,0.74,0.6818,0.55,0.1642,88,543,631
8250,7234,2011-11-03,4,0,11,0,0,4,1,1,0.36,0.3636,0.76,0.0896,3,28,31
8251,8662,2012-01-01,1,1,1,16,0,0,0,2,0.44,0.4394,0.54,0.2985,68,147,215
8252,520,2011-01-23,1,0,1,18,0,0,0,1,0.12,0.1212,0.3,0.2537,5,44,49
8253,1756,2011-03-18,1,0,3,20,0,5,1,1,0.62,0.6212,0.46,0.1343,46,103,149
8254,4509,2011-07-11,3,0,7,18,0,1,1,1,0.86,0.8333,0.53,0.3881,57,415,472
8255,12844,2012-06-24,3,1,6,8,0,0,0,1,0.7,0.6515,0.58,0,38,103,141
8256,10390,2012-03-14,1,1,3,0,0,3,1,1,0.54,0.5152,0.6,0.1045,5,34,39
8257,5264,2011-08-12,3,0,8,5,0,5,1,1,0.6,0.6212,0.56,0.1343,2,24,26
8258,1070,2011-02-17,1,0,2,7,0,4,1,1,0.32,0.3333,0.57,0.1045,7,119,126
8259,11279,2012-04-20,2,1,4,3,0,5,1,1,0.44,0.4394,0.88,0.1045,1,9,10
8260,6612,2011-10-08,4,0,10,1,0,6,0,1,0.46,0.4545,0.82,0,14,51,65
8261,15794,2012-10-25,4,1,10,6,0,4,1,2,0.52,0.5,0.88,0.194,3,168,171
8262,666,2011-01-31,1,0,1,1,0,1,1,1,0.22,0.2121,0.64,0.2537,2,5,7
8263,10549,2012-03-20,1,1,3,15,0,2,1,2,0.62,0.6061,0.69,0.1045,67,177,244
8264,717,2011-02-02,1,0,2,5,0,3,1,3,0.22,0.2424,0.93,0.1045,0,3,3
8265,12115,2012-05-24,2,1,5,23,0,4,1,2,0.64,0.5909,0.78,0.1343,36,131,167
8266,1700,2011-03-16,1,0,3,11,0,3,1,2,0.36,0.3485,0.81,0.1343,13,62,75
8267,1878,2011-03-24,2,0,3,0,0,4,1,2,0.32,0.303,0.93,0.2239,0,11,11
8268,10644,2012-03-24,2,1,3,14,0,6,0,3,0.52,0.5,0.88,0.3582,63,160,223
8269,7321,2011-11-06,4,0,11,15,0,0,0,1,0.48,0.4697,0.51,0.194,96,210,306
8270,14400,2012-08-28,3,1,8,4,0,2,1,1,0.66,0.6061,0.83,0.1343,2,6,8
8271,6801,2011-10-15,4,0,10,22,0,6,0,1,0.5,0.4848,0.36,0.1343,45,121,166
8272,13701,2012-07-30,3,1,7,1,0,1,1,1,0.7,0.6667,0.74,0,4,15,19
8273,7066,2011-10-27,4,0,10,0,0,4,1,1,0.46,0.4545,0.94,0,3,23,26
8274,7141,2011-10-30,4,0,10,3,0,0,0,1,0.24,0.2121,0.75,0.3582,7,26,33
8275,13748,2012-08-01,3,1,8,0,0,3,1,1,0.68,0.6364,0.79,0.1642,3,44,47
8276,9256,2012-01-26,1,1,1,13,0,4,1,2,0.38,0.3939,0.71,0,17,156,173
8277,6862,2011-10-18,4,0,10,11,0,2,1,2,0.6,0.6212,0.49,0.1045,35,112,147
8278,8169,2011-12-12,4,0,12,0,0,1,1,1,0.2,0.2273,0.69,0.0896,4,16,20
8279,8640,2011-12-31,1,0,12,18,0,6,0,1,0.42,0.4242,0.54,0.1343,13,80,93
8280,10913,2012-04-04,2,1,4,20,0,3,1,1,0.64,0.6212,0.27,0.2239,39,333,372
8281,8129,2011-12-10,4,0,12,8,0,6,0,1,0.26,0.2727,0.65,0.1343,5,68,73
8282,6593,2011-10-07,4,0,10,6,0,5,1,1,0.42,0.4242,0.88,0,3,84,87
8283,12509,2012-06-10,2,1,6,9,0,0,0,1,0.7,0.6515,0.58,0,91,175,266
8284,92,2011-01-04,1,0,1,23,0,2,1,1,0.2,0.2273,0.69,0.0896,2,9,11
8285,2578,2011-04-22,2,0,4,7,0,5,1,2,0.34,0.3182,0.53,0.2836,5,175,180
8286,10240,2012-03-07,1,1,3,17,0,3,1,1,0.56,0.5303,0.43,0.4925,58,554,612
8287,14413,2012-08-28,3,1,8,17,0,2,1,1,0.8,0.697,0.35,0.3881,90,774,864
8288,13879,2012-08-06,3,1,8,11,0,1,1,1,0.76,0.7273,0.66,0.1343,108,152,260
8289,16804,2012-12-07,4,1,12,22,0,5,1,2,0.36,0.3636,0.93,0.0896,15,150,165
8290,16482,2012-11-24,4,1,11,11,0,6,0,2,0.28,0.2576,0.41,0.2985,55,131,186
8291,3897,2011-06-16,2,0,6,6,0,4,1,3,0.58,0.5455,0.73,0.1642,8,104,112
8292,13031,2012-07-02,3,1,7,3,0,1,1,2,0.72,0.6667,0.54,0.4179,0,5,5
8293,1350,2011-03-01,1,0,3,12,0,2,1,1,0.3,0.303,0.39,0.1343,6,80,86
8294,14738,2012-09-11,3,1,9,6,0,2,1,1,0.46,0.4545,0.77,0.1045,11,200,211
8295,11857,2012-05-14,2,1,5,5,0,1,1,2,0.54,0.5152,0.77,0.1642,1,25,26
8296,3778,2011-06-11,2,0,6,7,0,6,0,1,0.72,0.6667,0.58,0.194,18,50,68
8297,13685,2012-07-29,3,1,7,9,0,0,0,1,0.72,0.6818,0.62,0.2537,64,162,226
8298,14007,2012-08-11,3,1,8,19,0,6,0,2,0.66,0.5909,0.89,0.1045,97,178,275
8299,14183,2012-08-19,3,1,8,3,0,0,0,2,0.62,0.6061,0.61,0.1642,21,34,55
8300,4051,2011-06-22,3,0,6,16,0,3,1,2,0.82,0.803,0.59,0.3284,34,224,258
8301,12971,2012-06-29,3,1,6,15,0,5,1,1,0.96,0.9091,0.36,0,47,183,230
8302,15476,2012-10-12,4,1,10,0,0,5,1,1,0.4,0.4091,0.66,0.1045,8,60,68
8303,9748,2012-02-16,1,1,2,2,0,4,1,2,0.3,0.3182,0.7,0.0896,1,6,7
8304,2763,2011-04-30,2,0,4,0,0,6,0,2,0.44,0.4394,0.54,0.2537,33,73,106
8305,3582,2011-06-03,2,0,6,3,0,5,1,1,0.54,0.5152,0.49,0.2239,0,5,5
8306,7106,2011-10-28,4,0,10,16,0,5,1,2,0.36,0.3485,0.46,0.1642,46,262,308
8307,6373,2011-09-28,4,0,9,2,0,3,1,1,0.6,0.5455,0.88,0.2537,0,9,9
8308,15790,2012-10-25,4,1,10,2,0,4,1,1,0.54,0.5152,0.77,0,3,15,18
8309,12838,2012-06-24,3,1,6,2,0,0,0,2,0.68,0.6364,0.51,0,34,80,114
8310,5063,2011-08-03,3,0,8,20,0,3,1,3,0.7,0.6667,0.84,0.1045,7,80,87
8311,3603,2011-06-04,2,0,6,0,0,6,0,1,0.56,0.5303,0.52,0,24,69,93
8312,9688,2012-02-13,1,1,2,14,0,1,1,1,0.34,0.3485,0.23,0.1045,10,125,135
8313,6949,2011-10-22,4,0,10,3,0,6,0,1,0.4,0.4091,0.62,0.1343,1,19,20
8314,7757,2011-11-24,4,0,11,19,1,4,0,1,0.4,0.4091,0.54,0.1045,15,13,28
8315,8918,2012-01-12,1,1,1,10,0,4,1,1,0.34,0.3485,0.81,0.1045,6,84,90
8316,16825,2012-12-08,4,1,12,19,0,6,0,1,0.4,0.4091,0.87,0,34,212,246
8317,6018,2011-09-13,3,0,9,7,0,2,1,1,0.58,0.5455,0.83,0.0896,14,348,362
8318,8747,2012-01-05,1,1,1,6,0,4,1,2,0.2,0.2121,0.75,0.1343,0,78,78
8319,2957,2011-05-08,2,0,5,2,0,0,0,1,0.48,0.4697,0.63,0,17,42,59
8320,14388,2012-08-27,3,1,8,16,0,1,1,1,0.8,0.7576,0.55,0.2537,77,367,444
8321,16045,2012-11-06,4,1,11,5,0,2,1,2,0.22,0.2273,0.64,0.194,1,40,41
8322,7521,2011-11-14,4,0,11,23,0,1,1,1,0.56,0.5303,0.64,0.2985,13,48,61
8323,1104,2011-02-18,1,0,2,17,0,5,1,1,0.66,0.6212,0.34,0.3582,52,275,327
8324,10127,2012-03-03,1,1,3,0,0,6,0,3,0.36,0.3636,0.93,0.0896,1,21,22
8325,14050,2012-08-13,3,1,8,14,0,1,1,1,0.8,0.697,0.33,0.1045,85,163,248
8326,12491,2012-06-09,2,1,6,15,0,6,0,1,0.84,0.7121,0.2,0.2985,218,337,555
8327,12768,2012-06-21,3,1,6,4,0,4,1,1,0.7,0.6667,0.84,0.0896,1,11,12
8328,1559,2011-03-10,1,0,3,9,0,4,1,3,0.4,0.4091,0,0.2239,1,23,24
8329,2489,2011-04-18,2,0,4,14,0,1,1,2,0.58,0.5455,0.49,0.194,49,95,144
8330,14465,2012-08-30,3,1,8,21,0,4,1,1,0.72,0.6818,0.66,0.1343,32,275,307
8331,15848,2012-10-27,4,1,10,12,0,6,0,1,0.6,0.6212,0.53,0.2537,264,404,668
8332,3524,2011-05-31,2,0,5,17,0,2,1,1,0.84,0.803,0.53,0.2239,67,428,495
8333,4543,2011-07-13,3,0,7,4,0,3,1,1,0.74,0.6818,0.58,0.2537,0,5,5
8334,15320,2012-10-05,4,1,10,12,0,5,1,1,0.72,0.6515,0.42,0.1642,161,307,468
8335,3401,2011-05-26,2,0,5,14,0,4,1,1,0.82,0.7727,0.52,0.2836,44,145,189
8336,15417,2012-10-09,4,1,10,13,0,2,1,2,0.5,0.4848,0.67,0.1343,54,184,238
8337,17117,2012-12-20,4,1,12,23,0,4,1,3,0.4,0.4091,0.82,0.2985,0,13,13
8338,8380,2011-12-20,4,0,12,19,0,2,1,1,0.38,0.3939,0.66,0,6,218,224
8339,8381,2011-12-20,4,0,12,20,0,2,1,1,0.36,0.3788,0.66,0,3,144,147
8340,2273,2011-04-09,2,0,4,13,0,6,0,2,0.36,0.3788,0.81,0,114,108,222
8341,2375,2011-04-13,2,0,4,20,0,3,1,1,0.44,0.4394,0.62,0.2537,7,119,126
8342,11877,2012-05-15,2,1,5,1,0,2,1,3,0.56,0.5303,0.88,0.1343,5,14,19
8343,12938,2012-06-28,3,1,6,6,0,4,1,1,0.62,0.6212,0.57,0.0896,8,185,193
8344,293,2011-01-13,1,0,1,15,0,4,1,1,0.24,0.2121,0.38,0.2985,5,55,60
8345,2871,2011-05-04,2,0,5,12,0,3,1,2,0.44,0.4394,0.62,0.3582,19,105,124
8346,13173,2012-07-08,3,1,7,1,0,0,0,1,0.82,0.7879,0.56,0.1045,25,99,124
8347,14958,2012-09-20,3,1,9,10,0,4,1,1,0.58,0.5455,0.53,0.0896,33,157,190
8348,13045,2012-07-02,3,1,7,17,0,1,1,1,0.84,0.7273,0.32,0.1343,82,665,747
8349,16333,2012-11-18,4,1,11,6,0,0,0,1,0.28,0.2727,0.81,0.1642,2,13,15
8350,4880,2011-07-27,3,0,7,5,0,3,1,1,0.7,0.6515,0.54,0.2836,0,18,18
8351,12845,2012-06-24,3,1,6,9,0,0,0,1,0.72,0.6667,0.51,0,63,169,232
8352,16636,2012-11-30,4,1,11,22,0,5,1,1,0.3,0.3333,0.75,0,18,145,163
8353,13610,2012-07-26,3,1,7,6,0,4,1,1,0.66,0.6061,0.78,0.2537,16,165,181
8354,4419,2011-07-08,3,0,7,0,0,5,1,1,0.74,0.697,0.66,0.1045,6,41,47
8355,11584,2012-05-02,2,1,5,20,0,3,1,1,0.52,0.5,0.77,0.2537,42,296,338
8356,357,2011-01-16,1,0,1,8,0,0,0,1,0.22,0.2121,0.55,0.2836,0,18,18
8357,15962,2012-11-02,4,1,11,18,0,5,1,2,0.38,0.3939,0.43,0.3284,32,490,522
8358,4585,2011-07-14,3,0,7,22,0,4,1,1,0.64,0.6212,0.57,0.0896,42,134,176
8359,838,2011-02-07,1,0,2,8,0,1,1,2,0.16,0.2273,1,0,7,223,230
8360,7014,2011-10-24,4,0,10,20,0,1,1,1,0.48,0.4697,0.82,0.1045,11,118,129
8361,15767,2012-10-24,4,1,10,3,0,3,1,1,0.5,0.4848,0.77,0.0896,0,4,4
8362,16131,2012-11-09,4,1,11,20,0,5,1,1,0.36,0.3485,0.66,0.1343,20,235,255
8363,1727,2011-03-17,1,0,3,14,0,4,1,1,0.5,0.4848,0.45,0.1045,32,87,119
8364,16593,2012-11-29,4,1,11,2,0,4,1,1,0.22,0.2727,0.64,0,1,6,7
8365,17054,2012-12-18,4,1,12,8,0,2,1,1,0.38,0.3939,0.94,0,10,652,662
8366,2363,2011-04-13,2,0,4,8,0,3,1,3,0.38,0.3939,0.94,0.194,6,158,164
8367,11617,2012-05-04,2,1,5,5,0,5,1,1,0.56,0.5303,0.88,0.194,0,24,24
8368,15249,2012-10-02,4,1,10,13,0,2,1,2,0.6,0.5455,0.88,0.1343,6,148,154
8369,9756,2012-02-16,1,1,2,10,0,4,1,3,0.32,0.3333,0.7,0.1343,2,42,44
8370,13220,2012-07-10,3,1,7,0,0,2,1,1,0.7,0.6515,0.7,0.0896,16,53,69
8371,4224,2011-06-29,3,0,6,21,0,3,1,1,0.72,0.6515,0.39,0.2239,26,195,221
8372,10218,2012-03-06,1,1,3,19,0,2,1,1,0.34,0.303,0.46,0.2985,9,278,287
8373,11598,2012-05-03,2,1,5,10,0,4,1,2,0.52,0.5,0.77,0,36,132,168
8374,7380,2011-11-09,4,0,11,2,0,3,1,1,0.32,0.3485,0.93,0,0,5,5
8375,8102,2011-12-09,4,0,12,5,0,5,1,1,0.22,0.2727,0.8,0,0,20,20
8376,6968,2011-10-22,4,0,10,22,0,6,0,1,0.4,0.4091,0.76,0,30,114,144
8377,6167,2011-09-19,3,0,9,12,0,1,1,2,0.58,0.5455,0.6,0.0896,51,138,189
8378,6462,2011-10-01,4,0,10,19,0,6,0,2,0.38,0.3939,0.82,0.194,27,99,126
8379,3062,2011-05-12,2,0,5,11,0,4,1,1,0.58,0.5455,0.6,0.2239,43,136,179
8380,890,2011-02-09,1,0,2,13,0,3,1,1,0.18,0.1667,0.4,0.2537,2,67,69
8381,967,2011-02-12,1,0,2,21,0,6,0,1,0.26,0.303,0.41,0,9,42,51
8382,15694,2012-10-21,4,1,10,2,0,0,0,1,0.4,0.4091,0.62,0.1642,44,88,132
8383,1964,2011-03-27,2,0,3,15,0,0,0,1,0.32,0.303,0.36,0.2836,61,111,172
8384,11300,2012-04-21,2,1,4,0,0,6,0,1,0.52,0.5,0.77,0.2239,31,111,142
8385,13322,2012-07-14,3,1,7,6,0,6,0,2,0.64,0.5909,0.78,0.0896,6,29,35
8386,17014,2012-12-16,4,1,12,16,0,0,0,2,0.38,0.3939,0.82,0.1045,66,334,400
8387,11984,2012-05-19,2,1,5,12,0,6,0,1,0.66,0.6212,0.36,0,276,366,642
8388,17019,2012-12-16,4,1,12,21,0,0,0,2,0.36,0.3788,0.93,0,14,92,106
8389,2836,2011-05-03,2,0,5,1,0,2,1,2,0.56,0.5303,0.78,0.2537,0,14,14
8390,7214,2011-11-02,4,0,11,4,0,3,1,1,0.3,0.3333,0.87,0,0,4,4
8391,12057,2012-05-22,2,1,5,13,0,2,1,2,0.64,0.6061,0.73,0,48,195,243
8392,15389,2012-10-08,4,1,10,9,1,1,0,2,0.38,0.3939,0.66,0.1642,59,273,332
8393,2269,2011-04-09,2,0,4,9,0,6,0,2,0.34,0.3485,0.87,0.1045,27,71,98
8394,3771,2011-06-11,2,0,6,0,0,6,0,1,0.7,0.6667,0.79,0.1343,28,89,117
8395,16946,2012-12-13,4,1,12,20,0,4,1,1,0.3,0.3333,0.45,0,6,235,241
8396,12965,2012-06-29,3,1,6,9,0,5,1,1,0.76,0.697,0.55,0.1642,39,261,300
8397,133,2011-01-06,1,0,1,18,0,4,1,1,0.22,0.2273,0.51,0.1343,5,158,163
8398,14455,2012-08-30,3,1,8,11,0,4,1,1,0.76,0.6818,0.4,0.0896,85,191,276
8399,6840,2011-10-17,4,0,10,13,0,1,1,1,0.56,0.5303,0.46,0.0896,49,156,205
8400,394,2011-01-17,1,0,1,21,1,1,0,3,0.16,0.1515,0.8,0.194,3,24,27
8401,6559,2011-10-05,4,0,10,20,0,3,1,1,0.52,0.5,0.77,0.1642,18,228,246
8402,12137,2012-05-25,2,1,5,21,0,5,1,1,0.7,0.6515,0.65,0.1343,62,193,255
8403,3929,2011-06-17,2,0,6,14,0,5,1,1,0.76,0.697,0.52,0.194,73,142,215
8404,15940,2012-11-01,4,1,11,20,0,4,1,2,0.38,0.3939,0.54,0.2537,16,280,296
8405,8402,2011-12-21,1,0,12,17,0,3,1,3,0.44,0.4394,1,0.3284,3,226,229
8406,16081,2012-11-07,4,1,11,17,0,3,1,2,0.32,0.2879,0.53,0.3881,16,501,517
8407,16346,2012-11-18,4,1,11,19,0,0,0,1,0.36,0.3485,0.66,0.1642,16,194,210
8408,9761,2012-02-16,1,1,2,15,0,4,1,3,0.34,0.3636,0.76,0,3,50,53
8409,8184,2011-12-12,4,0,12,15,0,1,1,2,0.32,0.3333,0.57,0.1045,8,124,132
8410,226,2011-01-10,1,0,1,16,0,1,1,1,0.2,0.2121,0.4,0.1343,4,70,74
8411,15160,2012-09-28,4,1,9,20,0,5,1,3,0.6,0.6212,0.53,0.1642,32,304,336
8412,6778,2011-10-14,4,0,10,23,0,5,1,1,0.46,0.4545,0.59,0.1642,15,80,95
8413,4614,2011-07-16,3,0,7,3,0,6,0,1,0.6,0.5758,0.78,0.1343,6,20,26
8414,9337,2012-01-29,1,1,1,22,0,0,0,1,0.32,0.2879,0.26,0.3881,7,57,64
8415,11652,2012-05-05,2,1,5,16,0,6,0,2,0.68,0.6364,0.65,0.3881,230,310,540
8416,13664,2012-07-28,3,1,7,12,0,6,0,1,0.84,0.7576,0.41,0.2239,157,330,487
8417,9365,2012-01-31,1,1,1,2,0,2,1,1,0.3,0.2879,0.42,0.2239,0,2,2
8418,13070,2012-07-03,3,1,7,18,0,2,1,2,0.86,0.7424,0.3,0,85,542,627
8419,15902,2012-10-31,4,1,10,6,0,3,1,1,0.3,0.303,0.81,0.1642,0,116,116
8420,5009,2011-08-01,3,0,8,14,0,1,1,1,0.92,0.8182,0.29,0.194,37,86,123
8421,9479,2012-02-04,1,1,2,20,0,6,0,3,0.24,0.2273,0.93,0.194,4,73,77
8422,3404,2011-05-26,2,0,5,17,0,4,1,1,0.8,0.7273,0.46,0.2836,49,445,494
8423,3516,2011-05-31,2,0,5,9,0,2,1,1,0.8,0.7576,0.55,0.1343,22,153,175
8424,3884,2011-06-15,2,0,6,17,0,3,1,1,0.74,0.6515,0.28,0.1045,83,555,638
8425,6756,2011-10-14,4,0,10,1,0,5,1,1,0.58,0.5455,0.94,0.1343,8,16,24
8426,13130,2012-07-06,3,1,7,6,0,5,1,1,0.74,0.697,0.66,0.194,4,127,131
8427,2909,2011-05-06,2,0,5,2,0,5,1,1,0.38,0.3939,0.62,0.1045,1,15,16
8428,4262,2011-07-01,3,0,7,11,0,5,1,1,0.8,0.697,0.26,0,68,146,214
8429,8072,2011-12-07,4,0,12,23,0,3,1,1,0.24,0.2121,0.93,0.3881,0,16,16
8430,2424,2011-04-15,2,0,4,21,1,5,0,2,0.4,0.4091,0.76,0.2985,25,77,102
8431,10795,2012-03-30,2,1,3,21,0,5,1,1,0.38,0.3939,0.66,0.1343,30,190,220
8432,5265,2011-08-12,3,0,8,6,0,5,1,1,0.62,0.6212,0.5,0.1343,3,73,76
8433,10706,2012-03-27,2,1,3,4,0,2,1,1,0.24,0.2121,0.32,0.3582,0,3,3
8434,14823,2012-09-14,3,1,9,19,0,5,1,1,0.68,0.6364,0.57,0.1642,83,496,579
8435,3549,2011-06-01,2,0,6,18,0,3,1,3,0.82,0.7879,0.56,0.3881,31,278,309
8436,15354,2012-10-06,4,1,10,22,0,6,0,1,0.44,0.4394,0.62,0.1343,45,140,185
8437,13956,2012-08-09,3,1,8,16,0,4,1,1,0.86,0.7727,0.39,0.2537,97,320,417
8438,14339,2012-08-25,3,1,8,15,0,6,0,2,0.64,0.6061,0.73,0.3284,79,154,233
8439,9826,2012-02-19,1,1,2,8,0,0,0,2,0.24,0.2273,0.56,0.194,8,48,56
8440,14088,2012-08-15,3,1,8,4,0,3,1,1,0.64,0.5758,0.83,0.1045,0,4,4
8441,15091,2012-09-25,4,1,9,23,0,2,1,1,0.6,0.6212,0.56,0.3284,9,89,98
8442,13954,2012-08-09,3,1,8,14,0,4,1,1,0.88,0.7727,0.32,0.2239,86,161,247
8443,15636,2012-10-18,4,1,10,16,0,4,1,1,0.6,0.6212,0.56,0.2836,94,356,450
8444,5502,2011-08-22,3,0,8,3,0,1,1,3,0.7,0.6515,0.65,0.1343,0,5,5
8445,8048,2011-12-06,4,0,12,23,0,2,1,3,0.46,0.4545,1,0.1642,5,48,53
8446,810,2011-02-06,1,0,2,4,0,0,0,1,0.26,0.2273,0.6,0.3582,0,2,2
8447,13589,2012-07-25,3,1,7,9,0,3,1,1,0.72,0.6515,0.37,0.2985,65,277,342
8448,2651,2011-04-25,2,0,4,8,0,1,1,1,0.56,0.5303,0.88,0.1045,27,326,353
8449,9988,2012-02-26,1,1,2,4,0,0,0,1,0.24,0.2273,0.41,0.194,1,5,6
8450,17301,2012-12-28,1,1,12,17,0,5,1,1,0.24,0.2424,0.6,0.1343,43,228,271
8451,3191,2011-05-17,2,0,5,20,0,2,1,1,0.58,0.5455,0.83,0.4179,30,253,283
8452,3621,2011-06-04,2,0,6,18,0,6,0,2,0.74,0.6515,0.3,0.1642,127,214,341
8453,3651,2011-06-06,2,0,6,0,0,1,1,1,0.62,0.5909,0.78,0.1343,11,18,29
8454,14554,2012-09-03,3,1,9,14,1,1,0,1,0.74,0.697,0.7,0.2985,163,349,512
8455,13383,2012-07-16,3,1,7,19,0,1,1,1,0.8,0.7879,0.63,0.1343,92,503,595
8456,4071,2011-06-23,3,0,6,12,0,4,1,2,0.76,0.7273,0.66,0.2836,30,130,160
8457,8291,2011-12-17,4,0,12,2,0,6,0,2,0.28,0.2727,0.56,0.2239,11,47,58
8458,15652,2012-10-19,4,1,10,8,0,5,1,2,0.54,0.5152,0.94,0.1045,20,447,467
8459,14412,2012-08-28,3,1,8,16,0,2,1,1,0.82,0.7121,0.33,0.3284,84,396,480
8460,3371,2011-05-25,2,0,5,8,0,3,1,1,0.64,0.6061,0.69,0.2239,36,495,531
8461,16882,2012-12-11,4,1,12,4,0,2,1,2,0.34,0.3182,0.76,0.2836,0,8,8
8462,13980,2012-08-10,3,1,8,16,0,5,1,1,0.78,0.7273,0.55,0.2985,96,371,467
8463,17229,2012-12-25,1,1,12,17,1,2,0,2,0.32,0.303,0.57,0.2537,16,34,50
8464,11445,2012-04-27,2,1,4,1,0,5,1,1,0.5,0.4848,0.59,0.4478,3,32,35
8465,13757,2012-08-01,3,1,8,9,0,3,1,2,0.68,0.6364,0.74,0.0896,34,316,350
8466,12575,2012-06-13,2,1,6,3,0,3,1,1,0.62,0.5758,0.83,0.194,1,7,8
8467,11430,2012-04-26,2,1,4,10,0,4,1,2,0.46,0.4545,0.94,0.1642,14,125,139
8468,12167,2012-05-27,2,1,5,3,0,0,0,1,0.64,0.6061,0.73,0.1642,11,25,36
8469,7904,2011-11-30,4,0,11,23,0,3,1,1,0.28,0.2576,0.52,0.2836,4,46,50
8470,1737,2011-03-18,1,0,3,0,0,5,1,1,0.42,0.4242,0.58,0.2836,5,24,29
8471,1569,2011-03-10,1,0,3,19,0,4,1,3,0.44,0.4394,0,0.5821,5,51,56
8472,463,2011-01-21,1,0,1,7,0,5,1,1,0.2,0.1818,0.51,0.2836,2,66,68
8473,744,2011-02-03,1,0,2,9,0,4,1,1,0.16,0.1364,0.47,0.2985,6,127,133
8474,8415,2011-12-22,1,0,12,6,0,4,1,1,0.36,0.3788,0.87,0,1,63,64
8475,12935,2012-06-28,3,1,6,3,0,4,1,1,0.66,0.6212,0.5,0.0896,1,6,7
8476,3995,2011-06-20,2,0,6,8,0,1,1,3,0.56,0.5303,0.83,0.194,12,209,221
8477,15289,2012-10-04,4,1,10,5,0,4,1,3,0.64,0.5758,0.89,0.1045,2,37,39
8478,15355,2012-10-06,4,1,10,23,0,6,0,1,0.44,0.4394,0.62,0.1343,37,142,179
8479,15509,2012-10-13,4,1,10,9,0,6,0,1,0.36,0.3636,0.5,0.0896,46,220,266
8480,14834,2012-09-15,3,1,9,6,0,6,0,1,0.54,0.5152,0.49,0.4179,6,27,33
8481,5495,2011-08-21,3,0,8,20,0,0,0,1,0.7,0.6667,0.79,0.2537,41,140,181
8482,15484,2012-10-12,4,1,10,8,0,5,1,1,0.42,0.4242,0.71,0.0896,34,711,745
8483,4336,2011-07-04,3,0,7,13,1,1,0,2,0.78,0.7121,0.49,0,242,181,423
8484,8888,2012-01-11,1,1,1,4,0,3,1,1,0.2,0.2121,0.8,0.1343,0,2,2
8485,16541,2012-11-26,4,1,11,22,0,1,1,1,0.32,0.3485,0.61,0,3,101,104
8486,5115,2011-08-06,3,0,8,0,0,6,0,1,0.66,0.6061,0.78,0.194,29,104,133
8487,7175,2011-10-31,4,0,10,13,0,1,1,2,0.44,0.4394,0.44,0.2239,24,128,152
8488,15825,2012-10-26,4,1,10,13,0,5,1,2,0.58,0.5455,0.68,0.1343,77,260,337
8489,5213,2011-08-10,3,0,8,2,0,3,1,1,0.72,0.6667,0.54,0.1642,1,10,11
8490,12551,2012-06-12,2,1,6,3,0,2,1,2,0.66,0.6212,0.69,0.2537,3,9,12
8491,16299,2012-11-16,4,1,11,20,0,5,1,1,0.36,0.3333,0.46,0.2537,20,207,227
8492,15737,2012-10-22,4,1,10,21,0,1,1,1,0.48,0.4697,0.67,0.0896,19,155,174
8493,15064,2012-09-24,4,1,9,20,0,1,1,1,0.52,0.5,0.52,0.1045,52,380,432
8494,2903,2011-05-05,2,0,5,20,0,4,1,1,0.5,0.4848,0.34,0.1642,33,225,258
8495,12309,2012-06-02,2,1,6,1,0,6,0,2,0.56,0.5303,0.83,0.1045,15,61,76
8496,5535,2011-08-23,3,0,8,12,0,2,1,1,0.7,0.6364,0.39,0.0896,60,177,237
8497,15532,2012-10-14,4,1,10,8,0,0,0,1,0.44,0.4394,0.77,0.194,28,104,132
8498,780,2011-02-04,1,0,2,22,0,5,1,2,0.24,0.2424,0.65,0.1642,1,45,46
8499,7421,2011-11-10,4,0,11,19,0,4,1,2,0.36,0.3485,0.71,0.2239,19,192,211
8500,11000,2012-04-08,2,1,4,11,0,0,0,1,0.5,0.4848,0.25,0.2836,195,209,404
8501,10173,2012-03-04,1,1,3,22,0,0,0,1,0.26,0.2424,0.41,0.2537,9,53,62
8502,6529,2011-10-04,4,0,10,14,0,2,1,1,0.58,0.5455,0.53,0.2537,27,156,183
8503,3432,2011-05-27,2,0,5,21,0,5,1,1,0.6,0.5606,0.83,0.1045,37,114,151
8504,16907,2012-12-12,4,1,12,5,0,3,1,1,0.26,0.2576,0.6,0.194,0,37,37
8505,10928,2012-04-05,2,1,4,11,0,4,1,2,0.42,0.4242,0.38,0.2239,109,159,268
8506,15045,2012-09-24,4,1,9,1,0,1,1,1,0.46,0.4545,0.67,0.1343,6,12,18
8507,4726,2011-07-20,3,0,7,19,0,3,1,1,0.82,0.8485,0.67,0.1642,59,323,382
8508,1470,2011-03-06,1,0,3,13,0,0,0,2,0.46,0.4545,0.94,0.3582,22,83,105
8509,15972,2012-11-03,4,1,11,4,0,6,0,2,0.32,0.303,0.49,0.2985,8,8,16
8510,8676,2012-01-02,1,1,1,7,1,1,0,1,0.24,0.2121,0.32,0.3881,0,16,16
8511,13772,2012-08-02,3,1,8,0,0,4,1,1,0.7,0.6667,0.74,0,8,55,63
8512,16370,2012-11-19,4,1,11,19,0,1,1,2,0.4,0.4091,0.58,0.2836,25,381,406
8513,8425,2011-12-22,1,0,12,16,0,4,1,2,0.46,0.4545,0.63,0,30,226,256
8514,369,2011-01-16,1,0,1,20,0,0,0,1,0.18,0.197,0.47,0.1642,7,50,57
8515,15547,2012-10-14,4,1,10,23,0,0,0,2,0.56,0.5303,0.68,0.2836,27,78,105
8516,11294,2012-04-20,2,1,4,18,0,5,1,1,0.62,0.6212,0.5,0.2836,110,558,668
8517,65,2011-01-03,1,0,1,19,0,1,1,1,0.2,0.2576,0.47,0,8,102,110
8518,4211,2011-06-29,3,0,6,8,0,3,1,1,0.7,0.6515,0.48,0.2836,41,499,540
8519,16529,2012-11-26,4,1,11,10,0,1,1,1,0.32,0.3485,0.49,0,20,127,147
8520,16815,2012-12-08,4,1,12,9,0,6,0,2,0.38,0.3939,0.94,0,17,153,170
8521,1722,2011-03-17,1,0,3,9,0,4,1,1,0.4,0.4091,0.62,0.2537,23,162,185
8522,10886,2012-04-03,2,1,4,17,0,2,1,1,0.62,0.6061,0.17,0.194,123,634,757
8523,5325,2011-08-14,3,0,8,18,0,0,0,1,0.74,0.697,0.66,0.1642,125,222,347
8524,4061,2011-06-23,3,0,6,2,0,4,1,1,0.72,0.697,0.74,0.2239,0,4,4
8525,7281,2011-11-04,4,0,11,23,0,5,1,1,0.32,0.303,0.49,0.3284,17,72,89
8526,1825,2011-03-21,2,0,3,18,0,1,1,2,0.52,0.5,0.72,0.2239,44,232,276
8527,16054,2012-11-06,4,1,11,14,0,2,1,1,0.36,0.3636,0.4,0.1045,44,196,240
8528,14579,2012-09-04,3,1,9,15,0,2,1,1,0.8,0.7727,0.59,0.4627,68,224,292
8529,11568,2012-05-02,2,1,5,4,0,3,1,1,0.54,0.5152,0.88,0,2,2,4
8530,3233,2011-05-19,2,0,5,14,0,4,1,3,0.54,0.5152,0.73,0.194,43,137,180
8531,11772,2012-05-10,2,1,5,16,0,4,1,1,0.58,0.5455,0.3,0.4627,87,334,421
8532,1919,2011-03-25,2,0,3,17,0,5,1,2,0.32,0.2879,0.36,0.3582,23,202,225
8533,15196,2012-09-30,4,1,9,8,0,0,0,1,0.48,0.4697,0.67,0.1045,18,126,144
8534,1570,2011-03-10,1,0,3,20,0,4,1,3,0.36,0.3333,0,0.3284,9,29,38
8535,1832,2011-03-22,2,0,3,1,0,2,1,1,0.42,0.4242,1,0.1343,6,13,19
8536,1243,2011-02-24,1,0,2,21,0,4,1,2,0.34,0.303,0.87,0.3284,7,76,83
8537,17166,2012-12-23,1,1,12,0,0,0,0,1,0.22,0.2121,0.47,0.2836,3,24,27
8538,8855,2012-01-09,1,1,1,18,0,1,1,4,0.2,0.2273,0.86,0.0896,6,158,164
8539,8543,2011-12-27,1,0,12,16,0,2,1,3,0.44,0.4394,0.88,0.3284,2,44,46
8540,4657,2011-07-17,3,0,7,22,0,0,0,1,0.72,0.6818,0.66,0.2239,65,116,181
8541,13112,2012-07-05,3,1,7,12,0,4,1,1,0.9,0.8182,0.35,0.3582,88,188,276
8542,14507,2012-09-01,3,1,9,15,0,6,0,2,0.86,0.7879,0.44,0.2836,257,306,563
8543,13957,2012-08-09,3,1,8,17,0,4,1,1,0.86,0.7576,0.36,0.2537,111,699,810
8544,8344,2011-12-19,4,0,12,7,0,1,1,1,0.18,0.2121,0.74,0.1045,4,187,191
8545,15390,2012-10-08,4,1,10,10,1,1,0,2,0.38,0.3939,0.68,0.1343,69,229,298
8546,9596,2012-02-09,1,1,2,18,0,4,1,1,0.34,0.3333,0.31,0.1642,13,404,417
8547,4860,2011-07-26,3,0,7,9,0,2,1,1,0.76,0.6818,0.4,0.2239,25,162,187
8548,16115,2012-11-09,4,1,11,4,0,5,1,1,0.32,0.2879,0.53,0.3582,0,14,14
8549,11610,2012-05-03,2,1,5,22,0,4,1,1,0.62,0.5909,0.78,0,29,217,246
8550,11690,2012-05-07,2,1,5,6,0,1,1,1,0.46,0.4545,0.88,0.1045,8,134,142
8551,1223,2011-02-24,1,0,2,0,0,4,1,1,0.22,0.2576,0.55,0.0896,0,11,11
8552,1778,2011-03-19,1,0,3,18,0,6,0,1,0.46,0.4545,0.31,0.3284,92,125,217
8553,14189,2012-08-19,3,1,8,9,0,0,0,2,0.66,0.6212,0.74,0,86,184,270
8554,11039,2012-04-10,2,1,4,2,0,2,1,1,0.36,0.3485,0.71,0.1343,0,2,2
8555,9358,2012-01-30,1,1,1,19,0,1,1,1,0.3,0.3182,0.45,0.1045,8,298,306
8556,10372,2012-03-13,1,1,3,6,0,2,1,3,0.46,0.4545,0.82,0.194,5,108,113
8557,14201,2012-08-19,3,1,8,21,0,0,0,3,0.62,0.5909,0.78,0.0896,36,154,190
8558,14593,2012-09-05,3,1,9,5,0,3,1,2,0.7,0.6667,0.79,0.2985,1,39,40
8559,6401,2011-09-29,4,0,9,6,0,4,1,2,0.6,0.5455,0.88,0.0896,5,106,111
8560,12883,2012-06-25,3,1,6,23,0,1,1,1,0.64,0.6212,0.33,0.3284,15,88,103
8561,749,2011-02-03,1,0,2,14,0,4,1,1,0.22,0.197,0.37,0.3881,4,43,47
8562,7272,2011-11-04,4,0,11,14,0,5,1,1,0.44,0.4394,0.47,0.2985,54,147,201
8563,5247,2011-08-11,3,0,8,12,0,4,1,1,0.78,0.6818,0.31,0.2537,50,164,214
8564,1260,2011-02-25,1,0,2,15,0,5,1,1,0.46,0.4545,0.41,0.806,5,50,55
8565,7174,2011-10-31,4,0,10,12,0,1,1,1,0.42,0.4242,0.44,0.2239,30,140,170
8566,1889,2011-03-24,2,0,3,11,0,4,1,2,0.3,0.2727,0.81,0.2985,10,61,71
8567,8582,2011-12-29,1,0,12,8,0,4,1,2,0.2,0.2576,0.64,0,3,207,210
8568,712,2011-02-02,1,0,2,0,0,3,1,3,0.22,0.2424,0.93,0.1045,0,2,2
8569,16644,2012-12-01,4,1,12,6,0,6,0,1,0.24,0.2424,0.87,0.1343,7,20,27
8570,9897,2012-02-22,1,1,2,9,0,3,1,1,0.32,0.3333,0.7,0.0896,11,241,252
8571,13461,2012-07-20,3,1,7,1,0,5,1,1,0.66,0.5909,0.89,0.1343,2,9,11
8572,7938,2011-12-02,4,0,12,9,0,5,1,1,0.28,0.3182,0.81,0,12,234,246
8573,4809,2011-07-24,3,0,7,6,0,0,0,2,0.8,0.7879,0.63,0.0896,9,13,22
8574,3330,2011-05-23,2,0,5,15,0,1,1,2,0.72,0.6818,0.62,0.4478,57,119,176
8575,3294,2011-05-22,2,0,5,3,0,0,0,1,0.5,0.4848,1,0.1045,10,23,33
8576,10466,2012-03-17,1,1,3,4,0,6,0,2,0.42,0.4242,0.94,0,0,2,2
8577,9211,2012-01-24,1,1,1,16,0,2,1,1,0.4,0.4091,0.71,0.1343,35,243,278
8578,16153,2012-11-10,4,1,11,18,0,6,0,1,0.44,0.4394,0.54,0.1343,103,256,359
8579,5552,2011-08-24,3,0,8,5,0,3,1,1,0.56,0.5303,0.73,0.1045,1,26,27
8580,12140,2012-05-26,2,1,5,0,0,6,0,1,0.64,0.5758,0.83,0.1642,18,98,116
8581,8297,2011-12-17,4,0,12,8,0,6,0,2,0.26,0.2576,0.56,0.2239,4,55,59
8582,9179,2012-01-23,1,1,1,8,0,1,1,3,0.2,0.2121,0.86,0.1343,5,267,272
8583,1795,2011-03-20,1,0,3,11,0,0,0,1,0.34,0.3485,0.39,0.1045,92,111,203
8584,12898,2012-06-26,3,1,6,14,0,2,1,1,0.7,0.6364,0.3,0.4627,81,186,267
8585,5918,2011-09-09,3,0,9,2,0,5,1,2,0.62,0.5152,1,0.2537,1,7,8
8586,5025,2011-08-02,3,0,8,6,0,2,1,1,0.68,0.6364,0.69,0.1045,12,105,117
8587,1659,2011-03-14,1,0,3,16,0,1,1,1,0.4,0.4091,0.35,0.1045,27,80,107
8588,213,2011-01-10,1,0,1,3,0,1,1,1,0.12,0.1212,0.5,0.2239,0,1,1
8589,12656,2012-06-16,2,1,6,12,0,6,0,1,0.68,0.6364,0.41,0.1045,254,349,603
8590,16674,2012-12-02,4,1,12,12,0,0,0,2,0.34,0.3333,0.81,0.1642,111,409,520
8591,4420,2011-07-08,3,0,7,1,0,5,1,1,0.72,0.697,0.79,0,9,25,34
8592,16909,2012-12-12,4,1,12,7,0,3,1,2,0.26,0.2576,0.6,0.194,3,366,369
8593,5194,2011-08-09,3,0,8,7,0,2,1,1,0.72,0.697,0.74,0.1045,30,313,343
8594,8527,2011-12-27,1,0,12,0,0,2,1,1,0.26,0.2576,0.7,0.1642,3,9,12
8595,2167,2011-04-05,2,0,4,3,0,2,1,2,0.54,0.5152,0.73,0.3284,1,3,4
8596,3111,2011-05-14,2,0,5,12,0,6,0,3,0.52,0.5,1,0.0896,75,204,279
8597,793,2011-02-05,1,0,2,11,0,6,0,3,0.22,0.2273,1,0.1343,1,46,47
8598,234,2011-01-11,1,0,1,0,0,2,1,1,0.14,0.1667,0.59,0.1045,2,10,12
8599,10502,2012-03-18,1,1,3,16,0,0,0,1,0.54,0.5152,0.73,0.0896,229,312,541
8600,13555,2012-07-23,3,1,7,23,0,1,1,1,0.72,0.6818,0.66,0.1642,16,98,114
8601,210,2011-01-10,1,0,1,0,0,1,1,1,0.12,0.1212,0.5,0.2836,2,3,5
8602,10307,2012-03-10,1,1,3,12,0,6,0,1,0.3,0.2727,0.33,0.3284,88,241,329
8603,11731,2012-05-08,2,1,5,23,0,2,1,3,0.6,0.5758,0.78,0.3284,10,53,63
8604,4499,2011-07-11,3,0,7,8,0,1,1,1,0.74,0.697,0.66,0.2836,35,385,420
8605,11698,2012-05-07,2,1,5,14,0,1,1,2,0.62,0.6212,0.5,0.3582,59,180,239
8606,2414,2011-04-15,2,0,4,11,1,5,0,1,0.52,0.5,0.55,0.194,41,95,136
8607,6599,2011-10-07,4,0,10,12,0,5,1,1,0.6,0.6212,0.53,0,61,174,235
8608,12462,2012-06-08,2,1,6,10,0,5,1,1,0.66,0.6212,0.47,0.2537,62,187,249
8609,835,2011-02-07,1,0,2,5,0,1,1,1,0.2,0.2576,0.86,0,1,9,10
8610,8075,2011-12-08,4,0,12,2,0,4,1,1,0.28,0.2727,0.65,0.2239,0,4,4
8611,9490,2012-02-05,1,1,2,7,0,0,0,2,0.24,0.2424,0.75,0.1642,0,16,16
8612,6036,2011-09-14,3,0,9,1,0,3,1,1,0.62,0.5909,0.78,0.0896,1,7,8
8613,1221,2011-02-23,1,0,2,22,0,3,1,1,0.24,0.2879,0.48,0,1,60,61
8614,8770,2012-01-06,1,1,1,5,0,5,1,2,0.2,0.2121,0.8,0.1343,0,13,13
8615,6553,2011-10-05,4,0,10,14,0,3,1,1,0.64,0.6212,0.41,0.2836,34,156,190
8616,1388,2011-03-03,1,0,3,2,0,4,1,1,0.2,0.1667,0.27,0.4627,1,2,3
8617,2002,2011-03-29,2,0,3,6,0,2,1,1,0.22,0.2121,0.41,0.2985,4,46,50
8618,5610,2011-08-26,3,0,8,15,0,5,1,2,0.8,0.7727,0.59,0.194,53,196,249
8619,4582,2011-07-14,3,0,7,19,0,4,1,1,0.72,0.6515,0.39,0.2239,67,333,400
8620,2524,2011-04-20,2,0,4,1,0,3,1,1,0.42,0.4242,0.94,0.1642,2,5,7
8621,16011,2012-11-04,4,1,11,19,0,0,0,1,0.36,0.3333,0.43,0.2537,24,203,227
8622,7260,2011-11-04,4,0,11,2,0,5,1,2,0.4,0.4091,0.76,0,2,8,10
8623,16276,2012-11-15,4,1,11,21,0,4,1,2,0.32,0.3333,0.66,0.1045,20,204,224
8624,3079,2011-05-13,2,0,5,4,0,5,1,3,0.5,0.4848,0.88,0.1642,2,3,5
8625,7461,2011-11-12,4,0,11,11,0,6,0,1,0.38,0.3939,0.54,0.2836,102,213,315
8626,13598,2012-07-25,3,1,7,18,0,3,1,1,0.8,0.697,0.27,0.1343,104,787,891
8627,4783,2011-07-23,3,0,7,4,0,6,0,1,0.76,0.7273,0.66,0.1045,5,4,9
8628,14327,2012-08-25,3,1,8,3,0,6,0,1,0.66,0.6212,0.69,0.0896,7,31,38
8629,4382,2011-07-06,3,0,7,11,0,3,1,2,0.72,0.697,0.74,0,24,103,127
8630,13202,2012-07-09,3,1,7,6,0,1,1,3,0.64,0.5758,0.89,0.2537,6,86,92
8631,10156,2012-03-04,1,1,3,5,0,0,0,2,0.34,0.3182,0.46,0.2239,0,5,5
8632,14500,2012-09-01,3,1,9,8,0,6,0,2,0.76,0.7121,0.58,0.2537,28,134,162
8633,7643,2011-11-20,4,0,11,1,0,0,0,1,0.4,0.4091,0.62,0.2537,11,73,84
8634,8068,2011-12-07,4,0,12,19,0,3,1,3,0.34,0.2879,0.87,0.6418,2,31,33
8635,6453,2011-10-01,4,0,10,10,0,6,0,3,0.4,0.4091,0.76,0.3582,21,100,121
8636,12253,2012-05-30,2,1,5,17,0,3,1,1,0.74,0.6667,0.48,0.0896,83,756,839
8637,2166,2011-04-05,2,0,4,2,0,2,1,2,0.54,0.5152,0.73,0.3284,0,5,5
8638,17226,2012-12-25,1,1,12,14,1,2,0,1,0.38,0.3939,0.46,0.2985,58,68,126
8639,3804,2011-06-12,2,0,6,9,0,0,0,1,0.72,0.6818,0.66,0,75,107,182
8640,12172,2012-05-27,2,1,5,8,0,0,0,1,0.64,0.5758,0.83,0.194,69,82,151
8641,15054,2012-09-24,4,1,9,10,0,1,1,1,0.54,0.5152,0.49,0.2239,52,146,198
8642,10568,2012-03-21,2,1,3,10,0,3,1,2,0.52,0.5,0.83,0.1642,30,124,154
8643,11213,2012-04-17,2,1,4,9,0,2,1,1,0.6,0.6212,0.38,0.4925,71,329,400
8644,12730,2012-06-19,2,1,6,14,0,2,1,1,0.76,0.7121,0.58,0.1045,61,166,227
8645,7638,2011-11-19,4,0,11,20,0,6,0,2,0.36,0.3636,0.57,0.1045,48,115,163
8646,11232,2012-04-18,2,1,4,4,0,3,1,2,0.5,0.4848,0.42,0.2836,0,7,7
8647,9843,2012-02-20,1,1,2,1,1,1,0,2,0.24,0.2576,0.87,0.0896,3,12,15
8648,1387,2011-03-03,1,0,3,1,0,4,1,1,0.24,0.197,0.3,0.4627,0,1,1
8649,17371,2012-12-31,1,1,12,15,0,1,1,2,0.28,0.2879,0.45,0.1343,69,246,315
8650,11605,2012-05-03,2,1,5,17,0,4,1,1,0.72,0.6667,0.54,0.1343,87,617,704
8651,16396,2012-11-20,4,1,11,21,0,2,1,1,0.36,0.3788,0.71,0,14,143,157
8652,14409,2012-08-28,3,1,8,13,0,2,1,1,0.82,0.7424,0.43,0.2985,56,232,288
8653,11236,2012-04-18,2,1,4,8,0,3,1,3,0.5,0.4848,0.39,0.194,25,551,576
8654,3096,2011-05-13,2,0,5,21,0,5,1,2,0.52,0.5,0.84,0.1642,24,130,154
8655,3286,2011-05-21,2,0,5,19,0,6,0,1,0.68,0.6364,0.47,0.1642,117,184,301
8656,9535,2012-02-07,1,1,2,5,0,2,1,1,0.32,0.3333,0.49,0.0896,0,15,15
8657,7848,2011-11-28,4,0,11,15,0,1,1,1,0.58,0.5455,0.6,0.1642,18,132,150
8658,1314,2011-02-27,1,0,2,22,0,0,0,2,0.38,0.3939,0.62,0.1045,2,67,69
8659,9407,2012-02-01,1,1,2,20,0,3,1,1,0.52,0.5,0.52,0.1642,10,254,264
8660,8421,2011-12-22,1,0,12,12,0,4,1,2,0.48,0.4697,0.55,0,22,180,202
8661,10352,2012-03-12,1,1,3,10,0,1,1,1,0.4,0.4091,0.5,0.2239,39,98,137
8662,13940,2012-08-09,3,1,8,0,0,4,1,1,0.72,0.697,0.74,0.194,16,51,67
8663,5073,2011-08-04,3,0,8,6,0,4,1,2,0.68,0.6364,0.89,0.2985,7,90,97
8664,11028,2012-04-09,2,1,4,15,0,1,1,1,0.58,0.5455,0.28,0.5522,82,173,255
8665,12083,2012-05-23,2,1,5,15,0,3,1,2,0.7,0.6515,0.61,0,65,192,257
8666,10935,2012-04-05,2,1,4,18,0,4,1,1,0.5,0.4848,0.31,0.1045,80,618,698
8667,2270,2011-04-09,2,0,4,10,0,6,0,2,0.34,0.3333,0.87,0.1343,43,90,133
8668,14113,2012-08-16,3,1,8,5,0,4,1,1,0.6,0.5758,0.78,0.1642,7,30,37
8669,9433,2012-02-02,1,1,2,22,0,4,1,1,0.32,0.2879,0.49,0.4179,3,106,109
8670,12275,2012-05-31,2,1,5,15,0,4,1,1,0.76,0.6667,0.33,0.2985,81,209,290
8671,8599,2011-12-30,1,0,12,1,0,5,1,1,0.26,0.2879,0.65,0.0896,9,11,20
8672,12980,2012-06-30,3,1,6,0,0,6,0,3,0.64,0.5758,0.89,0.1642,4,65,69
8673,14775,2012-09-12,3,1,9,19,0,3,1,1,0.64,0.6212,0.5,0.194,78,557,635
8674,12062,2012-05-22,2,1,5,18,0,2,1,1,0.68,0.6364,0.61,0.1343,76,709,785
8675,9810,2012-02-18,1,1,2,16,0,6,0,1,0.44,0.4394,0.44,0.3284,186,218,404
8676,15116,2012-09-27,4,1,9,0,0,4,1,1,0.6,0.5758,0.78,0.0896,5,60,65
8677,16953,2012-12-14,4,1,12,3,0,5,1,1,0.2,0.2273,0.69,0.1045,0,12,12
8678,9547,2012-02-07,1,1,2,17,0,2,1,1,0.44,0.4394,0.35,0.194,15,494,509
8679,1542,2011-03-09,1,0,3,14,0,3,1,2,0.34,0.303,0.76,0.2985,10,61,71
8680,12784,2012-06-21,3,1,6,20,0,4,1,1,0.86,0.7879,0.44,0.194,79,357,436
8681,4608,2011-07-15,3,0,7,21,0,5,1,1,0.66,0.6212,0.54,0.1045,75,186,261
8682,12871,2012-06-25,3,1,6,11,0,1,1,1,0.8,0.7273,0.43,0.3284,54,127,181
8683,8435,2011-12-23,1,0,12,2,0,5,1,3,0.38,0.3939,0.94,0.1343,1,12,13
8684,7112,2011-10-28,4,0,10,22,0,5,1,3,0.3,0.2879,0.75,0.2836,4,32,36
8685,5539,2011-08-23,3,0,8,16,0,2,1,1,0.72,0.6515,0.32,0.1343,133,311,444
8686,4467,2011-07-10,3,0,7,0,0,0,0,1,0.7,0.6515,0.61,0.1642,42,112,154
8687,9064,2012-01-18,1,1,1,13,0,3,1,1,0.3,0.2727,0.42,0.4627,6,124,130
8688,12504,2012-06-10,2,1,6,4,0,0,0,1,0.62,0.5909,0.78,0.0896,1,9,10
8689,12212,2012-05-29,2,1,5,0,0,2,1,1,0.7,0.6667,0.79,0.194,12,33,45
8690,6124,2011-09-17,3,0,9,17,0,6,0,1,0.52,0.5,0.72,0.2239,141,218,359
8691,8564,2011-12-28,1,0,12,14,0,3,1,1,0.32,0.2879,0.39,0.3881,24,96,120
8692,3772,2011-06-11,2,0,6,1,0,6,0,1,0.7,0.6667,0.79,0.0896,10,67,77
8693,1110,2011-02-18,1,0,2,23,0,5,1,1,0.52,0.5,0.08,0.2836,16,61,77
8694,4656,2011-07-17,3,0,7,21,0,0,0,1,0.74,0.6818,0.62,0.2239,59,148,207
8695,13842,2012-08-04,3,1,8,22,0,6,0,1,0.76,0.7273,0.66,0.2836,104,165,269
8696,15360,2012-10-07,4,1,10,4,0,0,0,2,0.44,0.4394,0.54,0.2537,5,6,11
8697,14950,2012-09-20,3,1,9,2,0,4,1,1,0.46,0.4545,0.72,0.0896,2,9,11
8698,14534,2012-09-02,3,1,9,18,0,0,0,1,0.74,0.7121,0.74,0,227,273,500
8699,7096,2011-10-28,4,0,10,6,0,5,1,1,0.28,0.2727,0.65,0.2537,1,74,75
8700,12684,2012-06-17,2,1,6,16,0,0,0,1,0.66,0.6212,0.54,0.2985,240,340,580
8701,1738,2011-03-18,1,0,3,1,0,5,1,1,0.4,0.4091,0.62,0.2537,4,12,16
8702,12748,2012-06-20,2,1,6,8,0,3,1,2,0.7,0.6667,0.79,0.1045,43,600,643
8703,8962,2012-01-14,1,1,1,6,0,6,0,1,0.14,0.1515,0.5,0,0,5,5
8704,562,2011-01-25,1,0,1,14,0,2,1,2,0.3,0.3333,0.45,0,11,57,68
8705,9426,2012-02-02,1,1,2,15,0,4,1,1,0.46,0.4545,0.67,0.1642,24,150,174
8706,3346,2011-05-24,2,0,5,7,0,2,1,3,0.64,0.5909,0.78,0.194,26,288,314
8707,8315,2011-12-18,4,0,12,2,0,0,0,1,0.22,0.2424,0.55,0.1045,2,39,41
8708,11657,2012-05-05,2,1,5,21,0,6,0,2,0.58,0.5455,0.78,0.2239,86,183,269
8709,10871,2012-04-03,2,1,4,2,0,2,1,1,0.36,0.3485,0.53,0.1642,0,5,5
8710,59,2011-01-03,1,0,1,13,0,1,1,1,0.24,0.2121,0.35,0.2836,8,53,61
8711,10781,2012-03-30,2,1,3,7,0,5,1,1,0.32,0.3182,0.57,0.1642,9,280,289
8712,10150,2012-03-03,1,1,3,23,0,6,0,1,0.42,0.4242,0.24,0,12,94,106
8713,8406,2011-12-21,1,0,12,21,0,3,1,1,0.5,0.4848,0.88,0.2836,9,114,123
8714,15906,2012-10-31,4,1,10,10,0,3,1,1,0.36,0.3333,0.71,0.2836,21,147,168
8715,17294,2012-12-28,1,1,12,10,0,5,1,2,0.26,0.2424,0.56,0.2537,77,85,162
8716,11800,2012-05-11,2,1,5,20,0,5,1,1,0.62,0.6061,0.25,0.1343,64,277,341
8717,14271,2012-08-22,3,1,8,19,0,3,1,2,0.66,0.6212,0.74,0,56,524,580
8718,1650,2011-03-14,1,0,3,7,0,1,1,2,0.28,0.3182,0.61,0,4,84,88
8719,4637,2011-07-17,3,0,7,2,0,0,0,1,0.64,0.6061,0.69,0.2239,28,66,94
8720,2511,2011-04-19,2,0,4,12,0,2,1,2,0.54,0.5152,0.64,0.0896,19,84,103
8721,939,2011-02-11,1,0,2,17,0,5,1,1,0.3,0.3333,0.24,0,18,193,211
8722,396,2011-01-17,1,0,1,23,1,1,0,3,0.16,0.1364,0.86,0.2836,1,3,4
8723,17213,2012-12-25,1,1,12,0,1,2,0,3,0.24,0.2576,0.93,0.0896,3,10,13
8724,13142,2012-07-06,3,1,7,18,0,5,1,1,0.9,0.803,0.33,0.2537,106,454,560
8725,3871,2011-06-15,2,0,6,4,0,3,1,1,0.5,0.4848,0.63,0.2836,0,4,4
8726,16971,2012-12-14,4,1,12,21,0,5,1,1,0.3,0.303,0.75,0.1642,7,165,172
8727,2908,2011-05-06,2,0,5,1,0,5,1,1,0.4,0.4091,0.62,0.1642,8,24,32
8728,12048,2012-05-22,2,1,5,4,0,2,1,2,0.56,0.5303,0.88,0.1642,0,7,7
8729,5994,2011-09-12,3,0,9,7,0,1,1,1,0.58,0.5455,0.83,0,12,300,312
8730,16559,2012-11-27,4,1,11,16,0,2,1,2,0.3,0.2727,0.75,0.2985,5,252,257
8731,4416,2011-07-07,3,0,7,21,0,4,1,1,0.74,0.6818,0.62,0.1642,39,170,209
8732,14151,2012-08-17,3,1,8,19,0,5,1,2,0.74,0.2424,0.55,0.3881,88,403,491
8733,12674,2012-06-17,2,1,6,6,0,0,0,1,0.52,0.5,0.72,0.1045,7,16,23
8734,12424,2012-06-06,2,1,6,20,0,3,1,1,0.54,0.5152,0.73,0.2836,59,349,408
8735,16316,2012-11-17,4,1,11,13,0,6,0,1,0.42,0.4242,0.38,0.2537,179,346,525
8736,3950,2011-06-18,2,0,6,11,0,6,0,1,0.72,0.6818,0.62,0.1343,134,270,404
8737,17318,2012-12-29,1,1,12,10,0,6,0,3,0.26,0.2424,0.81,0.1343,6,35,41
8738,12195,2012-05-28,2,1,5,7,1,1,0,1,0.62,0.5909,0.78,0.1045,24,43,67
8739,2073,2011-04-01,2,0,4,5,0,5,1,3,0.24,0.2273,0.93,0.2239,1,11,12
8740,5823,2011-09-05,3,0,9,1,1,1,0,2,0.68,0.6364,0.79,0.1045,19,35,54
8741,10123,2012-03-02,1,1,3,20,0,5,1,2,0.36,0.3485,0.87,0.194,7,93,100
8742,3514,2011-05-31,2,0,5,7,0,2,1,1,0.74,0.697,0.66,0.1045,16,219,235
8743,10856,2012-04-02,2,1,4,11,0,1,1,1,0.42,0.4242,0.47,0.4478,81,128,209
8744,7965,2011-12-03,4,0,12,12,0,6,0,1,0.36,0.3788,0.5,0,78,280,358
8745,14677,2012-09-08,3,1,9,17,0,6,0,3,0.58,0.5455,0.83,0.194,52,119,171
8746,7483,2011-11-13,4,0,11,9,0,0,0,1,0.4,0.4091,0.54,0.2836,38,97,135
8747,14480,2012-08-31,3,1,8,12,0,5,1,1,0.86,0.7424,0.26,0.2537,120,290,410
8748,10388,2012-03-13,1,1,3,22,0,2,1,1,0.56,0.5303,0.6,0.0896,24,146,170
8749,767,2011-02-04,1,0,2,9,0,5,1,2,0.16,0.1818,0.8,0.1343,3,124,127
8750,10243,2012-03-07,1,1,3,20,0,3,1,1,0.5,0.4848,0.51,0.2537,18,242,260
8751,3783,2011-06-11,2,0,6,12,0,6,0,1,0.8,0.7576,0.55,0.2239,112,235,347
8752,13278,2012-07-12,3,1,7,10,0,4,1,1,0.74,0.6667,0.48,0.1642,69,145,214
8753,16426,2012-11-22,4,1,11,3,1,4,0,1,0.24,0.2576,0.75,0.1045,0,6,6
8754,2861,2011-05-04,2,0,5,2,0,3,1,3,0.5,0.4848,0.82,0.2836,0,4,4
8755,1222,2011-02-23,1,0,2,23,0,3,1,1,0.22,0.2576,0.55,0.0896,1,38,39
8756,4865,2011-07-26,3,0,7,14,0,2,1,1,0.86,0.7424,0.3,0.2836,46,101,147
8757,10754,2012-03-29,2,1,3,4,0,4,1,1,0.52,0.5,0.36,0.2537,1,8,9
8758,9991,2012-02-26,1,1,2,7,0,0,0,1,0.2,0.1818,0.51,0.2985,2,20,22
8759,4925,2011-07-29,3,0,7,2,0,5,1,1,0.74,0.7121,0.79,0,3,10,13
8760,4533,2011-07-12,3,0,7,18,0,2,1,1,0.86,0.803,0.47,0.2985,39,472,511
8761,1673,2011-03-15,1,0,3,7,0,2,1,1,0.24,0.2424,0.75,0.1642,10,109,119
8762,10938,2012-04-05,2,1,4,21,0,4,1,1,0.42,0.4242,0.47,0.194,25,209,234
8763,4056,2011-06-22,3,0,6,21,0,3,1,1,0.74,0.7121,0.79,0.1642,31,216,247
8764,6953,2011-10-22,4,0,10,7,0,6,0,1,0.36,0.3636,0.76,0.1045,8,49,57
8765,13710,2012-07-30,3,1,7,10,0,1,1,2,0.74,0.697,0.66,0.2239,54,135,189
8766,11010,2012-04-08,2,1,4,21,0,0,0,1,0.52,0.5,0.34,0.2239,53,77,130
8767,12155,2012-05-26,2,1,5,15,0,6,0,1,0.76,0.7273,0.66,0.2836,274,239,513
8768,11449,2012-04-27,2,1,4,5,0,5,1,1,0.42,0.4242,0.44,0.3582,0,19,19
8769,16130,2012-11-09,4,1,11,19,0,5,1,1,0.34,0.3485,0.71,0.0896,30,331,361
8770,10500,2012-03-18,1,1,3,14,0,0,0,2,0.5,0.4848,0.77,0.0896,218,303,521
8771,9937,2012-02-24,1,1,2,1,0,5,1,1,0.44,0.4394,0.62,0.194,3,15,18
8772,4318,2011-07-03,3,0,7,19,0,0,0,2,0.66,0.6061,0.83,0.194,100,83,183
8773,12552,2012-06-12,2,1,6,4,0,2,1,3,0.6,0.5455,0.88,0.1642,0,4,4
8774,7386,2011-11-09,4,0,11,8,0,3,1,1,0.32,0.3485,0.93,0,19,437,456
8775,5520,2011-08-22,3,0,8,21,0,1,1,1,0.64,0.6212,0.38,0.194,28,180,208
8776,859,2011-02-08,1,0,2,5,0,2,1,1,0.26,0.2273,0.81,0.3284,0,2,2
8777,9812,2012-02-18,1,1,2,18,0,6,0,1,0.46,0.4545,0.38,0.2985,70,176,246
8778,4440,2011-07-08,3,0,7,21,0,5,1,2,0.66,0.6061,0.83,0.2537,46,158,204
8779,14403,2012-08-28,3,1,8,7,0,2,1,2,0.66,0.6061,0.83,0.1045,14,255,269
8780,596,2011-01-28,1,0,1,0,0,5,1,2,0.2,0.2121,0.75,0.1343,0,9,9
8781,7800,2011-11-26,4,0,11,14,0,6,0,2,0.48,0.4697,0.48,0.1343,141,158,299
8782,1952,2011-03-27,2,0,3,2,0,0,0,3,0.22,0.2273,0.55,0.194,6,15,21
8783,11691,2012-05-07,2,1,5,7,0,1,1,2,0.48,0.4697,0.82,0.1045,18,367,385
8784,10779,2012-03-30,2,1,3,5,0,5,1,1,0.32,0.3333,0.61,0.0896,0,26,26
8785,11295,2012-04-20,2,1,4,19,0,5,1,1,0.6,0.6212,0.53,0.194,82,410,492
8786,6945,2011-10-21,4,0,10,23,0,5,1,1,0.4,0.4091,0.62,0.2239,18,99,117
8787,7831,2011-11-27,4,0,11,21,0,0,0,1,0.48,0.4697,0.67,0.2836,13,75,88
8788,2514,2011-04-19,2,0,4,15,0,2,1,2,0.54,0.5152,0.65,0.1642,44,83,127
8789,15786,2012-10-24,4,1,10,22,0,3,1,2,0.6,0.6061,0.64,0.1343,30,208,238
8790,5560,2011-08-24,3,0,8,13,0,3,1,1,0.76,0.6818,0.48,0.4179,56,180,236
8791,17252,2012-12-26,1,1,12,16,0,3,1,3,0.26,0.2273,0.87,0.3582,0,13,13
8792,7861,2011-11-29,4,0,11,4,0,2,1,2,0.52,0.5,0.83,0.3284,1,5,6
8793,14478,2012-08-31,3,1,8,10,0,5,1,1,0.76,0.7121,0.62,0.0896,59,197,256
8794,4701,2011-07-19,3,0,7,18,0,2,1,1,0.8,0.803,0.66,0.1343,80,450,530
8795,2234,2011-04-07,2,0,4,22,0,4,1,2,0.4,0.4091,0.76,0.194,18,63,81
8796,16317,2012-11-17,4,1,11,14,0,6,0,1,0.42,0.4242,0.38,0.194,175,380,555
8797,7957,2011-12-03,4,0,12,4,0,6,0,1,0.22,0.2273,0.75,0.1343,1,7,8
8798,1177,2011-02-21,1,0,2,19,1,1,0,2,0.24,0.2121,0.87,0.3582,0,49,49
8799,15110,2012-09-26,4,1,9,18,0,3,1,1,0.74,0.6667,0.48,0.2239,69,815,884
8800,15127,2012-09-27,4,1,9,11,0,4,1,2,0.72,0.6667,0.51,0.1642,67,227,294
8801,9700,2012-02-14,1,1,2,2,0,2,1,2,0.28,0.3182,0.41,0,0,3,3
8802,8995,2012-01-15,1,1,1,15,0,0,0,1,0.22,0.2273,0.27,0.194,33,173,206
8803,11317,2012-04-21,2,1,4,17,0,6,0,2,0.74,0.6515,0.3,0.3881,259,309,568
8804,11180,2012-04-16,2,1,4,0,1,1,0,1,0.64,0.6212,0.53,0.3284,15,26,41
8805,12916,2012-06-27,3,1,6,8,0,3,1,1,0.62,0.6212,0.43,0.3284,49,638,687
8806,4242,2011-06-30,3,0,6,15,0,4,1,1,0.78,0.6667,0.25,0.2537,64,176,240
8807,5425,2011-08-18,3,0,8,22,0,4,1,2,0.7,0.6667,0.74,0.1045,18,117,135
8808,7448,2011-11-11,4,0,11,22,1,5,0,1,0.32,0.3182,0.39,0.194,13,78,91
8809,3402,2011-05-26,2,0,5,15,0,4,1,2,0.82,0.7576,0.46,0.2836,40,101,141
8810,7493,2011-11-13,4,0,11,19,0,0,0,1,0.5,0.4848,0.29,0.3582,36,121,157
8811,1551,2011-03-09,1,0,3,23,0,3,1,3,0.34,0.3333,0.93,0.194,1,17,18
8812,1010,2011-02-14,1,0,2,17,0,1,1,1,0.46,0.4545,0.33,0.6119,25,218,243
8813,11237,2012-04-18,2,1,4,9,0,3,1,3,0.48,0.4697,0.44,0.2985,20,245,265
8814,16520,2012-11-26,4,1,11,1,0,1,1,1,0.2,0.2576,0.69,0,1,9,10
8815,5096,2011-08-05,3,0,8,5,0,5,1,1,0.64,0.5909,0.78,0.0896,0,16,16
8816,649,2011-01-30,1,0,1,8,0,0,0,2,0.14,0.2121,0.86,0,1,11,12
8817,13326,2012-07-14,3,1,7,10,0,6,0,2,0.72,0.6818,0.7,0.0896,123,278,401
8818,4976,2011-07-31,3,0,7,5,0,0,0,1,0.72,0.6818,0.69,0,4,4,8
8819,14028,2012-08-12,3,1,8,16,0,0,0,1,0.76,0.6818,0.4,0.1045,213,300,513
8820,9865,2012-02-21,1,1,2,0,0,2,1,1,0.26,0.303,0.65,0,1,11,12
8821,8743,2012-01-05,1,1,1,2,0,4,1,1,0.2,0.2273,0.51,0.0896,0,4,4
8822,8170,2011-12-12,4,0,12,1,0,1,1,1,0.2,0.2576,0.69,0,0,9,9
8823,10126,2012-03-02,1,1,3,23,0,5,1,2,0.36,0.3788,0.87,0,4,19,23
8824,6861,2011-10-18,4,0,10,10,0,2,1,2,0.56,0.5303,0.68,0,27,75,102
8825,17237,2012-12-26,1,1,12,1,0,3,1,2,0.26,0.2273,0.65,0.2985,0,7,7
8826,15925,2012-11-01,4,1,11,5,0,4,1,1,0.34,0.3333,0.66,0.1343,1,39,40
8827,14888,2012-09-17,3,1,9,12,0,1,1,2,0.62,0.6061,0.69,0.194,62,233,295
8828,8700,2012-01-03,1,1,1,7,0,2,1,1,0.14,0.1212,0.59,0.2537,2,168,170
8829,212,2011-01-10,1,0,1,2,0,1,1,1,0.12,0.1212,0.5,0.2239,0,3,3
8830,14097,2012-08-15,3,1,8,13,0,3,1,2,0.78,0.7121,0.49,0.194,88,206,294
8831,6344,2011-09-26,4,0,9,21,0,1,1,1,0.64,0.5758,0.89,0.1343,18,164,182
8832,1782,2011-03-19,1,0,3,22,0,6,0,1,0.4,0.4091,0.37,0.3284,27,45,72
8833,3544,2011-06-01,2,0,6,13,0,3,1,1,0.9,0.8182,0.37,0.194,29,125,154
8834,1439,2011-03-05,1,0,3,5,0,6,0,2,0.3,0.303,1,0.1343,0,3,3
8835,2869,2011-05-04,2,0,5,10,0,3,1,2,0.34,0.3182,0.93,0.2836,5,26,31
8836,2435,2011-04-16,2,0,4,8,0,6,0,3,0.4,0.4091,0.87,0.3582,7,38,45
8837,6831,2011-10-17,4,0,10,4,0,1,1,1,0.52,0.5,0.59,0.1642,2,3,5
8838,4793,2011-07-23,3,0,7,14,0,6,0,1,0.92,0.8939,0.42,0,84,152,236
8839,12217,2012-05-29,2,1,5,5,0,2,1,1,0.66,0.6061,0.78,0.2239,1,32,33
8840,11406,2012-04-25,2,1,4,10,0,3,1,1,0.52,0.5,0.34,0,44,138,182
8841,6476,2011-10-02,4,0,10,9,0,0,0,1,0.36,0.3333,0.76,0.3582,19,96,115
8842,16460,2012-11-23,4,1,11,13,0,5,1,1,0.46,0.4545,0.38,0.2836,224,200,424
8843,9016,2012-01-16,1,1,1,12,1,1,0,1,0.2,0.1818,0.55,0.3284,20,165,185
8844,14343,2012-08-25,3,1,8,19,0,6,0,2,0.64,0.5909,0.78,0.2985,97,257,354
8845,12211,2012-05-28,2,1,5,23,1,1,0,1,0.72,0.697,0.74,0.1642,22,60,82
8846,13,2011-01-01,1,0,1,12,0,6,0,1,0.42,0.4242,0.77,0.2836,29,55,84
8847,14964,2012-09-20,3,1,9,16,0,4,1,1,0.64,0.6212,0.47,0.1642,72,385,457
8848,819,2011-02-06,1,0,2,13,0,0,0,1,0.34,0.3636,0.46,0,47,135,182
8849,13584,2012-07-25,3,1,7,4,0,3,1,1,0.64,0.6061,0.65,0.2239,0,4,4
8850,8185,2011-12-12,4,0,12,16,0,1,1,2,0.32,0.3333,0.57,0.0896,5,209,214
8851,454,2011-01-20,1,0,1,22,0,4,1,2,0.24,0.2121,0.65,0.2836,0,56,56
8852,17123,2012-12-21,1,1,12,5,0,5,1,2,0.34,0.303,0.76,0.4179,0,13,13
8853,3458,2011-05-28,2,0,5,23,0,6,0,1,0.64,0.5758,0.83,0.194,44,81,125
8854,14543,2012-09-03,3,1,9,3,1,1,0,1,0.66,0.5909,0.89,0.1343,6,22,28
8855,16094,2012-11-08,4,1,11,7,0,4,1,1,0.28,0.2576,0.36,0.3881,12,411,423
8856,9738,2012-02-15,1,1,2,16,0,3,1,1,0.42,0.4242,0.38,0.194,9,222,231
8857,14666,2012-09-08,3,1,9,6,0,6,0,2,0.66,0.5909,0.89,0.2836,8,26,34
8858,941,2011-02-11,1,0,2,19,0,5,1,1,0.26,0.303,0.33,0,7,94,101
8859,2740,2011-04-29,2,0,4,1,0,5,1,1,0.5,0.4848,0.45,0.0896,10,21,31
8860,13688,2012-07-29,3,1,7,12,0,0,0,1,0.76,0.697,0.55,0.3284,154,357,511
8861,11813,2012-05-12,2,1,5,9,0,6,0,1,0.54,0.5152,0.49,0,87,248,335
8862,9177,2012-01-23,1,1,1,6,0,1,1,2,0.2,0.2576,0.86,0,6,36,42
8863,11790,2012-05-11,2,1,5,10,0,5,1,1,0.52,0.5,0.36,0.3284,69,141,210
8864,16993,2012-12-15,4,1,12,19,0,6,0,1,0.36,0.3485,0.62,0.1343,32,225,257
8865,4072,2011-06-23,3,0,6,13,0,4,1,2,0.76,0.7121,0.62,0.2836,37,149,186
8866,1401,2011-03-03,1,0,3,15,0,4,1,1,0.24,0.2879,0.23,0,6,62,68
8867,7691,2011-11-22,4,0,11,1,0,2,1,3,0.4,0.4091,0.94,0.1343,1,5,6
8868,8223,2011-12-14,4,0,12,6,0,3,1,2,0.26,0.303,0.87,0,0,87,87
8869,14869,2012-09-16,3,1,9,17,0,0,0,1,0.66,0.6212,0.41,0,177,393,570
8870,6364,2011-09-27,4,0,9,17,0,2,1,2,0.66,0.5909,0.89,0.194,50,480,530
8871,5797,2011-09-03,3,0,9,23,0,6,0,1,0.66,0.6212,0.85,0.1343,46,77,123
8872,3678,2011-06-07,2,0,6,3,0,2,1,1,0.6,0.5909,0.73,0.0896,1,1,2
8873,16793,2012-12-07,4,1,12,11,0,5,1,2,0.32,0.3182,0.76,0.194,20,183,203
8874,11808,2012-05-12,2,1,5,4,0,6,0,1,0.44,0.4394,0.67,0.1045,3,6,9
8875,11488,2012-04-28,2,1,4,20,0,6,0,2,0.38,0.3939,0.66,0,21,81,102
8876,8886,2012-01-11,1,1,1,2,0,3,1,1,0.2,0.2121,0.85,0.1642,0,5,5
8877,10291,2012-03-09,1,1,3,20,0,5,1,1,0.38,0.3939,0.32,0.3582,3,156,159
8878,5189,2011-08-09,3,0,8,2,0,2,1,1,0.72,0.6818,0.7,0,9,3,12
8879,11015,2012-04-09,2,1,4,2,0,1,1,1,0.46,0.4545,0.31,0.194,2,4,6
8880,1109,2011-02-18,1,0,2,22,0,5,1,1,0.54,0.5152,0.1,0.2537,19,88,107
8881,14141,2012-08-17,3,1,8,9,0,5,1,1,0.7,0.2424,0.58,0.1045,58,320,378
8882,3230,2011-05-19,2,0,5,11,0,4,1,3,0.54,0.5152,0.88,0.1642,53,111,164
8883,10655,2012-03-25,2,1,3,1,0,0,0,2,0.42,0.4242,1,0.2537,24,65,89
8884,11636,2012-05-05,2,1,5,0,0,6,0,1,0.6,0.5606,0.83,0,42,111,153
8885,10079,2012-03-01,1,1,3,0,0,4,1,2,0.42,0.4242,0.94,0,1,10,11
8886,12360,2012-06-04,2,1,6,4,0,1,1,1,0.54,0.5152,0.64,0.0896,2,6,8
8887,5836,2011-09-05,3,0,9,14,1,1,0,1,0.74,0.697,0.7,0.1642,145,212,357
8888,4327,2011-07-04,3,0,7,4,1,1,0,2,0.66,0.6061,0.78,0.0896,8,4,12
8889,11362,2012-04-23,2,1,4,14,0,1,1,3,0.36,0.3182,0.62,0.4478,12,102,114
8890,12633,2012-06-15,2,1,6,13,0,5,1,1,0.7,0.6364,0.42,0.2537,121,272,393
8891,2554,2011-04-21,2,0,4,7,0,4,1,2,0.42,0.4242,0.47,0.4627,15,183,198
8892,2687,2011-04-26,2,0,4,20,0,2,1,1,0.64,0.6061,0.73,0.3582,35,199,234
8893,15976,2012-11-03,4,1,11,8,0,6,0,2,0.34,0.303,0.46,0.2985,10,132,142
8894,1564,2011-03-10,1,0,3,14,0,4,1,3,0.44,0.4394,0,0.2985,0,12,12
8895,13309,2012-07-13,3,1,7,17,0,5,1,2,0.8,0.7121,0.36,0.1642,138,697,835
8896,556,2011-01-25,1,0,1,8,0,2,1,2,0.16,0.1818,0.74,0.1343,5,233,238
8897,3072,2011-05-12,2,0,5,21,0,4,1,1,0.56,0.5303,0.83,0.1343,31,192,223
8898,4475,2011-07-10,3,0,7,8,0,0,0,1,0.72,0.6818,0.66,0,27,65,92
8899,7530,2011-11-15,4,0,11,8,0,2,1,2,0.54,0.5152,0.68,0.1045,27,453,480
8900,16930,2012-12-13,4,1,12,4,0,4,1,2,0.26,0.2576,0.56,0.194,0,8,8
8901,14658,2012-09-07,3,1,9,22,0,5,1,1,0.7,0.6667,0.74,0.2239,52,247,299
8902,16067,2012-11-07,4,1,11,3,0,3,1,2,0.28,0.2576,0.52,0.3284,2,9,11
8903,1417,2011-03-04,1,0,3,7,0,5,1,1,0.16,0.1818,0.8,0.1343,0,83,83
8904,10728,2012-03-28,2,1,3,2,0,3,1,1,0.34,0.303,0.49,0.2985,0,3,3
8905,14081,2012-08-14,3,1,8,21,0,2,1,1,0.74,0.6818,0.62,0.2239,56,252,308
8906,4602,2011-07-15,3,0,7,15,0,5,1,1,0.72,0.6515,0.45,0.1642,74,163,237
8907,14903,2012-09-18,3,1,9,3,0,2,1,2,0.62,0.5455,0.94,0.2836,0,6,6
8908,7400,2011-11-09,4,0,11,22,0,3,1,1,0.4,0.4091,0.87,0,9,105,114
8909,16736,2012-12-05,4,1,12,2,0,3,1,1,0.46,0.4545,0.67,0.1642,2,7,9
8910,13479,2012-07-20,3,1,7,19,0,5,1,2,0.64,0.5758,0.83,0.2836,44,358,402
8911,13557,2012-07-24,3,1,7,1,0,2,1,1,0.68,0.6364,0.79,0.1642,7,10,17
8912,10796,2012-03-30,2,1,3,22,0,5,1,1,0.36,0.3485,0.71,0.1642,23,130,153
8913,15804,2012-10-25,4,1,10,16,0,4,1,1,0.6,0.5909,0.69,0.1642,92,407,499
8914,9859,2012-02-20,1,1,2,18,1,1,0,1,0.34,0.3182,0.34,0.2239,27,215,242
8915,16812,2012-12-08,4,1,12,6,0,6,0,2,0.36,0.3636,0.93,0.1045,1,19,20
8916,9432,2012-02-02,1,1,2,21,0,4,1,1,0.34,0.303,0.46,0.4179,4,144,148
8917,14619,2012-09-06,3,1,9,7,0,4,1,2,0.7,0.6667,0.84,0.1045,21,461,482
8918,29,2011-01-02,1,0,1,4,0,0,0,2,0.46,0.4545,0.94,0.194,2,1,3
8919,356,2011-01-16,1,0,1,7,0,0,0,2,0.24,0.2121,0.56,0.2985,0,3,3
8920,13672,2012-07-28,3,1,7,20,0,6,0,1,0.66,0.6061,0.83,0.2239,79,154,233
8921,16809,2012-12-08,4,1,12,3,0,6,0,2,0.36,0.3636,0.93,0.1045,6,23,29
8922,13360,2012-07-15,3,1,7,20,0,0,0,1,0.72,0.697,0.79,0.2537,95,199,294
8923,15170,2012-09-29,4,1,9,6,0,6,0,1,0.5,0.4848,0.63,0.2537,4,33,37
8924,8525,2011-12-26,1,0,12,22,1,1,0,1,0.26,0.303,0.7,0,5,22,27
8925,5644,2011-08-28,3,0,8,14,0,0,0,1,0.78,0.697,0.43,0.4179,157,290,447
8926,6866,2011-10-18,4,0,10,15,0,2,1,1,0.62,0.6212,0.5,0.194,66,139,205
8927,11075,2012-04-11,2,1,4,15,0,3,1,3,0.38,0.3939,0.46,0.2239,50,152,202
8928,10055,2012-02-28,1,1,2,23,0,2,1,1,0.32,0.303,0.53,0.2239,4,61,65
8929,3676,2011-06-07,2,0,6,1,0,2,1,1,0.62,0.6061,0.69,0.1343,2,2,4
8930,4225,2011-06-29,3,0,6,22,0,3,1,1,0.7,0.6364,0.42,0.194,32,151,183
8931,965,2011-02-12,1,0,2,19,0,6,0,1,0.28,0.2727,0.38,0.1642,2,39,41
8932,6750,2011-10-13,4,0,10,19,0,4,1,2,0.62,0.5758,0.83,0.1642,18,187,205
8933,121,2011-01-06,1,0,1,6,0,4,1,2,0.14,0.1667,0.63,0.1045,0,36,36
8934,6795,2011-10-15,4,0,10,16,0,6,0,1,0.62,0.6212,0.29,0.3881,179,264,443
8935,4229,2011-06-30,3,0,6,2,0,4,1,1,0.62,0.6212,0.57,0.1343,2,6,8
8936,5580,2011-08-25,3,0,8,9,0,4,1,2,0.72,0.6818,0.7,0.2985,21,141,162
8937,329,2011-01-15,1,0,1,4,0,6,0,2,0.16,0.2273,0.59,0,0,5,5
8938,4711,2011-07-20,3,0,7,4,0,3,1,1,0.68,0.6364,0.83,0,0,4,4
8939,3282,2011-05-21,2,0,5,15,0,6,0,1,0.72,0.6515,0.45,0.2537,232,274,506
8940,2371,2011-04-13,2,0,4,16,0,3,1,1,0.46,0.4545,0.67,0.2836,23,119,142
8941,5523,2011-08-23,3,0,8,0,0,2,1,1,0.6,0.6212,0.43,0.194,13,22,35
8942,2545,2011-04-20,2,0,4,22,0,3,1,1,0.62,0.6212,0.41,0.2537,12,105,117
8943,10211,2012-03-06,1,1,3,12,0,2,1,1,0.26,0.2727,0.41,0.1045,9,129,138
8944,12581,2012-06-13,2,1,6,9,0,3,1,2,0.64,0.6061,0.69,0.5821,54,298,352
8945,2179,2011-04-05,2,0,4,15,0,2,1,1,0.4,0.4091,0.46,0.4627,6,62,68
8946,4899,2011-07-28,3,0,7,0,0,4,1,1,0.7,0.6515,0.51,0.1343,14,31,45
8947,5154,2011-08-07,3,0,8,15,0,0,0,3,0.72,0.697,0.74,0.2985,118,208,326
8948,1210,2011-02-23,1,0,2,11,0,3,1,1,0.24,0.2576,0.41,0.1045,16,53,69
8949,13972,2012-08-10,3,1,8,8,0,5,1,3,0.62,0.5455,0.91,0.1642,7,112,119
8950,14999,2012-09-22,3,1,9,3,0,6,0,1,0.56,0.5303,0.83,0.2836,6,39,45
8951,3124,2011-05-15,2,0,5,1,0,0,0,2,0.52,0.5,1,0.1045,4,43,47
8952,14857,2012-09-16,3,1,9,5,0,0,0,1,0.5,0.4848,0.72,0,3,10,13
8953,9726,2012-02-15,1,1,2,4,0,3,1,1,0.28,0.2879,0.7,0.1045,0,1,1
8954,3767,2011-06-10,2,0,6,20,0,5,1,1,0.76,0.7121,0.62,0.1045,53,197,250
8955,13250,2012-07-11,3,1,7,6,0,3,1,1,0.64,0.5758,0.89,0.1343,17,168,185
8956,13942,2012-08-09,3,1,8,2,0,4,1,1,0.7,0.6667,0.84,0.0896,2,12,14
8957,601,2011-01-28,1,0,1,6,0,5,1,2,0.18,0.197,0.8,0.1343,0,16,16
8958,4551,2011-07-13,3,0,7,12,0,3,1,1,0.84,0.7576,0.41,0.2836,40,134,174
8959,944,2011-02-11,1,0,2,22,0,5,1,1,0.2,0.2273,0.64,0.0896,2,41,43
8960,15105,2012-09-26,4,1,9,13,0,3,1,1,0.7,0.6515,0.58,0.2239,67,273,340
8961,9920,2012-02-23,1,1,2,8,0,4,1,1,0.34,0.3333,0.87,0.194,11,549,560
8962,12970,2012-06-29,3,1,6,14,0,5,1,1,0.96,0.9091,0.36,0.2239,49,184,233
8963,11604,2012-05-03,2,1,5,16,0,4,1,1,0.68,0.6364,0.57,0.1642,45,325,370
8964,1562,2011-03-10,1,0,3,12,0,4,1,3,0.42,0.4242,0,0.2239,4,30,34
8965,14321,2012-08-24,3,1,8,21,0,5,1,2,0.7,0.6515,0.61,0.1642,58,248,306
8966,6214,2011-09-21,3,0,9,11,0,3,1,2,0.62,0.5758,0.83,0.1642,42,138,180
8967,9869,2012-02-21,1,1,2,5,0,2,1,1,0.2,0.2576,0.69,0,0,15,15
8968,4542,2011-07-13,3,0,7,3,0,3,1,1,0.74,0.6818,0.58,0.194,0,4,4
8969,1783,2011-03-19,1,0,3,23,0,6,0,1,0.38,0.3939,0.4,0.2985,13,37,50
8970,9225,2012-01-25,1,1,1,6,0,3,1,1,0.24,0.2273,0.73,0.2239,1,87,88
8971,1096,2011-02-18,1,0,2,9,0,5,1,2,0.42,0.4242,0.77,0.194,15,154,169
8972,5545,2011-08-23,3,0,8,22,0,2,1,1,0.62,0.6212,0.57,0.1343,46,145,191
8973,13158,2012-07-07,3,1,7,10,0,6,0,1,0.92,0.8636,0.37,0.2239,100,225,325
8974,9746,2012-02-16,1,1,2,0,0,4,1,2,0.3,0.303,0.7,0.1343,1,22,23
8975,15326,2012-10-05,4,1,10,18,0,5,1,1,0.64,0.6212,0.57,0.1343,106,655,761
8976,678,2011-01-31,1,0,1,13,0,1,1,2,0.16,0.2273,0.59,0,2,52,54
8977,13722,2012-07-30,3,1,7,22,0,1,1,2,0.7,0.6667,0.74,0.2239,47,183,230
8978,1393,2011-03-03,1,0,3,7,0,4,1,1,0.12,0.0909,0.42,0.4179,1,110,111
8979,753,2011-02-03,1,0,2,18,0,4,1,1,0.2,0.2121,0.4,0.1642,2,145,147
8980,3738,2011-06-09,2,0,6,15,0,4,1,1,0.94,0.8333,0.31,0.1642,18,86,104
8981,2977,2011-05-08,2,0,5,22,0,0,0,1,0.5,0.4848,0.88,0.0896,29,86,115
8982,6695,2011-10-11,4,0,10,12,0,2,1,2,0.6,0.5909,0.73,0.1642,51,130,181
8983,3216,2011-05-18,2,0,5,21,0,3,1,1,0.52,0.5,0.88,0,11,74,85
8984,1771,2011-03-19,1,0,3,11,0,6,0,1,0.46,0.4545,0.36,0.4478,90,106,196
8985,16621,2012-11-30,4,1,11,7,0,5,1,1,0.22,0.2727,0.8,0,6,346,352
8986,12543,2012-06-11,2,1,6,19,0,1,1,2,0.76,0.6818,0.48,0.3284,89,507,596
8987,3023,2011-05-10,2,0,5,20,0,2,1,1,0.54,0.5152,0.6,0.1343,50,241,291
8988,5402,2011-08-17,3,0,8,23,0,3,1,1,0.7,0.6515,0.65,0.2836,20,85,105
8989,7857,2011-11-29,4,0,11,0,0,2,1,1,0.52,0.5,0.83,0,4,18,22
8990,6876,2011-10-19,4,0,10,1,0,3,1,2,0.52,0.5,0.77,0.194,7,9,16
8991,5192,2011-08-09,3,0,8,5,0,2,1,1,0.7,0.6515,0.65,0.0896,5,25,30
8992,4620,2011-07-16,3,0,7,9,0,6,0,1,0.7,0.6515,0.54,0.2239,72,150,222
8993,13587,2012-07-25,3,1,7,7,0,3,1,1,0.66,0.6212,0.5,0.3284,34,473,507
8994,14758,2012-09-12,3,1,9,2,0,3,1,1,0.52,0.5,0.72,0.0896,2,9,11
8995,8720,2012-01-04,1,1,1,3,0,3,1,1,0.02,0.0152,0.34,0.2836,0,1,1
8996,10753,2012-03-29,2,1,3,3,0,4,1,1,0.58,0.5455,0.28,0.2537,1,4,5
8997,15829,2012-10-26,4,1,10,17,0,5,1,2,0.56,0.5303,0.76,0.194,125,692,817
8998,8147,2011-12-11,4,0,12,2,0,0,0,1,0.18,0.1667,0.55,0.2537,5,47,52
8999,7969,2011-12-03,4,0,12,16,0,6,0,1,0.38,0.3939,0.46,0,75,230,305
9000,4265,2011-07-01,3,0,7,14,0,5,1,1,0.82,0.697,0.23,0.194,78,225,303
9001,17373,2012-12-31,1,1,12,17,0,1,1,2,0.26,0.2879,0.48,0.0896,14,150,164
9002,6826,2011-10-16,4,0,10,23,0,0,0,1,0.56,0.5303,0.52,0.4179,14,48,62
9003,8114,2011-12-09,4,0,12,17,0,5,1,1,0.34,0.3485,0.66,0.1045,10,352,362
9004,702,2011-02-01,1,0,2,14,0,2,1,2,0.22,0.2576,0.8,0.0896,5,49,54
9005,6171,2011-09-19,3,0,9,16,0,1,1,2,0.6,0.6061,0.6,0.1642,55,208,263
9006,9039,2012-01-17,1,1,1,12,0,2,1,2,0.32,0.303,0.87,0.2836,3,83,86
9007,8160,2011-12-11,4,0,12,15,0,0,0,1,0.3,0.3333,0.26,0,47,219,266
9008,6871,2011-10-18,4,0,10,20,0,2,1,1,0.54,0.5152,0.64,0.1642,23,204,227
9009,4424,2011-07-08,3,0,7,5,0,5,1,1,0.68,0.6364,0.79,0.2537,3,24,27
9010,6863,2011-10-18,4,0,10,12,0,2,1,2,0.62,0.6212,0.43,0.0896,42,159,201
9011,6987,2011-10-23,4,0,10,17,0,0,0,1,0.5,0.4848,0.63,0.1343,120,220,340
9012,4869,2011-07-26,3,0,7,18,0,2,1,1,0.84,0.7424,0.39,0.3881,68,478,546
9013,4377,2011-07-06,3,0,7,6,0,3,1,1,0.7,0.6667,0.79,0.0896,9,112,121
9014,11748,2012-05-09,2,1,5,16,0,3,1,2,0.66,0.6212,0.5,0.194,68,289,357
9015,2927,2011-05-06,2,0,5,20,0,5,1,1,0.52,0.5,0.48,0.1045,29,161,190
9016,14109,2012-08-16,3,1,8,1,0,4,1,1,0.64,0.6061,0.73,0,3,18,21
9017,13543,2012-07-23,3,1,7,11,0,1,1,2,0.8,0.7424,0.52,0.1642,69,129,198
9018,13951,2012-08-09,3,1,8,11,0,4,1,1,0.84,0.7576,0.44,0,94,166,260
9019,15174,2012-09-29,4,1,9,10,0,6,0,1,0.54,0.5152,0.56,0.2537,134,338,472
9020,4351,2011-07-05,3,0,7,4,0,2,1,1,0.66,0.6212,0.69,0.1642,1,4,5
9021,13119,2012-07-05,3,1,7,19,0,4,1,2,0.88,0.803,0.39,0.2537,128,375,503
9022,3698,2011-06-07,2,0,6,23,0,2,1,1,0.68,0.6364,0.79,0.1045,18,72,90
9023,2014,2011-03-29,2,0,3,18,0,2,1,1,0.36,0.3636,0.21,0.0896,42,252,294
9024,13120,2012-07-05,3,1,7,20,0,4,1,2,0.86,0.7879,0.41,0.2239,78,243,321
9025,11126,2012-04-13,2,1,4,18,0,5,1,1,0.54,0.5152,0.26,0.1343,107,564,671
9026,5678,2011-08-30,3,0,8,0,0,2,1,1,0.56,0.5303,0.73,0.1343,10,17,27
9027,14845,2012-09-15,3,1,9,17,0,6,0,2,0.66,0.6212,0.36,0.2537,295,434,729
9028,15759,2012-10-23,4,1,10,19,0,2,1,1,0.62,0.6212,0.57,0.0896,25,457,482
9029,2148,2011-04-04,2,0,4,8,0,1,1,2,0.46,0.4545,0.55,0.2985,31,308,339
9030,8789,2012-01-07,1,1,1,0,0,6,0,1,0.36,0.3485,0.5,0.1642,2,77,79
9031,2706,2011-04-27,2,0,4,15,0,3,1,1,0.7,0.6515,0.65,0.4925,18,120,138
9032,12622,2012-06-15,2,1,6,2,0,5,1,1,0.56,0.5303,0.83,0.1045,0,15,15
9033,11903,2012-05-16,2,1,5,3,0,3,1,1,0.56,0.5303,0.88,0.1045,1,5,6
9034,16661,2012-12-01,4,1,12,23,0,6,0,2,0.32,0.3485,0.81,0,10,116,126
9035,811,2011-02-06,1,0,2,5,0,0,0,1,0.26,0.2576,0.6,0.2239,0,1,1
9036,5318,2011-08-14,3,0,8,11,0,0,0,1,0.7,0.6667,0.79,0.194,81,117,198
9037,16382,2012-11-20,4,1,11,7,0,2,1,1,0.32,0.3333,0.76,0.0896,7,411,418
9038,313,2011-01-14,1,0,1,12,0,5,1,1,0.2,0.197,0.44,0.2537,2,59,61
9039,2074,2011-04-01,2,0,4,6,0,5,1,3,0.24,0.2273,0.93,0.2239,2,26,28
9040,13929,2012-08-08,3,1,8,13,0,3,1,2,0.8,0.7424,0.52,0,101,212,313
9041,13568,2012-07-24,3,1,7,12,0,2,1,2,0.82,0.7879,0.56,0.2239,60,169,229
9042,7735,2011-11-23,4,0,11,21,0,3,1,1,0.36,0.3182,0.57,0.4627,0,66,66
9043,886,2011-02-09,1,0,2,9,0,3,1,1,0.12,0.1364,0.39,0.1642,4,119,123
9044,1791,2011-03-20,1,0,3,7,0,0,0,1,0.24,0.2273,0.6,0.2239,5,9,14
9045,11244,2012-04-18,2,1,4,16,0,3,1,2,0.42,0.4242,0.77,0.2239,36,199,235
9046,3455,2011-05-28,2,0,5,20,0,6,0,1,0.7,0.6515,0.65,0.2239,68,128,196
9047,8875,2012-01-10,1,1,1,15,0,2,1,1,0.42,0.4242,0.38,0.2985,17,119,136
9048,3896,2011-06-16,2,0,6,5,0,4,1,1,0.6,0.6061,0.64,0.194,7,18,25
9049,15358,2012-10-07,4,1,10,2,0,0,0,1,0.42,0.4242,0.62,0.1343,10,64,74
9050,10839,2012-04-01,2,1,4,17,0,0,0,1,0.52,0.5,0.55,0.2836,232,323,555
9051,11286,2012-04-20,2,1,4,10,0,5,1,1,0.5,0.4848,0.77,0.194,67,170,237
9052,8250,2011-12-15,4,0,12,9,0,4,1,2,0.36,0.3333,0.62,0.2836,6,274,280
9053,16545,2012-11-27,4,1,11,2,0,2,1,2,0.32,0.3182,0.7,0.1642,0,5,5
9054,8013,2011-12-05,4,0,12,12,0,1,1,2,0.4,0.4091,0.76,0.1045,29,125,154
9055,9184,2012-01-23,1,1,1,13,0,1,1,3,0.22,0.2576,0.93,0.0896,5,32,37
9056,10969,2012-04-07,2,1,4,4,0,6,0,1,0.32,0.3182,0.36,0.1642,3,4,7
9057,16366,2012-11-19,4,1,11,15,0,1,1,1,0.44,0.4394,0.54,0.194,44,213,257
9058,11431,2012-04-26,2,1,4,11,0,4,1,2,0.46,0.4545,0.94,0.2239,16,135,151
9059,7926,2011-12-01,4,0,12,21,0,4,1,1,0.3,0.3182,0.61,0.1045,8,154,162
9060,1469,2011-03-06,1,0,3,12,0,0,0,2,0.46,0.4545,0.94,0.3284,10,69,79
9061,471,2011-01-21,1,0,1,15,0,5,1,1,0.16,0.1212,0.26,0.4478,4,61,65
9062,2723,2011-04-28,2,0,4,8,0,4,1,2,0.66,0.6061,0.78,0.4478,31,367,398
9063,5420,2011-08-18,3,0,8,17,0,4,1,3,0.8,0.7273,0.46,0.2985,44,365,409
9064,9813,2012-02-18,1,1,2,19,0,6,0,1,0.44,0.4394,0.44,0.1642,38,150,188
9065,15721,2012-10-22,4,1,10,5,0,1,1,1,0.38,0.3939,0.76,0.0896,2,44,46
9066,10866,2012-04-02,2,1,4,21,0,1,1,1,0.46,0.4545,0.28,0.1343,24,214,238
9067,6042,2011-09-14,3,0,9,7,0,3,1,1,0.6,0.5606,0.83,0.1045,20,350,370
9068,2745,2011-04-29,2,0,4,6,0,5,1,1,0.5,0.4848,0.45,0.2836,4,67,71
9069,15968,2012-11-03,4,1,11,0,0,6,0,1,0.34,0.3333,0.53,0.1642,9,99,108
9070,13353,2012-07-15,3,1,7,13,0,0,0,1,0.86,0.7879,0.41,0.1045,171,309,480
9071,13017,2012-07-01,3,1,7,13,0,0,0,1,0.92,0.8333,0.33,0.2537,111,309,420
9072,14573,2012-09-04,3,1,9,9,0,2,1,2,0.72,0.697,0.79,0.2239,30,293,323
9073,4675,2011-07-18,3,0,7,16,0,1,1,1,0.84,0.803,0.53,0.2836,45,220,265
9074,7457,2011-11-12,4,0,11,7,0,6,0,1,0.22,0.2273,0.75,0.194,3,24,27
9075,15440,2012-10-10,4,1,10,12,0,3,1,1,0.54,0.5152,0.56,0.2239,78,312,390
9076,14225,2012-08-20,3,1,8,21,0,1,1,1,0.6,0.5606,0.83,0,26,219,245
9077,6380,2011-09-28,4,0,9,9,0,3,1,3,0.62,0.5455,0.94,0.2239,14,141,155
9078,10403,2012-03-14,1,1,3,13,0,3,1,1,0.66,0.6212,0.27,0.2239,57,197,254
9079,13903,2012-08-07,3,1,8,11,0,2,1,2,0.76,0.7273,0.66,0.0896,84,130,214
9080,3877,2011-06-15,2,0,6,10,0,3,1,1,0.64,0.6212,0.47,0.1642,27,108,135
9081,1076,2011-02-17,1,0,2,13,0,4,1,1,0.54,0.5152,0.34,0.2239,15,108,123
9082,3937,2011-06-17,2,0,6,22,0,5,1,1,0.62,0.5606,0.88,0.1343,48,127,175
9083,15772,2012-10-24,4,1,10,8,0,3,1,2,0.52,0.5,0.83,0.1045,24,777,801
9084,13188,2012-07-08,3,1,7,16,0,0,0,2,0.8,0.803,0.66,0.2239,65,226,291
9085,7142,2011-10-30,4,0,10,4,0,0,0,1,0.22,0.197,0.8,0.3284,1,10,11
9086,4208,2011-06-29,3,0,6,5,0,3,1,1,0.64,0.5758,0.83,0.194,3,19,22
9087,6714,2011-10-12,4,0,10,7,0,3,1,2,0.54,0.5152,0.88,0.3881,15,244,259
9088,2150,2011-04-04,2,0,4,10,0,1,1,2,0.54,0.5152,0.45,0.3582,35,55,90
9089,8512,2011-12-26,1,0,12,9,1,1,0,1,0.34,0.303,0.46,0.2985,24,38,62
9090,9669,2012-02-12,1,1,2,19,0,0,0,1,0.16,0.1364,0.4,0.2836,2,78,80
9091,75,2011-01-04,1,0,1,6,0,2,1,1,0.12,0.1515,0.74,0.1045,0,36,36
9092,11878,2012-05-15,2,1,5,2,0,2,1,2,0.56,0.5303,0.88,0.1343,1,3,4
9093,7340,2011-11-07,4,0,11,10,0,1,1,1,0.36,0.3485,0.93,0.1343,28,95,123
9094,9629,2012-02-11,1,1,2,3,0,6,0,3,0.24,0.2273,0.87,0.2239,0,9,9
9095,10773,2012-03-29,2,1,3,23,0,4,1,1,0.42,0.4242,0.47,0.2985,17,77,94
9096,11270,2012-04-19,2,1,4,18,0,4,1,1,0.6,0.6212,0.43,0.0896,99,677,776
9097,13249,2012-07-11,3,1,7,5,0,3,1,1,0.64,0.5758,0.89,0,5,36,41
9098,13477,2012-07-20,3,1,7,17,0,5,1,2,0.66,0.5909,0.89,0.4179,95,620,715
9099,13853,2012-08-05,3,1,8,9,0,0,0,1,0.8,0.7727,0.59,0.3582,61,168,229
9100,15229,2012-10-01,4,1,10,17,0,1,1,3,0.56,0.5303,0.6,0.2537,65,791,856
9101,2510,2011-04-19,2,0,4,11,0,2,1,2,0.54,0.5152,0.68,0.1642,19,53,72
9102,7282,2011-11-05,4,0,11,0,0,6,0,1,0.32,0.2879,0.45,0.3582,4,48,52
9103,12676,2012-06-17,2,1,6,8,0,0,0,1,0.56,0.5303,0.68,0.2537,24,95,119
9104,4068,2011-06-23,3,0,6,9,0,4,1,2,0.74,0.697,0.7,0.1343,33,194,227
9105,10139,2012-03-03,1,1,3,12,0,6,0,2,0.42,0.4242,0.67,0.2537,47,252,299
9106,14675,2012-09-08,3,1,9,15,0,6,0,3,0.56,0.5303,0.88,0.2537,175,337,512
9107,3146,2011-05-15,2,0,5,23,0,0,0,1,0.54,0.5152,0.88,0.2239,18,51,69
9108,10538,2012-03-20,1,1,3,4,0,2,1,2,0.52,0.5,0.88,0.1343,0,6,6
9109,12271,2012-05-31,2,1,5,11,0,4,1,1,0.72,0.6515,0.37,0.2836,65,153,218
9110,12761,2012-06-20,2,1,6,21,0,3,1,1,0.84,0.7576,0.44,0.0896,42,302,344
9111,7927,2011-12-01,4,0,12,22,0,4,1,1,0.3,0.3333,0.61,0,5,99,104
9112,14464,2012-08-30,3,1,8,20,0,4,1,1,0.74,0.6818,0.58,0.1642,68,403,471
9113,17275,2012-12-27,1,1,12,15,0,4,1,2,0.26,0.2121,0.56,0.4478,31,89,120
9114,541,2011-01-24,1,0,1,16,0,1,1,1,0.16,0.1515,0.47,0.2537,4,66,70
9115,4236,2011-06-30,3,0,6,9,0,4,1,1,0.7,0.6364,0.42,0.2239,33,227,260
9116,5508,2011-08-22,3,0,8,9,0,1,1,1,0.68,0.6364,0.54,0.2537,36,151,187
9117,14518,2012-09-02,3,1,9,2,0,0,0,1,0.66,0.5909,0.89,0,28,56,84
9118,17089,2012-12-19,4,1,12,19,0,3,1,1,0.38,0.3939,0.5,0.3881,7,329,336
9119,755,2011-02-03,1,0,2,20,0,4,1,1,0.2,0.2273,0.47,0.0896,1,108,109
9120,10050,2012-02-28,1,1,2,18,0,2,1,1,0.42,0.4242,0.28,0.1642,17,432,449
9121,2543,2011-04-20,2,0,4,20,0,3,1,1,0.68,0.6212,0.32,0.1045,31,194,225
9122,6074,2011-09-15,3,0,9,15,0,4,1,2,0.6,0.5909,0.69,0.4179,25,110,135
9123,9623,2012-02-10,1,1,2,21,0,5,1,2,0.32,0.3333,0.66,0.0896,14,108,122
9124,5219,2011-08-10,3,0,8,8,0,3,1,1,0.74,0.6667,0.51,0.194,38,361,399
9125,16100,2012-11-08,4,1,11,13,0,4,1,1,0.44,0.4394,0.18,0.4179,33,195,228
9126,12077,2012-05-23,2,1,5,9,0,3,1,2,0.62,0.5909,0.78,0,39,258,297
9127,238,2011-01-11,1,0,1,6,0,2,1,2,0.16,0.1818,0.55,0.1343,0,27,27
9128,4272,2011-07-01,3,0,7,21,0,5,1,1,0.7,0.6364,0.45,0.194,69,149,218
9129,5876,2011-09-07,3,0,9,7,0,3,1,3,0.6,0.5455,0.88,0.0896,3,83,86
9130,6658,2011-10-09,4,0,10,23,0,0,0,1,0.5,0.4848,0.88,0.1045,38,85,123
9131,101,2011-01-05,1,0,1,9,0,3,1,1,0.22,0.197,0.37,0.3284,6,109,115
9132,10073,2012-02-29,1,1,2,18,0,3,1,3,0.4,0.4091,0.87,0,11,181,192
9133,13346,2012-07-15,3,1,7,6,0,0,0,1,0.68,0.6364,0.83,0.1343,6,9,15
9134,13520,2012-07-22,3,1,7,12,0,0,0,2,0.7,0.6515,0.7,0.1045,178,326,504
9135,9241,2012-01-25,1,1,1,22,0,3,1,1,0.3,0.3182,0.65,0.0896,12,101,113
9136,5363,2011-08-16,3,0,8,8,0,2,1,1,0.7,0.6515,0.58,0.4478,24,417,441
9137,4767,2011-07-22,3,0,7,12,0,5,1,1,0.94,0.9545,0.48,0.1642,20,95,115
9138,7504,2011-11-14,4,0,11,6,0,1,1,2,0.44,0.4394,0.72,0.2239,10,104,114
9139,11388,2012-04-24,2,1,4,16,0,2,1,1,0.5,0.4848,0.23,0.194,54,308,362
9140,8794,2012-01-07,1,1,1,5,0,6,0,1,0.26,0.2727,0.75,0.1045,2,7,9
9141,11757,2012-05-10,2,1,5,1,0,4,1,2,0.48,0.4697,0.88,0.1343,2,9,11
9142,1309,2011-02-27,1,0,2,17,0,0,0,1,0.42,0.4242,0.54,0.194,66,121,187
9143,1583,2011-03-11,1,0,3,10,0,5,1,2,0.32,0.303,0.57,0.2985,18,60,78
9144,15175,2012-09-29,4,1,9,11,0,6,0,1,0.56,0.5303,0.52,0.2836,217,446,663
9145,2432,2011-04-16,2,0,4,5,0,6,0,2,0.38,0.3939,0.87,0.2836,1,3,4
9146,1045,2011-02-16,1,0,2,6,0,3,1,1,0.2,0.197,0.55,0.2239,1,32,33
9147,14331,2012-08-25,3,1,8,7,0,6,0,2,0.64,0.5909,0.78,0.194,14,88,102
9148,5010,2011-08-01,3,0,8,15,0,1,1,1,0.9,0.7879,0.27,0,52,77,129
9149,15446,2012-10-10,4,1,10,18,0,3,1,2,0.56,0.5303,0.49,0.1642,57,787,844
9150,1488,2011-03-07,1,0,3,8,0,1,1,1,0.2,0.1818,0.75,0.3881,11,200,211
9151,7634,2011-11-19,4,0,11,16,0,6,0,1,0.42,0.4242,0.38,0.2985,99,188,287
9152,5796,2011-09-03,3,0,9,22,0,6,0,1,0.68,0.6364,0.83,0.1045,66,96,162
9153,5492,2011-08-21,3,0,8,17,0,0,0,1,0.72,0.697,0.79,0.1343,91,179,270
9154,12993,2012-06-30,3,1,6,13,0,6,0,1,0.88,0.7727,0.3,0.2537,105,323,428
9155,619,2011-01-29,1,0,1,0,0,6,0,1,0.22,0.197,0.64,0.3582,2,26,28
9156,3800,2011-06-12,2,0,6,5,0,0,0,1,0.62,0.5606,0.88,0.2239,5,5,10
9157,14702,2012-09-09,3,1,9,18,0,0,0,1,0.66,0.6212,0.36,0.2537,156,404,560
9158,1601,2011-03-12,1,0,3,4,0,6,0,1,0.24,0.2273,0.65,0.2537,0,1,1
9159,12670,2012-06-17,2,1,6,2,0,0,0,1,0.56,0.5303,0.56,0.0896,19,55,74
9160,12913,2012-06-27,3,1,6,5,0,3,1,1,0.6,0.6212,0.43,0.2836,2,34,36
9161,1753,2011-03-18,1,0,3,17,0,5,1,1,0.7,0.6364,0.37,0.3284,95,237,332
9162,15537,2012-10-14,4,1,10,13,0,0,0,1,0.64,0.6212,0.41,0.4478,218,401,619
9163,2041,2011-03-30,2,0,3,21,0,3,1,2,0.24,0.2273,0.93,0.2537,0,27,27
9164,2084,2011-04-01,2,0,4,16,0,5,1,1,0.34,0.303,0.46,0.4179,42,125,167
9165,7966,2011-12-03,4,0,12,13,0,6,0,1,0.36,0.3636,0.5,0.0896,70,222,292
9166,11074,2012-04-11,2,1,4,14,0,3,1,1,0.36,0.3485,0.57,0.194,34,101,135
9167,547,2011-01-24,1,0,1,22,0,1,1,2,0.14,0.1364,0.63,0.2239,3,32,35
9168,6200,2011-09-20,3,0,9,21,0,2,1,1,0.56,0.5303,0.94,0,29,177,206
9169,13271,2012-07-12,3,1,7,3,0,4,1,1,0.64,0.6061,0.69,0.1045,0,10,10
9170,12900,2012-06-26,3,1,6,16,0,2,1,1,0.72,0.6364,0.26,0.4925,67,349,416
9171,13925,2012-08-08,3,1,8,9,0,3,1,2,0.76,0.7273,0.66,0,33,308,341
9172,5148,2011-08-07,3,0,8,9,0,0,0,1,0.76,0.7424,0.75,0.1045,82,102,184
9173,16931,2012-12-13,4,1,12,5,0,4,1,2,0.26,0.2576,0.56,0.1642,2,31,33
9174,8868,2012-01-10,1,1,1,8,0,2,1,2,0.18,0.197,0.93,0.1642,6,465,471
9175,15432,2012-10-10,4,1,10,4,0,3,1,2,0.46,0.4545,0.88,0.1045,0,6,6
9176,6015,2011-09-13,3,0,9,4,0,2,1,1,0.56,0.5303,0.88,0,2,6,8
9177,7170,2011-10-31,4,0,10,8,0,1,1,2,0.28,0.3182,0.87,0,17,355,372
9178,176,2011-01-08,1,0,1,14,0,6,0,1,0.2,0.1667,0.32,0.4925,12,83,95
9179,16984,2012-12-15,4,1,12,10,0,6,0,1,0.32,0.3182,0.61,0.1642,23,250,273
9180,2209,2011-04-06,2,0,4,21,0,3,1,1,0.46,0.4545,0.41,0.2836,18,84,102
9181,14502,2012-09-01,3,1,9,10,0,6,0,2,0.78,0.7273,0.55,0.194,128,289,417
9182,3788,2011-06-11,2,0,6,17,0,6,0,2,0.74,0.6818,0.58,0.1642,147,190,337
9183,14471,2012-08-31,3,1,8,3,0,5,1,1,0.66,0.5909,0.89,0.1045,3,2,5
9184,16980,2012-12-15,4,1,12,6,0,6,0,2,0.24,0.2879,0.75,0,0,11,11
9185,13512,2012-07-22,3,1,7,4,0,0,0,1,0.6,0.5455,0.88,0,6,10,16
9186,2442,2011-04-16,2,0,4,15,0,6,0,3,0.52,0.5,0.83,0.5821,16,62,78
9187,9355,2012-01-30,1,1,1,16,0,1,1,1,0.34,0.3333,0.25,0.194,11,210,221
9188,1323,2011-02-28,1,0,2,9,0,1,1,1,0.42,0.4242,0.82,0.2836,15,127,142
9189,1604,2011-03-12,1,0,3,7,0,6,0,1,0.24,0.2273,0.7,0.194,4,19,23
9190,8015,2011-12-05,4,0,12,14,0,1,1,2,0.46,0.4545,0.67,0,7,126,133
9191,4066,2011-06-23,3,0,6,7,0,4,1,2,0.72,0.697,0.74,0.1343,26,301,327
9192,1295,2011-02-27,1,0,2,2,0,0,0,1,0.26,0.2727,0.87,0.1343,2,20,22
9193,2001,2011-03-29,2,0,3,5,0,2,1,1,0.22,0.2121,0.37,0.2537,0,8,8
9194,13769,2012-08-01,3,1,8,21,0,3,1,1,0.72,0.6818,0.7,0.1343,36,284,320
9195,2064,2011-03-31,2,0,3,20,0,4,1,3,0.28,0.2576,0.93,0.2836,6,79,85
9196,1508,2011-03-08,1,0,3,4,0,2,1,1,0.22,0.2727,0.64,0,0,2,2
9197,15651,2012-10-19,4,1,10,7,0,5,1,3,0.54,0.5152,0.94,0,5,149,154
9198,1560,2011-03-10,1,0,3,10,0,4,1,3,0.4,0.4091,0,0.1642,0,17,17
9199,10980,2012-04-07,2,1,4,15,0,6,0,1,0.52,0.5,0.19,0.4179,321,305,626
9200,5578,2011-08-25,3,0,8,7,0,4,1,2,0.68,0.6364,0.79,0.3284,17,296,313
9201,10803,2012-03-31,2,1,3,5,0,6,0,1,0.4,0.4091,0.82,0.2239,0,5,5
9202,9346,2012-01-30,1,1,1,7,0,1,1,1,0.22,0.2121,0.44,0.2836,4,221,225
9203,5612,2011-08-26,3,0,8,17,0,5,1,1,0.74,0.7121,0.74,0.2537,56,433,489
9204,15144,2012-09-28,4,1,9,4,0,5,1,3,0.56,0.5303,0.88,0.1045,2,10,12
9205,5336,2011-08-15,3,0,8,5,0,1,1,2,0.6,0.5455,0.88,0.194,3,14,17
9206,17071,2012-12-19,4,1,12,1,0,3,1,1,0.3,0.3182,0.65,0.0896,1,14,15
9207,4142,2011-06-26,3,0,6,11,0,0,0,1,0.72,0.6515,0.45,0.1343,127,219,346
9208,13509,2012-07-22,3,1,7,1,0,0,0,2,0.6,0.5455,0.88,0.1642,31,99,130
9209,16364,2012-11-19,4,1,11,13,0,1,1,1,0.44,0.4394,0.54,0.2537,46,205,251
9210,6017,2011-09-13,3,0,9,6,0,2,1,1,0.56,0.5303,0.88,0.1045,6,116,122
9211,6907,2011-10-20,4,0,10,9,0,4,1,1,0.44,0.4394,0.67,0.5821,26,197,223
9212,6721,2011-10-12,4,0,10,14,0,3,1,3,0.54,0.5152,0.94,0.2836,8,70,78
9213,1236,2011-02-24,1,0,2,14,0,4,1,2,0.4,0.4091,0.5,0.2985,2,67,69
9214,15392,2012-10-08,4,1,10,12,1,1,0,2,0.42,0.4242,0.63,0.1642,74,267,341
9215,16442,2012-11-22,4,1,11,19,1,4,0,1,0.36,0.3788,0.76,0,13,31,44
9216,2252,2011-04-08,2,0,4,16,0,5,1,2,0.32,0.303,0.93,0.2537,2,58,60
9217,14418,2012-08-28,3,1,8,22,0,2,1,1,0.7,0.6515,0.54,0,20,196,216
9218,10324,2012-03-11,1,1,3,6,0,0,0,1,0.24,0.2424,0.7,0.1642,2,8,10
9219,10910,2012-04-04,2,1,4,17,0,3,1,1,0.66,0.6212,0.41,0.2985,99,645,744
9220,14644,2012-09-07,3,1,9,8,0,5,1,1,0.66,0.6061,0.83,0.1045,29,690,719
9221,11981,2012-05-19,2,1,5,9,0,6,0,1,0.56,0.5303,0.43,0.1642,79,213,292
9222,14021,2012-08-12,3,1,8,9,0,0,0,1,0.7,0.6515,0.48,0.2239,64,153,217
9223,15378,2012-10-07,4,1,10,22,0,0,0,1,0.38,0.3939,0.87,0.1343,7,72,79
9224,948,2011-02-12,1,0,2,2,0,6,0,1,0.14,0.2121,0.8,0,2,13,15
9225,14373,2012-08-27,3,1,8,1,0,1,1,1,0.62,0.5606,0.88,0.0896,3,4,7
9226,2971,2011-05-08,2,0,5,16,0,0,0,1,0.6,0.6212,0.46,0.1045,122,263,385
9227,14610,2012-09-05,3,1,9,22,0,3,1,1,0.72,0.697,0.79,0,38,181,219
9228,3886,2011-06-15,2,0,6,19,0,3,1,1,0.7,0.6364,0.37,0.2836,54,362,416
9229,17055,2012-12-18,4,1,12,9,0,2,1,1,0.4,0.4091,0.87,0.0896,19,307,326
9230,14284,2012-08-23,3,1,8,8,0,4,1,2,0.66,0.6212,0.74,0.0896,45,662,707
9231,6698,2011-10-11,4,0,10,15,0,2,1,2,0.6,0.5758,0.78,0.1642,36,139,175
9232,16171,2012-11-11,4,1,11,12,0,0,0,1,0.5,0.4848,0.48,0.0896,195,390,585
9233,7132,2011-10-29,4,0,10,18,0,6,0,3,0.22,0.197,0.93,0.3284,6,37,43
9234,6059,2011-09-15,3,0,9,0,0,4,1,1,0.64,0.6061,0.69,0.1343,3,34,37
9235,1841,2011-03-22,2,0,3,10,0,2,1,2,0.44,0.4394,0.54,0.2985,29,95,124
9236,1565,2011-03-10,1,0,3,15,0,4,1,3,0.44,0.4394,0,0.2239,3,11,14
9237,3674,2011-06-06,2,0,6,23,0,1,1,1,0.64,0.6061,0.69,0.0896,5,55,60
9238,16060,2012-11-06,4,1,11,20,0,2,1,1,0.3,0.2879,0.61,0.2239,10,218,228
9239,4699,2011-07-19,3,0,7,16,0,2,1,1,0.9,0.8485,0.42,0.2985,61,216,277
9240,3321,2011-05-23,2,0,5,6,0,1,1,2,0.54,0.5152,1,0,4,92,96
9241,5193,2011-08-09,3,0,8,6,0,2,1,1,0.72,0.6667,0.64,0,6,95,101
9242,4469,2011-07-10,3,0,7,2,0,0,0,1,0.68,0.6364,0.69,0.0896,28,68,96
9243,4774,2011-07-22,3,0,7,19,0,5,1,2,0.86,0.7879,0.41,0.1045,40,210,250
9244,6576,2011-10-06,4,0,10,13,0,4,1,1,0.56,0.5303,0.46,0.0896,33,158,191
9245,12429,2012-06-07,2,1,6,1,0,4,1,1,0.52,0.5,0.77,0.1642,5,17,22
9246,4710,2011-07-20,3,0,7,3,0,3,1,1,0.7,0.6667,0.84,0.1045,2,4,6
9247,848,2011-02-07,1,0,2,18,0,1,1,2,0.34,0.3333,0.66,0.1343,5,170,175
9248,15487,2012-10-12,4,1,10,11,0,5,1,1,0.54,0.5152,0.37,0.3582,61,252,313
9249,839,2011-02-07,1,0,2,9,0,1,1,1,0.22,0.2727,0.8,0,3,115,118
9250,8741,2012-01-05,1,1,1,0,0,4,1,2,0.22,0.2273,0.47,0.194,1,13,14
9251,7533,2011-11-15,4,0,11,11,0,2,1,2,0.56,0.5303,0.64,0.194,18,116,134
9252,7760,2011-11-24,4,0,11,22,1,4,0,1,0.36,0.3485,0.71,0.1642,8,14,22
9253,4598,2011-07-15,3,0,7,11,0,5,1,1,0.7,0.6515,0.54,0.1343,73,137,210
9254,5786,2011-09-03,3,0,9,12,0,6,0,1,0.7,0.6515,0.61,0.2239,97,160,257
9255,16846,2012-12-09,4,1,12,16,0,0,0,3,0.36,0.3485,0.93,0.1642,33,220,253
9256,605,2011-01-28,1,0,1,10,0,5,1,3,0.18,0.2121,0.86,0.1045,0,49,49
9257,7226,2011-11-02,4,0,11,16,0,3,1,1,0.48,0.4697,0.51,0.1045,35,231,266
9258,2312,2011-04-11,2,0,4,5,0,1,1,1,0.46,0.4545,0.94,0.194,1,12,13
9259,10265,2012-03-08,1,1,3,18,0,4,1,2,0.62,0.6212,0.38,0.5522,45,545,590
9260,1983,2011-03-28,2,0,3,11,0,1,1,2,0.26,0.2424,0.3,0.2836,18,39,57
9261,8392,2011-12-21,1,0,12,7,0,3,1,2,0.36,0.3636,0.87,0.1045,5,224,229
9262,8678,2012-01-02,1,1,1,9,1,1,0,1,0.24,0.2576,0.35,0,15,53,68
9263,5729,2011-09-01,3,0,9,3,0,4,1,1,0.58,0.5455,0.78,0.0896,7,7,14
9264,2824,2011-05-02,2,0,5,13,0,1,1,2,0.62,0.6061,0.69,0.194,51,119,170
9265,4552,2011-07-13,3,0,7,13,0,3,1,3,0.82,0.7576,0.46,0.1343,39,119,158
9266,5337,2011-08-15,3,0,8,6,0,1,1,1,0.6,0.5455,0.88,0.2537,3,87,90
9267,4454,2011-07-09,3,0,7,11,0,6,0,1,0.78,0.697,0.46,0.2985,101,189,290
9268,14515,2012-09-01,3,1,9,23,0,6,0,1,0.66,0.5909,0.89,0.0896,57,88,145
9269,3750,2011-06-10,2,0,6,3,0,5,1,1,0.68,0.6364,0.69,0.1642,3,3,6
9270,10229,2012-03-07,1,1,3,6,0,3,1,1,0.28,0.2576,0.61,0.3881,4,104,108
9271,8002,2011-12-05,4,0,12,1,0,1,1,1,0.32,0.3485,0.87,0,2,10,12
9272,15122,2012-09-27,4,1,9,6,0,4,1,1,0.56,0.5303,0.88,0.0896,5,164,169
9273,12697,2012-06-18,2,1,6,5,0,1,1,3,0.52,0.5,0.83,0.1343,1,22,23
9274,9080,2012-01-19,1,1,1,5,0,4,1,1,0.12,0.1212,0.55,0.2537,0,19,19
9275,525,2011-01-23,1,0,1,23,0,0,0,1,0.06,0.0606,0.41,0.2239,4,17,21
9276,15677,2012-10-20,4,1,10,9,0,6,0,1,0.5,0.4848,0.59,0.1343,106,257,363
9277,9140,2012-01-21,1,1,1,17,0,6,0,2,0.2,0.1818,0.8,0.3881,7,99,106
9278,8451,2011-12-23,1,0,12,18,0,5,1,1,0.36,0.3333,0.5,0.2537,4,91,95
9279,14673,2012-09-08,3,1,9,13,0,6,0,1,0.82,0.7727,0.52,0.5224,233,435,668
9280,11368,2012-04-23,2,1,4,20,0,1,1,2,0.32,0.3182,0.76,0.1642,17,186,203
9281,123,2011-01-06,1,0,1,8,0,4,1,1,0.16,0.2273,0.59,0,3,216,219
9282,4367,2011-07-05,3,0,7,20,0,2,1,1,0.76,0.7273,0.66,0.1045,59,225,284
9283,9935,2012-02-23,1,1,2,23,0,4,1,1,0.44,0.4394,0.54,0,14,71,85
9284,2303,2011-04-10,2,0,4,19,0,0,0,1,0.5,0.4848,0.77,0.194,47,84,131
9285,15180,2012-09-29,4,1,9,16,0,6,0,1,0.62,0.6212,0.41,0.2537,275,447,722
9286,13898,2012-08-07,3,1,8,6,0,2,1,2,0.7,0.6667,0.79,0.194,3,176,179
9287,5821,2011-09-04,3,0,9,23,0,0,0,2,0.72,0.6818,0.7,0.1642,46,58,104
9288,9198,2012-01-24,1,1,1,3,0,2,1,2,0.32,0.3333,0.93,0.1343,0,3,3
9289,9302,2012-01-28,1,1,1,11,0,6,0,1,0.3,0.303,0.56,0.1343,55,241,296
9290,13849,2012-08-05,3,1,8,5,0,0,0,1,0.72,0.697,0.74,0.2537,1,18,19
9291,8881,2012-01-10,1,1,1,21,0,2,1,1,0.32,0.3333,0.66,0.0896,7,109,116
9292,3056,2011-05-12,2,0,5,5,0,4,1,1,0.42,0.4242,0.94,0.1343,2,27,29
9293,3567,2011-06-02,2,0,6,12,0,4,1,1,0.76,0.6667,0.25,0.4627,39,193,232
9294,49,2011-01-03,1,0,1,1,0,1,1,1,0.2,0.1667,0.44,0.4179,0,2,2
9295,502,2011-01-22,1,0,1,23,0,6,0,1,0.04,0.0758,0.57,0.1045,2,31,33
9296,3186,2011-05-17,2,0,5,15,0,2,1,1,0.62,0.6061,0.69,0.4478,79,131,210
9297,10331,2012-03-11,1,1,3,13,0,0,0,1,0.42,0.4242,0.41,0.2985,176,288,464
9298,230,2011-01-10,1,0,1,20,0,1,1,1,0.16,0.1667,0.5,0.1642,1,73,74
9299,10954,2012-04-06,2,1,4,13,0,5,1,1,0.44,0.4394,0.33,0.3284,173,238,411
9300,2825,2011-05-02,2,0,5,14,0,1,1,1,0.64,0.6061,0.69,0.2239,48,133,181
9301,8773,2012-01-06,1,1,1,8,0,5,1,1,0.24,0.2424,0.7,0.1343,11,436,447
9302,14222,2012-08-20,3,1,8,18,0,1,1,2,0.62,0.5909,0.78,0.2537,89,726,815
9303,3008,2011-05-10,2,0,5,5,0,2,1,1,0.4,0.4091,0.66,0.2239,1,28,29
9304,4306,2011-07-03,3,0,7,7,0,0,0,2,0.64,0.5758,0.89,0.194,3,22,25
9305,1075,2011-02-17,1,0,2,12,0,4,1,1,0.48,0.4697,0.41,0.2239,15,86,101
9306,11892,2012-05-15,2,1,5,16,0,2,1,1,0.68,0.6364,0.65,0.1642,74,300,374
9307,9884,2012-02-21,1,1,2,20,0,2,1,1,0.34,0.3182,0.53,0.2537,4,223,227
9308,7654,2011-11-20,4,0,11,12,0,0,0,2,0.5,0.4848,0.63,0.1343,70,234,304
9309,7211,2011-11-02,4,0,11,1,0,3,1,1,0.3,0.3333,0.87,0,2,8,10
9310,2945,2011-05-07,2,0,5,14,0,6,0,3,0.6,0.6212,0.35,0.1642,143,235,378
9311,9508,2012-02-06,1,1,2,1,0,1,1,1,0.22,0.2576,0.75,0.0896,0,6,6
9312,13819,2012-08-03,3,1,8,23,0,5,1,1,0.74,0.7121,0.79,0.1343,26,170,196
9313,8639,2011-12-31,1,0,12,17,0,6,0,1,0.42,0.4242,0.54,0.194,28,101,129
9314,4434,2011-07-08,3,0,7,15,0,5,1,2,0.8,0.7879,0.63,0.3582,39,102,141
9315,16243,2012-11-14,4,1,11,12,0,3,1,1,0.34,0.3333,0.46,0,40,200,240
9316,4162,2011-06-27,3,0,6,7,0,1,1,2,0.64,0.6061,0.73,0.2239,14,247,261
9317,15805,2012-10-25,4,1,10,17,0,4,1,1,0.6,0.5909,0.69,0.1642,112,774,886
9318,14247,2012-08-21,3,1,8,19,0,2,1,3,0.62,0.5909,0.73,0.1045,56,420,476
9319,6879,2011-10-19,4,0,10,5,0,3,1,3,0.5,0.4848,1,0.1045,0,3,3
9320,13858,2012-08-05,3,1,8,14,0,0,0,1,0.9,0.8485,0.42,0.4627,161,365,526
9321,5323,2011-08-14,3,0,8,16,0,0,0,1,0.74,0.697,0.66,0.1642,116,176,292
9322,11011,2012-04-08,2,1,4,22,0,0,0,1,0.5,0.4848,0.36,0.2239,33,85,118
9323,10357,2012-03-12,1,1,3,15,0,1,1,1,0.56,0.5303,0.4,0.1343,74,159,233
9324,16295,2012-11-16,4,1,11,16,0,5,1,1,0.42,0.4242,0.35,0.2836,33,350,383
9325,13654,2012-07-28,3,1,7,2,0,6,0,1,0.72,0.6818,0.7,0,14,76,90
9326,13317,2012-07-14,3,1,7,1,0,6,0,2,0.7,0.6515,0.51,0.1045,13,105,118
9327,11181,2012-04-16,2,1,4,1,1,1,0,1,0.62,0.6061,0.61,0.3582,7,21,28
9328,10772,2012-03-29,2,1,3,22,0,4,1,1,0.42,0.4242,0.44,0.2836,17,135,152
9329,1018,2011-02-15,1,0,2,1,0,2,1,1,0.3,0.2424,0.42,0.7761,0,5,5
9330,12578,2012-06-13,2,1,6,6,0,3,1,1,0.6,0.5606,0.83,0.2239,6,188,194
9331,8541,2011-12-27,1,0,12,14,0,2,1,3,0.42,0.4242,0.82,0.3881,0,14,14
9332,7744,2011-11-24,4,0,11,6,1,4,0,1,0.3,0.3182,0.61,0.0896,1,5,6
9333,1929,2011-03-26,2,0,3,3,0,6,0,1,0.2,0.197,0.47,0.194,2,7,9
9334,16059,2012-11-06,4,1,11,19,0,2,1,1,0.3,0.2879,0.56,0.2239,15,356,371
9335,351,2011-01-16,1,0,1,2,0,0,0,1,0.26,0.2879,0.56,0.0896,3,13,16
9336,10592,2012-03-22,2,1,3,10,0,4,1,2,0.5,0.4848,1,0.0896,32,110,142
9337,224,2011-01-10,1,0,1,14,0,1,1,2,0.2,0.197,0.4,0.2239,0,47,47
9338,6031,2011-09-13,3,0,9,20,0,2,1,1,0.66,0.6212,0.74,0.194,31,241,272
9339,16840,2012-12-09,4,1,12,10,0,0,0,2,0.4,0.4091,0.87,0.2836,39,180,219
9340,16108,2012-11-08,4,1,11,21,0,4,1,1,0.36,0.3333,0.37,0.3881,11,222,233
9341,16113,2012-11-09,4,1,11,2,0,5,1,1,0.32,0.303,0.53,0.2537,1,11,12
9342,16612,2012-11-29,4,1,11,22,0,4,1,1,0.26,0.2879,0.7,0.0896,4,147,151
9343,2501,2011-04-19,2,0,4,2,0,2,1,1,0.46,0.4545,0.67,0.2836,8,5,13
9344,14716,2012-09-10,3,1,9,8,0,1,1,1,0.56,0.5303,0.6,0.2836,33,697,730
9345,565,2011-01-25,1,0,1,17,0,2,1,1,0.3,0.3333,0.45,0,14,208,222
9346,12625,2012-06-15,2,1,6,5,0,5,1,1,0.54,0.5152,0.88,0.1045,2,31,33
9347,16658,2012-12-01,4,1,12,20,0,6,0,1,0.32,0.3485,0.81,0,28,170,198
9348,11224,2012-04-17,2,1,4,20,0,2,1,1,0.6,0.6061,0.23,0.2836,44,358,402
9349,3386,2011-05-25,2,0,5,23,0,3,1,1,0.64,0.6061,0.73,0.1343,12,74,86
9350,3934,2011-06-17,2,0,6,19,0,5,1,3,0.64,0.5758,0.83,0.2537,53,275,328
9351,7960,2011-12-03,4,0,12,7,0,6,0,1,0.22,0.2576,0.75,0.0896,2,24,26
9352,2708,2011-04-27,2,0,4,17,0,3,1,3,0.66,0.6061,0.83,0.3881,63,458,521
9353,2791,2011-05-01,2,0,5,4,0,0,0,1,0.4,0.4091,0.76,0.1045,6,11,17
9354,3447,2011-05-28,2,0,5,12,0,6,0,1,0.72,0.6667,0.58,0.2537,145,213,358
9355,11342,2012-04-22,2,1,4,18,0,0,0,3,0.36,0.3182,0.93,0.4478,1,38,39
9356,3536,2011-06-01,2,0,6,5,0,3,1,2,0.66,0.5909,0.89,0.0896,2,19,21
9357,17167,2012-12-23,1,1,12,1,0,0,0,1,0.22,0.2273,0.47,0.194,1,19,20
9358,17224,2012-12-25,1,1,12,12,1,2,0,1,0.32,0.3333,0.76,0.0896,62,52,114
9359,14467,2012-08-30,3,1,8,23,0,4,1,1,0.7,0.6667,0.74,0.1045,19,133,152
9360,7526,2011-11-15,4,0,11,4,0,2,1,1,0.56,0.5303,0.64,0.2985,1,6,7
9361,822,2011-02-06,1,0,2,16,0,0,0,1,0.34,0.3485,0.49,0.1045,42,115,157
9362,15791,2012-10-25,4,1,10,3,0,4,1,2,0.52,0.5,0.88,0.1343,0,8,8
9363,8279,2011-12-16,4,0,12,14,0,5,1,2,0.34,0.3182,0.42,0.2239,13,115,128
9364,8274,2011-12-16,4,0,12,9,0,5,1,1,0.36,0.3333,0.46,0.3881,8,235,243
9365,12177,2012-05-27,2,1,5,13,0,0,0,1,0.76,0.7121,0.58,0.194,270,228,498
9366,16771,2012-12-06,4,1,12,13,0,4,1,1,0.3,0.3333,0.39,0,33,212,245
9367,9024,2012-01-16,1,1,1,20,1,1,0,1,0.26,0.2424,0.6,0.2836,2,88,90
9368,7646,2011-11-20,4,0,11,4,0,0,0,2,0.4,0.4091,0.71,0.2836,2,10,12
9369,12640,2012-06-15,2,1,6,20,0,5,1,1,0.68,0.6364,0.44,0.194,89,296,385
9370,2834,2011-05-02,2,0,5,23,0,1,1,2,0.56,0.5303,0.83,0.194,16,48,64
9371,7407,2011-11-10,4,0,11,5,0,4,1,2,0.36,0.3485,1,0.1343,1,22,23
9372,11099,2012-04-12,2,1,4,15,0,4,1,1,0.48,0.4697,0.31,0.2537,42,169,211
9373,16607,2012-11-29,4,1,11,17,0,4,1,1,0.34,0.3333,0.39,0.194,17,544,561
9374,8241,2011-12-15,4,0,12,0,0,4,1,1,0.32,0.3182,0.7,0.1642,5,45,50
9375,11615,2012-05-04,2,1,5,3,0,5,1,1,0.56,0.5303,0.88,0.2239,0,14,14
9376,16107,2012-11-08,4,1,11,20,0,4,1,1,0.38,0.3939,0.29,0.4627,10,235,245
9377,7769,2011-11-25,4,0,11,7,0,5,1,1,0.26,0.303,0.81,0,4,31,35
9378,13893,2012-08-07,3,1,8,1,0,2,1,1,0.7,0.6667,0.84,0.1343,2,16,18
9379,4096,2011-06-24,3,0,6,13,0,5,1,1,0.8,0.7121,0.36,0.2239,43,178,221
9380,2690,2011-04-26,2,0,4,23,0,2,1,2,0.6,0.5606,0.83,0.2239,7,71,78
9381,1190,2011-02-22,1,0,2,14,0,2,1,1,0.22,0.2273,0.55,0.194,9,49,58
9382,9286,2012-01-27,1,1,1,19,0,5,1,1,0.36,0.3333,0.5,0.3881,10,241,251
9383,4846,2011-07-25,3,0,7,19,0,1,1,1,0.74,0.697,0.7,0.0896,62,324,386
9384,5211,2011-08-10,3,0,8,0,0,3,1,1,0.74,0.6667,0.51,0.2239,19,18,37
9385,3991,2011-06-20,2,0,6,4,0,1,1,3,0.62,0.5606,0.88,0.1642,1,2,3
9386,8061,2011-12-07,4,0,12,12,0,3,1,3,0.44,0.4394,1,0.1343,4,29,33
9387,5677,2011-08-29,3,0,8,23,0,1,1,1,0.6,0.6061,0.6,0.0896,19,56,75
9388,14149,2012-08-17,3,1,8,17,0,5,1,1,0.82,0.2424,0.36,0.3284,144,647,791
9389,12236,2012-05-30,2,1,5,0,0,3,1,3,0.64,0.5758,0.89,0.1045,4,32,36
9390,12010,2012-05-20,2,1,5,14,0,0,0,1,0.72,0.6515,0.39,0.3881,236,307,543
9391,11879,2012-05-15,2,1,5,3,0,2,1,3,0.58,0.5455,0.83,0.1343,1,5,6
9392,13040,2012-07-02,3,1,7,12,0,1,1,1,0.84,0.7273,0.32,0.194,74,183,257
9393,3881,2011-06-15,2,0,6,14,0,3,1,1,0.74,0.6515,0.28,0,50,128,178
9394,13874,2012-08-06,3,1,8,6,0,1,1,2,0.7,0.6667,0.79,0.2239,4,137,141
9395,12933,2012-06-28,3,1,6,1,0,4,1,1,0.66,0.6212,0.54,0,11,14,25
9396,15296,2012-10-04,4,1,10,12,0,4,1,2,0.72,0.6667,0.54,0.194,57,231,288
9397,4935,2011-07-29,3,0,7,12,0,5,1,1,0.96,0.8636,0.31,0.2836,40,95,135
9398,11092,2012-04-12,2,1,4,8,0,4,1,1,0.32,0.303,0.66,0.3284,20,604,624
9399,16694,2012-12-03,4,1,12,8,0,1,1,1,0.36,0.3788,0.93,0,19,712,731
9400,7747,2011-11-24,4,0,11,9,1,4,0,1,0.34,0.3485,0.61,0,13,68,81
9401,5236,2011-08-11,3,0,8,1,0,4,1,1,0.7,0.6364,0.45,0.1343,9,17,26
9402,3946,2011-06-18,2,0,6,7,0,6,0,1,0.64,0.5909,0.78,0.1343,12,45,57
9403,2165,2011-04-05,2,0,4,1,0,2,1,3,0.62,0.6212,0.57,0.4179,10,5,15
9404,2887,2011-05-05,2,0,5,4,0,4,1,1,0.34,0.3182,0.66,0.2537,4,3,7
9405,14765,2012-09-12,3,1,9,9,0,3,1,1,0.6,0.6061,0.64,0.1343,50,278,328
9406,12753,2012-06-20,2,1,6,13,0,3,1,1,0.86,0.7879,0.44,0.1045,48,163,211
9407,14427,2012-08-29,3,1,8,7,0,3,1,1,0.64,0.6061,0.65,0.0896,23,531,554
9408,16606,2012-11-29,4,1,11,16,0,4,1,1,0.36,0.3485,0.4,0.2239,24,346,370
9409,5667,2011-08-29,3,0,8,13,0,1,1,2,0.7,0.6364,0.39,0,48,170,218
9410,173,2011-01-08,1,0,1,11,0,6,0,2,0.2,0.1818,0.69,0.3881,2,60,62
9411,640,2011-01-29,1,0,1,22,0,6,0,1,0.16,0.197,0.8,0.0896,4,28,32
9412,9735,2012-02-15,1,1,2,13,0,3,1,1,0.4,0.4091,0.43,0.2836,11,159,170
9413,11019,2012-04-09,2,1,4,6,0,1,1,1,0.42,0.4242,0.26,0.2239,3,108,111
9414,16066,2012-11-07,4,1,11,2,0,3,1,2,0.28,0.2576,0.56,0.2985,6,68,74
9415,9792,2012-02-17,1,1,2,22,0,5,1,1,0.36,0.3485,0.4,0.2239,15,92,107
9416,5066,2011-08-03,3,0,8,23,0,3,1,2,0.68,0.6364,0.89,0.0896,4,52,56
9417,16998,2012-12-16,4,1,12,0,0,0,0,2,0.36,0.3788,0.62,0,8,102,110
9418,13305,2012-07-13,3,1,7,13,0,5,1,2,0.8,0.7121,0.38,0.1343,100,274,374
9419,7436,2011-11-11,4,0,11,10,1,5,0,1,0.32,0.2727,0.42,0.5522,38,162,200
9420,11760,2012-05-10,2,1,5,4,0,4,1,1,0.46,0.4545,0.77,0.194,0,2,2
9421,11980,2012-05-19,2,1,5,8,0,6,0,1,0.52,0.5,0.52,0.1642,33,162,195
9422,8920,2012-01-12,1,1,1,12,0,4,1,2,0.34,0.3485,0.81,0.1045,14,130,144
9423,16570,2012-11-28,4,1,11,3,0,3,1,2,0.26,0.2576,0.7,0.2239,0,3,3
9424,13345,2012-07-15,3,1,7,5,0,0,0,1,0.68,0.6364,0.89,0.1343,2,7,9
9425,9027,2012-01-16,1,1,1,23,1,1,0,3,0.26,0.2273,0.7,0.2985,0,28,28
9426,2487,2011-04-18,2,0,4,12,0,1,1,2,0.56,0.5303,0.49,0.0896,60,124,184
9427,9323,2012-01-29,1,1,1,8,0,0,0,1,0.18,0.197,0.4,0.1343,9,61,70
9428,11298,2012-04-20,2,1,4,22,0,5,1,1,0.54,0.5152,0.68,0.2537,26,176,202
9429,8258,2011-12-15,4,0,12,17,0,4,1,2,0.52,0.5,0.59,0.2836,14,310,324
9430,13001,2012-06-30,3,1,6,21,0,6,0,1,0.82,0.7727,0.52,0.1642,48,165,213
9431,12553,2012-06-12,2,1,6,5,0,2,1,3,0.6,0.5455,0.88,0.1343,1,28,29
9432,2025,2011-03-30,2,0,3,5,0,3,1,2,0.3,0.2879,0.56,0.194,0,7,7
9433,1873,2011-03-23,2,0,3,19,0,3,1,3,0.38,0.3939,0.82,0.2537,12,147,159
9434,355,2011-01-16,1,0,1,6,0,0,0,2,0.26,0.2576,0.56,0.1642,0,1,1
9435,5361,2011-08-16,3,0,8,6,0,2,1,1,0.62,0.5909,0.73,0.3284,4,115,119
9436,11567,2012-05-02,2,1,5,3,0,3,1,1,0.56,0.5303,0.83,0.0896,0,6,6
9437,1165,2011-02-21,1,0,2,7,1,1,0,2,0.42,0.4242,0.26,0.2836,3,16,19
9438,15016,2012-09-22,3,1,9,20,0,6,0,1,0.7,0.6515,0.54,0.2537,76,249,325
9439,16239,2012-11-14,4,1,11,8,0,3,1,1,0.28,0.2576,0.56,0.2985,27,664,691
9440,3396,2011-05-26,2,0,5,9,0,4,1,1,0.72,0.6818,0.7,0.1642,22,194,216
9441,13782,2012-08-02,3,1,8,10,0,4,1,1,0.8,0.7576,0.55,0,51,130,181
9442,3128,2011-05-15,2,0,5,5,0,0,0,3,0.52,0.5,1,0.1045,3,11,14
9443,12896,2012-06-26,3,1,6,12,0,2,1,1,0.66,0.6212,0.34,0.4478,80,228,308
9444,14356,2012-08-26,3,1,8,8,0,0,0,1,0.68,0.6364,0.79,0.2836,21,112,133
9445,9384,2012-01-31,1,1,1,21,0,2,1,1,0.46,0.4545,0.33,0.2985,3,162,165
9446,13118,2012-07-05,3,1,7,18,0,4,1,2,0.9,0.8333,0.39,0.3284,96,511,607
9447,4355,2011-07-05,3,0,7,8,0,2,1,1,0.72,0.6818,0.62,0.1343,41,391,432
9448,12249,2012-05-30,2,1,5,13,0,3,1,1,0.7,0.6515,0.51,0,53,236,289
9449,10128,2012-03-03,1,1,3,1,0,6,0,3,0.36,0.3788,0.93,0,0,44,44
9450,3588,2011-06-03,2,0,6,9,0,5,1,1,0.58,0.5455,0.4,0.1642,36,194,230
9451,14071,2012-08-14,3,1,8,11,0,2,1,1,0.74,0.6818,0.62,0,69,127,196
9452,325,2011-01-15,1,0,1,0,0,6,0,1,0.18,0.2424,0.55,0,3,25,28
9453,7891,2011-11-30,4,0,11,10,0,3,1,1,0.34,0.3182,0.66,0.2239,15,95,110
9454,5172,2011-08-08,3,0,8,9,0,1,1,1,0.76,0.697,0.55,0.3881,37,146,183
9455,5649,2011-08-28,3,0,8,19,0,0,0,1,0.72,0.6667,0.48,0.1045,140,247,387
9456,6744,2011-10-13,4,0,10,13,0,4,1,2,0.64,0.5758,0.83,0.1642,20,142,162
9457,13471,2012-07-20,3,1,7,11,0,5,1,3,0.72,0.697,0.74,0.194,51,161,212
9458,3210,2011-05-18,2,0,5,15,0,3,1,1,0.6,0.5758,0.78,0.2537,34,133,167
9459,15294,2012-10-04,4,1,10,10,0,4,1,2,0.66,0.6061,0.83,0.1343,27,150,177
9460,4753,2011-07-21,3,0,7,22,0,4,1,1,0.82,0.8636,0.71,0.1642,36,113,149
9461,8880,2012-01-10,1,1,1,20,0,2,1,1,0.34,0.3485,0.53,0.1045,10,190,200
9462,2380,2011-04-14,2,0,4,1,0,4,1,1,0.38,0.3939,0.76,0.2239,1,9,10
9463,12853,2012-06-24,3,1,6,17,0,0,0,1,0.84,0.7273,0.32,0.2537,203,329,532
9464,8022,2011-12-05,4,0,12,21,0,1,1,2,0.44,0.4394,0.88,0.0896,10,166,176
9465,12161,2012-05-26,2,1,5,21,0,6,0,2,0.72,0.6818,0.62,0.194,100,151,251
9466,6659,2011-10-10,4,0,10,0,1,1,0,1,0.5,0.4848,0.94,0,11,42,53
9467,15766,2012-10-24,4,1,10,2,0,3,1,1,0.54,0.5152,0.68,0,0,6,6
9468,8178,2011-12-12,4,0,12,9,0,1,1,2,0.18,0.2121,0.74,0.0896,12,208,220
9469,14959,2012-09-20,3,1,9,11,0,4,1,1,0.62,0.6212,0.43,0,37,206,243
9470,4422,2011-07-08,3,0,7,3,0,5,1,1,0.68,0.6364,0.79,0.1045,2,4,6
9471,1102,2011-02-18,1,0,2,15,0,5,1,1,0.66,0.6212,0.36,0.3284,55,117,172
9472,10904,2012-04-04,2,1,4,11,0,3,1,2,0.6,0.6212,0.43,0.3582,61,152,213
9473,8610,2011-12-30,1,0,12,12,0,5,1,1,0.32,0.3333,0.57,0.1343,38,159,197
9474,8062,2011-12-07,4,0,12,13,0,3,1,3,0.44,0.4394,1,0.194,5,28,33
9475,3251,2011-05-20,2,0,5,8,0,5,1,1,0.54,0.5152,0.68,0,41,476,517
9476,3558,2011-06-02,2,0,6,3,0,4,1,1,0.66,0.6212,0.44,0.1045,0,4,4
9477,710,2011-02-01,1,0,2,22,0,2,1,2,0.22,0.2576,0.87,0.0896,2,34,36
9478,119,2011-01-06,1,0,1,4,0,4,1,2,0.16,0.197,0.64,0.0896,0,1,1
9479,4599,2011-07-15,3,0,7,12,0,5,1,1,0.7,0.6515,0.48,0.194,61,177,238
9480,2043,2011-03-30,2,0,3,23,0,3,1,3,0.24,0.2121,0.93,0.2836,1,11,12
9481,7420,2011-11-10,4,0,11,18,0,4,1,2,0.36,0.3485,0.81,0.1642,10,263,273
9482,6131,2011-09-18,3,0,9,0,0,0,0,1,0.46,0.4545,0.77,0.2239,24,88,112
9483,9747,2012-02-16,1,1,2,1,0,4,1,2,0.3,0.3333,0.7,0,0,5,5
9484,16074,2012-11-07,4,1,11,10,0,3,1,2,0.28,0.2576,0.56,0.2985,27,151,178
9485,5316,2011-08-14,3,0,8,9,0,0,0,3,0.66,0.5909,0.89,0.2836,27,76,103
9486,14806,2012-09-14,3,1,9,2,0,5,1,1,0.56,0.5303,0.73,0,7,23,30
9487,6607,2011-10-07,4,0,10,20,0,5,1,1,0.54,0.5152,0.49,0,30,167,197
9488,16488,2012-11-24,4,1,11,17,0,6,0,1,0.26,0.2273,0.41,0.3881,29,97,126
9489,5004,2011-08-01,3,0,8,9,0,1,1,1,0.82,0.7424,0.41,0,27,139,166
9490,6524,2011-10-04,4,0,10,9,0,2,1,1,0.46,0.4545,0.67,0.2537,19,168,187
9491,4274,2011-07-01,3,0,7,23,0,5,1,1,0.68,0.6364,0.47,0.0896,44,96,140
9492,5740,2011-09-01,3,0,9,14,0,4,1,3,0.72,0.6667,0.54,0.2537,54,144,198
9493,15578,2012-10-16,4,1,10,6,0,2,1,1,0.42,0.4242,0.67,0.1642,4,168,172
9494,5471,2011-08-20,3,0,8,20,0,6,0,1,0.74,0.6818,0.62,0.2239,78,170,248
9495,5817,2011-09-04,3,0,9,19,0,0,0,1,0.74,0.697,0.7,0.194,178,150,328
9496,10872,2012-04-03,2,1,4,3,0,2,1,1,0.38,0.3939,0.46,0,0,3,3
9497,88,2011-01-04,1,0,1,19,0,2,1,1,0.24,0.2576,0.48,0.1045,2,110,112
9498,7631,2011-11-19,4,0,11,13,0,6,0,1,0.42,0.4242,0.3,0.2836,118,245,363
9499,4164,2011-06-27,3,0,6,9,0,1,1,2,0.72,0.6667,0.54,0,37,150,187
9500,3383,2011-05-25,2,0,5,20,0,3,1,1,0.7,0.6515,0.61,0.1642,56,284,340
9501,404,2011-01-18,1,0,1,19,0,2,1,2,0.22,0.2273,0.8,0.1343,1,98,99
9502,4912,2011-07-28,3,0,7,13,0,4,1,1,0.86,0.803,0.47,0.2537,26,126,152
9503,9366,2012-01-31,1,1,1,3,0,2,1,1,0.3,0.2879,0.45,0.2239,0,2,2
9504,13027,2012-07-01,3,1,7,23,0,0,0,3,0.78,0.7121,0.52,0.1642,22,88,110
9505,6379,2011-09-28,4,0,9,8,0,3,1,3,0.62,0.5455,0.94,0.2239,17,270,287
9506,2242,2011-04-08,2,0,4,6,0,5,1,2,0.34,0.3636,0.87,0,2,33,35
9507,11068,2012-04-11,2,1,4,8,0,3,1,1,0.3,0.2879,0.49,0.2239,14,581,595
9508,13182,2012-07-08,3,1,7,10,0,0,0,1,0.9,0.8636,0.45,0,85,234,319
9509,12111,2012-05-24,2,1,5,19,0,4,1,1,0.7,0.6515,0.61,0.2985,76,416,492
9510,6311,2011-09-25,4,0,9,12,0,0,0,2,0.66,0.6061,0.78,0,143,270,413
9511,9220,2012-01-25,1,1,1,1,0,3,1,1,0.3,0.2879,0.7,0.2239,4,9,13
9512,5518,2011-08-22,3,0,8,19,0,1,1,1,0.7,0.6364,0.3,0.2836,66,350,416
9513,2437,2011-04-16,2,0,4,10,0,6,0,3,0.42,0.4242,0.94,0.3881,1,21,22
9514,4690,2011-07-19,3,0,7,7,0,2,1,2,0.74,0.697,0.7,0.1642,28,287,315
9515,12481,2012-06-09,2,1,6,5,0,6,0,1,0.6,0.6212,0.56,0.1045,4,15,19
9516,9471,2012-02-04,1,1,2,12,0,6,0,2,0.3,0.3182,0.7,0.0896,40,260,300
9517,11268,2012-04-19,2,1,4,16,0,4,1,1,0.62,0.6212,0.41,0.1045,63,324,387
9518,6857,2011-10-18,4,0,10,6,0,2,1,1,0.46,0.4545,0.82,0.0896,4,105,109
9519,13645,2012-07-27,3,1,7,17,0,5,1,1,0.86,0.7879,0.41,0.2836,101,598,699
9520,6655,2011-10-09,4,0,10,20,0,0,0,1,0.56,0.5303,0.73,0.1045,59,134,193
9521,1426,2011-03-04,1,0,3,16,0,5,1,1,0.36,0.3485,0.46,0.194,17,101,118
9522,5028,2011-08-02,3,0,8,9,0,2,1,1,0.78,0.697,0.46,0.2985,31,182,213
9523,5282,2011-08-12,3,0,8,23,0,5,1,1,0.68,0.6364,0.51,0,51,100,151
9524,11349,2012-04-23,2,1,4,1,0,1,1,3,0.34,0.303,0.87,0.3582,1,1,2
9525,1503,2011-03-07,1,0,3,23,0,1,1,1,0.28,0.3182,0.48,0,0,22,22
9526,15911,2012-10-31,4,1,10,15,0,3,1,1,0.42,0.4242,0.54,0.1642,33,197,230
9527,679,2011-01-31,1,0,1,14,0,1,1,2,0.18,0.197,0.55,0.1343,1,85,86
9528,6674,2011-10-10,4,0,10,15,1,1,0,2,0.72,0.6515,0.42,0.1045,130,254,384
9529,5852,2011-09-06,3,0,9,7,0,2,1,2,0.54,0.5152,0.83,0.3582,6,166,172
9530,7195,2011-11-01,4,0,11,9,0,2,1,1,0.4,0.4091,0.66,0.1642,16,206,222
9531,10433,2012-03-15,1,1,3,19,0,4,1,2,0.64,0.6212,0.5,0.194,72,353,425
9532,5054,2011-08-03,3,0,8,11,0,3,1,2,0.74,0.6818,0.58,0.1045,29,93,122
9533,1851,2011-03-22,2,0,3,20,0,2,1,2,0.44,0.4394,0.54,0.3582,19,116,135
9534,6523,2011-10-04,4,0,10,8,0,2,1,1,0.44,0.4394,0.77,0.2239,28,372,400
9535,1071,2011-02-17,1,0,2,8,0,4,1,1,0.32,0.3333,0.57,0.0896,18,267,285
9536,9947,2012-02-24,1,1,2,11,0,5,1,2,0.36,0.3636,0.81,0.1045,27,136,163
9537,6785,2011-10-15,4,0,10,6,0,6,0,1,0.4,0.4091,0.71,0,5,15,20
9538,15416,2012-10-09,4,1,10,12,0,2,1,2,0.48,0.4697,0.69,0.194,43,217,260
9539,3393,2011-05-26,2,0,5,6,0,4,1,2,0.6,0.5,1,0.0896,4,94,98
9540,1100,2011-02-18,1,0,2,13,0,5,1,1,0.6,0.6212,0.43,0.194,45,131,176
9541,16565,2012-11-27,4,1,11,22,0,2,1,1,0.24,0.2424,0.81,0.1642,2,95,97
9542,14342,2012-08-25,3,1,8,18,0,6,0,2,0.66,0.6212,0.69,0.4627,122,261,383
9543,419,2011-01-19,1,0,1,11,0,3,1,2,0.28,0.303,0.87,0.0896,5,47,52
9544,11660,2012-05-06,2,1,5,0,0,0,0,2,0.56,0.5303,0.83,0.1343,23,111,134
9545,5820,2011-09-04,3,0,9,22,0,0,0,2,0.72,0.697,0.74,0.2836,70,85,155
9546,10942,2012-04-06,2,1,4,1,0,5,1,1,0.36,0.3485,0.62,0.1343,10,28,38
9547,14768,2012-09-12,3,1,9,12,0,3,1,1,0.68,0.6364,0.36,0.1343,88,264,352
9548,11293,2012-04-20,2,1,4,17,0,5,1,1,0.64,0.6212,0.47,0.2836,122,697,819
9549,17203,2012-12-24,1,1,12,14,0,1,1,3,0.24,0.2576,0.87,0.1045,13,33,46
9550,8401,2011-12-21,1,0,12,16,0,3,1,3,0.44,0.4394,1,0.3284,6,95,101
9551,16125,2012-11-09,4,1,11,14,0,5,1,1,0.46,0.4545,0.38,0.194,67,207,274
9552,16578,2012-11-28,4,1,11,11,0,3,1,1,0.32,0.3182,0.45,0.1642,19,127,146
9553,4894,2011-07-27,3,0,7,19,0,3,1,1,0.8,0.697,0.29,0.0896,87,288,375
9554,8721,2012-01-04,1,1,1,4,0,3,1,1,0.02,0.0455,0.41,0.194,0,2,2
9555,8972,2012-01-14,1,1,1,16,0,6,0,1,0.24,0.2273,0.38,0.2239,28,178,206
9556,723,2011-02-02,1,0,2,11,0,3,1,2,0.24,0.2273,0.93,0.194,5,47,52
9557,5177,2011-08-08,3,0,8,14,0,1,1,1,0.82,0.7424,0.43,0.2985,41,109,150
9558,1861,2011-03-23,2,0,3,7,0,3,1,2,0.32,0.303,0.93,0.2239,7,111,118
9559,16711,2012-12-04,4,1,12,1,0,2,1,1,0.42,0.4242,0.82,0.1045,3,22,25
9560,1688,2011-03-15,1,0,3,22,0,2,1,2,0.32,0.3182,0.87,0.1642,1,20,21
9561,8499,2011-12-25,1,0,12,19,0,0,0,1,0.32,0.3333,0.57,0.1343,2,14,16
9562,16598,2012-11-29,4,1,11,8,0,4,1,1,0.2,0.2273,0.69,0.1045,15,664,679
9563,1993,2011-03-28,2,0,3,21,0,1,1,1,0.32,0.3333,0.21,0.1343,6,55,61
9564,12003,2012-05-20,2,1,5,7,0,0,0,1,0.52,0.5,0.68,0.194,35,55,90
9565,12205,2012-05-28,2,1,5,17,1,1,0,1,0.82,0.7879,0.56,0.2985,158,247,405
9566,14039,2012-08-13,3,1,8,3,0,1,1,1,0.64,0.6061,0.69,0,1,5,6
9567,10498,2012-03-18,1,1,3,12,0,0,0,2,0.44,0.4394,0.88,0.1343,222,281,503
9568,6118,2011-09-17,3,0,9,11,0,6,0,2,0.52,0.5,0.68,0.2239,119,248,367
9569,3460,2011-05-29,2,0,5,1,0,0,0,1,0.62,0.5606,0.88,0.1642,17,49,66
9570,6568,2011-10-06,4,0,10,5,0,4,1,1,0.42,0.4242,0.62,0.194,0,24,24
9571,16397,2012-11-20,4,1,11,22,0,2,1,1,0.36,0.3788,0.71,0,7,115,122
9572,13930,2012-08-08,3,1,8,14,0,3,1,2,0.8,0.7424,0.52,0.2537,63,173,236
9573,9297,2012-01-28,1,1,1,6,0,6,0,1,0.24,0.2879,0.7,0,3,12,15
9574,10836,2012-04-01,2,1,4,14,0,0,0,2,0.48,0.4697,0.55,0.2239,283,278,561
9575,14555,2012-09-03,3,1,9,15,1,1,0,1,0.74,0.697,0.7,0.2239,168,281,449
9576,8950,2012-01-13,1,1,1,18,0,5,1,1,0.26,0.2273,0.38,0.2985,7,294,301
9577,5493,2011-08-21,3,0,8,18,0,0,0,1,0.72,0.697,0.79,0.2537,96,215,311
9578,10676,2012-03-25,2,1,3,22,0,0,0,1,0.46,0.4545,0.82,0.1343,19,92,111
9579,15449,2012-10-10,4,1,10,21,0,3,1,1,0.5,0.4848,0.51,0.3582,18,251,269
9580,8450,2011-12-23,1,0,12,17,0,5,1,1,0.36,0.3485,0.53,0.2239,11,129,140
9581,13978,2012-08-10,3,1,8,14,0,5,1,1,0.76,0.7121,0.58,0.3582,71,236,307
9582,9233,2012-01-25,1,1,1,14,0,3,1,1,0.34,0.3485,0.49,0.0896,53,107,160
9583,14797,2012-09-13,3,1,9,17,0,4,1,1,0.72,0.6515,0.42,0.194,97,787,884
9584,11831,2012-05-13,2,1,5,3,0,0,0,2,0.54,0.5152,0.64,0.1343,2,26,28
9585,3626,2011-06-04,2,0,6,23,0,6,0,2,0.64,0.6212,0.57,0,29,121,150
9586,14688,2012-09-09,3,1,9,4,0,0,0,1,0.52,0.5,0.77,0.2537,12,16,28
9587,16528,2012-11-26,4,1,11,9,0,1,1,1,0.28,0.303,0.56,0.0896,10,276,286
9588,8696,2012-01-03,1,1,1,3,0,2,1,1,0.16,0.1364,0.55,0.2836,0,2,2
9589,15254,2012-10-02,4,1,10,18,0,2,1,3,0.62,0.5455,0.94,0.0896,48,639,687
9590,849,2011-02-07,1,0,2,19,0,1,1,2,0.32,0.3485,0.7,0,5,123,128
9591,2249,2011-04-08,2,0,4,13,0,5,1,3,0.36,0.3333,0.76,0.2836,7,35,42
9592,5617,2011-08-26,3,0,8,22,0,5,1,1,0.72,0.697,0.79,0.1045,26,126,152
9593,15336,2012-10-06,4,1,10,4,0,6,0,1,0.54,0.5152,0.83,0.2537,4,7,11
9594,16495,2012-11-25,4,1,11,0,0,0,0,1,0.22,0.2121,0.47,0.2537,3,31,34
9595,13113,2012-07-05,3,1,7,13,0,4,1,1,0.92,0.8333,0.33,0.2239,129,181,310
9596,8119,2011-12-09,4,0,12,22,0,5,1,1,0.28,0.3182,0.87,0,15,114,129
9597,5304,2011-08-13,3,0,8,21,0,6,0,2,0.68,0.6364,0.83,0.3881,40,127,167
9598,4053,2011-06-22,3,0,6,18,0,3,1,2,0.8,0.7727,0.59,0.2537,66,447,513
9599,10053,2012-02-28,1,1,2,21,0,2,1,1,0.34,0.3485,0.46,0.1045,10,178,188
9600,15128,2012-09-27,4,1,9,12,0,4,1,2,0.74,0.6667,0.48,0.1343,63,272,335
9601,4077,2011-06-23,3,0,6,18,0,4,1,1,0.72,0.6818,0.7,0.4179,57,483,540
9602,998,2011-02-14,1,0,2,5,0,1,1,1,0.32,0.303,0.53,0.2836,0,3,3
9603,4333,2011-07-04,3,0,7,10,1,1,0,2,0.76,0.697,0.55,0.0896,166,114,280
9604,9369,2012-01-31,1,1,1,6,0,2,1,1,0.28,0.2727,0.52,0.1642,0,104,104
9605,552,2011-01-25,1,0,1,4,0,2,1,1,0.14,0.1667,0.74,0.1045,0,1,1
9606,14894,2012-09-17,3,1,9,18,0,1,1,2,0.62,0.5909,0.73,0.1642,66,708,774
9607,4373,2011-07-06,3,0,7,2,0,3,1,1,0.7,0.6667,0.79,0.0896,1,4,5
9608,3498,2011-05-30,2,0,5,15,1,1,0,1,0.88,0.803,0.39,0.2537,132,179,311
9609,9998,2012-02-26,1,1,2,14,0,0,0,1,0.34,0.3485,0.31,0,68,263,331
9610,9649,2012-02-11,1,1,2,23,0,6,0,3,0.12,0.0758,0.5,0.4925,0,20,20
9611,15793,2012-10-25,4,1,10,5,0,4,1,2,0.52,0.5,0.88,0.1642,2,53,55
9612,1408,2011-03-03,1,0,3,22,0,4,1,1,0.2,0.2576,0.4,0,3,50,53
9613,15584,2012-10-16,4,1,10,12,0,2,1,2,0.52,0.5,0.45,0.3284,69,256,325
9614,12268,2012-05-31,2,1,5,8,0,4,1,1,0.62,0.6212,0.57,0.2537,18,675,693
9615,11824,2012-05-12,2,1,5,20,0,6,0,1,0.62,0.6212,0.46,0.1642,113,174,287
9616,694,2011-02-01,1,0,2,6,0,2,1,3,0.14,0.2121,0.93,0,0,22,22
9617,5012,2011-08-01,3,0,8,17,0,1,1,1,0.76,0.6818,0.45,0.2985,69,445,514
9618,3444,2011-05-28,2,0,5,9,0,6,0,1,0.64,0.6061,0.73,0.2537,61,116,177
9619,9175,2012-01-23,1,1,1,4,0,1,1,2,0.2,0.2576,0.8,0,0,1,1
9620,4176,2011-06-27,3,0,6,21,0,1,1,1,0.7,0.6515,0.65,0,52,190,242
9621,4223,2011-06-29,3,0,6,20,0,3,1,1,0.74,0.6515,0.37,0.2985,69,264,333
9622,8284,2011-12-16,4,0,12,19,0,5,1,2,0.32,0.303,0.45,0.2239,11,203,214
9623,16237,2012-11-14,4,1,11,6,0,3,1,1,0.24,0.2273,0.65,0.194,4,142,146
9624,13368,2012-07-16,3,1,7,4,0,1,1,1,0.68,0.6364,0.79,0.1045,1,11,12
9625,262,2011-01-12,1,0,1,8,0,3,1,1,0.16,0.1667,0.59,0.1642,3,125,128
9626,16783,2012-12-07,4,1,12,1,0,5,1,2,0.24,0.2273,0.7,0.194,2,26,28
9627,5498,2011-08-21,3,0,8,23,0,0,0,1,0.7,0.6667,0.74,0.1642,20,48,68
9628,16677,2012-12-02,4,1,12,15,0,0,0,1,0.44,0.4394,0.67,0.1343,106,311,417
9629,4017,2011-06-21,3,0,6,6,0,2,1,2,0.6,0.5455,0.88,0.1343,8,107,115
9630,3627,2011-06-05,2,0,6,0,0,0,0,1,0.64,0.6212,0.57,0.0896,23,90,113
9631,11299,2012-04-20,2,1,4,23,0,5,1,1,0.52,0.5,0.72,0.1343,31,156,187
9632,446,2011-01-20,1,0,1,14,0,4,1,2,0.3,0.303,0.45,0.1343,6,75,81
9633,6753,2011-10-13,4,0,10,22,0,4,1,1,0.62,0.5758,0.83,0.194,13,101,114
9634,5112,2011-08-05,3,0,8,21,0,5,1,1,0.7,0.6515,0.65,0.194,54,119,173
9635,3556,2011-06-02,2,0,6,1,0,4,1,1,0.72,0.6515,0.38,0.1045,3,12,15
9636,7339,2011-11-07,4,0,11,9,0,1,1,2,0.34,0.3333,1,0.1343,18,156,174
9637,3368,2011-05-25,2,0,5,5,0,3,1,1,0.56,0.5303,0.88,0.0896,2,23,25
9638,16261,2012-11-15,4,1,11,6,0,4,1,2,0.3,0.2879,0.65,0.2537,1,146,147
9639,2527,2011-04-20,2,0,4,4,0,3,1,1,0.4,0.4091,1,0.1045,5,4,9
9640,16129,2012-11-09,4,1,11,18,0,5,1,1,0.42,0.4242,0.44,0.1045,46,450,496
9641,10227,2012-03-07,1,1,3,4,0,3,1,1,0.28,0.2576,0.61,0.3284,0,3,3
9642,1169,2011-02-21,1,0,2,11,1,1,0,2,0.32,0.3333,0.57,0.1045,20,70,90
9643,4145,2011-06-26,3,0,6,14,0,0,0,1,0.74,0.6515,0.4,0.1343,197,246,443
9644,7893,2011-11-30,4,0,11,12,0,3,1,2,0.36,0.3333,0.53,0.2836,12,148,160
9645,8277,2011-12-16,4,0,12,12,0,5,1,2,0.34,0.303,0.42,0.3582,10,163,173
9646,3150,2011-05-16,2,0,5,3,0,1,1,1,0.5,0.4848,0.94,0.1642,1,3,4
9647,881,2011-02-09,1,0,2,3,0,3,1,1,0.06,0.0758,0.45,0.1343,0,2,2
9648,6748,2011-10-13,4,0,10,17,0,4,1,3,0.62,0.5758,0.83,0.2537,47,432,479
9649,13009,2012-07-01,3,1,7,5,0,0,0,1,0.68,0.6364,0.79,0.1045,3,7,10
9650,7573,2011-11-17,4,0,11,3,0,4,1,2,0.42,0.4242,0.77,0.3284,0,3,3
9651,17009,2012-12-16,4,1,12,11,0,0,0,2,0.36,0.3485,0.87,0.1343,47,248,295
9652,1468,2011-03-06,1,0,3,11,0,0,0,2,0.42,0.4242,1,0.2239,18,44,62
9653,8155,2011-12-11,4,0,12,10,0,0,0,1,0.24,0.2879,0.44,0,30,164,194
9654,13513,2012-07-22,3,1,7,5,0,0,0,1,0.6,0.5455,0.88,0,0,6,6
9655,6538,2011-10-04,4,0,10,23,0,2,1,1,0.48,0.4697,0.77,0.1343,6,60,66
9656,453,2011-01-20,1,0,1,21,0,4,1,2,0.24,0.2273,0.6,0.2537,3,54,57
9657,4138,2011-06-26,3,0,6,7,0,0,0,1,0.62,0.6061,0.61,0,24,27,51
9658,3040,2011-05-11,2,0,5,13,0,3,1,1,0.62,0.6212,0.5,0,36,157,193
9659,4151,2011-06-26,3,0,6,20,0,0,0,2,0.7,0.6515,0.48,0.1045,55,158,213
9660,10376,2012-03-13,1,1,3,10,0,2,1,1,0.52,0.5,0.77,0.2239,28,115,143
9661,10197,2012-03-05,1,1,3,22,0,1,1,1,0.24,0.2121,0.35,0.3284,2,76,78
9662,12632,2012-06-15,2,1,6,12,0,5,1,1,0.7,0.6364,0.45,0.1642,111,292,403
9663,580,2011-01-26,1,0,1,10,0,3,1,3,0.22,0.2121,0.93,0.2836,2,26,28
9664,6572,2011-10-06,4,0,10,9,0,4,1,1,0.46,0.4545,0.63,0.194,20,188,208
9665,7468,2011-11-12,4,0,11,18,0,6,0,1,0.42,0.4242,0.58,0.194,53,150,203
9666,13597,2012-07-25,3,1,7,17,0,3,1,1,0.8,0.697,0.31,0,130,783,913
9667,10902,2012-04-04,2,1,4,9,0,3,1,2,0.48,0.4697,0.55,0.1343,47,316,363
9668,14568,2012-09-04,3,1,9,4,0,2,1,2,0.66,0.5909,0.89,0,0,8,8
9669,4158,2011-06-27,3,0,6,3,0,1,1,3,0.62,0.5909,0.78,0.1343,0,2,2
9670,6350,2011-09-27,4,0,9,3,0,2,1,2,0.62,0.5455,0.94,0,5,5,10
9671,10612,2012-03-23,2,1,3,6,0,5,1,2,0.5,0.4848,0.88,0,6,110,116
9672,14072,2012-08-14,3,1,8,12,0,2,1,1,0.78,0.7121,0.49,0.1343,93,207,300
9673,403,2011-01-18,1,0,1,18,0,2,1,2,0.22,0.2273,0.8,0.1642,1,132,133
9674,4429,2011-07-08,3,0,7,10,0,5,1,2,0.74,0.697,0.7,0.3582,30,108,138
9675,3058,2011-05-12,2,0,5,7,0,4,1,1,0.46,0.4545,0.88,0.1343,14,283,297
9676,7061,2011-10-26,4,0,10,19,0,3,1,1,0.5,0.4848,0.82,0,25,306,331
9677,165,2011-01-08,1,0,1,3,0,6,0,3,0.18,0.197,0.55,0.1642,0,7,7
9678,12378,2012-06-04,2,1,6,22,0,1,1,1,0.56,0.5303,0.52,0.2836,41,127,168
9679,3318,2011-05-23,2,0,5,3,0,1,1,3,0.54,0.5152,0.94,0.1642,0,4,4
9680,7866,2011-11-29,4,0,11,9,0,2,1,3,0.56,0.5303,0.73,0.4179,5,197,202
9681,10905,2012-04-04,2,1,4,12,0,3,1,2,0.6,0.6212,0.46,0.4179,73,210,283
9682,6852,2011-10-18,4,0,10,1,0,2,1,2,0.46,0.4545,0.88,0,4,7,11
9683,1848,2011-03-22,2,0,3,17,0,2,1,1,0.5,0.4848,0.42,0.1045,42,265,307
9684,14614,2012-09-06,3,1,9,2,0,4,1,1,0.72,0.697,0.79,0,1,7,8
9685,1335,2011-02-28,1,0,2,21,0,1,1,2,0.38,0.3939,0.87,0.3881,2,78,80
9686,8780,2012-01-06,1,1,1,15,0,5,1,1,0.52,0.5,0.27,0.2537,44,178,222
9687,16355,2012-11-19,4,1,11,4,0,1,1,2,0.36,0.3485,0.66,0.2239,1,11,12
9688,12695,2012-06-18,2,1,6,3,0,1,1,2,0.52,0.5,0.83,0.2239,1,3,4
9689,8946,2012-01-13,1,1,1,14,0,5,1,1,0.26,0.2121,0.33,0.5522,10,119,129
9690,16078,2012-11-07,4,1,11,14,0,3,1,2,0.32,0.2879,0.53,0.3582,19,142,161
9691,6998,2011-10-24,4,0,10,4,0,1,1,1,0.4,0.4091,0.82,0,1,5,6
9692,707,2011-02-01,1,0,2,19,0,2,1,2,0.24,0.2424,0.81,0.1343,3,105,108
9693,3492,2011-05-30,2,0,5,9,1,1,0,1,0.72,0.697,0.74,0.0896,47,81,128
9694,4574,2011-07-14,3,0,7,11,0,4,1,1,0.72,0.6515,0.37,0.2239,38,110,148
9695,14410,2012-08-28,3,1,8,14,0,2,1,1,0.84,0.7424,0.38,0.3284,72,179,251
9696,7707,2011-11-22,4,0,11,17,0,2,1,3,0.44,0.4394,1,0.0896,4,161,165
9697,7055,2011-10-26,4,0,10,13,0,3,1,3,0.56,0.5303,0.6,0.1045,20,62,82
9698,5581,2011-08-25,3,0,8,10,0,4,1,2,0.74,0.697,0.66,0.2985,37,105,142
9699,3152,2011-05-16,2,0,5,5,0,1,1,1,0.5,0.4848,0.93,0.194,1,20,21
9700,6618,2011-10-08,4,0,10,7,0,6,0,1,0.42,0.4242,0.94,0.0896,27,46,73
9701,4785,2011-07-23,3,0,7,6,0,6,0,1,0.8,0.7424,0.52,0.1343,6,19,25
9702,4023,2011-06-21,3,0,6,12,0,2,1,1,0.7,0.6667,0.74,0.1642,40,149,189
9703,15335,2012-10-06,4,1,10,3,0,6,0,1,0.54,0.5152,0.77,0.2239,2,54,56
9704,9267,2012-01-27,1,1,1,0,0,5,1,2,0.4,0.4091,0.82,0.2537,6,32,38
9705,14583,2012-09-04,3,1,9,19,0,2,1,1,0.76,0.7273,0.7,0.2239,50,502,552
9706,12801,2012-06-22,3,1,6,13,0,5,1,1,0.88,0.803,0.39,0.2239,72,228,300
9707,9119,2012-01-20,1,1,1,20,0,5,1,2,0.2,0.2273,0.34,0.0896,1,141,142
9708,12579,2012-06-13,2,1,6,7,0,3,1,1,0.6,0.5606,0.83,0.2985,25,480,505
9709,2430,2011-04-16,2,0,4,3,0,6,0,2,0.36,0.3485,0.87,0.1642,5,9,14
9710,247,2011-01-11,1,0,1,15,0,2,1,2,0.16,0.197,0.8,0.0896,2,45,47
9711,3816,2011-06-12,2,0,6,21,0,0,0,1,0.66,0.6061,0.83,0.1045,39,101,140
9712,11390,2012-04-24,2,1,4,18,0,2,1,1,0.5,0.4848,0.18,0,52,580,632
9713,9090,2012-01-19,1,1,1,15,0,4,1,1,0.26,0.2273,0.44,0.2985,9,118,127
9714,2263,2011-04-09,2,0,4,3,0,6,0,3,0.3,0.2879,1,0.2537,3,11,14
9715,836,2011-02-07,1,0,2,6,0,1,1,1,0.18,0.2424,0.93,0,1,29,30
9716,8625,2011-12-31,1,0,12,3,0,6,0,2,0.4,0.4091,0.62,0.2836,1,17,18
9717,1174,2011-02-21,1,0,2,16,1,1,0,3,0.28,0.2424,0.75,0.4179,8,48,56
9718,15510,2012-10-13,4,1,10,10,0,6,0,1,0.4,0.4091,0.43,0,82,265,347
9719,6438,2011-09-30,4,0,9,19,0,5,1,1,0.54,0.5152,0.52,0.2836,42,332,374
9720,10440,2012-03-16,1,1,3,2,0,5,1,2,0.42,0.4242,0.82,0.194,0,4,4
9721,13159,2012-07-07,3,1,7,11,0,6,0,1,0.94,0.8788,0.38,0.194,122,245,367
9722,11826,2012-05-12,2,1,5,22,0,6,0,1,0.56,0.5303,0.68,0.1343,62,212,274
9723,5290,2011-08-13,3,0,8,7,0,6,0,2,0.66,0.6212,0.74,0.194,10,34,44
9724,8099,2011-12-09,4,0,12,2,0,5,1,1,0.24,0.2879,0.7,0,2,10,12
9725,12397,2012-06-05,2,1,6,17,0,2,1,1,0.6,0.6212,0.43,0,86,764,850
9726,251,2011-01-11,1,0,1,19,0,2,1,3,0.16,0.2273,0.93,0,0,51,51
9727,9781,2012-02-17,1,1,2,11,0,5,1,1,0.36,0.3333,0.62,0.4179,9,133,142
9728,7953,2011-12-03,4,0,12,0,0,6,0,1,0.3,0.2879,0.56,0.2537,10,65,75
9729,17209,2012-12-24,1,1,12,20,0,1,1,3,0.24,0.2424,0.93,0.1343,6,17,23
9730,7335,2011-11-07,4,0,11,5,0,1,1,1,0.3,0.3333,0.93,0,1,25,26
9731,2794,2011-05-01,2,0,5,7,0,0,0,2,0.42,0.4242,0.77,0.0896,7,26,33
9732,9966,2012-02-25,1,1,2,6,0,6,0,2,0.3,0.2727,0.42,0.2985,1,12,13
9733,7796,2011-11-26,4,0,11,10,0,6,0,1,0.36,0.3788,0.81,0,57,84,141
9734,15807,2012-10-25,4,1,10,19,0,4,1,1,0.54,0.5152,0.83,0.194,45,497,542
9735,3408,2011-05-26,2,0,5,21,0,4,1,1,0.72,0.6818,0.62,0.0896,45,178,223
9736,8626,2011-12-31,1,0,12,4,0,6,0,1,0.38,0.3939,0.71,0.2239,1,9,10
9737,10846,2012-04-02,2,1,4,0,0,1,1,3,0.44,0.4394,0.82,0.1045,6,11,17
9738,7423,2011-11-10,4,0,11,21,0,4,1,1,0.36,0.3333,0.57,0.2537,6,130,136
9739,8964,2012-01-14,1,1,1,8,0,6,0,1,0.12,0.1515,0.54,0.1045,3,89,92
9740,1998,2011-03-29,2,0,3,2,0,2,1,1,0.24,0.2121,0.32,0.2985,0,3,3
9741,13011,2012-07-01,3,1,7,7,0,0,0,1,0.74,0.697,0.7,0,13,37,50
9742,12615,2012-06-14,2,1,6,19,0,4,1,1,0.7,0.6515,0.48,0.2537,96,483,579
9743,5630,2011-08-27,3,0,8,11,0,6,0,3,0.66,0.5909,0.89,0.4179,15,73,88
9744,4003,2011-06-20,2,0,6,16,0,1,1,1,0.7,0.6515,0.58,0.1642,61,238,299
9745,10731,2012-03-28,2,1,3,5,0,3,1,1,0.36,0.3333,0.43,0.2985,2,38,40
9746,4754,2011-07-21,3,0,7,23,0,4,1,1,0.8,0.8182,0.71,0.1642,40,73,113
9747,16537,2012-11-26,4,1,11,18,0,1,1,1,0.36,0.3485,0.5,0.1642,19,502,521
9748,14484,2012-08-31,3,1,8,16,0,5,1,1,0.9,0.7879,0.27,0.2537,111,417,528
9749,4197,2011-06-28,3,0,6,18,0,2,1,3,0.8,0.7576,0.55,0.2985,68,436,504
9750,9636,2012-02-11,1,1,2,10,0,6,0,3,0.22,0.2424,0.93,0.1045,23,143,166
9751,3682,2011-06-07,2,0,6,7,0,2,1,2,0.64,0.6061,0.69,0.194,23,311,334
9752,3020,2011-05-10,2,0,5,17,0,2,1,1,0.64,0.6212,0.33,0,79,532,611
9753,4311,2011-07-03,3,0,7,12,0,0,0,1,0.8,0.7576,0.55,0.1045,198,206,404
9754,7449,2011-11-11,4,0,11,23,1,5,0,1,0.3,0.3182,0.45,0.0896,6,67,73
9755,10010,2012-02-27,1,1,2,2,0,1,1,1,0.26,0.2273,0.7,0.2985,0,4,4
9756,3986,2011-06-19,2,0,6,23,0,0,0,1,0.66,0.6061,0.78,0.194,14,78,92
9757,9206,2012-01-24,1,1,1,11,0,2,1,1,0.34,0.3333,0.87,0.1343,30,123,153
9758,15720,2012-10-22,4,1,10,4,0,1,1,1,0.38,0.3939,0.66,0,1,6,7
9759,2570,2011-04-21,2,0,4,23,0,4,1,1,0.4,0.4091,0.43,0.1045,13,86,99
9760,13234,2012-07-10,3,1,7,14,0,2,1,1,0.82,0.7273,0.38,0.1642,71,171,242
9761,4278,2011-07-02,3,0,7,3,0,6,0,1,0.64,0.6212,0.53,0,5,21,26
9762,3667,2011-06-06,2,0,6,16,0,1,1,1,0.76,0.6667,0.33,0.1343,34,233,267
9763,8413,2011-12-22,1,0,12,4,0,4,1,1,0.38,0.3939,0.82,0.1343,0,3,3
9764,17298,2012-12-28,1,1,12,14,0,5,1,2,0.3,0.303,0.49,0.1343,84,177,261
9765,2447,2011-04-16,2,0,4,20,0,6,0,3,0.44,0.4394,0.94,0.2239,4,49,53
9766,6822,2011-10-16,4,0,10,19,0,0,0,1,0.54,0.5152,0.52,0.3881,52,181,233
9767,9827,2012-02-19,1,1,2,9,0,0,0,2,0.24,0.2273,0.56,0.2537,20,73,93
9768,6521,2011-10-04,4,0,10,6,0,2,1,1,0.4,0.4091,0.82,0.1045,3,109,112
9769,14196,2012-08-19,3,1,8,16,0,0,0,2,0.66,0.6212,0.65,0,97,259,356
9770,8960,2012-01-14,1,1,1,4,0,6,0,1,0.14,0.1515,0.5,0.1343,0,3,3
9771,3173,2011-05-17,2,0,5,2,0,2,1,3,0.56,0.5303,0.88,0,4,4,8
9772,1224,2011-02-24,1,0,2,1,0,4,1,1,0.22,0.2576,0.6,0.0896,0,7,7
9773,545,2011-01-24,1,0,1,20,0,1,1,1,0.14,0.1364,0.59,0.194,1,80,81
9774,1205,2011-02-23,1,0,2,6,0,3,1,1,0.12,0.1515,0.5,0.1045,0,36,36
9775,10138,2012-03-03,1,1,3,11,0,6,0,2,0.4,0.4091,0.87,0.0896,33,181,214
9776,8614,2011-12-30,1,0,12,16,0,5,1,1,0.42,0.4242,0.47,0.194,36,247,283
9777,9258,2012-01-26,1,1,1,15,0,4,1,2,0.42,0.4242,0.71,0.1045,22,142,164
9778,7243,2011-11-03,4,0,11,9,0,4,1,2,0.36,0.3485,0.81,0.194,9,155,164
9779,2638,2011-04-24,2,0,4,19,0,0,0,3,0.6,0.5606,0.83,0.2836,62,132,194
9780,8762,2012-01-05,1,1,1,21,0,4,1,1,0.26,0.2727,0.6,0.1343,9,88,97
9781,10135,2012-03-03,1,1,3,8,0,6,0,3,0.36,0.3788,0.93,0,2,46,48
9782,15424,2012-10-09,4,1,10,20,0,2,1,2,0.5,0.4848,0.72,0.1642,30,330,360
9783,16726,2012-12-04,4,1,12,16,0,2,1,1,0.58,0.5455,0.49,0.2836,44,391,435
9784,16178,2012-11-11,4,1,11,19,0,0,0,1,0.48,0.4697,0.55,0.1343,69,208,277
9785,878,2011-02-09,1,0,2,0,0,3,1,1,0.1,0.0758,0.36,0.3582,0,17,17
9786,8389,2011-12-21,1,0,12,4,0,3,1,2,0.36,0.3788,0.71,0,0,2,2
9787,99,2011-01-05,1,0,1,7,0,3,1,1,0.18,0.1818,0.43,0.194,1,87,88
9788,4380,2011-07-06,3,0,7,9,0,3,1,3,0.7,0.6667,0.79,0.194,31,158,189
9789,13244,2012-07-11,3,1,7,0,0,3,1,2,0.66,0.6061,0.83,0.1343,6,38,44
9790,3909,2011-06-16,2,0,6,18,0,4,1,1,0.64,0.5758,0.83,0.2239,26,299,325
9791,7689,2011-11-21,4,0,11,23,0,1,1,3,0.4,0.4091,0.87,0.1642,4,29,33
9792,6497,2011-10-03,4,0,10,6,0,1,1,2,0.36,0.3788,0.71,0,3,91,94
9793,16001,2012-11-04,4,1,11,9,0,0,0,1,0.32,0.3333,0.53,0,56,161,217
9794,8448,2011-12-23,1,0,12,15,0,5,1,1,0.38,0.3939,0.54,0.3582,12,191,203
9795,17029,2012-12-17,4,1,12,7,0,1,1,2,0.36,0.3485,0.93,0.1343,5,314,319
9796,8076,2011-12-08,4,0,12,3,0,4,1,1,0.26,0.2273,0.6,0.2985,0,1,1
9797,6965,2011-10-22,4,0,10,19,0,6,0,1,0.44,0.4394,0.67,0,47,173,220
9798,6480,2011-10-02,4,0,10,13,0,0,0,3,0.4,0.4091,0.62,0.2239,84,224,308
9799,4712,2011-07-20,3,0,7,5,0,3,1,1,0.68,0.6364,0.83,0.1045,4,19,23
9800,9821,2012-02-19,1,1,2,3,0,0,0,2,0.3,0.2879,0.36,0.2239,3,12,15
9801,13889,2012-08-06,3,1,8,21,0,1,1,1,0.74,0.697,0.7,0.194,72,245,317
9802,15327,2012-10-05,4,1,10,19,0,5,1,1,0.62,0.5909,0.73,0.1642,67,433,500
9803,2683,2011-04-26,2,0,4,16,0,2,1,1,0.7,0.6515,0.58,0.3881,40,251,291
9804,10692,2012-03-26,2,1,3,14,0,1,1,1,0.48,0.4697,0.33,0.4478,58,159,217
9805,2509,2011-04-19,2,0,4,10,0,2,1,2,0.5,0.4848,0.72,0.2239,15,60,75
9806,13642,2012-07-27,3,1,7,14,0,5,1,1,0.86,0.803,0.47,0.2985,105,221,326
9807,4315,2011-07-03,3,0,7,16,0,0,0,1,0.84,0.803,0.53,0.2985,195,219,414
9808,13810,2012-08-03,3,1,8,14,0,5,1,2,0.86,0.7879,0.44,0.2537,102,229,331
9809,10464,2012-03-17,1,1,3,2,0,6,0,2,0.44,0.4394,0.88,0,10,32,42
9810,5357,2011-08-16,3,0,8,2,0,2,1,1,0.62,0.5909,0.73,0.2239,1,3,4
9811,6640,2011-10-09,4,0,10,5,0,0,0,1,0.44,0.4394,0.88,0,1,14,15
9812,5973,2011-09-11,3,0,9,9,0,0,0,1,0.66,0.6212,0.74,0,59,168,227
9813,9437,2012-02-03,1,1,2,2,0,5,1,1,0.3,0.2879,0.52,0.2239,0,6,6
9814,3735,2011-06-09,2,0,6,12,0,4,1,1,0.92,0.8485,0.35,0.194,40,100,140
9815,10929,2012-04-05,2,1,4,12,0,4,1,1,0.44,0.4394,0.33,0,66,210,276
9816,7788,2011-11-26,4,0,11,2,0,6,0,1,0.3,0.3182,0.81,0.1045,3,20,23
9817,15821,2012-10-26,4,1,10,9,0,5,1,2,0.54,0.5152,0.88,0.1343,56,347,403
9818,1877,2011-03-23,2,0,3,23,0,3,1,3,0.32,0.3333,0.9,0,2,24,26
9819,11045,2012-04-10,2,1,4,8,0,2,1,1,0.38,0.3939,0.62,0.1343,22,670,692
9820,5263,2011-08-12,3,0,8,4,0,5,1,1,0.62,0.6212,0.53,0.1343,0,5,5
9821,8447,2011-12-23,1,0,12,14,0,5,1,1,0.4,0.4091,0.54,0.4179,23,177,200
9822,5160,2011-08-07,3,0,8,21,0,0,0,1,0.72,0.7121,0.84,0.1045,36,100,136
9823,15298,2012-10-04,4,1,10,14,0,4,1,1,0.7,0.6515,0.61,0.2537,56,211,267
9824,16574,2012-11-28,4,1,11,7,0,3,1,2,0.26,0.2576,0.56,0.194,6,403,409
9825,760,2011-02-04,1,0,2,1,0,5,1,2,0.16,0.2273,0.59,0,0,7,7
9826,5482,2011-08-21,3,0,8,7,0,0,0,1,0.68,0.6364,0.83,0.2985,12,19,31
9827,655,2011-01-30,1,0,1,14,0,0,0,1,0.28,0.303,0.61,0.0896,18,104,122
9828,5813,2011-09-04,3,0,9,15,0,0,0,1,0.78,0.7576,0.66,0.2836,218,192,410
9829,5289,2011-08-13,3,0,8,6,0,6,0,1,0.64,0.6061,0.73,0.0896,3,19,22
9830,2893,2011-05-05,2,0,5,10,0,4,1,1,0.5,0.4848,0.39,0.2836,30,98,128
9831,5637,2011-08-28,3,0,8,7,0,0,0,3,0.62,0.5758,0.83,0.3582,0,1,1
9832,9613,2012-02-10,1,1,2,11,0,5,1,2,0.28,0.2879,0.45,0.1045,19,134,153
9833,3045,2011-05-11,2,0,5,18,0,3,1,1,0.62,0.6212,0.5,0.2985,40,234,274
9834,8521,2011-12-26,1,0,12,18,1,1,0,1,0.32,0.3333,0.49,0.0896,21,54,75
9835,12549,2012-06-12,2,1,6,1,0,2,1,2,0.68,0.6364,0.65,0.1642,5,11,16
9836,12944,2012-06-28,3,1,6,12,0,4,1,1,0.84,0.7121,0.26,0.2836,49,227,276
9837,7319,2011-11-06,4,0,11,13,0,0,0,1,0.46,0.4545,0.51,0.1642,105,209,314
9838,6160,2011-09-19,3,0,9,5,0,1,1,2,0.5,0.4848,0.77,0.194,2,26,28
9839,12350,2012-06-03,2,1,6,18,0,0,0,1,0.7,0.6364,0.34,0.2537,153,343,496
9840,6023,2011-09-13,3,0,9,12,0,2,1,1,0.72,0.6667,0.58,0.2239,43,144,187
9841,5093,2011-08-05,3,0,8,2,0,5,1,1,0.66,0.6212,0.69,0,5,14,19
9842,16298,2012-11-16,4,1,11,19,0,5,1,1,0.36,0.3485,0.46,0.2239,26,306,332
9843,11743,2012-05-09,2,1,5,11,0,3,1,2,0.62,0.6212,0.59,0.2985,45,156,201
9844,1132,2011-02-19,1,0,2,21,0,6,0,1,0.32,0.2727,0.26,0.5522,4,29,33
9845,3660,2011-06-06,2,0,6,9,0,1,1,1,0.7,0.6515,0.58,0.1642,26,162,188
9846,13069,2012-07-03,3,1,7,17,0,2,1,2,0.86,0.7424,0.3,0.1642,102,620,722
9847,15665,2012-10-19,4,1,10,21,0,5,1,1,0.5,0.4848,0.77,0,17,189,206
9848,2664,2011-04-25,2,0,4,21,0,1,1,1,0.62,0.6061,0.69,0.2537,41,149,190
9849,16668,2012-12-02,4,1,12,6,0,0,0,2,0.24,0.2424,0.93,0.1343,1,15,16
9850,5379,2011-08-17,3,0,8,0,0,3,1,1,0.66,0.6212,0.69,0.0896,8,16,24
9851,9555,2012-02-08,1,1,2,1,0,3,1,1,0.28,0.2727,0.61,0.1642,1,9,10
9852,5534,2011-08-23,3,0,8,11,0,2,1,1,0.7,0.6364,0.34,0.1045,62,124,186
9853,5,2011-01-01,1,0,1,4,0,6,0,1,0.24,0.2879,0.75,0,0,1,1
9854,13554,2012-07-23,3,1,7,22,0,1,1,1,0.74,0.6818,0.62,0.194,40,169,209
9855,15712,2012-10-21,4,1,10,20,0,0,0,1,0.48,0.4697,0.44,0.194,35,160,195
9856,9976,2012-02-25,1,1,2,16,0,6,0,1,0.32,0.2727,0.26,0.5821,32,163,195
9857,11490,2012-04-28,2,1,4,22,0,6,0,2,0.36,0.3485,0.71,0.1343,17,66,83
9858,2881,2011-05-04,2,0,5,22,0,3,1,1,0.38,0.3939,0.62,0.2239,9,80,89
9859,5840,2011-09-05,3,0,9,18,1,1,0,1,0.66,0.5909,0.89,0.0896,31,92,123
9860,3382,2011-05-25,2,0,5,19,0,3,1,1,0.7,0.6515,0.61,0.1343,73,332,405
9861,9495,2012-02-05,1,1,2,12,0,0,0,2,0.26,0.2576,0.65,0.194,25,223,248
9862,10900,2012-04-04,2,1,4,7,0,3,1,2,0.44,0.4394,0.62,0,12,354,366
9863,4958,2011-07-30,3,0,7,11,0,6,0,1,0.84,0.7424,0.36,0.194,111,206,317
9864,13902,2012-08-07,3,1,8,10,0,2,1,2,0.74,0.697,0.7,0.1343,89,161,250
9865,5721,2011-08-31,3,0,8,19,0,3,1,1,0.84,0.7727,0.47,0.2537,53,393,446
9866,14019,2012-08-12,3,1,8,7,0,0,0,1,0.64,0.6061,0.65,0.1343,9,30,39
9867,943,2011-02-11,1,0,2,21,0,5,1,1,0.2,0.2121,0.59,0.1343,1,46,47
9868,3236,2011-05-19,2,0,5,17,0,4,1,1,0.56,0.5303,0.78,0.1642,60,487,547
9869,3258,2011-05-20,2,0,5,15,0,5,1,2,0.6,0.6212,0.56,0.194,74,168,242
9870,13996,2012-08-11,3,1,8,8,0,6,0,1,0.66,0.6061,0.83,0.1045,30,132,162
9871,13686,2012-07-29,3,1,7,10,0,0,0,1,0.74,0.6818,0.62,0,123,258,381
9872,8369,2011-12-20,4,0,12,8,0,2,1,2,0.42,0.4242,0.54,0.0896,10,422,432
9873,8628,2011-12-31,1,0,12,6,0,6,0,2,0.4,0.4091,0.71,0.0896,1,5,6
9874,9892,2012-02-22,1,1,2,4,0,3,1,1,0.34,0.3333,0.71,0.1642,0,2,2
9875,309,2011-01-14,1,0,1,8,0,5,1,1,0.12,0.1667,0.68,0,2,156,158
9876,1566,2011-03-10,1,0,3,16,0,4,1,3,0.42,0.4242,0,0.2537,1,20,21
9877,6728,2011-10-12,4,0,10,21,0,3,1,3,0.54,0.5152,1,0.1045,9,74,83
9878,2136,2011-04-03,2,0,4,20,0,0,0,3,0.42,0.4242,0.41,0.2239,24,55,79
9879,10899,2012-04-04,2,1,4,6,0,3,1,2,0.42,0.4242,0.58,0,6,120,126
9880,16292,2012-11-16,4,1,11,13,0,5,1,1,0.42,0.4242,0.38,0.194,52,226,278
9881,10651,2012-03-24,2,1,3,21,0,6,0,3,0.44,0.4394,1,0.194,16,88,104
9882,10674,2012-03-25,2,1,3,20,0,0,0,1,0.48,0.4697,0.77,0.2239,63,196,259
9883,15189,2012-09-30,4,1,9,1,0,0,0,1,0.5,0.4848,0.59,0,31,85,116
9884,15341,2012-10-06,4,1,10,9,0,6,0,1,0.6,0.5909,0.73,0.194,130,265,395
9885,7394,2011-11-09,4,0,11,16,0,3,1,1,0.52,0.5,0.48,0.194,24,257,281
9886,2277,2011-04-09,2,0,4,17,0,6,0,2,0.38,0.3939,0.82,0.0896,128,129,257
9887,7073,2011-10-27,4,0,10,7,0,4,1,2,0.46,0.4545,0.94,0.0896,9,128,137
9888,11380,2012-04-24,2,1,4,8,0,2,1,1,0.34,0.3182,0.61,0.2537,12,599,611
9889,16410,2012-11-21,4,1,11,11,0,3,1,1,0.4,0.4091,0.5,0.194,43,198,241
9890,2624,2011-04-24,2,0,4,5,0,0,0,1,0.5,0.4848,0.94,0.0896,5,7,12
9891,11865,2012-05-14,2,1,5,13,0,1,1,2,0.62,0.5909,0.73,0.2239,33,143,176
9892,8535,2011-12-27,1,0,12,8,0,2,1,2,0.3,0.303,0.65,0.1642,9,155,164
9893,16663,2012-12-02,4,1,12,1,0,0,0,2,0.3,0.3182,0.87,0.0896,10,84,94
9894,232,2011-01-10,1,0,1,22,0,1,1,1,0.14,0.1515,0.59,0.1642,2,22,24
9895,8372,2011-12-20,4,0,12,11,0,2,1,2,0.4,0.4091,0.62,0.1642,13,116,129
9896,17269,2012-12-27,1,1,12,9,0,4,1,1,0.26,0.2121,0.6,0.4925,6,127,133
9897,738,2011-02-03,1,0,2,2,0,4,1,1,0.18,0.1667,0.43,0.2537,0,2,2
9898,2839,2011-05-03,2,0,5,4,0,2,1,1,0.52,0.5,0.88,0.2239,3,1,4
9899,10455,2012-03-16,1,1,3,17,0,5,1,3,0.48,0.4697,0.82,0.0896,23,235,258
9900,8217,2011-12-14,4,0,12,0,0,3,1,1,0.26,0.303,0.75,0,0,22,22
9901,14652,2012-09-07,3,1,9,16,0,5,1,1,0.8,0.7576,0.55,0.2836,75,395,470
9902,10807,2012-03-31,2,1,3,9,0,6,0,2,0.4,0.4091,0.76,0.194,62,161,223
9903,11991,2012-05-19,2,1,5,19,0,6,0,1,0.7,0.6364,0.39,0.1343,203,229,432
9904,5706,2011-08-31,3,0,8,4,0,3,1,1,0.56,0.5303,0.73,0,0,5,5
9905,14067,2012-08-14,3,1,8,7,0,2,1,2,0.66,0.6061,0.83,0.0896,1,178,179
9906,9514,2012-02-06,1,1,2,8,0,1,1,1,0.16,0.1818,0.86,0.1343,10,434,444
9907,5936,2011-09-09,3,0,9,20,0,5,1,1,0.64,0.5606,0.94,0.0896,30,180,210
9908,6496,2011-10-03,4,0,10,5,0,1,1,2,0.36,0.3636,0.76,0.1045,4,17,21
9909,756,2011-02-03,1,0,2,21,0,4,1,1,0.18,0.2121,0.55,0.1045,1,53,54
9910,10145,2012-03-03,1,1,3,18,0,6,0,1,0.5,0.4848,0.25,0.2537,53,250,303
9911,16869,2012-12-10,4,1,12,15,0,1,1,2,0.5,0.4848,0.87,0.1642,29,207,236
9912,8120,2011-12-09,4,0,12,23,0,5,1,1,0.28,0.3182,0.81,0,6,88,94
9913,8993,2012-01-15,1,1,1,13,0,0,0,1,0.2,0.1818,0.34,0.2836,40,184,224
9914,15576,2012-10-16,4,1,10,4,0,2,1,1,0.42,0.4242,0.67,0.1642,0,7,7
9915,6201,2011-09-20,3,0,9,22,0,2,1,1,0.56,0.5303,0.94,0,23,125,148
9916,11766,2012-05-10,2,1,5,10,0,4,1,1,0.5,0.4848,0.51,0.4179,42,112,154
9917,70,2011-01-04,1,0,1,0,0,2,1,1,0.16,0.1818,0.55,0.1045,0,5,5
9918,5368,2011-08-16,3,0,8,13,0,2,1,1,0.76,0.6818,0.48,0.2985,45,147,192
9919,8085,2011-12-08,4,0,12,12,0,4,1,1,0.28,0.2576,0.52,0.3284,8,148,156
9920,5683,2011-08-30,3,0,8,5,0,2,1,1,0.52,0.5,0.77,0.0896,1,27,28
9921,16691,2012-12-03,4,1,12,5,0,1,1,1,0.34,0.3485,0.93,0.0896,0,38,38
9922,14872,2012-09-16,3,1,9,20,0,0,0,1,0.6,0.6212,0.53,0.1045,57,267,324
9923,1681,2011-03-15,1,0,3,15,0,2,1,2,0.38,0.3939,0.43,0.2836,24,66,90
9924,13151,2012-07-07,3,1,7,3,0,6,0,1,0.74,0.7121,0.74,0.1343,12,19,31
9925,14786,2012-09-13,3,1,9,6,0,4,1,1,0.5,0.4848,0.82,0,9,186,195
9926,9662,2012-02-12,1,1,2,12,0,0,0,1,0.14,0.0758,0.39,0.6418,7,133,140
9927,5962,2011-09-10,3,0,9,22,0,6,0,1,0.64,0.5909,0.78,0,49,126,175
9928,2604,2011-04-23,2,0,4,9,0,6,0,2,0.38,0.3939,0.94,0.2985,13,55,68
9929,7869,2011-11-29,4,0,11,12,0,2,1,3,0.42,0.4242,0.82,0.4179,1,17,18
9930,13542,2012-07-23,3,1,7,10,0,1,1,2,0.78,0.7424,0.62,0,63,137,200
9931,14361,2012-08-26,3,1,8,13,0,0,0,3,0.66,0.6061,0.78,0.4179,166,375,541
9932,11120,2012-04-13,2,1,4,12,0,5,1,1,0.5,0.4848,0.31,0,104,218,322
9933,8670,2012-01-02,1,1,1,0,1,1,0,1,0.4,0.4091,0.4,0.4627,8,31,39
9934,16806,2012-12-08,4,1,12,0,0,6,0,2,0.36,0.3636,0.93,0.0896,5,98,103
9935,2284,2011-04-10,2,0,4,0,0,0,0,2,0.38,0.3939,0.87,0.0896,5,48,53
9936,3733,2011-06-09,2,0,6,10,0,4,1,1,0.86,0.8182,0.5,0.2836,20,74,94
9937,9046,2012-01-17,1,1,1,19,0,2,1,1,0.46,0.4545,0.63,0.4179,11,297,308
9938,17024,2012-12-17,4,1,12,2,0,1,1,2,0.38,0.3939,0.94,0,1,4,5
9939,8944,2012-01-13,1,1,1,12,0,5,1,1,0.24,0.197,0.38,0.4925,14,140,154
9940,16893,2012-12-11,4,1,12,15,0,2,1,2,0.38,0.3939,0.5,0.2239,20,250,270
9941,15646,2012-10-19,4,1,10,2,0,5,1,2,0.54,0.5152,0.88,0,1,9,10
9942,12982,2012-06-30,3,1,6,2,0,6,0,2,0.64,0.5758,0.89,0,7,54,61
9943,6621,2011-10-08,4,0,10,10,0,6,0,1,0.52,0.5,0.77,0,120,217,337
9944,14759,2012-09-12,3,1,9,3,0,3,1,1,0.5,0.4848,0.77,0.0896,0,7,7
9945,5128,2011-08-06,3,0,8,13,0,6,0,2,0.8,0.7727,0.59,0.3284,176,265,441
9946,12908,2012-06-27,3,1,6,0,0,3,1,1,0.62,0.6212,0.41,0.194,15,39,54
9947,1546,2011-03-09,1,0,3,18,0,3,1,2,0.34,0.3182,0.76,0.2537,12,176,188
9948,740,2011-02-03,1,0,2,5,0,4,1,1,0.16,0.1364,0.5,0.2985,0,2,2
9949,14184,2012-08-19,3,1,8,4,0,0,0,2,0.62,0.6061,0.65,0.1642,4,22,26
9950,13662,2012-07-28,3,1,7,10,0,6,0,1,0.82,0.7727,0.52,0.2239,129,266,395
9951,6985,2011-10-23,4,0,10,15,0,0,0,1,0.52,0.5,0.52,0.1642,171,216,387
9952,6796,2011-10-15,4,0,10,17,0,6,0,1,0.58,0.5455,0.32,0.2836,177,264,441
9953,3519,2011-05-31,2,0,5,12,0,2,1,1,0.86,0.803,0.47,0.1343,37,125,162
9954,15649,2012-10-19,4,1,10,5,0,5,1,2,0.54,0.5152,0.88,0,1,35,36
9955,774,2011-02-04,1,0,2,16,0,5,1,2,0.3,0.2879,0.42,0.2239,8,91,99
9956,866,2011-02-08,1,0,2,12,0,2,1,1,0.24,0.197,0.38,0.4925,2,63,65
9957,8522,2011-12-26,1,0,12,19,1,1,0,1,0.3,0.3182,0.65,0.0896,16,49,65
9958,5201,2011-08-09,3,0,8,14,0,2,1,1,0.86,0.7879,0.44,0.2836,53,95,148
9959,14642,2012-09-07,3,1,9,6,0,5,1,1,0.62,0.5606,0.88,0.1045,5,135,140
9960,642,2011-01-30,1,0,1,0,0,0,0,1,0.16,0.1818,0.8,0.1045,0,33,33
9961,14005,2012-08-11,3,1,8,17,0,6,0,3,0.74,0.697,0.66,0.3582,220,292,512
9962,10550,2012-03-20,1,1,3,16,0,2,1,1,0.62,0.6061,0.66,0.2239,99,332,431
9963,3204,2011-05-18,2,0,5,9,0,3,1,3,0.56,0.5303,0.83,0.2537,26,176,202
9964,7289,2011-11-05,4,0,11,7,0,6,0,1,0.26,0.2424,0.6,0.2836,3,31,34
9965,5205,2011-08-09,3,0,8,18,0,2,1,1,0.8,0.7576,0.55,0.194,97,488,585
9966,9058,2012-01-18,1,1,1,7,0,3,1,1,0.32,0.2879,0.42,0.3582,1,262,263
9967,17018,2012-12-16,4,1,12,20,0,0,0,2,0.38,0.3939,0.82,0,14,108,122
9968,11744,2012-05-09,2,1,5,12,0,3,1,2,0.62,0.6212,0.57,0.2239,58,222,280
9969,6924,2011-10-21,4,0,10,2,0,5,1,1,0.38,0.3939,0.66,0.1642,6,12,18
9970,3841,2011-06-13,2,0,6,22,0,1,1,1,0.62,0.6212,0.46,0.2239,20,114,134
9971,15473,2012-10-11,4,1,10,21,0,4,1,1,0.42,0.4242,0.62,0.1343,24,236,260
9972,14794,2012-09-13,3,1,9,14,0,4,1,1,0.72,0.6515,0.39,0.1343,60,214,274
9973,13713,2012-07-30,3,1,7,13,0,1,1,1,0.8,0.7424,0.49,0.1642,57,169,226
9974,6666,2011-10-10,4,0,10,7,1,1,0,1,0.46,0.4545,0.88,0,12,102,114
9975,13857,2012-08-05,3,1,8,13,0,0,0,1,0.88,0.8182,0.44,0.4627,208,315,523
9976,16251,2012-11-14,4,1,11,20,0,3,1,1,0.3,0.3182,0.52,0.0896,15,252,267
9977,3310,2011-05-22,2,0,5,19,0,0,0,1,0.66,0.6212,0.61,0.194,107,193,300
9978,364,2011-01-16,1,0,1,15,0,0,0,1,0.26,0.2424,0.38,0.2537,35,78,113
9979,3724,2011-06-09,2,0,6,1,0,4,1,1,0.74,0.7121,0.79,0.1045,3,13,16
9980,7671,2011-11-21,4,0,11,5,0,1,1,2,0.44,0.4394,1,0,0,20,20
9981,4727,2011-07-20,3,0,7,20,0,3,1,1,0.8,0.8333,0.75,0.2239,45,264,309
9982,14509,2012-09-01,3,1,9,17,0,6,0,2,0.82,0.7727,0.52,0,205,258,463
9983,2941,2011-05-07,2,0,5,10,0,6,0,1,0.56,0.5303,0.49,0.2985,90,208,298
9984,472,2011-01-21,1,0,1,16,0,5,1,1,0.16,0.1364,0.26,0.3582,0,97,97
9985,1642,2011-03-13,1,0,3,22,0,0,0,1,0.3,0.2727,0.56,0.3284,8,29,37
9986,16303,2012-11-17,4,1,11,0,0,6,0,1,0.3,0.303,0.52,0.1642,11,95,106
9987,14961,2012-09-20,3,1,9,13,0,4,1,1,0.64,0.6212,0.44,0.1343,68,268,336
9988,13658,2012-07-28,3,1,7,6,0,6,0,1,0.7,0.6515,0.7,0.1045,10,40,50
9989,1173,2011-02-21,1,0,2,15,1,1,0,2,0.3,0.2727,0.7,0.4478,11,76,87
9990,11576,2012-05-02,2,1,5,12,0,3,1,2,0.58,0.5455,0.83,0.2239,35,210,245
9991,6086,2011-09-16,3,0,9,3,0,5,1,1,0.4,0.4091,0.71,0.2537,2,4,6
9992,9603,2012-02-10,1,1,2,1,0,5,1,2,0.28,0.303,0.61,0.0896,2,11,13
9993,15930,2012-11-01,4,1,11,10,0,4,1,3,0.36,0.3485,0.62,0.194,13,133,146
9994,11291,2012-04-20,2,1,4,15,0,5,1,1,0.64,0.6212,0.47,0.194,145,262,407
9995,3365,2011-05-25,2,0,5,2,0,3,1,2,0.56,0.5303,0.94,0,0,8,8
9996,14772,2012-09-12,3,1,9,16,0,3,1,1,0.72,0.6515,0.37,0.1642,90,419,509
9997,10250,2012-03-08,1,1,3,3,0,4,1,1,0.46,0.4545,0.63,0.3881,0,3,3
9998,1411,2011-03-04,1,0,3,1,0,5,1,2,0.18,0.1818,0.64,0.194,0,4,4
9999,15941,2012-11-01,4,1,11,21,0,4,1,2,0.38,0.3939,0.54,0.1343,29,238,267
10000,6667,2011-10-10,4,0,10,8,1,1,0,1,0.52,0.5,0.83,0,27,227,254
