row_id,Unnamed: 0,id,date,bedrooms,bathrooms,sqft_living,sqft_lot,floors,waterfront,view,condition,grade,sqft_above,sqft_basement,yr_built,yr_renovated,zipcode,lat,long,sqft_living15,sqft_lot15,price
1,735,2591820310,2014-10-06,4,2.25,2070,8893,2.0,0,0,4,8,2070,0,1986,0,98058,47.4388,-122.162,2390,7700,365000.0
2,2830,7974200820,2014-08-21,5,3.0,2900,6730,1.0,0,0,5,8,1830,1070,1977,0,98115,47.6784,-122.285,2370,6283,865000.0
3,4106,7701450110,2014-08-15,4,2.5,3770,10893,2.0,0,2,3,11,3770,0,1997,0,98006,47.5646,-122.129,3710,9685,1038000.0
4,16218,9522300010,2015-03-31,3,3.5,4560,14608,2.0,0,2,3,12,4560,0,1990,0,98034,47.6995,-122.228,4050,14226,1490000.0
5,19964,9510861140,2014-07-14,3,2.5,2550,5376,2.0,0,0,3,9,2550,0,2004,0,98052,47.6647,-122.083,2250,4050,711000.0
6,1227,1761300310,2014-08-27,4,2.0,1710,8288,1.5,0,0,3,7,1710,0,1970,0,98031,47.3947,-122.174,1710,7200,211000.0
7,18849,7732410120,2014-08-19,4,2.5,2690,8036,2.0,0,0,4,9,2690,0,1987,0,98007,47.6596,-122.144,2420,8087,790000.0
8,19369,7010701383,2014-10-17,3,2.5,1800,4400,1.0,0,0,5,7,1350,450,1970,0,98199,47.6599,-122.396,1920,4400,680000.0
9,20164,291310170,2014-08-04,3,2.5,1600,2610,2.0,0,0,3,8,1600,0,2005,0,98027,47.5344,-122.068,1445,1288,384500.0
10,7139,4232901990,2014-05-16,2,1.0,910,3600,1.0,0,0,4,7,910,0,1909,0,98119,47.6341,-122.361,1720,3600,605000.0
11,2174,6840701125,2015-04-22,3,1.0,1830,4400,1.5,0,0,4,8,1720,110,1930,0,98122,47.6052,-122.3,1650,4400,638000.0
12,13342,3971700580,2015-03-03,3,1.75,1930,14389,1.0,0,0,3,7,1130,800,1963,1998,98155,47.7733,-122.317,1730,14378,385000.0
13,15468,4202400078,2015-01-28,2,1.0,1410,7000,1.0,0,0,3,7,1410,0,1968,0,98055,47.4908,-122.223,1540,6000,175000.0
14,7662,6064800090,2015-05-07,3,2.25,1960,1985,2.0,0,0,3,7,1750,210,2003,0,98118,47.5419,-122.289,1760,1985,365000.0
15,16941,2626119028,2015-03-23,3,1.0,1140,3240,1.5,0,0,4,6,1140,0,1910,0,98014,47.7093,-121.364,1140,4700,160000.0
16,5304,3303980660,2014-06-03,4,3.75,4130,12320,2.0,0,0,3,11,4130,0,2001,0,98059,47.5194,-122.151,3690,11227,1070000.0
17,6377,862000020,2015-02-06,6,1.0,1430,20620,2.0,0,0,3,7,1430,0,1954,0,98004,47.6255,-122.209,2450,10080,800000.0
18,12319,2386000070,2014-10-29,4,3.25,4360,91158,1.0,0,0,3,10,3360,1000,1993,0,98053,47.6398,-121.985,3540,90940,795127.0
19,18835,1138000450,2014-10-16,4,1.0,1440,7215,1.5,0,0,3,7,1440,0,1969,0,98034,47.7133,-122.212,1150,7215,355000.0
20,5337,1775800420,2015-02-02,4,2.25,1960,14834,1.0,0,0,4,8,1330,630,1976,0,98072,47.7434,-122.095,1540,15000,474000.0
21,3018,2291401425,2014-09-10,5,2.0,1910,5508,1.0,0,0,3,7,1020,890,1968,0,98133,47.7074,-122.349,1030,7440,485000.0
22,1807,2025770560,2014-11-03,4,4.25,5710,24663,2.0,0,0,3,11,5710,0,2007,0,98092,47.3065,-122.158,4060,23847,930000.0
23,10110,3525069037,2014-11-20,3,2.75,2590,223027,2.0,0,0,3,9,2590,0,1983,0,98074,47.6145,-122.001,3410,212137,920000.0
24,7609,9324800450,2014-10-09,3,1.5,2790,6900,1.0,0,2,3,8,1700,1090,1955,0,98125,47.7328,-122.288,2410,8100,560000.0
25,20693,8080400136,2014-06-20,3,3.25,1530,1565,2.0,0,0,3,8,1280,250,2005,0,98122,47.6179,-122.312,1530,1381,654000.0
26,13958,8651540040,2014-07-18,3,2.25,1920,10961,2.0,0,0,3,8,1920,0,1981,0,98074,47.6432,-122.057,2000,10706,549000.0
27,8918,9407001790,2014-08-26,3,1.0,1010,10800,1.0,0,0,4,7,1010,0,1972,0,98045,47.4483,-121.773,1370,9500,290000.0
28,18059,1773101530,2014-12-18,1,1.0,520,4800,1.0,0,0,3,5,520,0,1930,0,98106,47.5533,-122.363,800,4960,275000.0
29,16118,9432900250,2015-03-09,4,2.75,2420,8438,2.0,0,0,3,8,2420,0,1997,0,98022,47.2089,-122.011,2270,8770,329990.0
30,10366,1794500695,2015-03-04,2,1.5,1110,3600,1.0,0,0,5,7,1110,0,1904,0,98119,47.6382,-122.359,1670,5400,750000.0
31,17825,2220069003,2015-02-23,3,2.75,1360,542322,1.0,0,2,4,7,1140,220,1955,0,98022,47.2069,-122.024,1700,60548,425000.0
32,14298,923000120,2015-04-08,3,1.5,2200,7620,1.0,0,0,4,7,1130,1070,1942,0,98177,47.7263,-122.363,2170,7672,515000.0
33,2152,5728000060,2014-08-01,3,1.75,1850,8823,1.0,0,0,4,8,1370,480,1973,0,98008,47.6379,-122.112,1880,7580,605000.0
34,11702,16000200,2014-10-24,3,2.25,1640,4420,2.0,0,0,4,7,1640,0,1918,1983,98002,47.311,-122.21,1230,6632,250000.0
35,12262,1926059094,2014-08-12,3,1.75,1340,10276,1.0,0,0,4,7,1340,0,1961,0,98034,47.7207,-122.222,2950,7987,330000.0
36,14585,6672900220,2015-01-12,4,2.25,2390,12292,1.0,0,0,5,9,2390,0,1962,0,98040,47.5528,-122.221,2870,12337,984000.0
37,11441,3629860060,2015-03-12,5,4.25,3920,5823,2.0,0,0,3,9,3000,920,2000,0,98029,47.5492,-122.008,3000,5297,827500.0
38,5512,1822069109,2014-09-10,3,2.5,2540,51836,1.0,0,0,4,8,1820,720,1976,0,98042,47.389,-122.088,1650,51836,485000.0
39,9757,6675500105,2014-07-29,3,2.0,1160,7217,1.0,0,0,3,7,1160,0,1969,0,98034,47.7279,-122.227,1870,9104,306000.0
40,12509,249000180,2014-12-01,4,4.25,4285,9345,2.0,0,0,3,10,4285,0,2013,0,98004,47.6332,-122.199,1570,8994,1890000.0
41,11275,226059065,2014-09-03,3,2.25,2260,54014,1.0,0,0,3,7,1450,810,1962,0,98072,47.7657,-122.131,2140,44431,514000.0
42,9526,396100110,2014-05-16,2,1.0,830,6017,1.0,0,0,4,6,830,0,1954,0,98133,47.7466,-122.334,1340,6040,282613.0
43,20145,9264450460,2014-06-03,5,2.75,2481,4045,2.0,0,0,3,8,2481,0,2014,0,98001,47.2602,-122.284,2363,4175,309000.0
44,20924,7853361210,2015-02-18,3,2.0,1650,5027,1.5,0,0,3,7,1650,0,2009,0,98065,47.515,-121.874,2430,6000,400000.0
45,15891,9474700020,2014-05-03,3,1.0,1010,9945,1.0,0,0,4,6,1010,0,1973,0,98065,47.5324,-121.763,1390,12710,310000.0
46,13804,421000455,2015-05-02,3,1.0,1360,5840,1.0,0,0,4,5,1360,0,1953,0,98056,47.4945,-122.166,1250,6708,253200.0
47,12909,3755200220,2014-07-18,4,2.0,1650,9305,1.0,0,0,4,6,1650,0,1960,0,98034,47.7183,-122.213,1860,7486,334009.0
48,10356,7960100075,2015-03-25,3,2.0,1540,3600,1.0,0,0,3,7,890,650,1994,0,98122,47.6103,-122.296,1540,3600,500000.0
49,2862,9477100490,2015-04-24,3,1.75,1510,7700,1.0,0,0,3,7,1510,0,1968,0,98034,47.7283,-122.194,1440,7416,441500.0
50,12369,9138100350,2015-02-18,4,2.0,2290,6000,1.5,0,3,5,7,2290,0,1900,0,98115,47.6807,-122.318,2000,3150,685000.0
51,13643,1624049275,2014-08-12,4,2.5,1630,5361,2.0,0,0,3,7,1630,0,1999,0,98144,47.5704,-122.294,1920,5046,327000.0
52,6036,2770606890,2014-08-07,4,1.75,1520,5250,1.0,0,0,3,6,1520,0,1949,0,98199,47.6581,-122.39,1530,5250,450000.0
53,10069,1157200189,2014-05-14,3,3.5,2100,12384,2.0,0,0,3,9,2100,0,1980,0,98188,47.4687,-122.263,2400,7776,356000.0
54,7924,2770601800,2014-10-24,3,1.75,1560,6000,1.0,0,0,3,6,780,780,1944,0,98199,47.6501,-122.384,1560,1734,525000.0
55,20062,9301300805,2014-12-15,3,2.5,1300,1590,2.0,0,0,3,8,1100,200,2014,0,98109,47.6384,-122.343,1070,1223,675000.0
56,10815,2325069032,2014-07-31,5,4.25,4720,18741,2.0,0,0,3,11,3210,1510,2005,0,98053,47.6347,-122.013,3880,37328,875000.0
57,5391,1021079099,2014-11-06,3,2.5,1990,20466,1.5,0,0,4,8,1410,580,1987,0,98010,47.3259,-121.896,1660,93393,345000.0
58,9453,7215730040,2014-05-15,4,3.0,3150,9130,2.0,0,0,3,9,3150,0,2001,0,98075,47.5974,-122.017,2970,6228,695000.0
59,5371,1853200080,2014-06-19,2,1.0,1620,9205,1.0,0,0,5,6,850,770,1921,0,98034,47.7119,-122.23,2460,5469,350000.0
60,10423,3224600340,2014-10-13,4,2.5,2790,6540,2.0,0,0,3,9,2790,0,1999,0,98074,47.6087,-122.016,2790,6270,695000.0
61,6648,3222049120,2015-01-23,4,3.0,2320,13068,2.0,0,2,3,8,2320,0,1998,0,98198,47.3497,-122.317,2220,25265,400000.0
62,8350,2113700025,2015-04-09,2,1.0,1129,3840,1.0,0,0,3,7,1129,0,1953,0,98106,47.5313,-122.351,1300,3880,330000.0
63,9672,7893207925,2014-10-22,3,1.5,1290,7100,1.0,0,0,3,6,1290,0,1954,0,98198,47.4227,-122.332,1300,7183,265000.0
64,13462,3586501085,2014-08-08,4,2.5,2290,26720,2.0,0,0,3,8,2290,0,1977,0,98177,47.7502,-122.374,2290,26720,630000.0
65,6051,8024200010,2014-10-28,2,1.0,1460,6000,1.0,0,0,2,7,1260,200,1925,0,98115,47.7009,-122.317,1580,6380,312000.0
66,4296,7116500705,2015-01-29,2,1.0,920,5889,1.0,0,0,4,6,920,0,1950,0,98002,47.3012,-122.218,1210,6180,156000.0
67,13848,1598600209,2014-10-20,6,2.5,3080,8163,1.0,0,0,3,7,1580,1500,1985,0,98030,47.3859,-122.221,1850,8658,300000.0
68,18722,7204200025,2014-10-28,4,2.5,3120,49456,2.0,1,4,4,9,2590,530,1974,1989,98198,47.3535,-122.323,2030,32181,1225000.0
69,10508,4206901505,2015-03-26,2,1.0,1120,4000,1.0,0,0,3,7,1120,0,1926,0,98105,47.6567,-122.327,1620,4000,465000.0
70,20126,2937300440,2014-09-08,4,2.5,3600,6055,2.0,0,0,3,9,3600,0,2014,0,98052,47.7053,-122.126,3590,6050,923990.0
71,7555,7205000180,2015-04-17,4,2.25,2000,10374,2.0,0,1,4,7,2000,0,1967,0,98023,47.3342,-122.34,2170,10374,320000.0
72,14358,8718500665,2014-07-24,3,1.0,1610,11250,1.0,0,0,3,7,1090,520,1975,0,98028,47.7391,-122.256,2040,10692,375000.0
73,9003,5318101765,2014-06-02,3,1.75,1670,5400,2.0,0,0,5,8,1670,0,1912,0,98112,47.635,-122.284,2100,5400,985000.0
74,6385,4122700020,2014-07-10,5,2.0,2310,13430,1.5,0,0,4,8,2310,0,1966,0,98004,47.6395,-122.203,2810,13906,850000.0
75,4954,8078700020,2014-06-03,3,2.25,1800,43647,1.0,0,0,4,8,1800,0,1976,0,98072,47.7757,-122.132,2480,25608,474900.0
76,5214,3303980680,2015-02-28,4,3.5,3430,13609,2.0,0,0,3,11,3430,0,2001,0,98059,47.5196,-122.151,3880,11614,997000.0
77,20257,8924100372,2015-04-23,4,3.5,3590,5334,2.0,0,2,3,9,3140,450,2006,0,98115,47.6763,-122.267,2100,6250,1302000.0
78,12626,2781270210,2015-02-24,2,2.0,1180,3003,2.0,0,0,3,6,1180,0,2005,0,98038,47.3491,-122.02,1310,3003,209900.0
79,13244,519000043,2014-07-14,3,2.5,1640,3804,2.0,0,0,3,8,1640,0,1998,0,98122,47.6103,-122.3,1440,3230,602000.0
80,10385,3225069301,2014-06-12,4,2.5,5730,44947,2.0,0,4,3,11,4280,1450,1991,0,98074,47.6052,-122.064,3310,17628,1228000.0
81,2752,151000075,2015-02-06,3,2.5,2160,3920,2.0,0,0,3,9,2160,0,2014,0,98116,47.5762,-122.415,1500,4920,856000.0
82,16849,2297400020,2014-09-02,3,2.25,1790,7125,1.0,0,0,3,7,1220,570,1974,0,98034,47.7184,-122.226,2040,7950,392000.0
83,12618,6617500085,2015-04-22,4,2.5,2900,5760,1.0,0,0,4,8,1660,1240,1959,0,98118,47.55,-122.272,2250,6098,500000.0
84,18391,104510180,2015-02-11,3,2.25,1500,7210,1.0,0,0,3,7,1150,350,1984,0,98023,47.3124,-122.352,1500,7210,230000.0
85,10460,3528900060,2014-06-26,3,2.5,2490,4000,2.0,0,0,5,8,1670,820,1918,0,98109,47.6403,-122.35,2310,4000,1145000.0
86,14653,3345100286,2015-02-19,4,2.5,3270,24750,1.0,0,0,4,8,1690,1580,1979,0,98056,47.5221,-122.178,1520,13480,560000.0
87,6909,1226039130,2014-10-09,3,2.25,1980,7200,1.0,0,0,3,8,1300,680,1964,0,98177,47.7625,-122.36,1820,8250,355000.0
88,13438,8712100720,2014-08-15,3,2.0,2090,5015,1.5,0,0,5,7,2090,0,1920,0,98112,47.6378,-122.301,1930,4250,785000.0
89,6969,3037200010,2015-03-05,2,2.25,1180,2090,2.0,0,0,3,7,1180,0,2004,0,98122,47.6032,-122.31,1550,2812,447500.0
90,14858,3626039268,2014-05-16,1,1.0,1140,6700,1.5,0,0,3,7,1140,0,1920,0,98103,47.6958,-122.357,1350,6700,540000.0
91,19159,104510230,2014-11-19,3,2.0,1540,7210,2.0,0,0,4,7,1540,0,1984,0,98023,47.3128,-122.351,1500,7210,252000.0
92,11937,5112800060,2014-06-06,4,1.75,2050,94525,1.0,0,0,4,7,1250,800,1959,0,98058,47.4492,-122.084,2270,47480,455000.0
93,15473,6072400280,2014-06-19,4,2.5,2270,9247,1.0,0,0,5,8,1500,770,1972,0,98006,47.5602,-122.176,2270,9163,619850.0
94,2084,5317100570,2014-12-15,3,2.5,2070,4944,2.0,0,0,3,9,2070,0,1930,0,98112,47.6256,-122.284,3300,6179,1250000.0
95,20980,9528102993,2014-12-29,3,1.5,1580,1228,3.0,0,0,3,8,1580,0,2014,0,98115,47.6765,-122.32,1580,3605,495000.0
96,3559,2919201095,2015-03-27,3,1.0,1270,3840,1.5,0,0,3,7,1270,0,1926,0,98103,47.6896,-122.357,1270,4175,540000.0
97,6844,6181400920,2015-04-30,3,2.5,1830,4997,2.0,0,0,3,7,1830,0,2004,0,98001,47.3035,-122.283,2488,4998,286651.0
98,5937,185000161,2014-10-15,3,1.0,1780,7800,1.0,0,0,3,7,1060,720,1957,0,98178,47.4932,-122.263,1450,7800,261000.0
99,6797,8691400010,2015-03-27,4,3.25,3330,7809,2.0,0,0,3,9,3330,0,2004,0,98075,47.5977,-121.976,3100,6465,830000.0
100,19093,3345700165,2014-12-02,3,2.25,2530,27227,2.0,0,0,3,8,2530,0,1987,0,98056,47.527,-122.193,2160,30192,450000.0
101,2386,6151800486,2014-07-18,2,1.0,1270,19602,1.0,0,0,3,6,1270,0,1977,0,98010,47.3375,-122.048,1270,17699,260000.0
102,6355,4340000080,2015-03-27,4,3.5,2820,7809,2.0,0,0,3,10,2820,0,1995,0,98004,47.622,-122.195,2630,7904,1450000.0
103,14984,4136960010,2015-03-27,5,3.5,3480,12821,2.0,0,2,3,10,2890,590,2004,0,98092,47.2641,-122.215,3400,9870,480000.0
104,2325,3634100030,2015-01-09,4,2.0,1830,5220,1.5,0,0,3,7,1830,0,1951,0,98118,47.5331,-122.278,1760,5757,270000.0
105,15694,1624059224,2014-06-18,4,3.5,4680,9700,2.0,0,0,3,10,3360,1320,2005,0,98006,47.5703,-122.165,2800,12343,1160000.0
106,8937,2788400090,2014-08-07,3,1.0,1700,7700,1.0,0,0,3,7,1120,580,1960,0,98168,47.5114,-122.318,1700,8800,250000.0
107,8288,9828200762,2014-06-28,2,1.0,1050,2542,1.0,0,0,3,7,880,170,1904,0,98122,47.6172,-122.298,1620,1809,650000.0
108,5252,7524400250,2014-11-24,3,2.0,2080,12094,2.0,0,0,4,8,2080,0,1982,0,98052,47.7035,-122.164,2230,12204,589950.0
109,16349,3528000290,2014-06-09,4,2.5,2610,33206,2.0,0,0,3,10,2610,0,1988,0,98053,47.6662,-122.057,2870,28295,743700.0
110,9414,5700003630,2014-06-30,5,4.25,4830,8050,2.5,0,2,4,11,3710,1120,1914,0,98144,47.5789,-122.286,4470,9194,1925000.0
111,19314,2720069019,2014-11-03,3,1.75,1120,98445,1.5,0,2,4,7,1120,0,1917,0,98022,47.1853,-122.017,1620,34200,316000.0
112,1453,7227501170,2014-06-26,4,2.0,1330,5926,1.0,0,0,4,5,1330,0,1942,0,98056,47.496,-122.19,1150,5485,235867.0
113,4489,2397101270,2015-01-26,3,2.0,1420,3600,1.5,0,0,4,7,1420,0,1904,0,98119,47.6367,-122.364,1250,3600,716000.0
114,18636,6792100090,2014-09-14,4,2.5,2620,10489,2.0,0,0,3,9,2620,0,1990,0,98052,47.6732,-122.143,2430,7701,683000.0
115,3147,2770602265,2015-02-24,3,2.0,1430,4200,1.0,0,0,4,7,830,600,1908,0,98199,47.6462,-122.384,1540,5000,345000.0
116,8149,3971700937,2014-08-27,3,1.75,1260,7500,1.0,0,0,3,6,840,420,1947,0,98155,47.772,-122.323,1340,7500,270000.0
117,14759,422049203,2014-10-24,3,1.5,1330,6540,1.0,0,0,3,7,900,430,1971,0,98188,47.4239,-122.292,1400,11500,239000.0
118,2687,3076500830,2014-10-29,1,1.0,710,6000,1.5,0,0,3,6,710,0,2015,0,98144,47.5756,-122.316,1440,4800,385195.0
119,2714,1423400260,2015-04-02,3,1.75,2050,9045,2.0,0,0,4,6,2050,0,1959,0,98058,47.4572,-122.18,1200,9045,273000.0
120,4982,9161100795,2015-05-06,3,1.0,1240,5758,1.5,0,0,4,6,960,280,1910,0,98116,47.5675,-122.396,1460,5750,476900.0
121,13359,3126049052,2015-03-18,4,1.75,2040,6348,1.0,0,0,3,7,1020,1020,1962,0,98103,47.6964,-122.336,1770,5047,551000.0
122,3125,5100401468,2014-07-15,2,1.0,1110,5413,1.0,0,0,3,6,890,220,1937,0,98115,47.6925,-122.32,1300,5413,448000.0
123,6253,514500235,2014-10-20,3,1.5,1040,10323,1.0,0,0,4,7,1040,0,1958,0,98005,47.5882,-122.155,1580,7200,411100.0
124,16556,1423200170,2014-06-12,2,1.0,910,9869,1.0,0,0,3,6,910,0,1957,0,98058,47.4572,-122.184,1480,9750,223000.0
125,11893,1402100070,2014-08-01,5,3.0,2240,19090,1.0,0,0,4,8,1700,540,1968,0,98058,47.4416,-122.149,2280,20000,335500.0
126,6052,624110020,2014-09-25,3,3.0,3460,13129,2.0,0,0,3,9,2560,900,1988,0,98077,47.7315,-122.058,3460,12568,730000.0
127,9400,2407000145,2015-01-20,3,1.0,1140,8775,1.0,0,0,3,6,990,150,1942,0,98146,47.4824,-122.336,1300,8775,197200.0
128,17385,1890000225,2014-06-20,6,1.75,2380,4080,2.0,0,0,3,8,2380,0,1917,0,98105,47.6629,-122.325,2030,4080,725000.0
129,2171,1320069271,2014-06-12,3,2.0,2080,11375,1.0,0,0,3,8,2080,0,2002,0,98022,47.214,-121.993,1080,12899,342500.0
130,13585,5490700085,2014-09-11,5,2.0,1750,8220,1.0,0,0,3,7,1750,0,1956,0,98155,47.7694,-122.321,1210,6760,340000.0
131,13809,263000155,2014-05-05,3,2.0,1410,6030,1.5,0,0,4,7,1410,0,1930,0,98103,47.6994,-122.347,1410,6300,418000.0
132,8354,3726800201,2015-04-17,3,1.75,2160,4000,1.0,0,0,3,7,1080,1080,1953,0,98144,47.5721,-122.309,1260,3200,410000.0
133,9912,5153200358,2014-10-29,5,1.75,2460,16000,1.0,0,0,3,7,1230,1230,1957,0,98023,47.3305,-122.351,1990,16000,240000.0
134,21431,2725079018,2014-05-09,4,3.25,3540,159430,2.0,0,0,3,9,3540,0,2007,0,98014,47.6285,-121.899,1940,392040,800000.0
135,20735,7165700200,2014-06-05,3,3.0,1390,1080,2.0,0,0,3,7,1140,250,2006,0,98118,47.5323,-122.281,1450,1081,275000.0
136,6729,9429000170,2015-03-26,4,2.5,2410,7950,2.0,0,0,3,8,2410,0,1997,0,98034,47.7185,-122.226,1920,7713,617950.0
137,554,8718500075,2014-11-17,3,1.5,1300,8280,1.0,0,0,5,7,1300,0,1956,0,98028,47.7403,-122.256,1570,8692,396000.0
138,21215,1760650950,2015-04-23,3,2.5,1950,3825,2.0,0,0,3,7,1950,0,2013,0,98042,47.3588,-122.082,1950,3825,309000.0
139,13593,1068000559,2014-10-03,4,1.75,3720,8448,1.0,0,3,4,9,1960,1760,1947,0,98199,47.6425,-122.406,2540,7064,1275000.0
140,5848,4113800500,2015-02-12,3,2.5,2490,7589,2.0,0,0,3,9,2490,0,1991,0,98056,47.5355,-122.179,2500,10386,572500.0
141,15448,4077800507,2014-08-21,4,3.0,2120,5520,1.5,0,0,3,8,1420,700,1985,0,98125,47.7085,-122.286,2020,8700,518500.0
142,6672,2725069150,2014-08-17,3,2.5,2830,9680,2.0,0,0,3,10,2830,0,1991,0,98074,47.6249,-122.024,2970,8691,710000.0
143,14106,4008400035,2014-10-15,5,3.25,4410,58157,2.0,0,0,4,9,2330,2080,2001,0,98058,47.4395,-122.111,2460,42565,600000.0
144,10534,7016310270,2015-04-10,4,2.5,2220,7210,1.0,0,0,3,7,1270,950,1973,0,98011,47.7428,-122.183,2220,7313,467000.0
145,44,1432701230,2014-07-29,3,1.0,1280,9656,1.0,0,0,4,6,920,360,1959,0,98058,47.4485,-122.175,1340,8808,309000.0
146,20547,3278606050,2015-04-01,3,3.5,1710,2212,2.0,0,0,3,7,1400,310,2013,0,98126,47.5459,-122.368,1580,2212,362500.0
147,1765,2473350710,2014-10-27,4,1.75,2330,8364,1.0,0,0,4,8,2330,0,1968,0,98058,47.4568,-122.146,2180,9630,390000.0
148,11717,2185000685,2014-11-24,2,1.0,840,4200,1.0,0,0,3,5,840,0,1938,0,98108,47.5292,-122.316,830,5000,208417.0
149,3334,7792000025,2015-02-11,3,1.0,3180,27586,1.0,0,0,3,8,1400,1780,1969,0,98022,47.1986,-121.967,2180,27586,340000.0
150,7201,6868200029,2014-09-29,3,1.75,2260,8512,1.0,0,0,3,7,1130,1130,1948,0,98125,47.7129,-122.304,2240,8040,467500.0
151,13412,624069003,2015-01-02,4,2.75,2970,59677,1.0,0,2,4,8,1610,1360,1973,0,98075,47.5953,-122.08,2930,42489,829000.0
152,17494,7431500280,2014-11-10,4,3.0,3060,50002,1.0,0,2,4,8,2460,600,1957,0,98008,47.6205,-122.096,2740,16181,959750.0
153,12838,3296000040,2014-09-23,3,2.5,1990,15985,1.0,0,0,3,8,1540,450,1964,0,98007,47.6205,-122.141,2470,10125,542000.0
154,13071,1118001215,2015-02-04,3,2.5,3420,8700,1.0,0,0,3,9,2890,530,1951,0,98112,47.6352,-122.29,3370,8700,2250000.0
155,7834,6453900040,2014-07-14,5,2.5,2990,7500,1.0,0,2,3,9,1800,1190,1972,0,98177,47.7707,-122.369,2800,9860,575000.0
156,17672,333100209,2015-03-18,3,1.75,2330,16300,2.0,0,0,3,9,2330,0,1964,0,98034,47.7037,-122.24,2330,16300,690000.0
157,8803,34001765,2015-03-25,3,3.25,2230,5460,1.0,0,1,4,8,1430,800,1977,0,98136,47.53,-122.388,2070,5600,699950.0
158,3910,8946700100,2014-12-08,4,2.5,2720,7043,2.0,0,0,3,9,2720,0,2003,0,98092,47.3315,-122.169,2640,6958,408500.0
159,12862,5561401210,2015-01-08,4,3.0,3680,35736,1.5,0,0,4,8,2320,1360,1970,0,98027,47.4703,-122.015,3210,39512,595000.0
160,15908,6671900095,2014-05-27,3,1.75,1320,6205,1.0,0,0,5,7,1320,0,1948,0,98133,47.7412,-122.343,1210,6205,313000.0
161,6067,3275850020,2015-04-13,4,2.5,2590,8571,2.0,0,0,3,9,2590,0,1988,0,98052,47.691,-122.105,2360,8155,781000.0
162,4325,3876300600,2014-12-12,4,1.75,1610,11305,1.0,0,0,3,7,1610,0,1968,0,98034,47.727,-122.176,1870,11850,371000.0
163,17218,1450900020,2014-10-03,3,2.0,1610,8416,1.0,0,0,3,7,1610,0,1994,0,98031,47.397,-122.187,1600,8308,268000.0
164,21307,8562780280,2015-02-20,2,2.25,1240,720,2.0,0,0,3,7,1150,90,2008,0,98027,47.5322,-122.072,1260,810,331000.0
165,20015,7663700973,2014-05-22,3,2.25,1347,1292,3.0,0,0,3,7,1347,0,2010,0,98125,47.7306,-122.291,1480,1865,321000.0
166,1901,2126049032,2014-09-05,3,1.75,1330,9417,1.0,0,0,5,6,710,620,1936,0,98125,47.7231,-122.301,1690,7937,375000.0
167,11066,1823059159,2015-05-06,2,1.0,850,5000,1.0,0,0,3,5,850,0,1907,0,98055,47.4874,-122.207,910,4815,298000.0
168,8497,3438503426,2015-04-06,3,1.5,970,5488,1.0,0,0,3,7,970,0,1976,0,98106,47.5366,-122.359,1040,5488,209500.0
169,4847,9297301495,2015-02-03,3,2.5,2160,3738,2.0,0,0,3,8,2160,0,1994,0,98126,47.5661,-122.375,1500,4000,440000.0
170,4110,7140700850,2015-03-26,4,2.5,2560,5428,2.0,0,0,3,8,2560,0,2012,0,98042,47.3835,-122.095,2620,5428,350000.0
171,1870,7942601805,2014-09-11,3,2.5,2340,3630,2.0,0,0,3,9,2340,0,1998,0,98122,47.6059,-122.307,1820,5120,618000.0
172,11430,2555900030,2014-11-07,3,1.0,1520,8870,1.5,0,0,4,7,1520,0,1951,0,98155,47.7638,-122.317,1520,7800,320000.0
173,14591,2887970040,2015-04-08,2,2.5,1720,3132,2.0,0,0,3,8,1720,0,1999,0,98042,47.3728,-122.157,1740,4220,234950.0
174,16615,7419700010,2014-07-07,5,2.0,2800,17788,1.0,0,0,4,8,1400,1400,1963,0,98033,47.6719,-122.163,1760,18282,665000.0
175,19186,2239000011,2015-01-27,4,2.0,1530,7816,1.0,0,0,3,7,1530,0,1955,0,98133,47.7309,-122.332,1480,7816,500000.0
176,5513,9283800050,2014-08-19,2,1.5,1750,19709,1.5,0,0,4,8,1440,310,1978,0,98010,47.3351,-122.044,1950,21075,575000.0
177,7571,9407001340,2014-05-22,3,2.0,1110,10500,1.0,0,0,5,7,1110,0,1978,0,98045,47.4456,-121.773,1230,10395,320000.0
178,10835,217500140,2014-05-13,5,2.5,3400,8970,1.0,0,0,4,8,1700,1700,1959,0,98133,47.7358,-122.335,1890,8475,464000.0
179,11178,7212660520,2015-03-26,4,2.0,1600,6861,1.0,0,0,3,7,1600,0,1994,0,98003,47.2701,-122.313,1870,7455,280000.0
180,2350,3298201170,2014-11-10,3,1.0,940,7811,1.0,0,0,3,6,940,0,1959,0,98008,47.6195,-122.118,1180,7490,350000.0
181,20756,3057000400,2014-07-08,2,1.5,1090,2686,2.0,0,0,3,7,1090,0,1982,0,98034,47.717,-122.19,1160,2158,249000.0
182,606,6865200444,2014-05-05,2,3.0,1270,1175,2.0,0,0,3,8,1110,160,2000,0,98103,47.6634,-122.34,1290,1800,531000.0
183,1201,6071600340,2014-11-13,3,2.25,1840,8400,1.0,0,0,3,8,1290,550,1961,0,98006,47.5497,-122.172,2110,8400,472800.0
184,6914,6821600005,2015-04-03,4,1.75,2120,5400,1.0,0,0,4,8,1060,1060,1941,0,98199,47.6501,-122.395,2052,6000,710000.0
185,17938,1235100371,2014-07-17,5,2.75,3550,9600,2.0,0,0,3,7,3550,0,1960,0,98033,47.6766,-122.186,3370,9600,580000.0
186,2561,7796450340,2014-12-05,4,2.5,2980,5674,2.0,0,0,3,8,2980,0,2003,0,98023,47.277,-122.347,2610,5495,330000.0
187,13043,3603000410,2014-12-08,2,1.0,730,6000,1.0,0,0,3,6,730,0,1950,1985,98198,47.3832,-122.3,1750,7200,174950.0
188,5714,9297300255,2014-07-16,3,3.0,2110,4000,1.0,0,2,4,7,1110,1000,1965,0,98126,47.5696,-122.375,1730,4000,565000.0
189,2851,9126100850,2014-11-20,5,2.0,2280,3600,2.0,0,0,3,7,2280,0,1992,0,98122,47.6056,-122.305,1740,1800,534000.0
190,6473,2770601462,2015-04-23,3,2.5,1810,1750,2.0,0,0,3,7,1350,460,1997,0,98199,47.6513,-122.386,1640,1563,503500.0
191,8432,2599001500,2014-07-12,3,1.75,1420,7920,1.0,0,0,4,7,1420,0,1962,0,98092,47.2931,-122.188,1420,7920,235000.0
192,16423,1102000095,2014-08-05,4,2.5,3220,5120,2.0,0,0,3,9,2420,800,2000,0,98118,47.5434,-122.27,1770,7680,558000.0
193,11498,1853080640,2014-05-14,5,4.5,3810,8019,2.0,0,0,3,10,3810,0,2008,0,98074,47.5915,-122.058,3390,7713,966000.0
194,5160,9551201585,2014-07-01,6,2.75,2630,9420,2.0,0,0,5,9,2510,120,1900,0,98103,47.6695,-122.337,1540,4969,1297000.0
195,10154,3438500796,2015-04-30,3,1.5,1060,6954,1.0,0,0,4,6,1060,0,1983,0,98106,47.5497,-122.355,1560,6372,310000.0
196,3468,7518504291,2014-12-15,2,1.0,1520,3360,1.0,0,0,4,7,830,690,1927,0,98117,47.6815,-122.382,1470,3774,535000.0
197,11892,9269200340,2015-04-23,4,1.75,1970,5160,1.5,0,0,3,7,1970,0,1942,0,98126,47.534,-122.373,1230,4920,432000.0
198,16430,715010130,2015-02-02,6,4.25,5860,13928,2.0,0,3,3,10,4150,1710,2013,0,98006,47.5382,-122.114,5790,13928,1750000.0
199,18405,1982201485,2014-05-12,4,3.0,2400,3340,1.0,0,0,4,7,1200,1200,1964,0,98107,47.6646,-122.365,1520,3758,675000.0
200,5048,9526500080,2014-07-29,4,2.0,1590,8779,1.0,0,0,3,8,1590,0,2001,0,98019,47.7408,-121.974,2090,9600,337000.0
201,14584,9277200180,2015-04-20,3,1.0,1410,5000,1.0,0,0,3,6,980,430,1925,0,98116,47.5769,-122.397,1410,5000,410000.0
202,15784,6669150280,2015-04-14,4,2.5,2130,9653,1.0,0,0,3,7,1500,630,1978,0,98031,47.4068,-122.175,2000,7988,320000.0
203,18769,8917100153,2014-09-10,4,2.5,2370,15200,1.0,0,0,3,8,1660,710,1975,0,98052,47.6295,-122.089,2360,13879,585000.0
204,2020,3760500516,2014-07-24,5,4.0,3600,14720,1.0,0,2,5,8,1800,1800,1960,0,98034,47.7022,-122.227,3600,15358,835000.0
205,563,2725069050,2014-06-13,4,2.5,4120,22370,2.0,0,0,3,10,4120,0,1997,0,98074,47.6239,-122.023,3180,7257,863000.0
206,5357,3332000091,2015-02-24,3,1.0,1190,4120,1.0,0,0,3,6,1190,0,1929,0,98118,47.5513,-122.272,1360,4635,320000.0
207,21133,8562770080,2014-10-30,3,3.25,2440,2812,2.0,0,0,3,8,1710,730,2005,0,98027,47.5362,-122.072,2440,2836,613000.0
208,15963,8151601190,2014-12-03,5,1.0,1460,11726,1.5,0,0,3,6,1290,170,1936,0,98146,47.5039,-122.361,1460,10450,180000.0
209,383,8563040160,2015-01-21,4,2.25,2550,7800,1.0,0,0,3,8,1580,970,1968,0,98052,47.6283,-122.095,2420,8050,560000.0
210,5412,240000269,2015-01-24,4,4.5,4060,10800,2.0,0,0,3,10,4060,0,2007,0,98188,47.4241,-122.29,1830,9768,530000.0
211,812,4307350200,2015-05-12,3,2.5,1680,4308,2.0,0,0,3,7,1680,0,2004,0,98056,47.4802,-122.179,2160,4182,347000.0
212,8063,1311910300,2015-02-04,5,2.25,2320,6375,1.0,0,0,4,7,1270,1050,1967,0,98001,47.3351,-122.282,1760,7600,260000.0
213,11746,3574900030,2015-03-27,4,2.5,2200,9099,2.0,0,0,3,8,2200,0,1994,0,98034,47.733,-122.225,2270,8900,585000.0
214,11976,7853230570,2014-09-15,3,2.5,2230,5800,2.0,0,0,3,7,2230,0,2004,0,98065,47.5308,-121.847,2230,6088,440000.0
215,7134,320069049,2014-05-14,4,1.5,1590,131551,1.0,0,3,4,7,1590,0,1966,0,98022,47.2558,-122.024,2280,108028,305000.0
216,4821,9839301060,2015-04-06,3,1.75,1740,4400,1.5,0,0,3,8,1740,0,1903,0,98122,47.6115,-122.292,1740,4400,650500.0
217,18177,7011201333,2014-09-17,3,3.25,1290,1230,2.0,0,2,3,9,1090,200,2008,0,98119,47.6367,-122.37,1710,1797,590000.0
218,7719,2781320100,2015-03-09,3,1.75,1670,24650,1.0,0,0,4,7,1670,0,1974,0,98022,47.1764,-122.026,1810,19465,245000.0
219,4949,3421069120,2015-02-19,3,2.75,3360,41250,1.0,0,0,4,7,1820,1540,1988,0,98022,47.2604,-122.023,2580,98881,329999.0
220,1427,7852030320,2015-02-17,3,2.5,2620,4874,2.0,0,0,3,7,2620,0,1999,0,98065,47.5328,-121.879,2360,4231,470000.0
221,14030,5316101075,2014-09-26,7,3.0,5350,14400,2.5,0,0,4,10,5020,330,1910,0,98112,47.6295,-122.285,3050,7469,2885000.0
222,4043,5309100750,2015-01-23,3,1.75,1460,2800,2.0,0,0,3,7,1460,0,1928,0,98117,47.6779,-122.371,1220,4062,580000.0
223,12521,629000730,2014-05-28,3,1.75,1490,9800,1.0,0,0,4,7,1140,350,1947,0,98004,47.584,-122.198,2310,9800,745000.0
224,16558,511700170,2015-05-05,4,2.25,1780,10416,1.0,0,0,5,7,1060,720,1963,0,98055,47.4414,-122.189,1780,9975,350000.0
225,1475,1562100030,2014-09-10,4,1.75,1730,7980,1.0,0,0,4,8,1730,0,1965,0,98007,47.6219,-122.138,2080,8400,515000.0
226,13713,2489200230,2015-03-11,4,2.0,2000,8317,1.5,0,0,4,8,2000,0,1917,0,98126,47.5394,-122.379,1390,6001,756100.0
227,9898,524069116,2014-06-02,3,2.0,1750,15500,1.0,0,0,3,7,1490,260,1982,0,98075,47.5887,-122.065,2450,50094,472500.0
228,1595,5315100737,2014-05-28,6,2.75,2300,24773,1.5,0,0,4,9,2300,0,1950,1985,98040,47.5833,-122.242,2720,11740,900000.0
229,5211,1868900675,2014-09-12,4,2.75,2640,4000,2.0,0,0,5,8,1730,910,1925,0,98115,47.6727,-122.297,1530,3740,895000.0
230,21436,1608000120,2015-02-02,3,2.5,2555,5720,2.0,0,0,3,8,2555,0,2006,0,98031,47.386,-122.184,2844,5769,255000.0
231,11881,705700240,2015-02-18,4,2.5,2320,10079,2.0,0,0,3,7,2320,0,1994,0,98038,47.3828,-122.026,2010,7438,380000.0
232,18847,7575600610,2015-02-09,3,2.5,1660,5250,2.0,0,0,4,8,1660,0,1988,0,98003,47.3541,-122.3,1630,5505,265000.0
233,3073,1778500015,2014-10-16,3,1.5,1940,4000,1.5,0,0,3,8,1310,630,1915,0,98112,47.6205,-122.291,1940,4000,728000.0
234,10747,5423500240,2014-06-24,3,1.0,1050,7577,1.0,0,0,3,7,1050,0,1983,0,98023,47.2891,-122.357,1430,7245,194000.0
235,4191,6713700025,2014-05-15,3,1.0,1220,13000,1.0,0,0,4,7,1220,0,1955,0,98133,47.7608,-122.353,1510,12600,300000.0
236,3844,2734100734,2014-10-15,3,3.5,1540,1427,2.0,0,0,3,7,1360,180,2007,0,98109,47.542,-122.322,1220,4000,216650.0
237,21087,301402280,2015-03-31,2,2.25,1061,2884,2.0,0,0,3,7,1061,0,2013,0,98002,47.346,-122.218,1481,2887,223990.0
238,13173,2113700205,2014-07-03,4,1.0,1200,6000,1.5,0,0,3,6,1200,0,1923,0,98106,47.5307,-122.352,950,4000,220000.0
239,2864,4114601570,2014-11-18,3,3.25,5020,12431,2.0,1,4,3,10,3420,1600,1941,2002,98144,47.5925,-122.287,3680,12620,3600000.0
240,18762,3332000615,2014-10-20,3,1.0,1330,3740,1.5,0,0,3,6,1330,0,1903,0,98118,47.5502,-122.274,1330,5053,310000.0
241,8141,3630050180,2014-09-26,2,1.75,1230,1107,2.0,0,0,3,8,1230,0,2006,0,98029,47.5475,-121.999,1380,1107,360000.0
242,11250,6852700520,2015-04-06,2,2.5,1390,1132,2.0,0,0,3,8,1130,260,2006,0,98102,47.6228,-122.319,1400,1237,635000.0
243,7337,6870310010,2014-07-02,4,3.5,2500,3080,2.0,0,0,3,8,1810,690,2008,0,98052,47.6749,-122.14,2060,3295,599950.0
244,8239,6163900981,2014-05-28,3,1.0,1180,5002,1.5,0,0,3,7,1180,0,1946,0,98155,47.7529,-122.324,1470,8410,220000.0
245,12937,393000142,2014-12-11,4,2.5,2070,8658,2.0,0,0,3,8,2070,0,1999,0,98178,47.5072,-122.257,2010,7215,372000.0
246,4894,1771100130,2015-03-16,3,1.5,1190,11996,1.0,0,0,4,7,1190,0,1969,0,98077,47.7561,-122.071,1190,9756,332900.0
247,423,1442860160,2015-01-07,3,2.5,2280,10255,2.0,0,0,4,8,2280,0,1985,0,98058,47.4334,-122.161,2310,10094,380000.0
248,12281,9191200435,2014-11-13,4,1.75,1450,3750,1.0,0,0,4,7,950,500,1925,0,98105,47.6706,-122.3,1850,4000,471000.0
249,2308,6788200800,2015-05-07,4,2.75,2850,3000,2.5,0,0,3,9,2530,320,2003,0,98112,47.6406,-122.304,2083,4500,1185000.0
250,341,1115300070,2014-11-06,4,3.5,3040,8414,2.0,0,0,3,9,2420,620,2010,0,98059,47.5222,-122.157,3470,8066,684000.0
251,11711,3176600105,2014-08-13,3,2.25,2250,5301,2.0,0,0,4,8,1510,740,1975,0,98115,47.6741,-122.271,2240,7200,750000.0
252,15174,2770604665,2015-02-02,2,1.5,1670,6000,1.0,0,0,3,7,1090,580,1950,0,98119,47.6517,-122.374,1670,6000,612125.0
253,12964,5469500580,2015-02-03,3,1.75,2290,19000,1.0,0,0,4,9,1650,640,1973,0,98042,47.3837,-122.158,2900,13034,455500.0
254,6039,5680000545,2014-12-03,4,2.0,1750,5202,1.0,0,1,4,6,1070,680,1942,0,98108,47.5677,-122.317,2090,5400,330000.0
255,4202,3424089119,2015-05-01,3,2.5,3240,60840,2.0,0,0,3,7,3240,0,1997,0,98045,47.5192,-121.764,2570,204732,654000.0
256,7841,1328300180,2014-05-09,4,2.75,1970,7213,1.0,0,0,3,8,1170,800,1977,0,98058,47.4424,-122.126,1980,7045,323000.0
257,19921,1773100922,2014-12-08,3,3.25,1480,983,2.0,0,0,3,8,1180,300,2013,0,98106,47.5555,-122.363,1330,1062,315000.0
258,15807,4123830480,2014-06-10,4,2.75,1940,6555,2.0,0,0,3,8,1940,0,1990,0,98038,47.3701,-122.041,1840,6912,392000.0
259,15932,9808610190,2014-05-09,4,2.5,2830,20345,2.0,0,0,3,10,1980,850,1979,0,98004,47.6462,-122.191,2830,13732,782000.0
260,2725,4250200140,2015-02-19,4,2.5,1890,5954,2.0,0,0,3,7,1890,0,2004,0,98092,47.3293,-122.194,2030,5880,298500.0
261,6508,4217402115,2015-04-21,6,4.75,5480,19401,1.5,1,4,5,11,3910,1570,1936,0,98105,47.6515,-122.277,3510,15810,3650000.0
262,20806,3831250350,2015-04-08,3,2.5,2185,6042,2.0,0,0,3,9,2185,0,2009,0,98030,47.3573,-122.202,2297,5876,374000.0
263,18896,2397101055,2014-08-12,3,2.25,1950,3600,1.5,0,0,5,8,1430,520,1911,0,98119,47.637,-122.363,1950,3600,850000.0
264,19619,6817850110,2015-04-21,4,2.5,3210,24527,1.5,0,0,3,11,3210,0,1984,0,98074,47.6399,-122.052,3280,24527,785000.0
265,911,7526800200,2014-10-10,4,2.25,2500,10062,1.0,0,0,3,8,1600,900,1975,0,98052,47.639,-122.1,2500,9750,615000.0
266,21478,7853370100,2015-04-06,3,2.75,3230,5200,2.0,0,0,3,9,2680,550,2014,0,98065,47.519,-121.878,3100,4900,599832.0
267,13250,2523089025,2015-02-10,3,3.0,4020,435600,1.5,0,2,3,10,4020,0,1999,0,98045,47.4418,-121.731,2590,283140,1075000.0
268,6149,9476200680,2015-04-28,3,1.75,1490,6269,1.0,0,0,4,6,990,500,1944,0,98056,47.4917,-122.188,1490,7722,226000.0
269,19629,5714200140,2015-04-22,4,3.0,2793,5703,2.0,0,0,3,9,2793,0,2009,0,98030,47.3682,-122.178,2793,5704,421500.0
270,7891,3575304895,2014-09-23,5,2.75,2400,15781,1.0,0,0,4,7,1200,1200,1974,0,98074,47.622,-122.059,2390,7500,406550.0
271,21608,263000018,2014-05-21,3,2.5,1530,1131,3.0,0,0,3,8,1530,0,2009,0,98103,47.6993,-122.346,1530,1509,360000.0
272,20304,8080400177,2014-09-09,2,1.75,1340,1368,2.0,0,0,3,7,1060,280,2006,0,98122,47.618,-122.311,2480,1707,520000.0
273,14156,6450304130,2014-05-05,2,1.0,1140,5250,1.5,0,0,4,6,1140,0,1949,0,98133,47.731,-122.341,1450,5250,329950.0
274,4115,514500090,2014-05-13,4,2.0,2250,7500,1.0,0,0,5,7,1200,1050,1956,0,98005,47.5877,-122.157,1440,7500,550000.0
275,3505,9477000300,2014-07-28,4,2.25,2060,8540,1.0,0,0,4,7,1540,520,1967,0,98034,47.734,-122.19,1560,7700,425000.0
276,10951,853600310,2014-08-28,5,4.5,6085,142725,3.0,0,0,3,11,6085,0,2000,0,98014,47.6085,-121.952,4830,128457,1610000.0
277,12014,1951600240,2014-12-08,3,1.0,1240,9198,1.5,0,0,4,7,1240,0,1959,0,98032,47.37,-122.297,1170,8970,185000.0
278,8137,1099900120,2015-01-26,3,2.5,2340,8414,1.0,0,0,3,7,1280,1060,1993,0,98188,47.4685,-122.265,2340,7268,345000.0
279,13177,5323100120,2014-09-16,3,3.5,1700,2197,2.0,0,0,3,8,1260,440,2010,0,98116,47.5767,-122.41,1360,1418,585000.0
280,7438,1223089016,2014-07-18,3,2.25,2450,49658,1.0,0,0,3,7,1770,680,1978,0,98045,47.486,-121.726,1340,121097,325000.0
281,8157,522059172,2014-08-14,3,1.0,1460,10200,1.0,0,0,4,7,1460,0,1957,0,98055,47.4238,-122.197,1460,8500,220000.0
282,4788,1930300190,2014-07-14,3,1.0,1640,4000,1.5,0,0,5,7,1640,0,1909,0,98103,47.6563,-122.351,2140,4000,716100.0
283,12597,9542840410,2014-11-08,4,2.25,1870,4198,2.0,0,0,3,7,1870,0,2008,0,98038,47.3657,-122.021,1870,4184,313999.0
284,13266,8665050530,2015-02-04,3,2.0,1610,4364,2.0,0,0,3,8,1610,0,1996,0,98029,47.5672,-122.004,2010,4364,450000.0
285,17759,5592900205,2015-04-09,2,1.75,1800,7191,1.0,0,3,4,7,990,810,1952,0,98056,47.4828,-122.191,1940,7400,380000.0
286,4909,5450300010,2014-09-02,3,1.5,1680,13751,1.0,0,0,4,7,1680,0,1951,0,98040,47.5716,-122.227,1760,13500,572000.0
287,10560,2459960030,2014-08-15,4,2.5,2060,5607,2.0,0,0,3,7,2060,0,2002,0,98058,47.4365,-122.144,2060,5367,343888.0
288,18820,3331500455,2014-12-03,3,2.25,1850,2575,2.0,0,0,3,9,1850,0,2013,0,98118,47.5525,-122.273,1080,4120,474950.0
289,4322,3432500705,2014-10-21,4,2.25,2200,8292,2.0,0,0,3,7,2200,0,1990,0,98155,47.7456,-122.315,1090,8290,410000.0
290,2930,3702900165,2014-11-04,1,1.0,520,5600,1.0,0,0,3,6,520,0,1918,0,98116,47.5579,-122.395,1030,5265,295000.0
291,8151,5249803550,2014-06-02,3,2.5,1960,7200,1.0,0,0,4,8,980,980,1940,0,98118,47.5655,-122.27,1440,7200,635000.0
292,7650,626049058,2015-05-04,5,2.5,2570,17234,1.0,0,0,3,7,1300,1270,1959,0,98133,47.7753,-122.355,1760,7969,275000.0
293,6698,1788900380,2015-02-12,2,1.0,1122,9100,1.0,0,0,4,6,1122,0,1960,0,98023,47.328,-122.341,840,9344,185000.0
294,18786,8075400360,2014-08-22,2,1.0,1130,15190,1.0,0,0,4,7,1130,0,1954,0,98032,47.3902,-122.283,1490,16920,239000.0
295,16043,9113200250,2015-04-13,4,2.5,2480,4602,2.0,0,0,3,9,2480,0,2000,0,98052,47.6835,-122.161,3480,5739,840000.0
296,20882,2738640040,2015-04-09,4,2.5,3310,4839,2.0,0,0,3,9,3310,0,2007,0,98072,47.773,-122.161,3240,5280,644000.0
297,5042,7821200307,2015-02-17,2,1.0,970,3300,1.0,0,0,4,7,970,0,1916,0,98103,47.6609,-122.343,1060,3600,515000.0
298,10201,3530440140,2015-05-05,2,1.75,1370,4495,1.0,0,0,4,8,1370,0,1975,0,98198,47.3794,-122.317,1370,4686,276200.0
299,15294,3582700130,2015-04-09,4,1.75,1770,12875,1.0,0,0,3,8,1770,0,1988,0,98028,47.7438,-122.247,2150,12875,400000.0
300,20066,9276200569,2014-05-09,4,3.5,2730,3047,2.0,0,0,3,8,2400,330,2006,0,98116,47.5797,-122.391,1980,4600,769900.0
301,16860,7197800020,2015-04-27,4,2.5,2250,4119,2.0,0,0,3,8,2250,0,2001,0,98075,47.5973,-122.034,2290,3115,585000.0
302,9245,686200490,2014-09-26,4,1.75,1860,7700,1.0,0,0,4,8,1860,0,1964,0,98008,47.626,-122.112,1860,7700,570000.0
303,18504,3501600100,2015-01-05,3,1.0,920,4800,1.0,0,0,4,6,780,140,1926,0,98117,47.6937,-122.362,1370,4800,490000.0
304,8729,6383000690,2015-03-25,3,2.25,1670,6414,1.0,0,0,4,8,1670,0,1961,0,98117,47.6921,-122.386,2130,7035,587100.0
305,12788,7604400150,2015-04-23,3,2.0,1380,5198,1.0,0,0,4,7,1380,0,1982,0,98106,47.5514,-122.357,1320,6827,329900.0
306,12507,5249801411,2014-10-10,5,3.75,3360,6000,2.0,0,0,3,8,2640,720,1963,1999,98118,47.558,-122.277,1930,6000,725000.0
307,6595,2607720420,2015-01-20,3,2.5,2250,9608,2.0,0,0,3,8,2250,0,1994,0,98045,47.4865,-121.802,2020,9834,445000.0
308,6228,9561100010,2014-11-04,3,2.5,1840,6985,1.0,0,0,3,7,1290,550,1971,0,98133,47.7586,-122.342,2160,7990,380000.0
309,18325,1796370590,2015-03-05,3,2.0,1490,7599,1.0,0,0,3,7,1490,0,1990,0,98042,47.3687,-122.088,1560,7710,255000.0
310,17591,4077800593,2014-09-15,3,1.0,1360,8968,1.0,0,0,3,7,1360,0,1956,0,98125,47.7105,-122.289,1490,7355,355000.0
311,7665,854000165,2015-01-07,3,1.5,1400,7582,1.0,0,0,3,7,1400,0,1956,0,98148,47.4536,-122.33,1280,7872,285000.0
312,6243,5536100010,2015-02-04,4,1.0,1330,9729,1.0,0,0,3,6,1330,0,1952,0,98004,47.6223,-122.208,2920,10353,1050000.0
313,5934,4188000670,2014-05-15,4,2.5,3240,20301,2.0,0,0,3,10,3240,0,1985,0,98052,47.719,-122.114,3010,23650,749400.0
314,4743,31000165,2014-09-11,5,3.5,3620,7821,2.0,0,2,3,10,2790,830,1958,2010,98040,47.5738,-122.215,2690,9757,1490000.0
315,5129,662350050,2014-05-23,5,3.25,3400,7452,2.0,0,0,3,10,3400,0,1999,0,98007,47.6141,-122.136,2650,8749,950000.0
316,16190,4137000280,2015-02-22,3,2.5,1630,8346,1.0,0,0,3,8,1630,0,1990,0,98092,47.2622,-122.219,2110,8619,264500.0
317,4015,6169901130,2014-09-11,3,3.0,2490,3600,2.0,0,3,4,8,1790,700,1911,0,98119,47.6313,-122.369,2490,3600,1385000.0
318,11842,1953400510,2014-06-23,5,2.5,1740,8750,1.0,0,0,4,7,1740,0,1959,0,98198,47.3904,-122.299,1740,8750,199950.0
319,18002,7518506716,2014-08-27,3,2.5,2830,3750,3.0,0,0,3,10,2830,0,2014,0,98117,47.6798,-122.385,1780,5100,969950.0
320,16295,1552520010,2014-08-01,3,2.5,1500,9636,2.0,0,0,3,7,1500,0,1994,0,98011,47.75,-122.176,1700,9656,405000.0
321,34,7955080270,2014-12-03,4,2.75,2060,6659,1.0,0,0,3,7,1280,780,1981,0,98058,47.4276,-122.157,2020,8720,322500.0
322,2893,9212900100,2015-04-23,4,1.75,1820,6000,1.0,0,0,3,7,930,890,1942,0,98115,47.6872,-122.296,1590,6000,425000.0
323,12353,3438500798,2014-07-15,3,1.5,1060,6954,1.0,0,0,4,6,1060,0,1983,0,98106,47.5498,-122.355,1560,6954,275000.0
324,247,7899800890,2015-02-26,2,1.5,720,5120,1.0,0,0,3,6,720,0,1954,0,98106,47.5218,-122.357,1150,2566,181000.0
325,16186,4319200605,2014-06-28,3,2.5,1700,9100,1.0,0,0,3,8,1160,540,1998,0,98126,47.5369,-122.378,1590,8374,475000.0
326,15978,1329300480,2014-10-23,4,2.5,2643,5750,2.0,0,0,3,8,2643,0,2012,0,98030,47.3519,-122.173,2406,5772,376950.0
327,18575,8935100100,2014-07-01,4,3.0,2890,6885,1.0,0,0,3,7,1590,1300,1945,2015,98115,47.6763,-122.282,2180,6885,476000.0
328,10571,5016001260,2015-04-13,2,1.0,820,4200,1.0,0,0,3,7,820,0,1980,0,98112,47.6249,-122.298,1290,4000,480000.0
329,16612,4337600280,2014-09-04,3,2.0,1760,9900,1.0,0,0,4,7,1760,0,1943,0,98166,47.4783,-122.338,1190,9900,229000.0
330,3479,1446401220,2014-10-09,2,1.0,930,6600,1.0,0,0,3,6,930,0,1957,0,98168,47.4868,-122.33,1250,6600,226950.0
331,12620,7135521530,2014-10-28,4,2.75,2550,7591,2.0,0,0,3,9,2550,0,1989,0,98059,47.5302,-122.147,2670,7796,669888.0
332,4085,6888900115,2015-02-16,3,1.0,1060,4880,1.0,0,0,2,6,910,150,1913,0,98118,47.5545,-122.288,1200,4880,555750.0
333,1474,2413301070,2015-03-24,4,2.25,2100,8075,2.0,0,0,3,8,2100,0,1978,0,98003,47.3251,-122.329,2100,7464,280000.0
334,7920,345700040,2014-07-29,2,1.0,1010,7338,2.0,0,0,4,7,1010,0,1981,0,98056,47.5123,-122.19,1220,7719,315000.0
335,14285,5566100145,2014-09-03,3,1.5,1360,11250,1.0,0,0,4,7,1360,0,1955,0,98006,47.5697,-122.177,1440,11250,499950.0
336,1710,7634800070,2015-01-16,3,2.5,1820,16300,1.0,0,0,4,7,1220,600,1955,0,98166,47.4582,-122.365,1870,16300,453000.0
337,7278,9346910500,2015-03-30,3,2.5,2060,10650,1.0,0,0,5,8,1050,1010,1976,0,98006,47.5627,-122.137,2690,8850,700000.0
338,10495,3529300060,2014-07-21,3,2.5,1890,7053,2.0,0,0,4,8,1890,0,1992,0,98031,47.3967,-122.183,2000,7226,347500.0
339,11945,8128600060,2014-06-24,4,3.25,4690,14930,2.0,0,2,3,10,3680,1010,1995,0,98155,47.7718,-122.283,2910,13320,600000.0
340,6750,8572900275,2014-06-25,2,1.0,780,3475,1.0,0,0,4,5,780,0,1930,0,98045,47.4944,-121.789,1210,6769,286000.0
341,7845,4139420590,2014-05-20,4,3.5,4560,16643,1.0,0,3,3,12,2230,2330,1995,0,98006,47.5521,-122.115,4060,15177,1212500.0
342,21008,9274200322,2014-08-20,3,2.5,1740,1236,3.0,0,2,3,8,1740,0,2008,0,98116,47.5891,-122.387,1740,1280,580000.0
343,10777,1472700200,2014-07-09,3,1.75,1710,8767,1.0,0,0,4,8,1710,0,1986,0,98033,47.6945,-122.188,2050,9200,630000.0
344,718,8820903380,2015-01-02,6,2.25,2660,13579,2.0,0,0,3,7,2660,0,1937,1990,98125,47.7142,-122.286,1120,8242,730000.0
345,20252,8563010130,2014-07-25,3,2.5,3350,7752,1.0,0,0,3,9,2180,1170,2009,0,98008,47.6263,-122.099,2570,7988,1300000.0
346,3617,8965450110,2014-09-12,3,2.5,3300,11570,2.0,0,0,3,9,3300,0,1994,0,98006,47.5599,-122.121,3280,11446,850000.0
347,7722,9274204230,2014-07-09,3,1.75,1660,6250,1.0,0,0,3,7,830,830,1980,0,98116,47.5859,-122.385,1660,5750,410000.0
348,15757,8165501700,2015-04-30,2,2.25,1550,2285,2.0,0,0,3,8,1550,0,2007,0,98106,47.5398,-122.369,1550,2135,325000.0
349,10146,2193340260,2015-01-07,4,2.25,1770,8505,2.0,0,0,3,8,1770,0,1986,0,98052,47.6904,-122.102,1880,8939,596500.0
350,16649,1860600290,2014-06-27,3,2.25,1670,4800,1.5,0,3,3,8,1670,0,1903,0,98119,47.6356,-122.367,2300,4800,1020000.0
351,208,1222000055,2014-11-23,2,0.75,900,9600,1.0,0,0,3,6,900,0,1941,0,98166,47.4604,-122.339,1250,14280,180250.0
352,16215,2492200280,2014-12-02,3,2.75,2160,4086,1.0,0,0,3,7,1380,780,1987,0,98126,47.5352,-122.38,1300,4080,528000.0
353,14319,2488200455,2014-07-03,2,2.75,1350,1252,2.0,0,0,3,8,1120,230,2006,0,98136,47.522,-122.39,1410,1265,405500.0
354,12650,809001520,2014-11-05,4,3.25,3480,6000,3.0,0,0,3,8,3480,0,2014,0,98109,47.6353,-122.353,2200,4080,1850000.0
355,4345,1796361140,2014-10-31,3,1.75,1340,8250,1.0,0,0,3,7,1100,240,1985,0,98042,47.3668,-122.09,1540,7860,230000.0
356,4580,6398000011,2014-06-02,3,3.0,3740,39640,2.0,0,2,3,10,3740,0,1991,0,98070,47.4036,-122.462,2930,26136,789000.0
357,13311,6813600365,2014-10-09,4,1.75,1760,3600,1.0,0,0,5,7,880,880,1926,0,98103,47.6889,-122.33,1500,5580,527950.0
358,16431,7504100920,2014-06-18,3,3.0,3450,16200,2.0,0,0,3,10,3450,0,1983,0,98074,47.6319,-122.041,3130,12150,688000.0
359,21548,8835770330,2014-08-19,2,1.5,2370,184231,2.0,0,0,3,11,2370,0,2005,0,98045,47.4543,-121.778,3860,151081,1057000.0
360,21533,524059322,2015-02-26,3,2.5,2100,4097,2.0,0,0,3,9,2100,0,2008,0,98004,47.5983,-122.2,1780,4764,999999.0
361,5545,4307330280,2014-08-20,4,2.5,2390,6775,2.0,0,0,3,7,2390,0,2003,0,98056,47.4811,-122.182,2560,6346,355000.0
362,503,1245002952,2014-10-15,4,2.5,2770,7800,2.0,0,0,3,10,2770,0,1999,0,98033,47.684,-122.205,2720,10000,1197350.0
363,2937,2021069059,2014-06-26,3,2.0,1470,20000,1.0,0,0,4,7,1470,0,1968,0,98002,47.2973,-122.08,1390,30056,254600.0
364,5549,5700000595,2015-02-19,4,2.0,2000,5000,1.5,0,0,5,7,2000,0,1925,0,98144,47.5787,-122.293,2200,5000,630000.0
365,4475,3629970930,2014-11-11,3,3.0,2980,3730,2.0,0,0,3,9,2980,0,2005,0,98029,47.5533,-121.995,2710,3640,670000.0
366,8069,3336002215,2015-02-25,2,1.0,1240,5500,1.5,0,0,3,6,1240,0,1921,0,98118,47.5257,-122.263,1520,5500,319950.0
367,16111,5100401060,2014-09-08,4,3.0,2360,6678,1.0,0,0,3,8,1760,600,1949,0,98115,47.6919,-122.313,1640,6380,550000.0
368,21443,3278600750,2015-04-07,1,1.5,1180,1688,2.0,0,0,3,8,1070,110,2007,0,98126,47.549,-122.372,1380,2059,250000.0
369,11685,1126069045,2014-06-20,6,4.25,6900,244716,2.0,0,0,4,9,4820,2080,2002,0,98077,47.7506,-122.012,4170,266587,1135000.0
370,8465,7568700175,2014-06-04,3,1.0,1210,7440,1.0,0,0,3,7,1210,0,1949,0,98155,47.7402,-122.323,1120,7440,324950.0
371,13523,452001475,2014-09-02,3,1.0,960,3600,1.0,0,0,4,7,960,0,1906,0,98117,47.6758,-122.369,1580,5000,477000.0
372,13775,9283800230,2014-06-25,4,2.75,3110,49765,1.0,0,0,4,8,3110,0,1958,1972,98010,47.3343,-122.044,1880,19709,531500.0
373,5377,1737300130,2014-12-22,6,2.5,3610,12033,2.0,0,0,3,8,3210,400,1970,0,98011,47.7692,-122.219,2210,8577,610000.0
374,18766,6189600040,2014-11-17,3,1.75,1810,7950,1.0,0,0,4,7,1810,0,1968,0,98008,47.6236,-122.117,1680,7725,443000.0
375,2981,3679400025,2014-08-12,3,1.75,2160,5863,1.5,0,0,4,7,1260,900,1928,0,98144,47.5729,-122.315,1590,3000,385000.0
376,15490,1096100010,2014-10-28,2,1.0,1210,7040,1.0,0,0,3,7,1210,0,1952,0,98155,47.745,-122.297,1210,7205,320000.0
377,15272,9513900050,2014-08-12,3,2.0,1210,6634,1.0,0,0,4,7,1210,0,1985,0,98031,47.4097,-122.193,1560,7200,237000.0
378,4634,5452800645,2014-09-22,4,2.5,2260,13600,1.0,0,0,4,8,1770,490,1974,0,98040,47.5436,-122.233,2630,13995,865000.0
379,4528,273800100,2014-12-19,4,1.75,1480,9523,1.0,0,0,3,7,1120,360,1959,0,98030,47.3732,-122.217,1590,8300,239900.0
380,20029,7228500037,2015-05-05,2,1.5,1190,1361,2.0,0,0,3,8,1190,0,2007,0,98122,47.6161,-122.302,1280,3360,555000.0
381,4153,808300090,2015-01-16,4,2.5,2650,9065,2.0,0,0,3,7,2650,0,2000,0,98019,47.7258,-121.959,2590,13218,435000.0
382,8393,2493200215,2014-12-31,3,1.75,1820,3140,2.0,0,0,5,8,1820,0,1949,1990,98136,47.5271,-122.384,2030,5499,582000.0
383,4955,5035300255,2015-04-14,2,1.75,2130,6574,1.0,0,0,3,8,1500,630,1946,0,98199,47.6529,-122.411,2130,6275,450000.0
384,2090,3380900160,2015-04-28,4,1.5,1700,8400,1.0,0,0,3,7,1700,0,1953,0,98177,47.7677,-122.359,1750,8475,502000.0
385,17333,3630000130,2014-10-28,3,2.25,1470,1703,2.0,0,0,3,8,1470,0,2005,0,98029,47.5478,-121.999,1380,1107,430000.0
386,6756,7300400670,2014-07-29,4,2.5,1850,5880,2.0,0,0,3,8,1850,0,1998,0,98092,47.3322,-122.173,2370,6500,277000.0
387,2189,6798100070,2015-05-11,3,1.0,1220,8040,1.5,0,0,3,7,1220,0,1965,0,98125,47.7133,-122.308,1360,8040,467000.0
388,6270,8078400010,2014-11-18,4,2.25,2240,8376,1.0,0,0,3,8,1740,500,1984,0,98074,47.6323,-122.029,1890,7875,530000.0
389,2195,5566100060,2014-07-18,3,1.75,1720,12540,1.0,0,0,4,7,1720,0,1956,0,98006,47.5699,-122.177,1440,11850,490000.0
390,20922,2768200212,2014-09-11,2,2.5,1320,1157,2.0,0,0,3,8,990,330,2014,0,98107,47.6689,-122.363,1550,1519,499950.0
391,2255,4035900060,2014-09-19,3,1.75,1600,20873,1.0,0,0,3,8,1600,0,1955,0,98006,47.5632,-122.182,2640,18364,515000.0
392,3570,9460000110,2014-09-24,3,1.75,2630,6500,1.0,0,0,3,7,1330,1300,1958,0,98055,47.4878,-122.221,2520,6500,280000.0
393,15970,7199320190,2014-10-16,4,2.25,2470,7350,1.0,0,0,3,7,1600,870,1978,0,98052,47.6936,-122.128,1970,7700,618000.0
394,13816,2225039081,2014-10-20,3,1.0,960,3960,1.0,0,0,3,7,960,0,1943,0,98199,47.6465,-122.404,1550,6050,405000.0
395,20178,9512200050,2014-08-27,5,3.75,3090,4943,2.0,0,0,3,10,3090,0,2010,0,98058,47.4594,-122.133,3191,5561,551000.0
396,14217,2634500085,2014-08-12,3,1.0,1100,8138,1.0,0,0,3,7,1100,0,1949,0,98155,47.7393,-122.325,1440,8131,241450.0
397,856,3654800200,2014-10-22,3,2.5,1720,6271,2.0,0,0,3,7,1720,0,1993,0,98038,47.3898,-122.049,1570,6587,265000.0
398,7077,2724079090,2015-01-05,4,3.25,3920,881654,3.0,0,3,3,11,3920,0,2002,0,98024,47.5385,-121.896,2970,112384,1650000.0
399,9326,2597520720,2014-11-03,5,2.5,2900,9525,2.0,0,0,3,9,2900,0,1989,0,98006,47.5442,-122.138,2910,11854,720000.0
400,16161,3034200426,2015-03-20,3,1.0,1410,9384,1.0,0,0,3,7,1410,0,1948,0,98133,47.7161,-122.33,1990,9384,450500.0
401,15974,984000130,2014-12-23,4,2.25,1920,11603,2.0,0,0,4,7,1920,0,1967,0,98058,47.4315,-122.169,1840,7350,325000.0
402,17345,7852020670,2015-04-02,3,2.75,1890,3938,2.0,0,0,3,8,1890,0,1999,0,98065,47.5336,-121.867,1890,4142,475000.0
403,1527,7923500060,2014-09-22,5,2.75,2580,9242,2.0,0,2,4,8,1720,860,1967,0,98007,47.5943,-122.133,2240,9316,713000.0
404,210,2310030510,2015-04-22,4,2.25,1550,7579,2.0,0,0,3,8,1550,0,1993,0,98038,47.354,-122.047,1630,6397,320000.0
405,7975,2205500540,2014-10-08,4,1.5,1820,12327,1.0,0,0,4,7,1380,440,1955,0,98006,47.5767,-122.144,1450,9256,365000.0
406,3474,2493200015,2014-06-20,3,1.5,1520,4288,1.0,0,0,3,7,1020,500,1949,0,98136,47.5284,-122.387,1660,4288,380000.0
407,19752,7853361420,2014-08-26,4,2.5,3230,5899,2.0,0,0,3,8,3230,0,2012,0,98065,47.515,-121.869,2720,5899,569950.0
408,16411,5652600605,2014-08-07,5,2.0,2330,6783,1.0,0,0,3,7,1310,1020,1956,0,98115,47.6955,-122.295,1930,6783,630000.0
409,17549,5285200020,2014-07-18,2,1.75,1640,4176,1.0,0,0,4,7,1040,600,1948,0,98118,47.5162,-122.26,1460,5200,349950.0
410,20553,9406530150,2014-12-22,4,2.5,2400,4848,2.0,0,0,3,8,2400,0,2004,0,98038,47.3626,-122.04,1980,5199,344000.0
411,15188,5706300020,2014-11-25,3,2.25,1620,12309,2.0,0,0,3,7,1620,0,1987,0,98074,47.6188,-122.029,2030,13963,473000.0
412,4034,3278602490,2014-09-26,3,2.5,1780,1754,3.0,0,0,3,8,1780,0,2007,0,98126,47.548,-122.373,1780,1607,365000.0
413,8351,7197000100,2015-01-08,4,3.25,1980,9988,1.0,0,0,3,8,1340,640,1980,0,98052,47.6883,-122.111,1980,8972,510000.0
414,3711,4447300008,2014-09-23,3,1.5,1950,1963,3.0,0,0,3,8,1950,0,2002,0,98117,47.6904,-122.397,1590,2028,530000.0
415,12377,7899800045,2014-08-28,3,1.5,910,5120,1.0,0,0,3,6,910,0,1973,0,98106,47.5238,-122.356,1410,5132,107000.0
416,16045,9250900095,2014-08-19,2,1.0,1480,6210,1.0,0,0,3,7,1080,400,1950,0,98133,47.774,-122.351,1290,7509,331000.0
417,19747,9268851740,2014-07-01,3,2.5,2390,1984,2.0,0,0,3,8,2220,170,2008,0,98027,47.5405,-122.027,2150,1984,629800.0
418,16024,8682261440,2015-01-13,2,1.75,1560,4500,1.0,0,0,3,8,1560,0,2004,0,98053,47.7128,-122.032,1860,4500,579000.0
419,14078,7284900385,2014-05-21,4,3.25,2790,5420,1.0,0,3,3,9,1130,1660,1963,2013,98177,47.7698,-122.386,2530,7200,970000.0
420,9675,8079040300,2015-02-18,4,2.5,2170,7533,2.0,0,0,3,8,2170,0,1991,0,98059,47.5057,-122.149,2170,8728,460500.0
421,7477,2225300585,2014-11-20,3,2.75,1750,9166,1.0,0,0,4,7,1170,580,1979,0,98155,47.7696,-122.325,1810,8760,370000.0
422,4504,3223039013,2014-07-18,3,2.0,2064,46173,2.0,0,0,5,7,2064,0,1903,0,98070,47.4469,-122.455,1640,21780,567035.0
423,6824,2013801350,2015-02-20,3,1.75,1460,7226,1.0,0,0,3,7,1460,0,1993,0,98198,47.3839,-122.321,1760,7226,220000.0
424,8586,4055701110,2014-06-12,3,2.0,2420,17859,1.0,0,1,5,9,1500,920,1979,0,98034,47.7074,-122.246,2955,17859,795000.0
425,18253,3578401770,2015-02-26,3,1.0,1410,9704,1.0,0,0,3,8,1140,270,1983,0,98074,47.6203,-122.036,1910,13639,400000.0
426,12603,4046500720,2014-11-07,3,2.5,2560,16420,2.0,0,0,4,8,2560,0,1989,0,98014,47.6916,-121.916,2120,16298,470950.0
427,18469,6145601745,2015-04-14,2,1.0,890,4804,1.0,0,0,4,7,890,0,1928,0,98133,47.7027,-122.346,1010,3844,220000.0
428,3263,5207200195,2014-07-01,4,2.5,2600,7200,2.0,0,0,3,7,2600,0,1962,2002,98115,47.6944,-122.274,1790,6175,691500.0
429,5928,1972201856,2014-05-07,2,2.0,1550,2400,1.5,0,0,4,7,1550,0,1900,0,98103,47.654,-122.346,1180,1224,526000.0
430,16047,7212680080,2014-10-15,3,1.75,1700,8481,2.0,0,0,3,7,1700,0,1993,0,98003,47.2623,-122.305,1830,6600,300000.0
431,11142,7277100510,2015-02-14,3,1.75,1930,5400,2.0,0,2,3,9,1930,0,1978,0,98177,47.77,-122.391,2100,6840,605000.0
432,16188,522079022,2015-03-27,3,2.5,2530,623779,1.0,0,0,4,8,2530,0,1980,0,98038,47.4188,-121.949,2120,100623,700000.0
433,16539,5605000440,2014-12-15,3,1.0,1880,5450,1.5,0,0,4,8,1880,0,1924,0,98112,47.6453,-122.302,2580,5450,1000000.0
434,8439,6632300230,2014-10-06,3,2.0,1370,7200,1.0,0,0,3,7,1130,240,1926,1955,98125,47.7329,-122.308,1300,7208,377500.0
435,8489,8815400165,2015-03-03,5,1.75,2110,5000,1.5,0,0,4,7,1250,860,1946,0,98115,47.6745,-122.287,1720,5000,674000.0
436,12228,6708200320,2014-09-29,4,4.75,3700,11000,1.0,0,0,4,7,1840,1860,1962,0,98028,47.768,-122.251,1720,11564,599000.0
437,3798,2426059076,2015-02-03,4,2.5,2700,37431,1.0,0,0,4,8,1600,1100,1978,0,98072,47.7258,-122.117,2290,37431,680000.0
438,11497,3260200200,2014-10-30,3,2.25,1670,7416,1.0,0,0,4,7,1220,450,1974,0,98005,47.6028,-122.172,1710,7416,580000.0
439,2724,2770601741,2014-11-06,3,3.0,1490,2944,2.0,0,0,3,7,960,530,1993,0,98199,47.6506,-122.384,1590,1600,390000.0
440,16365,4338800500,2014-10-14,3,2.0,1130,7200,1.0,0,0,4,6,1130,0,1944,0,98166,47.4779,-122.342,1270,7500,262500.0
441,1862,9201000320,2015-04-16,4,2.25,2620,17366,1.0,0,3,3,9,1430,1190,1984,0,98075,47.584,-122.077,2620,15335,765000.0
442,2950,7655900038,2015-04-14,2,1.0,1370,8400,1.0,0,0,3,7,1370,0,1948,0,98133,47.7344,-122.336,1330,8396,296000.0
443,8410,3625059140,2014-05-07,3,1.75,1580,9147,1.0,0,1,4,7,1210,370,1967,0,98008,47.6069,-122.112,2600,23564,515000.0
444,14994,4222310010,2015-04-20,4,1.0,1730,7350,1.5,0,0,4,6,1730,0,1970,0,98003,47.3467,-122.307,1440,7752,267950.0
445,4618,2114700115,2015-04-07,3,2.5,1970,4120,1.5,0,0,3,6,1230,740,1927,0,98106,47.5328,-122.346,1470,4080,291700.0
446,369,3291800710,2014-11-20,4,3.0,2090,7500,1.0,0,0,3,7,1370,720,1986,0,98056,47.4888,-122.182,1810,7650,338000.0
447,15780,9406590010,2014-10-29,4,3.25,2290,4785,2.0,0,0,3,9,2290,0,2007,0,98038,47.3833,-122.037,2290,4785,359950.0
448,13528,3025059124,2014-08-28,5,3.5,4330,11979,1.0,0,4,3,12,2090,2240,2008,0,98004,47.6251,-122.218,4320,12000,3168750.0
449,4639,7972601250,2015-02-04,6,2.75,2850,15240,1.0,0,0,3,7,1850,1000,1962,0,98106,47.5288,-122.345,2090,7620,360000.0
450,16622,930000470,2014-05-27,3,2.5,2540,7680,2.0,0,1,4,9,2540,0,1940,2001,98177,47.7175,-122.364,2490,7680,675000.0
451,10202,6690500060,2014-07-24,3,1.0,1370,4040,1.5,0,0,3,7,1370,0,1906,0,98103,47.6867,-122.354,1220,3030,530000.0
452,3014,16000015,2015-04-17,3,1.5,1070,6601,1.0,0,0,3,6,1070,0,1985,0,98002,47.3115,-122.209,1030,6614,219950.0
453,21417,5693501102,2014-10-30,3,3.0,1560,2091,3.0,0,0,3,8,1560,0,2006,0,98103,47.6604,-122.352,1530,2091,598500.0
454,9214,8079040490,2014-06-23,3,2.5,2150,8221,2.0,0,0,3,8,2150,0,1992,0,98059,47.5085,-122.15,2490,7951,470000.0
455,14651,7225000155,2014-06-09,4,3.0,2390,4500,2.0,0,0,3,7,2390,0,1974,0,98055,47.4872,-122.204,1320,4500,290000.0
456,15400,8819900170,2014-08-25,3,2.0,2520,3959,1.0,0,0,5,8,1270,1250,1931,0,98105,47.6693,-122.289,1660,3959,861000.0
457,4519,7972601270,2014-05-30,3,2.0,1550,8509,1.0,0,0,3,7,1150,400,1959,0,98106,47.5299,-122.344,1840,7620,369000.0
458,1182,1224069074,2014-08-06,4,2.5,3300,101930,2.0,0,0,4,10,3300,0,1991,0,98029,47.576,-121.976,2880,213879,925000.0
459,17088,5126900321,2014-05-29,4,2.5,2290,4539,2.0,0,0,3,7,2290,0,2001,0,98058,47.4753,-122.172,1710,7200,295000.0
460,10505,3438501860,2015-04-22,3,1.0,1020,5950,1.0,0,0,3,6,880,140,1950,0,98106,47.5436,-122.357,1800,5950,385000.0
461,17936,2822069080,2014-11-21,4,2.5,2560,43560,2.0,0,0,3,8,2560,0,1989,0,98038,47.3692,-122.047,2130,10150,390000.0
462,9723,1656600310,2014-07-14,4,2.5,2660,22050,2.0,0,0,3,9,2660,0,1996,0,98059,47.4911,-122.125,3060,21111,629000.0
463,5293,3856900507,2014-05-12,4,3.5,3460,3997,2.0,0,0,3,10,2560,900,2004,0,98103,47.6718,-122.329,1860,4000,1315000.0
464,10004,1626069139,2014-08-21,3,2.25,2350,51400,1.0,0,0,3,7,1390,960,1977,0,98077,47.7417,-122.053,2350,51400,462500.0
465,8862,2524049257,2014-09-18,4,2.25,4250,16940,1.0,0,2,4,9,2380,1870,1974,0,98040,47.5453,-122.234,3460,17693,1530000.0
466,12814,3904960150,2015-04-23,3,2.5,1970,6634,2.0,0,0,3,8,1970,0,1989,0,98029,47.5759,-122.012,2090,6176,535000.0
467,8576,7214820610,2014-10-07,4,1.75,2560,8270,1.0,0,0,3,7,1480,1080,1979,0,98072,47.7572,-122.147,2320,8450,448000.0
468,6161,7977201845,2014-05-14,3,1.75,1600,6120,1.5,0,0,3,7,1600,0,1924,0,98115,47.6847,-122.291,1670,4590,525000.0
469,21204,2428100080,2014-10-01,4,3.0,2990,6695,2.0,0,0,3,10,2990,0,2014,0,98075,47.5817,-122.047,2760,6600,1061600.0
470,10577,2202500135,2014-11-18,5,1.75,1240,8936,1.0,0,0,3,7,1240,0,1954,0,98006,47.5738,-122.136,1600,9341,333000.0
471,14048,1523550220,2015-03-28,3,2.5,2330,4160,2.0,0,0,4,8,2330,0,1992,0,98052,47.6367,-122.109,2940,4500,639900.0
472,12858,2313900610,2015-04-28,3,2.25,1420,3750,2.0,0,0,3,7,1420,0,1987,0,98116,47.5725,-122.383,1430,4664,410000.0
473,5743,4123840050,2014-06-30,4,2.5,2570,7859,2.0,0,0,3,8,2570,0,1992,0,98038,47.3736,-122.045,2150,7284,397500.0
474,8588,2125059124,2014-06-02,3,2.25,3020,43560,2.0,0,0,3,10,2720,300,1969,0,98005,47.6456,-122.173,3910,43560,955000.0
475,20545,1225039067,2015-04-06,2,2.0,1190,1303,2.0,0,0,3,8,800,390,2009,0,98107,47.6675,-122.368,1670,2425,455000.0
476,3023,6431500283,2014-11-17,3,1.0,1340,4120,1.0,0,0,4,7,1040,300,1921,0,98103,47.6916,-122.352,1270,4635,409500.0
477,6646,2473380010,2015-01-15,3,2.25,1750,9298,1.0,0,0,4,7,1410,340,1969,0,98058,47.4579,-122.164,1720,7875,265000.0
478,11376,5694501195,2015-05-11,1,1.0,720,2500,1.0,0,0,3,7,720,0,1910,0,98103,47.6597,-122.345,1520,3750,438600.0
479,11096,2881700046,2014-06-10,4,1.0,1740,11075,1.5,0,0,3,7,1740,0,1965,0,98133,47.7458,-122.334,1580,7684,310000.0
480,8686,6837820330,2015-04-29,4,2.5,2450,8932,2.0,0,0,3,8,2450,0,1990,0,98023,47.3093,-122.345,2410,8775,300000.0
481,10810,2337300370,2015-02-06,3,1.0,1030,8395,1.0,0,0,4,7,1030,0,1960,0,98023,47.3322,-122.337,1370,9380,175000.0
482,4772,3876540630,2015-02-27,3,2.0,1330,8748,1.0,0,0,3,7,1330,0,1986,0,98003,47.2619,-122.298,1510,8584,205500.0
483,2842,626059317,2014-11-20,3,1.75,1430,10574,2.0,0,0,3,7,1430,0,1981,0,98011,47.7668,-122.218,1900,10450,375000.0
484,9773,3374500520,2015-04-29,0,0.0,2460,8049,2.0,0,0,3,8,2460,0,1990,0,98031,47.4095,-122.168,2520,8050,355000.0
485,7375,7228501903,2014-08-05,1,1.0,780,1033,1.0,0,0,3,7,780,0,1922,1985,98122,47.6155,-122.306,1040,1319,250000.0
486,18676,4019300051,2014-11-25,3,1.75,1760,11371,1.0,0,0,5,8,1760,0,1959,0,98155,47.7616,-122.273,2220,19884,455000.0
487,4438,4232902615,2015-04-28,3,1.0,1300,3600,2.0,0,0,3,7,1300,0,1900,0,98119,47.6345,-122.366,2510,4800,819000.0
488,4269,3546000090,2015-02-24,3,1.75,1690,8901,1.0,0,0,3,7,1690,0,1986,0,98030,47.3546,-122.176,1690,7532,199500.0
489,3588,8127700215,2015-04-09,4,2.25,2220,4200,1.5,0,0,5,8,1310,910,1932,0,98199,47.6418,-122.394,2020,4940,862000.0
490,16613,3438501100,2015-04-27,3,1.0,1240,4000,1.5,0,0,3,8,1240,0,1928,2000,98106,47.5467,-122.359,1200,17707,400000.0
491,15604,1769600066,2014-12-11,3,3.5,3030,11550,2.0,0,2,3,8,3030,0,1971,2011,98146,47.5051,-122.381,2340,10560,700000.0
492,12965,8146100610,2014-12-01,3,1.0,1220,8573,1.0,0,0,4,7,1220,0,1954,0,98004,47.6088,-122.193,1390,8573,672000.0
493,12414,3052700695,2014-05-07,4,2.0,1650,5000,1.0,0,0,3,7,1650,0,1955,0,98117,47.6781,-122.374,1690,2276,575000.0
494,14253,7954310210,2015-04-30,4,2.5,3010,6903,2.0,0,0,3,9,3010,0,2001,0,98056,47.5213,-122.193,2860,6435,615000.0
495,7700,3761700053,2015-01-05,3,2.75,3470,9610,3.0,1,4,3,11,3470,0,1989,2000,98034,47.7205,-122.26,4130,11875,2150000.0
496,1747,1320069179,2014-11-04,3,2.0,1710,134489,1.0,0,2,5,7,1710,0,1952,0,98022,47.2207,-121.984,1700,63823,397000.0
497,13508,1331900410,2014-06-20,4,3.0,3740,30884,2.0,0,0,3,9,3060,680,1988,0,98072,47.7505,-122.117,3240,37031,869000.0
498,14301,7303100210,2014-05-27,4,2.25,1810,4970,2.0,0,0,3,7,1810,0,2003,0,98059,47.5003,-122.156,1810,4858,355000.0
499,16957,2464400285,2014-12-29,3,2.5,1590,2910,2.0,0,0,3,7,1110,480,1984,0,98115,47.6855,-122.321,1590,3880,575000.0
500,15676,6163901150,2014-11-09,3,1.75,1590,9636,1.5,0,0,4,6,1590,0,1953,0,98155,47.754,-122.321,1800,9975,346000.0
501,11097,8955800045,2015-05-12,2,2.25,2080,11285,1.0,0,0,4,8,1180,900,1954,0,98042,47.3628,-122.147,2590,13048,530000.0
502,1891,2314300200,2014-10-21,4,3.0,2580,7299,2.0,0,0,3,8,2580,0,1998,0,98058,47.4646,-122.15,2250,6165,449500.0
503,15875,9528104360,2014-09-12,2,1.5,901,1245,3.0,0,0,3,7,901,0,2001,0,98115,47.6774,-122.325,1138,1137,435000.0
504,15132,4177100005,2015-04-03,4,2.5,2970,7961,1.0,0,0,3,8,2020,950,1969,0,98125,47.7118,-122.29,1410,7959,635000.0
505,11872,8856960260,2014-05-21,3,2.25,1800,10500,2.0,0,0,3,7,1800,0,1995,0,98038,47.3879,-122.032,1870,8555,332500.0
506,3634,1828001220,2014-10-07,5,2.75,3000,9473,1.0,0,0,3,8,1500,1500,1966,0,98052,47.6567,-122.13,2050,8820,550000.0
507,10769,3066400710,2015-04-07,3,2.5,2520,10012,2.0,0,0,3,10,2520,0,1987,0,98074,47.6295,-122.051,2680,10071,720000.0
508,13203,624110610,2014-05-15,4,3.25,3740,12080,1.0,0,0,3,10,2000,1740,1988,0,98077,47.7214,-122.056,4210,15277,1085000.0
509,10008,4040800260,2014-06-16,4,1.5,1220,10580,1.0,0,0,3,7,1220,0,1965,0,98008,47.6205,-122.116,1350,7800,418000.0
510,4600,5019500215,2015-01-15,2,1.75,1280,4000,1.0,0,0,4,7,730,550,1929,0,98116,47.5798,-122.383,2250,5382,495000.0
511,13418,2481630180,2014-06-25,4,2.25,3310,127631,2.0,0,0,5,9,3310,0,1924,1956,98072,47.732,-122.134,3830,43959,1140000.0
512,21172,7203170190,2014-06-19,4,2.5,2650,6884,2.0,0,0,3,8,2650,0,2012,0,98053,47.6901,-122.015,2520,5866,734990.0
513,7985,510001280,2014-07-14,4,2.0,2190,4560,2.5,0,0,5,8,2190,0,1910,0,98103,47.662,-122.329,2190,4560,980000.0
514,12845,9430110120,2015-05-05,3,2.5,2300,7800,2.0,0,2,3,9,2300,0,1997,0,98052,47.6842,-122.155,2300,8187,737000.0
515,408,1565950030,2015-04-27,4,2.5,1930,6957,2.0,0,0,3,8,1930,0,1995,0,98055,47.4309,-122.191,2090,6996,364950.0
516,2559,9828202255,2014-09-22,4,2.75,2610,4400,1.0,0,0,5,8,1260,1350,1920,0,98122,47.6158,-122.293,1770,4400,890000.0
517,10206,3878900270,2015-04-29,4,2.0,2240,4508,1.0,0,2,4,8,1340,900,1926,0,98178,47.5096,-122.25,1930,5250,466000.0
518,17065,8091600080,2015-01-23,3,1.0,1120,8407,1.0,0,0,5,6,1120,0,1987,0,98022,47.2051,-122.006,1250,8658,225000.0
519,14768,1112000035,2015-03-11,2,1.0,1000,5375,1.0,0,0,3,7,1000,0,1953,0,98118,47.5404,-122.268,1380,5000,420000.0
520,1450,2228900270,2014-08-12,2,1.0,1010,6000,1.0,0,0,4,6,1010,0,1944,0,98133,47.771,-122.353,1610,7313,215000.0
521,12309,6648701740,2015-02-20,5,2.5,2140,10320,1.0,0,0,4,7,1330,810,1967,0,98031,47.3927,-122.194,2050,8964,270000.0
522,17900,1245003740,2014-07-23,3,2.0,1840,6000,2.0,0,0,5,7,1720,120,1946,0,98033,47.6828,-122.207,1390,6000,778000.0
523,8896,2174503441,2014-07-03,3,1.5,1380,4500,1.0,0,0,5,7,1380,0,1960,0,98040,47.5866,-122.25,1590,9000,650000.0
524,7473,7708250010,2015-01-07,3,2.5,1830,7585,2.0,0,0,4,8,1830,0,1995,0,98042,47.3893,-122.154,2070,7585,325000.0
525,3901,6072300110,2015-04-16,3,1.75,1940,8376,1.0,0,0,4,8,1290,650,1963,0,98006,47.5586,-122.173,2400,8674,550000.0
526,10873,2329800140,2014-12-03,4,2.5,1580,6633,2.0,0,0,4,7,1580,0,1984,0,98042,47.3768,-122.118,1590,6633,291000.0
527,8233,1494300040,2014-06-24,4,2.5,1890,8505,1.0,0,0,3,8,1290,600,1980,0,98052,47.6796,-122.115,1720,9600,437000.0
528,21093,3832050130,2014-10-21,3,2.5,1770,5000,2.0,0,0,3,7,1770,0,2009,0,98042,47.3358,-122.051,2230,5200,255500.0
529,9498,7203100730,2015-02-10,4,3.5,3790,6874,2.5,0,0,3,9,3790,0,2010,0,98053,47.6956,-122.022,3370,6535,875000.0
530,16497,7199330170,2015-05-12,3,1.75,1720,6960,1.0,0,0,3,7,1140,580,1978,0,98052,47.6972,-122.129,1720,7280,450000.0
531,12850,7785000220,2014-10-13,3,2.0,1550,12262,1.0,0,0,4,7,1550,0,1964,0,98040,47.5755,-122.216,2900,12372,725000.0
532,13080,1250201175,2015-03-23,4,1.0,1400,3600,1.0,0,0,4,6,700,700,1901,0,98144,47.5972,-122.295,1690,3600,386500.0
533,17897,4054500180,2014-07-24,4,3.25,4030,36762,2.0,0,0,3,11,4030,0,1988,0,98077,47.7235,-122.039,4090,40371,985000.0
534,20383,7905200061,2014-09-05,3,2.25,1450,1486,2.0,0,0,3,8,1160,290,2006,0,98116,47.5694,-122.387,1370,1437,419700.0
535,12834,3751604895,2014-06-05,3,1.0,1150,19200,1.0,0,0,4,5,1150,0,1908,0,98001,47.2756,-122.27,1290,19200,165000.0
536,2457,5220300140,2014-09-03,2,1.0,810,7440,1.0,0,0,5,6,810,0,1948,0,98133,47.7346,-122.352,830,7500,408000.0
537,6631,3323059027,2015-02-25,3,2.75,1720,28000,1.0,0,0,4,7,1720,0,1958,0,98058,47.4375,-122.176,2000,41817,340000.0
538,15754,8651611980,2015-03-24,4,2.75,3630,11775,2.0,0,0,3,10,3630,0,1999,0,98074,47.6378,-122.066,3800,12451,962800.0
539,17408,8673400190,2014-07-23,3,2.5,1630,1587,3.0,0,0,3,8,1630,0,2004,0,98107,47.6693,-122.393,1500,1527,557000.0
540,3926,1668500100,2014-12-10,3,2.5,3820,35016,2.0,0,0,4,9,3820,0,1987,0,98053,47.6496,-122.041,3010,35190,775000.0
541,8582,1023059365,2014-05-06,3,2.5,2460,54885,2.0,0,0,4,8,2460,0,1980,0,98059,47.4996,-122.146,2770,21407,520000.0
542,10353,3308030060,2014-06-19,3,1.75,2310,11200,1.0,0,0,4,8,1630,680,1978,0,98030,47.3637,-122.21,2350,13300,385000.0
543,1328,4232400860,2014-06-30,4,2.0,2120,3360,2.0,0,0,3,9,2120,0,1905,0,98112,47.6227,-122.31,2090,3600,1200000.0
544,8213,2144800615,2014-06-25,1,0.75,930,29258,1.0,0,0,3,6,930,0,1941,0,98178,47.4837,-122.236,2000,18321,190000.0
545,15377,1568100920,2015-04-08,4,2.5,3440,14554,2.0,1,4,3,8,2170,1270,2012,0,98155,47.7364,-122.286,3170,11810,1950000.0
546,17835,9406510040,2015-02-06,4,2.5,2920,24074,2.0,0,0,3,9,2920,0,1997,0,98038,47.381,-122.056,2760,26023,555000.0
547,5910,2923049421,2014-07-02,3,2.25,1920,7738,1.0,0,0,3,8,1520,400,1965,0,98148,47.4562,-122.33,2170,8452,250000.0
548,7911,1051000040,2015-04-24,3,2.25,3330,20053,2.0,0,0,3,9,3330,0,1968,1998,98004,47.6395,-122.214,2870,20053,1824100.0
549,8637,2077700042,2014-06-26,3,2.0,2330,26571,2.5,0,0,3,8,2330,0,1987,0,98005,47.6009,-122.158,2030,20037,530000.0
550,10120,9423800030,2014-11-18,3,1.0,1100,7470,1.0,0,0,4,5,1100,0,1917,0,98065,47.5242,-121.831,1280,7055,250000.0
551,13959,9818700455,2014-08-26,4,2.5,2320,4000,1.5,0,0,5,8,1510,810,1905,0,98122,47.6048,-122.298,1490,4500,518000.0
552,16138,7133300675,2015-04-28,3,1.0,1140,4500,1.0,0,0,3,6,840,300,1907,0,98144,47.5897,-122.314,1150,3000,450000.0
553,1981,4113800550,2014-07-21,4,2.5,2440,7322,2.0,0,0,3,9,2440,0,1991,0,98056,47.5357,-122.179,2590,9927,562500.0
554,19323,5553300375,2014-08-20,3,3.5,3080,6495,2.0,0,3,3,11,2530,550,1996,2006,98199,47.6321,-122.393,4120,8620,2160000.0
555,12524,2025701530,2014-08-26,3,2.5,1610,6000,2.0,0,0,4,7,1610,0,1993,0,98038,47.349,-122.036,1570,6000,282000.0
556,5567,7942601155,2014-07-22,2,1.0,1095,5120,1.5,0,0,3,7,1095,0,1901,0,98122,47.6058,-122.313,1310,5120,302282.0
557,15043,7524300020,2014-08-20,3,2.5,1580,12250,2.0,0,0,3,8,1580,0,1993,0,98198,47.3771,-122.315,1560,9900,267000.0
558,7646,2520069100,2014-10-16,4,2.0,1960,30480,1.0,0,2,4,7,1060,900,1972,0,98022,47.1924,-121.988,1460,8914,275000.0
559,13236,5412300410,2015-03-25,3,1.0,1420,8800,1.0,0,0,4,6,1090,330,1981,0,98030,47.3746,-122.181,1480,8000,248000.0
560,8962,7504110760,2014-06-27,4,2.25,3190,11597,2.0,0,0,3,10,2300,890,1984,0,98074,47.6323,-122.039,2990,10679,750000.0
561,11994,2594200350,2015-03-04,2,1.0,910,7200,1.0,0,1,4,7,830,80,1936,0,98136,47.5145,-122.39,1700,7200,445000.0
562,8057,2722059013,2015-02-04,2,1.0,1270,43560,1.0,0,0,4,5,1270,0,1908,0,98042,47.3651,-122.165,1870,6960,550000.0
563,16317,8078430480,2014-08-06,4,2.5,2040,7412,2.0,0,0,3,8,2040,0,1988,0,98074,47.6347,-122.026,2050,7830,545000.0
564,19427,1423069162,2014-06-04,4,2.25,2740,88426,2.0,0,0,3,7,2740,0,1991,0,98027,47.4734,-122.006,2740,62726,549000.0
565,12296,8856001090,2015-01-30,3,1.0,940,10890,1.0,0,0,4,5,940,0,1909,0,98001,47.2763,-122.257,1370,10255,185900.0
566,1092,7000100631,2015-05-07,5,1.75,2690,21357,1.0,0,0,4,7,1420,1270,1952,0,98004,47.5831,-122.191,2600,17539,730000.0
567,7051,4222200280,2014-10-21,3,2.0,1460,7740,1.0,0,0,3,7,1460,0,1968,0,98003,47.3467,-122.306,1540,7644,225000.0
568,6087,7971300050,2014-07-10,3,2.0,2320,10960,1.0,0,0,3,7,1510,810,1956,0,98005,47.6157,-122.174,2160,10960,657500.0
569,971,2009001600,2015-05-06,3,1.0,1070,9000,1.0,0,0,4,7,1070,0,1950,0,98198,47.4061,-122.33,1840,12000,265000.0
570,291,6619910140,2015-02-24,4,1.75,2950,9025,1.0,0,2,4,8,1780,1170,1975,0,98034,47.7128,-122.223,2120,9600,630000.0
571,9360,2877100985,2014-06-23,3,2.25,1470,2500,2.0,0,0,3,8,1080,390,1984,0,98117,47.6762,-122.36,1640,4300,490000.0
572,6650,1196000007,2014-05-05,5,2.5,3090,12750,1.0,0,0,3,8,1750,1340,1968,0,98023,47.3408,-122.335,1760,25919,384900.0
573,15680,1330850130,2015-02-18,3,2.5,2850,21780,2.0,0,0,3,10,2850,0,1994,0,98053,47.6455,-122.04,3020,21798,799990.0
574,19230,6664900410,2014-06-26,3,2.0,1900,8002,1.0,0,0,3,7,1900,0,1991,0,98023,47.2909,-122.352,1900,6086,252500.0
575,3689,1231001110,2014-07-22,3,1.0,920,3532,1.0,0,0,3,6,920,0,1910,0,98118,47.5539,-122.268,1250,4000,380000.0
576,10540,9235900030,2014-07-17,2,1.0,860,6120,1.0,0,0,3,7,860,0,1948,0,98155,47.7503,-122.328,1100,6860,245000.0
577,1611,9407101840,2014-06-20,4,2.5,1890,12236,1.0,0,0,3,7,1230,660,1978,0,98045,47.4491,-121.78,1390,11360,378000.0
578,3502,9523103001,2014-10-13,2,1.0,850,3276,1.0,0,0,3,6,850,0,1910,0,98103,47.6742,-122.35,1460,4100,389000.0
579,20984,2149800278,2014-10-15,6,5.0,2732,7655,2.0,0,0,3,7,2732,0,2009,0,98002,47.3045,-122.211,3078,69993,343000.0
580,18010,7234601198,2014-06-04,3,3.25,1540,704,3.0,0,0,3,9,1540,0,2011,0,98122,47.6177,-122.308,1540,1456,742000.0
581,17953,9476700035,2014-07-10,4,2.0,2680,13680,2.0,0,2,4,7,2350,330,1943,1965,98056,47.4887,-122.192,1430,11000,400000.0
582,12527,9297301065,2014-10-29,3,1.0,1800,4800,1.0,0,2,4,9,900,900,1927,0,98126,47.5672,-122.372,1400,4800,625000.0
583,11443,518500700,2014-05-07,2,2.25,2550,5663,1.0,0,0,3,10,1720,830,2011,0,98056,47.5304,-122.202,2560,3828,630000.0
584,18611,7843500090,2014-08-22,4,2.5,2010,12085,2.0,0,0,3,8,2010,0,1986,0,98042,47.3406,-122.057,1910,12133,299500.0
585,21279,6056110780,2014-06-27,2,1.75,1110,1773,2.0,0,0,3,8,1110,0,2014,0,98108,47.5647,-122.293,1420,2855,229800.0
586,10250,2345700260,2015-04-06,5,2.5,2820,6305,2.0,0,0,3,8,2820,0,2003,0,98003,47.2616,-122.296,2610,6306,395000.0
587,1087,3509600070,2014-07-25,3,1.5,1370,9000,1.0,0,0,3,7,1370,0,1962,0,98168,47.4973,-122.328,1400,9075,225000.0
588,16560,1431700280,2015-04-09,5,2.0,2730,7344,1.0,0,0,5,7,1510,1220,1962,0,98058,47.4602,-122.171,1730,7700,310000.0
589,7484,1623049174,2015-04-02,4,3.0,1920,12040,1.0,0,0,3,7,1920,0,1962,0,98168,47.4805,-122.301,1530,10230,330000.0
590,17232,3024089049,2014-06-09,2,1.75,1610,158558,1.5,0,0,2,6,1610,0,1948,0,98065,47.5319,-121.84,1800,3572,280000.0
591,8138,7853340450,2015-04-27,3,2.75,1770,3172,2.0,0,0,3,8,1770,0,2009,0,98065,47.5164,-121.878,1760,2891,415000.0
592,17866,7732410360,2014-08-22,3,2.5,2420,9000,2.0,0,0,4,9,2420,0,1987,0,98007,47.6599,-122.146,2630,9000,752888.0
593,14299,1446800995,2014-08-05,3,2.5,2020,6628,1.0,0,0,4,7,1250,770,1963,0,98168,47.4934,-122.332,1540,9995,300000.0
594,6239,2946000285,2015-03-02,3,2.0,1170,10051,1.0,0,0,4,7,1170,0,1957,0,98198,47.4229,-122.324,1440,9800,200000.0
595,3633,425079100,2014-12-31,3,2.75,1840,68479,1.0,0,2,3,8,1340,500,1989,0,98014,47.6802,-121.908,2060,61903,406500.0
596,14111,3876313040,2014-07-09,4,2.5,2100,8400,1.0,0,0,4,7,1240,860,1976,0,98072,47.735,-122.17,1980,8610,468000.0
597,1052,1762600260,2014-05-22,4,3.25,3440,35021,2.0,0,0,3,10,3440,0,1983,0,98033,47.6476,-122.184,3440,35021,1050000.0
598,1662,1925069121,2015-03-30,3,2.5,1730,4102,3.0,1,4,3,8,1730,0,1996,0,98074,47.645,-122.084,2340,16994,960000.0
599,16207,7443000480,2015-05-07,4,2.0,2750,5527,2.0,0,0,3,8,2130,620,1901,1987,98119,47.6513,-122.368,1290,1764,865000.0
600,9054,7820000015,2015-03-12,3,1.75,1400,8640,1.0,0,0,3,7,1400,0,1962,0,98011,47.7659,-122.204,1630,8640,395000.0
601,6316,4027701253,2014-08-13,4,2.5,1990,30083,2.0,0,0,3,8,1990,0,1998,0,98155,47.7678,-122.272,2220,11627,470000.0
602,3050,2826049165,2015-02-26,4,1.0,1180,13500,1.5,0,0,3,7,1180,0,1950,0,98125,47.7165,-122.308,1580,8976,517000.0
603,9809,5426300060,2014-10-08,3,2.25,2300,15952,1.0,0,0,4,8,1150,1150,1963,0,98039,47.6322,-122.232,2200,14284,1000000.0
604,20962,1278000210,2015-03-11,2,1.0,828,4524,1.0,0,0,3,6,828,0,1968,2007,98001,47.2655,-122.244,828,5402,110000.0
605,10533,923000270,2014-05-08,2,1.0,1020,8155,1.0,0,0,4,7,1020,0,1948,0,98177,47.7257,-122.361,1430,8157,405000.0
606,15625,7657600005,2014-10-31,5,2.0,1730,7375,1.0,0,0,4,6,1730,0,1944,0,98178,47.4953,-122.238,1550,7125,249950.0
607,14058,3024079057,2014-07-30,3,1.5,1750,32500,1.0,0,0,4,7,1750,0,1966,0,98027,47.5316,-121.959,1820,102801,410000.0
608,6753,3276180020,2015-03-27,4,1.75,1660,10757,1.0,0,0,3,7,1000,660,1980,0,98056,47.5071,-122.194,1880,8319,385000.0
609,13343,7304300760,2014-06-25,3,1.0,1010,8184,1.0,0,0,4,6,1010,0,1947,0,98155,47.7416,-122.319,1010,8184,349000.0
610,6918,3908100020,2014-08-03,4,1.0,1360,5766,1.5,0,0,5,7,1360,0,1951,0,98115,47.6827,-122.289,1500,5704,540000.0
611,9262,8835400805,2014-05-22,4,1.75,2740,8520,1.0,0,2,3,8,1370,1370,1954,0,98118,47.5445,-122.263,2740,9286,657000.0
612,19734,4051150070,2014-12-23,3,1.5,1072,4339,2.0,0,0,3,7,1072,0,2009,0,98042,47.386,-122.162,1443,4341,250000.0
613,19183,3904930530,2015-04-14,3,2.0,1440,5469,1.0,0,0,3,8,1440,0,1988,0,98029,47.5753,-122.017,1980,6198,350000.0
614,12619,6163900971,2014-06-19,3,2.0,1430,6000,1.0,0,0,5,7,1430,0,1945,0,98155,47.7564,-122.316,1630,6315,352450.0
615,424,7942600310,2014-07-17,2,1.0,940,5120,1.0,0,0,3,7,940,0,1909,0,98122,47.6073,-122.308,1300,5120,375000.0
616,13724,4365700330,2014-07-30,2,1.75,930,7080,1.0,0,0,3,6,930,0,1923,2006,98106,47.5224,-122.36,1100,7680,275000.0
617,7554,423059207,2015-02-23,3,2.0,1190,6445,1.0,0,0,3,7,1190,0,1996,0,98056,47.5057,-122.172,1920,8195,322500.0
618,3704,3992700265,2014-08-04,3,1.0,1060,8040,1.0,0,0,4,6,1060,0,1949,0,98125,47.7121,-122.287,1300,7620,385100.0
619,19229,7177300090,2014-05-20,3,1.5,1080,2940,1.5,0,0,4,7,1080,0,1920,0,98115,47.6832,-122.304,1400,4930,395000.0
620,6259,2540820010,2015-04-27,4,2.5,2930,8641,2.0,0,0,3,8,2930,0,2010,0,98034,47.7199,-122.246,2120,11175,750000.0
621,9129,5700002510,2014-06-11,5,2.5,2340,6000,2.0,0,0,4,10,2340,0,1922,0,98144,47.5764,-122.287,2350,6000,1085000.0
622,10180,5201000030,2015-03-23,4,2.5,2370,41338,2.0,0,0,3,8,2370,0,1995,0,98077,47.7379,-122.052,2340,46661,597000.0
623,17558,7631800015,2015-04-07,3,3.25,5480,57990,2.0,1,4,3,11,5480,0,1991,0,98166,47.4558,-122.371,2500,22954,2510000.0
624,6725,2922702965,2015-01-15,3,2.0,1980,3525,1.5,0,0,4,8,1590,390,1932,0,98117,47.6847,-122.368,1760,3760,703300.0
625,19196,1525059198,2014-05-21,3,2.25,2760,40946,2.0,0,0,5,10,2760,0,1978,0,98005,47.6501,-122.164,3030,42253,1185000.0
626,8892,1245003160,2014-05-02,4,2.25,2200,11250,1.5,0,0,5,7,1300,900,1920,0,98033,47.6845,-122.201,2320,10814,698000.0
627,7733,3810000455,2014-09-08,4,2.25,2060,8400,1.0,0,0,3,7,1300,760,1960,0,98178,47.4984,-122.23,1990,7383,340000.0
628,16291,7855600080,2015-03-30,3,1.75,2770,15232,1.0,0,0,3,8,1570,1200,1976,0,98006,47.5706,-122.16,2340,11400,750000.0
629,2781,5701500030,2014-06-01,4,3.5,3480,7232,2.0,0,0,3,9,2580,900,1926,2010,98144,47.5859,-122.291,2380,5642,1505000.0
630,11467,7504020400,2015-01-27,4,2.25,2360,15860,1.0,0,0,3,9,2360,0,1977,0,98074,47.6307,-122.051,2650,11798,615000.0
631,1288,1402600570,2015-01-13,3,2.25,1580,6561,1.0,0,0,3,8,1200,380,1981,0,98058,47.4394,-122.14,1710,7241,320000.0
632,14420,7575610760,2015-05-07,3,2.25,1620,7772,2.0,0,0,4,8,1620,0,1988,0,98003,47.3521,-122.302,1710,6455,290000.0
633,9948,8731990370,2015-04-22,4,3.0,2540,8800,1.0,0,1,3,9,1620,920,1977,0,98023,47.3204,-122.387,2540,8800,374950.0
634,3352,5021900090,2015-03-06,5,2.75,2830,18050,1.0,0,0,5,7,1630,1200,1958,0,98040,47.5773,-122.226,2370,14250,1100000.0
635,12269,290000075,2015-02-25,3,1.0,1260,6000,1.0,0,3,3,7,1260,0,1951,0,98146,47.5058,-122.384,2020,6600,550000.0
636,7048,2841500010,2014-09-24,4,3.0,2860,5724,1.0,0,0,3,7,1730,1130,1983,0,98108,47.5427,-122.302,2340,7200,390000.0
637,866,3955900830,2015-04-27,3,2.5,3460,6590,2.0,0,0,3,7,3460,0,2001,0,98056,47.4802,-122.188,2490,6312,467000.0
638,344,7852110140,2014-07-18,4,2.5,2580,5823,2.0,0,0,3,8,2580,0,2002,0,98065,47.5374,-121.875,2380,5823,552250.0
639,12409,1311400350,2014-10-09,4,1.5,2070,7245,1.0,0,0,4,7,1060,1010,1964,0,98001,47.3417,-122.281,1450,7350,235000.0
640,3128,7773800015,2015-04-16,4,2.25,2420,11120,1.0,0,2,4,8,1620,800,1952,0,98146,47.4954,-122.366,2210,8497,750000.0
641,2527,4123400320,2014-05-05,4,2.25,1990,7712,1.0,0,0,3,8,1210,780,1973,0,98027,47.5688,-122.087,1720,7393,627000.0
642,10646,2725069157,2014-06-13,4,2.5,3670,54450,2.0,0,0,3,10,3670,0,1999,0,98074,47.6211,-122.016,2900,49658,883000.0
643,21213,666000143,2014-12-29,3,3.0,1950,1983,3.0,0,0,3,9,1610,340,2009,0,98004,47.6078,-122.202,2040,2131,785000.0
644,15270,5101408678,2014-11-20,2,1.75,2060,7192,1.0,0,0,3,7,1420,640,1940,0,98125,47.7038,-122.317,1860,7140,457000.0
645,7589,6371000026,2015-01-22,2,2.0,1030,600,2.0,0,0,3,8,680,350,2004,0,98116,47.5788,-122.41,1120,1267,367500.0
646,2351,2024059084,2015-03-13,4,2.75,2290,21486,1.0,0,2,5,7,2290,0,1963,0,98006,47.5515,-122.189,2540,15936,625000.0
647,10679,7283900036,2014-08-18,3,1.0,990,10752,1.5,0,0,4,7,990,0,1929,0,98133,47.7648,-122.35,1820,7600,402500.0
648,17703,8881900230,2014-12-02,3,2.75,2870,6600,2.0,0,2,3,8,2870,0,1984,0,98008,47.5745,-122.113,2570,7925,755000.0
649,1580,3959400135,2014-06-02,2,1.0,1210,4800,1.0,0,0,3,8,1060,150,1950,0,98108,47.5625,-122.316,1380,4800,380000.0
650,10723,7696610270,2014-12-29,3,1.5,1360,7488,1.0,0,0,4,7,1050,310,1975,0,98001,47.3314,-122.275,1580,7508,238000.0
651,14305,1689400150,2015-02-06,3,2.75,2170,2738,1.5,0,0,4,9,1550,620,1930,0,98109,47.6389,-122.349,1170,1062,848000.0
652,8753,5103900015,2014-06-26,3,1.5,2450,12497,1.0,0,0,4,7,2450,0,1967,0,98065,47.5317,-121.834,1560,11700,358000.0
653,19657,1441000350,2014-09-15,4,3.5,3180,4869,2.0,0,0,3,8,2390,790,2007,0,98055,47.4482,-122.206,2850,4500,440000.0
654,19090,5101408735,2014-11-03,2,1.0,800,5220,1.0,0,0,3,6,800,0,1943,0,98125,47.7037,-122.32,1910,5376,250000.0
655,6714,3126059027,2015-03-18,4,3.5,4700,13730,2.0,0,3,3,11,3500,1200,1958,1995,98033,47.6899,-122.217,3210,15306,2650000.0
656,19064,2320069014,2014-07-09,3,2.0,2660,192099,1.0,0,0,4,9,2660,0,1964,0,98022,47.2098,-122.016,2570,43561,495000.0
657,9251,9541600015,2015-02-11,4,2.25,2010,15375,1.0,0,0,4,8,2010,0,1957,0,98005,47.5956,-122.174,1930,15375,660000.0
658,20200,8682320420,2015-04-27,2,2.5,2170,6361,1.0,0,2,3,8,2170,0,2009,0,98053,47.7109,-122.017,2310,7419,755000.0
659,19469,1562200090,2014-10-17,4,2.5,2090,7290,1.0,0,0,5,8,1420,670,1966,0,98007,47.624,-122.142,2110,8436,600000.0
660,20232,3395070980,2015-03-27,5,3.25,2820,3275,2.0,0,0,3,8,2230,590,2006,0,98118,47.5339,-122.284,2610,3275,461500.0
661,14168,7349600230,2014-07-29,3,2.25,1640,6044,2.0,0,0,3,7,1640,0,1996,0,98002,47.2844,-122.205,1600,7418,275000.0
662,18586,522049122,2015-04-02,4,1.75,1320,7694,1.0,0,0,3,7,1320,0,1928,1972,98148,47.4297,-122.325,1620,8468,195000.0
663,11414,869700060,2014-07-29,3,2.5,1260,2767,2.0,0,0,3,8,1260,0,1999,0,98059,47.4914,-122.155,1310,2767,315000.0
664,11727,811000055,2014-09-25,4,3.0,3260,4500,2.0,0,0,3,9,2300,960,1930,2014,98109,47.6314,-122.353,2410,4995,1280000.0
665,4393,1221059176,2015-03-11,4,2.75,2200,268329,1.0,0,0,3,7,1410,790,1989,0,98092,47.3224,-122.122,2240,58806,353000.0
666,19352,1523059103,2014-09-26,4,2.5,2570,22215,2.0,0,0,5,7,2570,0,1958,0,98059,47.4833,-122.157,2460,6533,390000.0
667,14128,2025760210,2014-06-11,4,2.75,4140,24190,2.0,0,0,3,11,4140,0,2002,0,98092,47.3062,-122.15,3950,24190,657500.0
668,8182,9218400088,2014-11-19,5,1.0,1810,11205,1.5,0,2,3,7,1810,0,1915,0,98178,47.5099,-122.262,1860,7965,495000.0
669,12654,8682292020,2014-09-15,2,2.0,1510,4908,1.0,0,0,3,8,1510,0,2006,0,98053,47.7196,-122.024,1440,3921,450000.0
670,10971,2623089135,2014-06-16,3,2.5,1830,65340,1.0,0,0,3,8,1520,310,1991,0,98045,47.4553,-121.75,2100,84942,427000.0
671,20025,3758900259,2014-05-07,4,3.5,3900,8391,2.0,0,0,3,10,3900,0,2006,0,98033,47.6979,-122.205,3820,12268,1040000.0
672,4871,524069049,2015-04-02,3,1.5,1460,78408,1.0,0,0,4,7,1460,0,1963,0,98075,47.59,-122.058,3320,7787,700000.0
673,8957,3121500150,2015-04-23,4,2.5,3800,22029,2.0,0,0,3,9,3800,0,1993,0,98053,47.6734,-122.026,3170,24979,894000.0
674,17124,5581400080,2014-06-18,4,2.5,3210,14910,2.0,0,0,3,10,3210,0,1995,0,98074,47.6073,-122.062,3280,14910,770000.0
675,5306,8087800020,2014-05-15,3,1.5,1490,8475,1.0,0,0,4,7,1490,0,1963,0,98052,47.6571,-122.133,1490,8540,412500.0
676,5852,4070700290,2015-02-26,3,2.5,1950,3730,2.0,0,0,3,9,1950,0,1996,0,98033,47.6731,-122.199,2080,4000,899000.0
677,15948,3296000170,2014-12-29,5,2.75,2810,13144,1.0,0,0,3,8,1440,1370,1964,0,98007,47.6199,-122.141,2480,13144,555000.0
678,12832,9238500040,2014-06-24,3,2.5,2970,23100,1.0,0,0,3,7,1510,1460,1967,0,98072,47.7735,-122.133,2390,20300,400000.0
679,8492,2744600040,2014-06-14,3,1.75,1430,8865,1.0,0,0,3,7,1430,0,1950,0,98125,47.7331,-122.299,1250,8154,330000.0
680,6132,6813600380,2014-12-24,3,3.0,2090,7440,1.5,0,0,5,7,1290,800,1922,0,98103,47.6891,-122.331,1570,4960,700000.0
681,9539,6140100150,2014-11-25,4,2.0,2280,7200,1.0,0,0,4,7,2280,0,1956,0,98133,47.7132,-122.355,1100,7620,500000.0
682,14279,2201500555,2014-09-29,3,1.0,1420,10980,1.0,0,0,4,7,1200,220,1954,0,98006,47.574,-122.138,1630,9763,385000.0
683,15873,2600110250,2015-04-30,4,2.5,2170,9796,1.0,0,0,4,8,1650,520,1980,0,98006,47.5505,-122.152,2350,9796,840000.0
684,15816,4337000275,2015-03-17,2,1.0,740,8853,1.0,0,0,3,6,740,0,1943,0,98166,47.4793,-122.336,850,8775,230500.0
685,9586,1186000150,2015-01-23,3,1.75,1370,2800,1.0,0,0,5,7,800,570,1982,0,98122,47.6157,-122.291,2270,3773,563250.0
686,19794,1972201963,2014-06-16,3,2.25,1420,1282,3.0,0,0,3,8,1420,0,2006,0,98103,47.6533,-122.346,1530,1280,523950.0
687,4048,1105000745,2015-01-23,3,1.5,1570,10824,2.0,0,0,3,7,1570,0,1908,0,98118,47.54,-122.275,1530,8125,227064.0
688,9953,2887700560,2015-05-07,3,2.0,2080,4549,1.0,0,0,5,7,1040,1040,1954,0,98115,47.6886,-122.309,1620,4549,616500.0
689,15834,4039700080,2015-03-17,4,1.75,1930,9310,1.0,0,0,4,9,1930,0,1968,0,98008,47.6158,-122.108,2110,10290,670000.0
690,2266,522049104,2014-07-29,5,1.75,2340,9148,2.0,0,0,3,7,2340,0,1957,0,98198,47.4232,-122.324,1390,10019,210000.0
691,15469,4202400078,2015-04-28,2,1.0,1410,7000,1.0,0,0,3,7,1410,0,1968,0,98055,47.4908,-122.223,1540,6000,335000.0
692,12121,7520000695,2014-11-04,3,1.0,840,4495,1.0,0,0,3,6,840,0,1921,0,98146,47.496,-122.349,1260,7434,151100.0
693,12290,7714000310,2014-07-19,4,2.5,2790,4650,2.0,0,0,3,8,2790,0,2004,0,98038,47.3557,-122.026,2850,4650,374950.0
694,10091,4319200060,2014-07-09,3,2.0,2783,11177,2.0,0,0,3,8,2783,0,1910,1999,98126,47.538,-122.38,1730,8018,840000.0
695,18012,8624700015,2014-11-12,4,3.0,2940,5763,1.0,0,0,5,8,1640,1300,1955,0,98108,47.5589,-122.295,2020,7320,640000.0
696,14641,5104520610,2014-07-14,4,2.5,1830,4500,2.0,0,0,3,7,1830,0,2004,0,98038,47.3504,-122.005,2080,5100,335000.0
697,18897,2354300845,2014-08-04,3,1.0,1020,6000,1.0,0,0,3,5,1020,0,1900,0,98027,47.5281,-122.031,2070,7200,210000.0
698,3165,3824100291,2014-09-16,4,2.25,2550,10000,1.0,0,0,4,7,1560,990,1979,0,98028,47.77,-122.259,2440,10000,452250.0
699,13295,6151800612,2015-01-07,4,1.0,1460,16638,1.0,0,0,4,6,1460,0,1975,0,98010,47.3431,-122.048,1460,16638,162000.0
700,16576,5454200080,2014-08-11,4,1.75,2630,9645,1.0,0,0,4,9,2630,0,1963,0,98040,47.5459,-122.228,2690,10439,968000.0
701,17387,6413600290,2014-05-09,3,1.0,1030,6127,1.0,0,0,3,7,880,150,1947,0,98125,47.7192,-122.32,1610,6127,252500.0
702,14404,2131200065,2014-12-11,3,1.75,1460,7361,1.0,0,0,3,6,1460,0,1982,0,98019,47.7436,-121.979,1460,7505,265800.0
703,21124,1459920010,2015-03-23,3,2.0,1451,7159,1.0,0,0,3,7,1451,0,2010,0,98042,47.3754,-122.163,2303,6126,300000.0
704,17750,50300090,2014-08-11,4,3.0,3000,10297,2.0,0,0,3,8,3000,0,2003,0,98042,47.3684,-122.073,2520,8366,398950.0
705,3341,2326300090,2014-06-04,3,1.75,2090,4725,2.0,0,0,3,7,1610,480,1947,2013,98199,47.657,-122.394,1280,4725,865000.0
706,936,7714000070,2015-02-05,4,2.5,2790,4650,2.0,0,0,3,8,2790,0,2004,0,98038,47.3556,-122.026,2820,4650,378000.0
707,5751,3630180500,2014-10-06,5,3.5,4350,6218,2.0,0,2,3,10,3520,830,2007,0,98027,47.5396,-121.997,3260,5989,1150000.0
708,2641,1727850340,2014-09-29,4,2.75,3200,13729,2.0,0,0,3,11,3200,0,1984,0,98005,47.6402,-122.171,4050,16921,1272000.0
709,21424,8691430330,2014-08-31,5,3.25,4100,7578,2.0,0,2,3,10,4100,0,2011,0,98075,47.5955,-121.974,3710,8156,890000.0
710,10857,2310030390,2015-04-29,3,1.75,1180,6260,1.0,0,0,4,8,1180,0,1993,0,98038,47.3531,-122.048,1580,7272,275000.0
711,13064,5561400610,2014-10-19,5,3.5,2730,42500,1.0,0,0,3,8,1530,1200,1989,0,98027,47.4587,-121.996,3180,37970,542500.0
712,9457,7010701016,2015-02-09,1,1.0,1080,5000,1.5,0,0,3,7,1080,0,1948,0,98199,47.6603,-122.394,1620,4000,411000.0
713,6138,7883605915,2015-05-08,3,1.0,1020,6000,1.5,0,0,3,7,1020,0,1900,0,98108,47.5254,-122.318,1240,6000,337500.0
714,21376,1282300995,2015-02-22,3,2.25,1310,915,2.0,0,0,3,7,1060,250,2007,0,98144,47.5738,-122.293,1500,1215,365000.0
715,9758,4040700310,2014-08-05,4,1.75,1980,7840,1.0,0,0,4,7,990,990,1961,0,98008,47.6226,-122.115,1520,8400,416000.0
716,322,3353400435,2014-07-21,3,2.0,1450,11204,1.0,0,0,3,7,1450,0,2003,0,98001,47.2639,-122.252,1520,9518,230000.0
717,20439,2143701015,2014-12-10,4,3.25,2510,7686,2.0,0,0,3,9,2510,0,2003,0,98055,47.4785,-122.228,2510,6732,290500.0
718,20354,255450020,2014-09-18,3,2.5,2420,4725,2.0,0,0,3,8,2420,0,2014,0,98038,47.371,-122.018,2370,4200,367899.0
719,1719,1020069017,2015-03-27,4,1.0,1300,1651359,1.0,0,3,4,6,1300,0,1920,0,98022,47.2313,-122.023,2560,425581,700000.0
720,18714,4038200120,2014-08-25,5,1.75,2120,8625,1.0,0,0,3,7,1200,920,1959,0,98008,47.6118,-122.131,1930,8625,534000.0
721,17303,9284801100,2015-01-05,3,1.5,1060,5750,1.0,0,0,2,7,1060,0,1981,0,98126,47.5532,-122.372,1060,5750,317000.0
722,12004,1965200075,2015-03-16,3,1.75,1600,2538,2.0,0,0,3,7,1600,0,1929,0,98102,47.6447,-122.327,1660,1750,845000.0
723,21487,847100047,2014-09-17,4,2.75,3220,9825,2.0,0,0,3,8,3220,0,2012,0,98059,47.4863,-122.143,2820,8566,579000.0
724,14216,4038700720,2014-09-18,5,2.25,1950,8025,1.0,0,2,3,7,1150,800,1960,0,98008,47.6159,-122.114,1780,8560,525126.0
725,19024,6815100085,2014-12-24,4,2.0,3100,8000,1.5,0,0,5,7,2040,1060,1939,0,98103,47.6852,-122.329,1650,4000,1001000.0
726,16066,2508000020,2014-08-19,2,1.0,750,6350,1.0,0,0,3,5,750,0,1920,0,98103,47.6938,-122.356,920,6350,250000.0
727,14690,255520180,2014-12-18,3,2.5,4040,8653,2.0,0,0,3,9,2900,1140,2006,0,98019,47.7378,-121.975,3360,8653,565000.0
728,8687,6822100750,2015-05-08,3,1.75,1500,6000,1.0,0,0,5,7,850,650,1940,0,98199,47.6474,-122.402,1700,6000,700000.0
729,16978,869700050,2015-01-20,3,2.5,1490,4078,2.0,0,0,3,8,1490,0,1998,0,98059,47.4915,-122.155,1310,2767,316000.0
730,6543,1775801405,2014-12-16,4,2.5,2390,38258,2.0,0,0,3,8,2390,0,2001,0,98072,47.7433,-122.094,1960,17113,557500.0
731,3458,6600400090,2015-01-13,3,1.0,1640,9750,1.0,0,0,3,7,1640,0,1968,0,98042,47.3256,-122.141,1200,9750,207500.0
732,2545,7202330270,2015-03-03,3,2.5,1440,4473,2.0,0,0,3,7,1440,0,2003,0,98053,47.6825,-122.036,1650,3322,465000.0
733,9659,1683400165,2015-04-30,7,4.0,2960,2665,2.0,0,0,3,9,1950,1010,1927,2013,98144,47.5835,-122.313,1970,4410,853800.0
734,484,2625069070,2015-04-10,4,3.25,4860,181319,2.5,0,0,3,9,4860,0,1993,0,98074,47.6179,-122.005,3850,181319,1385000.0
735,11026,7625702440,2014-12-30,3,1.75,1480,800,2.0,0,0,3,8,1000,480,2014,0,98136,47.5493,-122.387,1480,1143,469000.0
736,11158,3388000640,2015-03-18,3,1.5,1280,7742,1.0,0,0,4,7,1280,0,1962,0,98031,47.3947,-122.197,1450,8316,220000.0
737,8542,1899400365,2014-06-20,3,2.0,1510,7884,1.0,0,0,3,6,1510,0,1942,2014,98166,47.4683,-122.348,1050,7620,332000.0
738,11697,6899990200,2014-07-02,4,3.0,3550,12327,1.5,0,0,4,10,2180,1370,1990,0,98011,47.7533,-122.205,3170,12937,720000.0
739,6418,5569700020,2014-07-30,4,2.5,3230,19193,1.0,0,3,4,8,2000,1230,1973,0,98075,47.5755,-122.07,3230,13420,795000.0
740,11499,986000045,2014-10-07,4,1.75,2020,10332,1.0,0,0,3,7,1010,1010,1954,0,98168,47.5059,-122.303,2240,8379,240000.0
741,5474,3293700221,2014-10-21,3,1.0,1260,7660,1.0,0,0,3,6,1260,0,1947,0,98133,47.7476,-122.35,1990,7861,280000.0
742,7316,3764800250,2015-01-05,4,2.0,1180,7275,1.0,0,0,3,7,1180,0,1965,0,98034,47.7301,-122.2,1210,7275,330000.0
743,12012,2291400566,2014-08-07,4,1.0,1450,6820,1.5,0,0,3,6,1450,0,1947,0,98133,47.7061,-122.347,1450,6820,375000.0
744,15764,4219401236,2014-05-20,3,1.75,3400,8965,1.0,0,2,5,9,1820,1580,1957,0,98105,47.6569,-122.273,3200,8500,1690000.0
745,16962,4239400840,2014-10-29,3,1.0,1090,3523,1.0,0,0,4,6,1090,0,1969,0,98092,47.3161,-122.182,1030,3200,152500.0
746,1788,7211400990,2015-03-03,2,1.0,860,5000,1.0,0,0,3,6,860,0,1915,1945,98146,47.5133,-122.356,1220,5000,256000.0
747,17115,7696500280,2014-10-27,3,1.0,910,7194,1.0,0,0,4,7,910,0,1971,0,98001,47.3337,-122.275,1530,7200,182500.0
748,11933,7215721070,2014-09-29,4,2.5,1800,4500,2.0,0,0,3,8,1800,0,1999,0,98075,47.5998,-122.014,1800,4500,485500.0
749,11807,3204850140,2014-11-12,5,2.5,2880,8216,2.0,0,0,3,8,2880,0,2001,0,98030,47.3747,-122.185,1960,7200,362000.0
750,17780,4322200220,2015-04-21,3,2.75,3370,5350,1.5,0,1,4,7,2310,1060,1910,0,98136,47.5373,-122.39,1720,5618,675000.0
751,19471,2566300100,2015-03-27,5,1.75,2650,11340,1.0,0,0,3,8,2650,0,1955,0,98004,47.626,-122.213,2780,13204,1388000.0
752,18732,1944900090,2014-05-19,5,1.75,1250,10530,1.0,0,0,4,7,1250,0,1966,0,98007,47.6101,-122.138,1560,8190,462000.0
753,10133,6648500390,2015-02-26,3,2.25,1940,6500,1.0,0,0,3,8,1440,500,1979,0,98042,47.3565,-122.149,1880,8991,219000.0
754,16929,7385300020,2014-06-13,5,2.5,3210,12000,1.0,0,0,4,8,1830,1380,1968,0,98007,47.6205,-122.148,2450,12000,725000.0
755,2238,1704900135,2014-11-11,2,1.0,840,5087,1.0,0,0,3,7,840,0,1925,0,98118,47.5557,-122.278,1590,5087,315000.0
756,5893,2877100655,2014-12-08,4,2.25,2360,2500,2.0,0,3,3,8,1520,840,2001,0,98117,47.6771,-122.358,1810,3900,695000.0
757,12813,2726079098,2014-09-18,3,2.5,2840,216493,2.0,0,0,3,9,2840,0,1991,0,98014,47.702,-121.892,2820,175111,560000.0
758,5853,7625703800,2015-04-24,3,2.0,1300,6000,1.0,0,0,5,7,1300,0,1943,0,98136,47.5482,-122.392,1230,6000,560000.0
759,13052,318300040,2014-09-23,5,3.25,3990,13087,2.0,0,0,3,9,2400,1590,1991,0,98042,47.3632,-122.061,2580,13633,649000.0
760,15971,7922800190,2015-03-11,5,1.75,2000,8713,1.0,0,2,3,7,1000,1000,1962,0,98008,47.5882,-122.117,2040,8449,620000.0
761,19512,2023049361,2015-03-23,2,1.0,940,6000,1.0,0,0,2,7,940,0,1954,0,98148,47.4631,-122.329,1890,8547,246500.0
762,13165,8946400210,2014-06-03,3,2.5,2110,4099,2.0,0,0,3,8,2110,0,2001,0,98072,47.7508,-122.17,2110,4871,548000.0
763,13061,6071600450,2014-11-20,4,2.25,2020,8400,1.0,0,0,4,8,1350,670,1961,0,98006,47.5488,-122.171,2060,8400,496600.0
764,8455,4343800100,2014-10-21,3,1.75,1680,7250,1.0,0,0,3,7,930,750,1952,0,98133,47.7201,-122.35,1340,7250,315000.0
765,843,1443300140,2015-01-14,3,2.25,2300,35287,2.0,0,0,3,8,2300,0,1977,0,98022,47.2477,-121.937,1760,47916,330000.0
766,6836,1024039001,2014-07-17,4,2.75,3090,16538,3.0,0,0,4,8,2590,500,1919,1987,98116,47.5803,-122.403,1500,5130,1000000.0
767,10083,2767704860,2014-07-28,3,1.75,1550,5000,1.0,0,0,3,7,1250,300,1911,2011,98107,47.6722,-122.372,1110,5000,650000.0
768,16102,7234600851,2014-12-16,4,1.0,2210,4366,2.0,0,0,3,8,2210,0,1901,0,98122,47.6105,-122.309,1740,1745,589000.0
769,12536,644200065,2015-03-06,4,2.5,2620,11200,1.0,0,0,4,8,1770,850,1962,0,98004,47.5876,-122.193,2360,11200,1030000.0
770,14100,7784400035,2014-08-13,2,1.75,2110,8700,1.0,0,4,4,9,1760,350,1960,0,98146,47.4912,-122.365,2120,9500,802000.0
771,1192,3826000560,2014-10-02,2,1.0,1740,8100,1.0,0,0,3,6,1050,690,1947,0,98168,47.4942,-122.304,960,8100,173000.0
772,18332,9272202260,2014-09-24,3,1.0,1200,7000,2.0,0,0,1,7,1200,0,1908,0,98116,47.5883,-122.384,3290,6000,130000.0
773,19899,263000253,2015-03-30,3,2.25,1550,1485,3.0,0,0,3,8,1550,0,2011,0,98103,47.6989,-122.346,1550,1480,380000.0
774,18802,3621059043,2014-05-27,4,2.5,3250,235063,1.0,0,2,3,9,3250,0,1973,0,98092,47.2582,-122.113,1600,44287,293000.0
775,16400,240000130,2014-10-13,4,2.5,3280,16575,1.0,0,0,3,9,2190,1090,1972,0,98188,47.426,-122.285,1570,13209,706000.0
776,14381,1352300120,2014-05-29,2,1.0,1500,4120,1.5,0,0,3,5,880,620,1928,0,98055,47.4857,-122.2,1300,4120,262000.0
777,10803,7849200861,2014-07-14,3,1.0,1300,5782,1.0,0,0,4,6,1300,0,1959,0,98065,47.524,-121.821,1020,7200,281000.0
778,7168,2487700130,2015-04-06,4,2.5,2720,8000,1.0,0,0,4,7,1360,1360,1955,0,98136,47.5237,-122.391,1790,8000,710000.0
779,1243,1796100140,2014-07-15,3,1.5,1350,81549,1.0,0,0,2,7,1350,0,1966,0,98092,47.3099,-122.09,2220,93825,170000.0
780,11321,7234601221,2014-10-14,3,1.5,1280,2114,1.5,0,0,3,8,1280,0,1904,0,98122,47.6174,-122.308,1540,1456,687500.0
781,17188,8651710190,2014-10-24,4,2.25,2140,10943,1.0,0,0,3,7,1550,590,1977,0,98034,47.7271,-122.215,2350,9000,502000.0
782,20138,2916200091,2015-03-03,4,2.5,2180,7204,2.0,0,0,3,8,2180,0,2014,0,98133,47.7221,-122.352,1500,7650,734000.0
783,14670,1232000915,2014-05-09,3,2.0,1410,4800,1.0,0,0,3,7,1410,0,1940,0,98117,47.6852,-122.378,1190,3840,481450.0
784,8144,1545801970,2014-05-16,3,2.0,1900,6660,1.0,0,0,5,7,950,950,1966,0,98038,47.3594,-122.054,1690,8111,250000.0
785,17241,3211200420,2014-06-18,3,1.0,910,7700,1.0,0,0,4,7,910,0,1971,0,98034,47.7303,-122.238,1250,7700,300000.0
786,14449,7686204675,2015-01-29,4,1.0,1010,7515,1.0,0,0,4,6,1010,0,1955,0,98198,47.4174,-122.316,1330,7515,248000.0
787,8164,3141600210,2014-06-19,3,2.0,1340,4320,1.0,0,0,3,5,920,420,1912,1993,98002,47.299,-122.228,980,6480,186000.0
788,16890,3959401284,2014-06-26,3,1.5,2120,6290,1.0,0,0,4,8,1220,900,1949,0,98108,47.5658,-122.318,1620,5400,440000.0
789,5857,2113700825,2014-07-31,3,1.0,970,4700,1.0,0,0,4,6,720,250,1943,0,98106,47.5285,-122.354,1560,4600,172000.0
790,11741,3876000710,2014-12-18,3,2.0,1440,7425,1.0,0,0,4,7,1440,0,1965,0,98034,47.7243,-122.185,1800,8344,405000.0
791,4902,522069022,2014-07-14,5,2.5,2950,72309,2.0,0,0,3,8,2950,0,2006,0,98058,47.4186,-122.079,1480,56192,599000.0
792,11491,3214200070,2015-04-29,3,1.0,1210,7636,1.0,0,0,4,7,1210,0,1952,0,98118,47.5377,-122.266,1530,5900,457500.0
793,4520,1221039156,2014-08-15,4,2.5,2180,11132,1.0,0,0,4,8,1620,560,1978,0,98023,47.3187,-122.367,1950,13801,275000.0
794,8336,259600790,2014-10-15,3,1.75,1220,7370,1.0,0,0,4,7,1220,0,1964,0,98008,47.6334,-122.12,1580,8213,500000.0
795,12883,785000040,2015-03-18,4,1.75,1440,8536,1.0,0,0,4,7,1440,0,1961,0,98033,47.6775,-122.18,1720,9748,472500.0
796,20374,8138870470,2014-07-07,3,2.5,1910,2091,2.0,0,0,3,8,1910,0,2014,0,98029,47.5445,-122.013,1630,1546,494815.0
797,8018,2596300035,2015-04-22,4,1.0,1390,9023,1.5,0,0,3,7,1390,0,1955,0,98155,47.7754,-122.296,1760,9023,342000.0
798,3256,540100057,2015-04-28,4,3.75,3250,10949,2.0,0,0,4,9,2940,310,1930,1989,98004,47.639,-122.219,2340,15234,1208000.0
799,11307,3073500045,2014-05-07,4,2.5,3305,16164,1.5,0,0,5,7,2245,1060,1922,1956,98133,47.7563,-122.338,1620,8883,492000.0
800,3425,5363200266,2014-06-23,3,2.0,1200,5029,1.0,0,0,3,6,880,320,1937,0,98115,47.6936,-122.294,1510,5854,420000.0
801,7348,8682261650,2014-07-10,2,2.0,1670,4996,1.0,0,0,3,8,1670,0,2004,0,98053,47.7141,-122.031,1670,4996,554000.0
802,5528,3224510080,2014-11-20,4,3.0,3350,23781,1.0,0,0,4,9,2020,1330,1979,0,98006,47.56,-122.132,2870,12036,805000.0
803,11124,3211270160,2014-06-12,4,2.5,2470,35073,2.0,0,0,3,9,2470,0,1989,0,98092,47.3064,-122.108,2990,35259,485000.0
804,10791,9269200520,2014-10-16,1,1.0,670,4920,1.0,0,0,3,5,670,0,1920,0,98126,47.5342,-122.373,1050,4920,310000.0
805,20285,293810190,2014-11-04,4,2.5,2400,6811,2.0,0,0,3,8,2400,0,2007,0,98059,47.4959,-122.15,2710,5314,456500.0
806,8203,4197400043,2015-02-19,3,1.5,1690,10250,1.0,0,0,4,7,1690,0,1955,0,98166,47.4531,-122.344,1990,11084,330000.0
807,3739,3026079031,2014-08-06,3,1.0,1410,47916,1.0,0,0,3,7,1410,0,1981,0,98019,47.7149,-121.96,1810,215622,211000.0
808,3912,5332200405,2014-06-02,4,2.5,2460,5000,2.0,0,0,5,8,1620,840,1938,0,98112,47.6282,-122.293,2320,5000,965000.0
809,12902,2473411210,2015-01-22,4,1.75,1660,8160,1.0,0,0,3,8,1660,0,1974,0,98058,47.4483,-122.129,1800,7684,374950.0
810,8285,9268200315,2014-08-28,3,2.0,1870,8442,1.5,0,0,5,7,1060,810,1927,0,98117,47.6964,-122.365,1640,6174,456000.0
811,15324,8123500050,2014-06-24,5,2.75,2730,22572,1.0,0,0,3,7,2080,650,1968,1992,98075,47.5951,-122.037,2260,15458,599000.0
812,6532,3221069091,2014-11-06,3,2.5,2110,208737,2.0,0,3,3,9,2110,0,1977,0,98092,47.2674,-122.072,2390,125017,500000.0
813,18862,2485000165,2014-12-15,4,2.5,2300,9900,1.0,0,2,3,8,1600,700,1961,0,98136,47.5256,-122.385,2510,7500,740000.0
814,17859,4058800215,2014-05-28,3,3.75,3890,7140,1.0,0,2,3,8,2390,1500,1943,2007,98178,47.5073,-122.239,1820,7320,430000.0
815,20042,1926059039,2014-10-06,4,2.5,3320,7429,2.0,0,0,3,9,3320,0,2014,0,98034,47.7189,-122.225,1840,7429,799950.0
816,15120,2533300680,2014-10-07,3,2.5,2860,4500,2.0,0,2,3,8,1980,880,1915,0,98119,47.6463,-122.371,2310,4500,1225000.0
817,3184,3343903640,2015-03-13,3,1.75,1400,5648,1.5,0,0,5,6,1400,0,1917,0,98056,47.5133,-122.196,2320,9420,249000.0
818,14463,5700003705,2014-06-19,5,2.0,3530,9385,1.5,0,0,3,9,3530,0,1925,0,98144,47.5774,-122.285,4100,9203,930000.0
819,15550,2023049372,2014-11-07,4,2.25,2670,9040,1.0,0,0,3,8,2170,500,1955,0,98148,47.4666,-122.326,1880,2648,339950.0
820,1503,4058800830,2015-03-18,6,3.0,3840,14040,1.5,0,3,3,8,2460,1380,1949,0,98178,47.506,-122.241,2170,6765,612000.0
821,6832,3333002302,2015-02-13,4,2.5,1950,5602,1.0,0,0,5,7,1120,830,1966,0,98118,47.5437,-122.291,2000,6050,428000.0
822,2332,2944500340,2014-07-21,4,2.75,2200,8580,1.0,0,0,3,8,1860,340,1991,0,98023,47.295,-122.37,2290,7816,315000.0
823,14769,1982200790,2015-01-27,3,2.0,1490,3880,1.0,0,0,3,7,1490,0,1959,0,98107,47.662,-122.363,1490,3880,550000.0
824,133,8929000270,2014-05-12,3,2.5,2010,2287,2.0,0,0,3,8,1390,620,2014,0,98029,47.5517,-121.998,1690,1662,453246.0
825,15536,8122101440,2014-07-08,2,1.0,800,7260,1.0,0,0,3,7,800,0,1953,0,98126,47.5359,-122.367,1010,7440,325000.0
826,16457,7525530470,2014-07-25,3,2.5,3140,10983,2.0,0,0,3,10,3140,0,1991,0,98075,47.5595,-122.04,3140,10983,810000.0
827,15122,9332800020,2014-07-15,4,2.25,2290,10409,2.0,0,0,3,8,2290,0,1972,0,98005,47.6351,-122.168,2040,10409,745000.0
828,15280,3878900525,2015-02-13,3,1.0,1200,5650,1.5,0,0,3,7,1200,0,1928,0,98178,47.5065,-122.249,1610,5650,329000.0
829,9041,5420300210,2014-10-07,3,1.75,2090,7461,1.0,0,0,3,6,1200,890,1986,0,98030,47.3764,-122.184,1420,7462,258000.0
830,3511,9232900165,2015-01-23,2,1.0,790,5800,1.0,0,0,3,6,790,0,1943,0,98117,47.6973,-122.36,1460,5800,418500.0
831,17994,6414100026,2015-01-08,2,1.0,1802,11225,1.0,0,0,3,7,1802,0,1961,0,98125,47.7205,-122.323,1810,7332,320000.0
832,17064,3013300660,2014-10-28,3,2.25,2090,8095,2.0,0,2,3,10,2090,0,1988,0,98136,47.5287,-122.385,1940,5635,550000.0
833,12711,7954300120,2014-08-22,4,2.5,2600,6536,2.0,0,0,3,9,2600,0,1999,0,98056,47.5232,-122.191,2640,6185,600000.0
834,13587,1081200360,2014-08-06,3,1.75,1750,11180,1.0,0,0,3,8,1750,0,1968,0,98059,47.4713,-122.117,1730,11180,260000.0
835,3230,2877102345,2014-10-27,2,1.75,1700,5000,1.0,0,0,3,6,850,850,1915,0,98117,47.6787,-122.363,1690,5000,511718.0
836,5683,2202500255,2015-03-05,3,2.0,1210,9926,1.0,0,0,4,7,1210,0,1954,2015,98006,47.5731,-122.135,1690,9737,335000.0
837,16361,7984400050,2014-09-22,3,1.5,1460,11100,1.0,0,0,3,7,1460,0,1956,0,98003,47.3253,-122.298,1460,11100,207000.0
838,6663,9558020380,2014-08-20,4,2.5,2840,4750,2.0,0,0,3,9,2840,0,2002,0,98058,47.4511,-122.121,2460,4750,525000.0
839,15099,7812801850,2014-10-15,3,1.0,1180,6050,1.0,0,0,3,6,820,360,1944,0,98178,47.4945,-122.249,1070,6050,194000.0
840,15128,8944460020,2015-03-05,4,2.5,2665,5868,2.0,0,0,3,9,2665,0,2006,0,98030,47.3831,-122.185,2665,6092,340000.0
841,8810,2306400040,2015-04-16,3,2.0,1560,2589,1.0,0,0,3,7,790,770,1923,2001,98103,47.6587,-122.344,1450,3893,604000.0
842,13249,8649400410,2015-04-17,3,1.75,2140,13598,1.5,0,0,4,7,1620,520,1970,0,98014,47.7139,-121.321,930,10150,375000.0
843,14834,7889602020,2014-08-19,3,1.0,1280,9000,1.5,0,0,4,6,1280,0,1954,0,98146,47.4915,-122.338,1430,4500,240000.0
844,18388,2041000025,2014-12-03,2,1.0,1090,3160,1.0,0,0,3,7,840,250,1926,0,98109,47.6385,-122.344,1070,3160,474000.0
845,14579,871001484,2015-01-15,3,1.75,1800,5816,1.0,0,0,5,7,900,900,1947,0,98199,47.6529,-122.407,1650,5816,719000.0
846,3623,2767602141,2014-09-05,3,1.5,1380,4290,1.0,0,0,3,7,1080,300,1955,0,98107,47.674,-122.379,1510,3900,525000.0
847,16750,3630180470,2015-02-05,4,2.75,3250,5500,2.0,0,0,3,9,3250,0,2007,0,98027,47.5398,-121.997,3920,6000,800000.0
848,16094,2769602140,2014-12-15,3,2.0,1360,2500,1.0,0,0,3,7,730,630,1986,0,98107,47.6753,-122.363,1630,5000,499950.0
849,16836,2473250280,2014-08-26,4,2.25,2300,9100,1.0,0,0,3,7,1280,1020,1977,0,98058,47.4576,-122.16,1640,9100,265000.0
850,15690,5422560660,2014-10-30,2,2.5,1700,6635,2.0,0,0,4,8,1700,0,1976,0,98052,47.6655,-122.13,1700,6635,407000.0
851,1056,3756600240,2015-03-19,3,1.0,1140,10320,1.0,0,0,4,7,1140,0,1963,0,98034,47.7168,-122.196,1140,10412,379000.0
852,385,8651600160,2014-11-11,4,2.25,2510,11585,2.0,0,0,4,8,2510,0,1969,0,98040,47.5483,-122.226,2450,9691,799000.0
853,20489,7202300540,2014-07-01,4,2.75,3990,6637,2.0,0,0,3,9,3990,0,2003,0,98053,47.6835,-122.045,3500,7074,825000.0
854,7359,8961950250,2014-09-15,5,2.75,3220,8160,2.0,0,0,3,9,3220,0,1999,0,98001,47.3154,-122.254,2876,11521,384000.0
855,5245,3303000130,2015-04-28,3,2.25,1770,7667,1.0,0,0,3,8,1270,500,1966,0,98177,47.7724,-122.362,2180,8103,520000.0
856,8657,798000062,2014-08-01,3,1.75,1770,9000,1.0,0,0,3,7,1090,680,1954,0,98168,47.4997,-122.326,1520,21141,286000.0
857,14771,1695900150,2014-05-28,2,1.75,2320,5500,1.5,0,2,3,8,1720,600,1925,2000,98144,47.586,-122.292,2380,5000,700000.0
858,20875,1604730150,2014-10-14,5,3.0,2800,5700,2.0,0,0,3,8,2800,0,2014,0,98059,47.4969,-122.145,2910,5349,639983.0
859,1510,4136930310,2014-11-06,4,2.5,2390,7115,2.0,0,0,3,9,2390,0,1999,0,98092,47.2593,-122.222,2600,7916,360000.0
860,8692,8835401250,2015-05-06,6,2.75,4430,6440,2.0,0,3,3,10,2680,1750,1964,2015,98118,47.5462,-122.265,3530,7314,1485000.0
861,7417,8665900328,2015-01-23,4,3.0,1900,9077,2.0,0,0,3,7,1900,0,1954,2015,98155,47.7684,-122.304,1900,12868,459000.0
862,6491,9262800255,2014-08-19,2,1.75,1894,52769,1.5,0,0,4,6,1520,374,1936,0,98001,47.3088,-122.273,1820,50529,280000.0
863,474,1853080570,2014-08-11,4,2.75,3390,6298,2.0,0,0,3,9,3390,0,2011,0,98074,47.5906,-122.062,3390,7111,859900.0
864,16136,5556300114,2014-12-19,3,1.75,2040,42693,1.0,0,2,3,10,2040,0,1980,0,98052,47.6479,-122.12,2640,11957,1320000.0
865,6950,9517200290,2015-02-23,3,1.75,2300,16474,1.0,0,0,3,7,1220,1080,1984,0,98072,47.7609,-122.144,1940,15601,482000.0
866,1114,4037200295,2014-08-19,3,1.75,1520,8835,1.0,0,0,4,7,1520,0,1957,0,98008,47.6054,-122.118,1760,8580,525000.0
867,19348,7417100123,2015-04-23,3,2.25,1800,9010,1.0,0,0,3,7,1300,500,1975,0,98155,47.7722,-122.312,1950,10240,365000.0
868,9535,2620069077,2015-04-22,3,1.0,880,7648,1.0,0,2,4,6,880,0,1940,0,98022,47.1963,-121.997,1020,7566,215000.0
869,7580,7922720040,2015-03-17,4,2.5,2880,9202,1.0,0,0,3,8,1780,1100,1977,0,98052,47.6658,-122.139,2500,10265,680000.0
870,8425,558100090,2015-03-12,5,2.75,2600,8160,2.0,0,0,3,8,2600,0,2015,0,98133,47.7348,-122.34,1600,8160,628000.0
871,7948,257000037,2014-12-29,3,1.0,2120,31564,1.0,0,0,3,7,1220,900,1942,0,98168,47.4938,-122.298,1790,11571,200000.0
872,13745,3319500385,2014-06-16,4,1.75,1580,5340,1.0,0,0,3,7,1130,450,1947,0,98144,47.6003,-122.306,830,980,400000.0
873,14522,9297301520,2015-03-29,2,1.75,870,4000,1.0,0,0,3,6,870,0,1941,0,98126,47.5657,-122.376,1420,4000,410000.0
874,4068,3580900090,2014-09-02,3,2.0,1310,9855,1.0,0,0,3,7,1310,0,1962,0,98034,47.7296,-122.241,1310,8370,300000.0
875,9315,1321039076,2014-06-27,3,1.0,970,9583,1.0,0,0,4,6,970,0,1967,0,98023,47.3044,-122.366,970,7875,209950.0
876,20978,7227801581,2014-05-07,3,2.5,1600,3573,2.0,0,0,3,7,1600,0,2013,0,98056,47.507,-122.181,1500,11089,305450.0
877,11044,9407001620,2014-08-12,3,2.5,1370,22326,2.0,0,0,3,7,1370,0,1993,0,98045,47.4469,-121.775,1580,10920,280000.0
878,18497,2130400150,2014-09-25,3,1.75,1210,9635,1.0,0,0,4,7,1210,0,1987,0,98019,47.7382,-121.98,1550,10707,340000.0
879,12020,2312400200,2015-01-02,3,2.5,1510,10875,1.0,0,0,3,7,1150,360,1990,0,98003,47.3482,-122.3,1810,9916,247000.0
880,7752,4046700210,2014-06-29,3,2.0,1610,15005,1.0,0,0,4,7,1610,0,1986,0,98014,47.6886,-121.911,1610,15479,345000.0
881,15820,1193000480,2014-07-24,4,2.75,3540,7091,1.5,0,1,4,8,1970,1570,1947,0,98199,47.6467,-122.394,2200,6000,784000.0
882,4400,1492800296,2014-07-03,3,1.75,1530,6743,1.0,0,0,3,7,1410,120,1955,0,98116,47.5745,-122.396,2040,6000,575000.0
883,4510,3013300017,2015-04-08,3,1.0,1290,6859,1.0,0,0,4,7,1290,0,1941,0,98136,47.5317,-122.387,1560,6369,535000.0
884,19740,3630240140,2015-01-23,4,3.0,2110,1286,2.0,0,0,3,9,1710,400,2007,0,98029,47.5444,-122.014,2000,1286,585000.0
885,447,1049010390,2015-03-19,3,2.0,1260,5460,1.0,0,0,3,7,1260,0,1972,0,98034,47.7355,-122.18,1510,5460,505000.0
886,5866,9320900420,2014-10-14,3,1.0,900,4750,1.0,0,0,4,6,900,0,1969,0,98023,47.3026,-122.363,900,3404,89000.0
887,640,4315700060,2015-03-03,2,2.0,1300,3850,1.0,0,0,3,7,800,500,1963,0,98136,47.5395,-122.39,950,5500,378000.0
888,4832,2591010290,2014-05-19,1,1.5,810,3211,2.0,0,0,4,7,810,0,1982,0,98033,47.6939,-122.184,1320,3298,285000.0
889,17817,323089085,2015-04-22,3,2.0,2740,101930,1.0,0,2,3,9,2740,0,1999,0,98045,47.5056,-121.77,2140,83635,850000.0
890,9787,6600400270,2014-12-10,3,1.0,1010,9750,1.0,0,0,5,7,1010,0,1969,0,98042,47.3244,-122.144,1230,9750,202000.0
891,3728,2919701105,2014-12-09,2,1.75,1320,2609,1.0,0,0,4,7,920,400,1938,0,98117,47.6878,-122.366,1200,4220,422000.0
892,17118,7202360670,2015-04-08,4,3.5,3920,9555,2.0,0,0,3,9,3920,0,2004,0,98053,47.6797,-122.025,3920,8598,889000.0
893,4049,8927600100,2014-05-28,3,2.5,2690,7000,2.0,0,0,5,7,1840,850,1943,0,98115,47.6784,-122.277,1800,6435,925000.0
894,11119,3211700045,2015-01-28,4,2.5,2300,11165,2.0,0,0,4,8,2300,0,1979,0,98008,47.5794,-122.118,2170,11165,592000.0
895,14677,4027701326,2014-07-09,4,2.25,2380,17199,2.0,0,0,3,8,1530,850,1979,0,98028,47.7668,-122.27,2280,11529,470000.0
896,7826,1601600195,2015-03-19,3,1.0,1510,6200,1.0,0,0,3,6,1010,500,1955,0,98118,47.5293,-122.274,1710,8623,299000.0
897,19751,7853280350,2014-05-12,5,4.5,4630,6324,2.0,0,0,3,9,3210,1420,2006,0,98065,47.5382,-121.86,4420,6790,809000.0
898,5554,3629970130,2014-07-10,3,2.5,2820,8159,2.0,0,0,3,9,2820,0,2004,0,98029,47.5527,-121.992,2910,5000,735000.0
899,20280,7203120020,2014-08-14,4,3.5,3310,4850,2.0,0,0,3,9,3310,0,2010,0,98053,47.6954,-122.022,3320,5955,785000.0
900,5151,9542900190,2014-05-16,4,1.5,1370,9957,1.0,0,0,3,7,900,470,1972,0,98034,47.7237,-122.181,1510,8088,370000.0
901,18567,8035350120,2015-02-24,3,2.5,3020,12184,2.0,0,0,3,8,3020,0,2003,0,98019,47.744,-121.976,2980,10029,515000.0
902,21328,1238501184,2014-07-08,4,2.5,3130,10849,2.0,0,0,3,10,3130,0,2013,0,98033,47.6828,-122.186,2470,9131,999000.0
903,2115,251200240,2014-07-25,4,2.75,2100,7236,1.0,0,0,3,8,1400,700,1979,0,98034,47.7267,-122.232,1900,7519,491500.0
904,2498,8945300200,2014-08-15,3,1.0,1170,8816,1.0,0,0,4,6,1170,0,1966,0,98023,47.3059,-122.368,1200,9108,207500.0
905,2425,2162000160,2015-03-03,3,2.25,2950,15207,1.0,0,0,4,10,2070,880,1966,0,98040,47.5571,-122.216,2950,22000,992000.0
906,10105,5466310060,2015-03-24,2,1.5,1230,1561,2.0,0,0,3,7,1230,0,1983,0,98042,47.3768,-122.149,1660,2243,139500.0
907,8679,1239400064,2015-03-04,4,2.5,2850,8526,2.0,0,0,3,9,2850,0,1998,0,98033,47.6747,-122.191,2440,7072,895000.0
908,15056,5205000020,2015-04-09,4,2.5,2610,7333,2.0,0,0,3,8,2610,0,1988,0,98003,47.2721,-122.293,2280,9033,360000.0
909,5168,1720800305,2014-11-19,1,2.25,1220,2100,2.0,0,2,4,8,1220,0,1946,1979,98033,47.6703,-122.204,3150,6000,611900.0
910,18025,7280300375,2015-01-22,5,2.25,2650,9140,1.0,0,1,3,8,1350,1300,1965,0,98177,47.7772,-122.387,2700,7800,536000.0
911,1215,2095800400,2014-11-13,3,2.5,2090,8653,2.0,0,0,3,8,2090,0,1989,0,98011,47.7498,-122.184,2090,6396,455000.0
912,17331,7852010950,2014-10-20,4,2.5,2550,5835,2.0,0,0,3,8,2550,0,1998,0,98065,47.5373,-121.87,2420,5817,543500.0
913,12090,1428001160,2015-04-20,3,1.75,1890,100623,1.0,0,3,3,8,1890,0,1978,0,98053,47.6454,-121.978,2110,50529,550000.0
914,14580,9528104910,2014-09-09,4,3.25,2110,3000,2.0,0,0,3,8,2110,0,2001,0,98115,47.6769,-122.328,1780,4000,796000.0
915,7046,8644210470,2015-03-18,4,3.5,3350,19487,1.0,0,0,3,11,2460,890,1992,0,98075,47.5796,-121.998,3360,19460,845000.0
916,9932,7923300310,2014-05-27,4,2.25,1940,9144,1.0,0,0,4,7,1430,510,1956,0,98007,47.5942,-122.135,1460,9437,495000.0
917,4194,254000100,2014-06-20,4,2.25,2870,5453,2.0,0,1,4,8,2220,650,1926,0,98146,47.5129,-122.388,1660,4800,665900.0
918,9380,1931300688,2015-04-29,3,3.0,1280,1085,3.0,0,0,3,8,1280,0,2004,0,98103,47.6569,-122.346,1300,1310,533000.0
919,11358,7007700030,2015-01-05,3,1.0,1050,6000,1.0,0,0,3,7,1050,0,1952,0,98116,47.5709,-122.401,1720,6000,400000.0
920,4981,422049178,2015-02-12,3,1.0,1420,9600,1.0,0,0,4,6,1420,0,1954,0,98188,47.4232,-122.292,1400,8415,147200.0
921,18305,422069067,2015-05-12,4,2.25,2380,128937,1.0,0,0,4,7,2380,0,1960,0,98038,47.4253,-122.043,1030,114998,276500.0
922,17871,2923049393,2014-08-13,4,2.25,2400,7738,1.5,0,0,3,8,2400,0,1964,0,98148,47.4562,-122.33,2170,8452,278000.0
923,17050,930000305,2014-11-10,4,1.75,2120,7680,1.0,0,0,4,7,1060,1060,1950,0,98177,47.7172,-122.361,1530,7680,379400.0
924,21438,2461900448,2014-06-16,3,2.0,1980,2674,3.0,0,0,3,8,1980,0,2007,0,98136,47.5524,-122.382,1440,2674,435000.0
925,6148,2610100020,2015-04-08,4,1.0,1010,7200,1.5,0,0,3,6,1010,0,1947,0,98155,47.742,-122.325,1360,7200,290000.0
926,16306,2895550050,2015-05-07,3,2.5,1550,4486,2.0,0,0,3,7,1550,0,2000,0,98001,47.3299,-122.269,1700,4487,280000.0
927,12801,7701700040,2014-09-25,3,1.75,1510,30185,1.5,0,0,3,7,1510,0,1976,0,98058,47.4118,-122.089,1470,12465,320000.0
928,6440,2460900020,2014-07-30,3,1.0,1560,3960,1.5,0,0,4,7,1560,0,1907,0,98144,47.5936,-122.301,1280,3960,595000.0
929,11266,9827700105,2014-09-17,3,2.0,2330,3600,1.5,0,0,4,7,1580,750,1900,0,98122,47.6025,-122.303,1750,3600,549000.0
930,11229,1005000240,2014-12-19,2,1.0,1200,6014,1.0,0,0,4,6,600,600,1949,0,98118,47.5357,-122.28,1270,4652,395000.0
931,9520,7200001254,2014-07-09,4,1.75,2150,9000,1.0,0,0,4,7,1110,1040,1966,0,98052,47.6812,-122.113,2040,9000,550000.0
932,13823,866400040,2014-10-13,5,3.0,2570,5590,1.0,0,0,3,8,1580,990,2009,0,98034,47.7271,-122.228,2020,10500,540000.0
933,6659,305000170,2014-06-10,3,2.5,2510,6320,2.0,0,0,3,9,2510,0,1996,0,98075,47.5868,-122.033,2518,5819,659000.0
934,4028,2260800110,2014-05-13,3,3.25,3610,59677,2.0,0,0,3,10,2440,1170,2003,0,98027,47.5464,-122.088,3130,65775,777000.0
935,20733,3442000127,2014-05-30,4,2.5,2310,5100,2.0,0,0,3,9,2310,0,2013,0,98177,47.7039,-122.36,1260,5100,685000.0
936,8557,5253300437,2015-03-19,4,2.5,2400,7092,2.0,0,0,3,7,2400,0,1997,0,98133,47.7522,-122.338,2350,8310,442500.0
937,17723,7576700150,2014-10-01,3,2.25,2360,5504,2.0,0,0,4,8,2080,280,1913,0,98122,47.617,-122.288,2840,5470,1325000.0
938,17150,5469501410,2014-09-17,4,2.5,3480,12696,1.0,0,0,4,9,1980,1500,1977,0,98042,47.3816,-122.153,3480,14175,490000.0
939,7712,5104531120,2015-03-23,5,2.75,3750,12077,2.0,0,4,3,10,3750,0,2005,0,98038,47.3525,-122.002,3120,7255,775000.0
940,19655,723049434,2015-04-08,3,2.5,1930,8254,2.0,0,0,3,7,1930,0,2014,0,98146,47.4973,-122.346,1540,8849,369950.0
941,3100,622069006,2014-08-20,4,5.5,6550,217374,1.0,0,0,3,11,5400,1150,2006,0,98058,47.4302,-122.095,4110,50378,1500000.0
942,19840,2517101200,2014-07-07,4,2.5,2090,5195,2.0,0,0,3,7,2090,0,2007,0,98031,47.3986,-122.166,2090,5236,300000.0
943,1943,8159620160,2015-04-24,3,2.5,1570,9292,1.0,0,0,3,7,1110,460,1977,0,98001,47.3386,-122.272,1470,9222,284200.0
944,1489,5561300640,2015-05-06,3,2.25,1910,35015,1.0,0,0,4,8,1430,480,1977,0,98027,47.4672,-122.006,2340,36680,532000.0
945,6293,3317010130,2015-03-17,3,1.75,1090,7647,1.0,0,0,3,7,1090,0,1994,0,98003,47.2613,-122.302,1660,9219,236000.0
946,5883,4364200250,2014-12-01,4,1.75,1690,7680,1.0,0,0,5,6,890,800,1946,0,98126,47.5296,-122.375,1060,7680,400375.0
947,10545,8732300060,2014-05-12,4,1.75,2350,11914,1.0,0,0,4,8,2350,0,1961,0,98040,47.5392,-122.228,2240,10706,850000.0
948,3268,5603700025,2014-10-07,4,1.75,2360,11300,1.0,0,0,4,9,2360,0,1974,0,98006,47.5728,-122.163,2290,11951,732000.0
949,15687,3585900190,2014-10-06,3,2.5,3400,38400,1.0,0,4,3,8,1870,1530,1955,2015,98177,47.7611,-122.372,3400,24338,825000.0
950,12322,3996900575,2014-10-07,2,1.0,770,6542,1.0,0,0,3,6,770,0,1948,0,98155,47.747,-122.301,1120,8149,259950.0
951,9975,8731801260,2015-02-20,3,1.75,1480,8475,1.0,0,0,4,7,1480,0,1968,0,98023,47.3126,-122.361,1800,8800,234000.0
952,1805,3810000860,2015-05-06,4,1.5,1920,7973,1.0,0,0,3,8,1920,0,1955,0,98178,47.4961,-122.235,2020,8840,240000.0
953,4032,5700003585,2014-12-29,5,3.25,5620,12672,2.0,0,0,4,11,4140,1480,1916,0,98144,47.5786,-122.287,4470,8050,2500000.0
954,15865,6332000050,2015-01-21,3,2.0,1630,6550,1.0,0,0,5,7,850,780,1912,0,98126,47.5452,-122.379,1440,6550,464000.0
955,17127,9286100250,2015-03-19,3,2.5,1670,2575,2.0,0,0,3,8,1670,0,2000,0,98027,47.531,-122.047,1670,2897,500000.0
956,4680,9471201110,2015-04-06,4,1.75,2370,8400,1.0,0,0,5,9,1270,1100,1949,0,98105,47.6716,-122.264,2370,8400,1130000.0
957,6538,9290800050,2015-03-24,3,1.75,2570,14033,1.0,0,2,4,8,2570,0,1953,0,98166,47.4335,-122.338,2550,16100,567500.0
958,10199,7300200400,2014-11-05,4,2.25,2450,34092,2.0,0,0,4,8,2450,0,1980,0,98075,47.5751,-122.049,2410,35378,682000.0
959,7341,526069024,2014-05-12,5,3.0,4530,258746,1.5,0,0,4,9,3200,1330,2003,0,98077,47.7702,-122.066,3430,83199,950000.0
960,9117,1454600156,2014-06-25,5,3.25,4500,9648,2.0,0,4,4,8,3000,1500,1968,0,98125,47.7262,-122.282,2780,21132,860000.0
961,14439,3904980360,2015-01-12,3,2.5,1800,7318,2.0,0,0,3,8,1800,0,1989,0,98029,47.5747,-122.008,1800,5414,495000.0
962,19650,2626119062,2014-11-12,3,1.0,1300,6098,1.0,0,0,3,7,1300,0,2013,0,98014,47.7074,-121.364,1300,6849,155000.0
963,6075,8651730290,2014-08-05,4,3.25,1960,7200,2.0,0,0,3,7,1960,0,1979,0,98034,47.7291,-122.218,1980,7529,445000.0
964,17696,7611200195,2015-02-20,3,2.0,2360,18000,1.0,0,0,4,8,2180,180,1951,0,98177,47.7133,-122.367,2600,17300,709000.0
965,2766,1919800260,2014-07-16,3,1.75,2340,6750,1.5,0,0,5,7,1620,720,1914,0,98103,47.6956,-122.335,1410,3388,645000.0
966,10418,6632900354,2014-09-10,3,1.0,1020,5870,1.0,0,0,3,6,1020,0,1941,0,98155,47.741,-122.314,1160,6901,242500.0
967,8552,3972900195,2014-09-16,3,1.0,1390,8333,1.0,0,0,3,7,1390,0,1982,0,98155,47.7652,-122.31,1320,7090,315000.0
968,5019,5151600170,2014-10-16,3,1.5,1780,12231,1.0,0,0,4,8,1780,0,1956,0,98003,47.335,-122.321,2460,12663,285000.0
969,6069,7016000440,2014-07-16,5,2.25,2500,8621,1.5,0,0,4,7,2500,0,1968,0,98034,47.7379,-122.185,1980,7395,525000.0
970,10834,871000435,2015-05-09,4,2.0,2380,6122,1.0,0,2,4,8,1310,1070,1949,0,98199,47.6506,-122.405,1810,5202,812000.0
971,20971,9578060540,2014-06-14,4,2.75,2360,4924,2.0,0,0,3,8,2360,0,2008,0,98028,47.7737,-122.235,2360,4670,525000.0
972,10007,2332700060,2014-08-06,4,2.25,2620,10920,1.0,0,0,3,9,2620,0,1965,0,98005,47.6117,-122.164,2370,11907,950000.0
973,1311,766000240,2014-09-15,4,2.0,2220,14120,1.0,0,0,3,7,1200,1020,1966,0,98042,47.361,-122.116,1300,9709,225000.0
974,11008,4363700200,2015-03-25,4,1.0,1190,7920,1.0,0,0,3,6,890,300,1951,0,98126,47.5305,-122.371,1140,7920,190000.0
975,16261,7100000250,2015-02-11,3,1.0,1400,8710,1.0,0,0,4,7,1400,0,1948,0,98146,47.5066,-122.377,1460,8710,380000.0
976,11147,2781250560,2014-12-02,2,2.0,1200,3624,2.0,0,0,3,6,1200,0,2003,0,98038,47.349,-122.025,1360,2693,234000.0
977,7695,2781250100,2015-04-15,3,2.5,2550,5349,2.0,0,0,3,7,2550,0,2004,0,98038,47.3504,-122.026,2640,5400,394000.0
978,7930,5419800220,2014-06-10,3,1.75,1590,7560,1.0,0,0,3,7,1130,460,1984,0,98031,47.4016,-122.18,1500,7560,250000.0
979,2998,7147600245,2014-06-27,3,1.75,1650,12349,1.0,0,0,3,7,1650,0,1957,0,98188,47.442,-122.282,1470,10763,259500.0
980,11680,2926069083,2014-05-07,5,3.75,4130,226076,2.0,0,0,3,9,3170,960,1985,0,98077,47.715,-122.065,4130,55321,900000.0
981,482,6189200125,2015-03-25,3,3.0,2990,9773,2.0,0,0,4,8,2990,0,1973,0,98005,47.6344,-122.174,2230,11553,849950.0
982,2546,9542830160,2014-12-18,4,2.5,1580,3632,2.0,0,0,3,7,1580,0,2011,0,98038,47.3672,-122.019,1950,3800,299900.0
983,17006,5152200020,2015-05-04,3,1.75,1620,12825,1.0,0,0,3,8,1340,280,1962,0,98003,47.3321,-122.323,2076,11200,298000.0
984,2518,9412900045,2014-05-19,3,1.5,1710,4500,1.5,0,0,3,8,1410,300,1928,0,98118,47.5366,-122.268,1860,6000,462000.0
985,17378,6600410480,2014-08-28,3,1.0,1010,9920,1.0,0,0,3,6,1010,0,1977,0,98042,47.3238,-122.14,1270,9680,179900.0
986,20172,6979970080,2014-05-13,3,3.5,2876,5086,2.0,0,0,3,8,2360,516,2007,0,98072,47.7511,-122.173,2390,4419,525000.0
987,17037,5636010280,2014-09-02,3,2.5,1480,9743,2.0,0,0,4,7,1480,0,1996,0,98010,47.3293,-122.001,1810,9601,269950.0
988,7428,1732801300,2014-10-08,2,2.5,2310,3313,2.0,0,0,3,9,2310,0,2006,0,98119,47.6318,-122.365,2700,5670,1248000.0
989,17804,5561401530,2014-10-29,1,1.5,1900,40600,1.5,0,0,5,9,1450,450,1977,0,98027,47.4718,-122.009,2920,40427,550000.0
990,19926,9578500510,2014-11-03,3,2.5,2655,5080,2.0,0,0,3,8,2655,0,2013,0,98023,47.2972,-122.348,2879,5232,409950.0
991,3947,7304300906,2014-06-13,3,1.0,1280,8184,1.5,0,0,4,6,1280,0,1947,0,98155,47.7467,-122.319,1120,8184,304000.0
992,13762,1223089077,2015-04-01,3,1.75,4060,136290,1.0,0,0,3,8,2810,1250,1995,0,98045,47.4843,-121.719,1300,51836,718000.0
993,14666,721049207,2014-06-19,3,1.75,1860,15681,1.0,0,0,4,7,1860,0,1971,0,98023,47.3191,-122.339,1860,22979,275000.0
994,2533,8691330310,2014-05-05,4,3.0,3690,9892,2.0,0,0,3,10,3690,0,1998,0,98075,47.5937,-121.982,3430,11294,865000.0
995,1968,1523069204,2014-12-08,4,2.25,2020,85813,2.0,0,0,3,7,2020,0,1995,0,98027,47.483,-122.026,2120,85813,490000.0
996,12133,3188100105,2014-11-07,4,2.5,2110,6820,1.0,0,0,5,7,1530,580,1942,0,98115,47.6882,-122.306,1420,6431,650000.0
997,17488,6608500290,2014-10-24,3,2.5,1430,10200,1.0,0,0,3,7,1430,0,1960,0,98033,47.7012,-122.166,1470,10350,405000.0
998,13670,2891400410,2015-02-27,3,2.25,1820,99752,1.0,0,0,4,7,1820,0,1969,0,98092,47.2838,-122.006,1850,117612,369000.0
999,4707,7663700551,2015-04-07,3,2.0,1060,11765,1.0,0,0,4,6,1060,0,1951,0,98125,47.7333,-122.302,1500,9151,336000.0
1000,2265,5413200140,2014-10-21,3,2.5,1580,8541,2.0,0,0,3,7,1580,0,1990,0,98001,47.3334,-122.289,1640,7542,213550.0
