row_id,holiday,temp,rain_1h,snow_1h,clouds_all,weather_main,weather_description,month,traffic_volume
1,No Holiday,289.49,0.0,0.0,1,Fog,fog,7,6364
2,No Holiday,279.35,0.0,0.0,1,Clear,sky is clear,10,2030
3,No Holiday,291.39,0.0,0.0,36,Clouds,scattered clouds,6,708
4,No Holiday,294.02,0.0,0.0,90,Thunderstorm,thunderstorm,7,2029
5,No Holiday,268.69,0.0,0.0,64,Mist,mist,12,3734
6,No Holiday,302.27,0.0,0.0,75,Clouds,broken clouds,7,4337
7,No Holiday,277.55,0.0,0.0,75,Clouds,broken clouds,4,5821
8,No Holiday,267.61,0.0,0.0,1,Clear,sky is clear,2,5710
9,No Holiday,266.96,0.0,0.0,1,Clear,sky is clear,2,5017
10,No Holiday,301.91,0.0,0.0,1,Clear,sky is clear,7,3247
11,No Holiday,291.15,0.0,0.0,90,Rain,light rain,7,873
12,No Holiday,300.36,0.0,0.0,90,Clouds,overcast clouds,7,6593
13,No Holiday,279.57,0.0,0.0,90,Drizzle,light intensity drizzle,4,3994
14,No Holiday,281.21,0.0,0.0,20,Clouds,few clouds,4,3515
15,No Holiday,293.5,0.3,0.0,1,Rain,light rain,9,255
16,No Holiday,291.11,0.0,0.0,1,Thunderstorm,proximity thunderstorm,4,3340
17,No Holiday,296.65,0.0,0.0,1,Clear,sky is clear,5,5869
18,No Holiday,276.22,0.0,0.0,1,Clear,sky is clear,4,356
19,No Holiday,255.98,0.0,0.0,20,Clouds,few clouds,2,4775
20,No Holiday,266.9,0.0,0.0,1,Snow,heavy snow,3,4529
21,No Holiday,279.28,0.0,0.0,90,Clouds,overcast clouds,4,3082
22,No Holiday,274.72,0.0,0.0,90,Snow,snow,4,1864
23,No Holiday,287.95,0.0,0.0,1,Clear,sky is clear,5,4623
24,No Holiday,285.75,0.0,0.0,1,Clear,sky is clear,10,2865
25,No Holiday,261.4,0.0,0.0,90,Snow,light snow,12,4716
26,No Holiday,283.95,0.0,0.0,75,Clouds,broken clouds,10,5770
27,No Holiday,279.29,0.0,0.0,5,Clear,sky is clear,11,4495
28,No Holiday,266.11,0.0,0.0,90,Snow,light snow,12,4911
29,No Holiday,282.78,0.0,0.0,1,Clear,sky is clear,9,342
30,No Holiday,284.97,0.0,0.0,20,Clouds,few clouds,8,845
31,No Holiday,261.62,0.0,0.0,90,Mist,mist,12,1906
32,No Holiday,275.01,0.0,0.0,75,Mist,mist,11,254
33,No Holiday,273.21,0.0,0.0,90,Mist,mist,3,2713
34,No Holiday,279.15,0.0,0.0,90,Rain,light rain,4,2418
35,No Holiday,274.09,0.0,0.0,90,Clouds,overcast clouds,2,6807
36,No Holiday,279.15,0.0,0.0,20,Clouds,few clouds,4,3451
37,No Holiday,263.41,0.0,0.0,64,Clouds,broken clouds,12,765
38,No Holiday,259.01,0.0,0.0,1,Clear,sky is clear,12,2277
39,No Holiday,289.35,0.0,0.0,90,Mist,mist,8,5014
40,No Holiday,287.36,0.0,0.0,90,Clouds,overcast clouds,8,4778
41,No Holiday,298.78,0.0,0.0,40,Clouds,scattered clouds,7,6113
42,No Holiday,303.6,0.0,0.0,36,Clouds,scattered clouds,7,5407
43,No Holiday,285.82,2.4,0.0,90,Mist,mist,4,4884
44,No Holiday,300.61,0.0,0.0,75,Clouds,broken clouds,5,6400
45,No Holiday,271.74,0.0,0.0,90,Mist,mist,1,5268
46,No Holiday,262.6,0.0,0.0,90,Snow,heavy snow,2,3126
47,No Holiday,275.68,0.0,0.0,90,Mist,mist,2,5732
48,No Holiday,274.08,0.0,0.0,90,Rain,light rain,11,4872
49,No Holiday,293.88,0.0,0.0,1,Clear,sky is clear,7,697
50,No Holiday,300.7,1.78,0.0,5,Rain,moderate rain,8,3165
51,No Holiday,286.53,0.0,0.0,90,Mist,mist,5,1656
52,No Holiday,279.5,0.0,0.0,90,Clouds,overcast clouds,11,1367
53,No Holiday,276.36,0.0,0.0,90,Clouds,overcast clouds,12,4434
54,No Holiday,282.02,0.0,0.0,100,Mist,mist,10,3815
55,No Holiday,296.43,0.51,0.0,90,Rain,moderate rain,7,3109
56,No Holiday,274.48,0.0,0.0,90,Snow,light snow,3,710
57,No Holiday,273.28,0.0,0.0,1,Clear,sky is clear,11,2133
58,No Holiday,252.75,0.0,0.0,1,Clear,sky is clear,2,521
59,No Holiday,297.86,0.43,0.0,75,Thunderstorm,proximity thunderstorm with rain,9,1570
60,No Holiday,301.44,0.0,0.0,75,Clouds,broken clouds,7,3535
61,No Holiday,292.58,0.0,0.0,75,Clouds,broken clouds,8,5806
62,No Holiday,305.17,0.0,0.0,40,Clouds,scattered clouds,9,5907
63,No Holiday,302.12,0.0,0.0,40,Clouds,scattered clouds,9,5953
64,No Holiday,292.94,0.0,0.0,1,Mist,mist,8,868
65,No Holiday,274.94,0.0,0.0,90,Drizzle,drizzle,3,1150
66,No Holiday,284.95,0.0,0.0,20,Clouds,few clouds,4,4946
67,No Holiday,294.67,0.0,0.0,80,Clouds,broken clouds,9,2536
68,No Holiday,286.95,2.79,0.0,75,Mist,mist,5,441
69,No Holiday,292.79,0.0,0.0,1,Fog,fog,7,437
70,No Holiday,265.14,0.0,0.0,64,Clouds,broken clouds,12,5609
71,No Holiday,290.0,0.0,0.0,1,Clear,sky is clear,7,404
72,No Holiday,252.77,0.0,0.0,1,Clear,sky is clear,2,294
73,No Holiday,272.3,0.0,0.0,40,Clouds,scattered clouds,11,3619
74,No Holiday,254.95,0.0,0.0,5,Clear,sky is clear,1,3178
75,No Holiday,296.36,0.0,0.0,5,Clear,sky is clear,5,6888
76,No Holiday,287.14,0.0,0.0,0,Clear,Sky is Clear,8,1885
77,No Holiday,269.42,0.0,0.0,64,Mist,mist,12,514
78,No Holiday,277.1,0.0,0.0,99,Rain,light rain,11,5527
79,No Holiday,291.15,0.0,0.0,20,Mist,mist,5,654
80,No Holiday,295.01,0.0,0.0,75,Clouds,broken clouds,5,3997
81,No Holiday,271.15,0.0,0.0,1,Clear,sky is clear,12,721
82,No Holiday,277.65,0.0,0.0,40,Clouds,scattered clouds,3,2100
83,No Holiday,269.08,0.0,0.0,40,Clouds,scattered clouds,12,5354
84,No Holiday,288.7,0.0,0.0,92,Rain,light rain,9,854
85,No Holiday,296.01,0.0,0.0,1,Clear,sky is clear,7,2056
86,No Holiday,278.13,0.91,0.0,40,Rain,light rain,4,6347
87,No Holiday,295.78,0.0,0.0,40,Clouds,scattered clouds,7,2883
88,No Holiday,262.31,0.0,0.0,90,Mist,mist,12,789
89,No Holiday,294.94,0.0,0.0,90,Clouds,overcast clouds,7,823
90,No Holiday,273.93,0.0,0.0,90,Clouds,overcast clouds,4,4714
91,No Holiday,291.14,0.0,0.0,75,Clouds,broken clouds,10,4918
92,No Holiday,280.0,0.0,0.0,90,Mist,mist,4,971
93,No Holiday,299.45,0.0,0.0,1,Clear,sky is clear,6,4147
94,No Holiday,295.14,0.0,0.0,40,Clouds,scattered clouds,7,6234
95,No Holiday,291.3,0.0,0.0,40,Clouds,scattered clouds,6,4426
96,No Holiday,291.38,0.0,0.0,1,Clear,sky is clear,8,2920
97,No Holiday,290.23,0.43,0.0,90,Mist,mist,8,4954
98,No Holiday,294.36,0.0,0.0,20,Rain,moderate rain,6,3514
99,No Holiday,280.86,0.0,0.0,1,Clear,sky is clear,5,4922
100,No Holiday,282.15,0.0,0.0,75,Clouds,broken clouds,4,3454
101,No Holiday,272.75,0.0,0.0,90,Snow,snow,4,4513
102,No Holiday,270.74,0.0,0.0,90,Snow,snow,12,285
103,No Holiday,249.3,0.0,0.0,5,Clear,sky is clear,1,4565
104,No Holiday,260.01,0.0,0.0,1,Clear,sky is clear,2,1545
105,No Holiday,267.68,0.0,0.0,90,Snow,light snow,12,6042
106,No Holiday,279.47,0.0,0.0,40,Clouds,scattered clouds,3,5714
107,No Holiday,261.79,0.0,0.0,90,Haze,haze,2,4724
108,No Holiday,294.58,0.0,0.0,75,Clouds,broken clouds,8,4729
109,No Holiday,270.969,0.0,0.0,0,Clear,Sky is Clear,10,5186
110,No Holiday,268.71,0.0,0.0,0,Clear,sky is clear,1,542
111,No Holiday,279.59,0.0,0.0,75,Clouds,broken clouds,11,5446
112,No Holiday,272.08,0.0,0.0,90,Haze,haze,2,4412
113,No Holiday,298.39,1.02,0.0,90,Haze,haze,8,4494
114,No Holiday,297.83,0.0,0.0,75,Clouds,broken clouds,6,4996
115,No Holiday,261.88,0.0,0.0,90,Snow,light snow,12,4480
116,No Holiday,294.34,0.0,0.0,75,Clouds,broken clouds,7,2451
117,No Holiday,282.63,0.25,0.0,1,Fog,fog,6,414
118,No Holiday,286.65,0.25,0.0,90,Rain,light rain,9,234
119,No Holiday,291.76,16.38,0.0,76,Rain,very heavy rain,6,635
120,No Holiday,292.01,0.0,0.0,90,Mist,mist,6,6414
121,No Holiday,253.86,0.0,0.0,40,Clouds,scattered clouds,1,325
122,No Holiday,286.79,0.0,0.0,90,Fog,fog,8,6038
123,No Holiday,293.46,0.0,0.0,1,Clear,sky is clear,7,1191
124,No Holiday,284.276,0.0,0.0,92,Clouds,overcast clouds,10,2857
125,No Holiday,296.35,0.0,0.0,1,Clear,sky is clear,8,1282
126,No Holiday,249.61,0.0,0.0,5,Clear,sky is clear,12,2483
127,No Holiday,292.56,0.0,0.0,0,Clear,Sky is Clear,7,1199
128,No Holiday,273.95,0.0,0.0,90,Fog,fog,11,903
129,No Holiday,292.21,0.0,0.0,1,Clear,sky is clear,5,4047
130,No Holiday,267.51,0.0,0.0,90,Clouds,overcast clouds,11,4549
131,No Holiday,260.53,0.0,0.0,1,Clear,sky is clear,2,5206
132,No Holiday,280.562,0.0,0.0,0,Clear,Sky is Clear,10,2646
133,No Holiday,256.35,0.0,0.0,40,Snow,light snow,1,494
134,No Holiday,289.36,0.0,0.0,92,Clouds,overcast clouds,7,2929
135,No Holiday,271.15,0.0,0.0,40,Clouds,scattered clouds,11,4556
136,No Holiday,290.08,0.0,0.0,1,Clear,sky is clear,8,3893
137,No Holiday,287.44,0.0,0.0,90,Rain,light rain,5,4888
138,No Holiday,265.33,0.0,0.0,1,Clear,sky is clear,3,4906
139,No Holiday,282.248,0.0,0.0,76,Clouds,broken clouds,5,4746
140,No Holiday,271.72,0.0,0.0,1,Mist,mist,1,480
141,No Holiday,273.02,0.0,0.0,90,Haze,haze,1,400
142,No Holiday,274.39,0.0,0.0,90,Mist,mist,4,4820
143,No Holiday,302.5,0.0,0.0,75,Clouds,broken clouds,7,2050
144,No Holiday,284.58,0.0,0.0,90,Mist,mist,5,5457
145,No Holiday,276.69,0.0,0.0,1,Clear,sky is clear,3,3656
146,No Holiday,289.15,0.0,0.0,90,Mist,mist,9,4804
147,No Holiday,289.74,0.0,0.0,1,Clear,sky is clear,8,424
148,No Holiday,261.54,0.0,0.0,1,Clear,sky is clear,1,3121
149,No Holiday,281.79,0.0,0.0,1,Clear,sky is clear,9,2608
150,No Holiday,279.41,0.25,0.0,40,Rain,light rain,5,344
151,No Holiday,291.88,0.0,0.0,90,Mist,mist,10,5599
152,No Holiday,287.82,0.0,0.0,1,Clear,sky is clear,7,488
153,No Holiday,275.62,0.0,0.0,90,Mist,mist,1,5184
154,No Holiday,272.89,0.0,0.0,75,Clouds,broken clouds,12,5962
155,No Holiday,280.15,0.0,0.0,90,Drizzle,light intensity drizzle,4,1083
156,No Holiday,265.81,0.0,0.0,90,Clouds,overcast clouds,1,1424
157,No Holiday,293.55,0.0,0.0,90,Clouds,overcast clouds,9,4632
158,No Holiday,275.72,0.0,0.0,40,Clouds,scattered clouds,2,5072
159,No Holiday,280.52,0.0,0.0,90,Clouds,overcast clouds,4,3611
160,No Holiday,269.37,0.0,0.0,1,Clear,sky is clear,3,4272
161,No Holiday,269.71,0.0,0.0,0,Clear,sky is clear,12,2483
162,No Holiday,288.48,0.0,0.0,90,Rain,moderate rain,4,3223
163,No Holiday,284.0,0.0,0.0,1,Clear,sky is clear,9,297
164,No Holiday,269.81,0.0,0.0,75,Snow,light snow,2,3977
165,No Holiday,295.01,1.6,0.0,90,Rain,heavy intensity rain,9,5494
166,No Holiday,276.82,0.0,0.0,90,Mist,mist,5,4711
167,No Holiday,283.08,0.0,0.0,90,Mist,mist,3,351
168,No Holiday,276.84,0.0,0.0,90,Rain,light rain,4,6723
169,No Holiday,273.74,0.0,0.13,90,Snow,light snow,1,6438
170,No Holiday,274.65,0.0,0.0,90,Clouds,overcast clouds,2,5248
171,No Holiday,255.38,0.0,0.0,20,Haze,haze,1,3892
172,No Holiday,261.22,0.0,0.0,90,Clouds,overcast clouds,2,3197
173,No Holiday,299.48,0.0,0.0,1,Clear,sky is clear,8,4494
174,No Holiday,271.4,0.0,0.0,90,Clouds,overcast clouds,3,5809
175,No Holiday,272.15,0.0,0.0,1,Clear,sky is clear,11,468
176,No Holiday,272.77,0.0,0.0,90,Snow,snow,11,5406
177,No Holiday,288.66,0.0,0.0,1,Clear,sky is clear,10,4652
178,No Holiday,293.28,0.0,0.0,20,Clouds,few clouds,7,3108
179,No Holiday,275.11,0.0,0.0,64,Clouds,broken clouds,1,1306
180,No Holiday,290.91,0.0,0.0,0,Clear,Sky is Clear,7,2186
181,No Holiday,269.21,0.0,0.0,90,Mist,mist,2,5252
182,No Holiday,273.35,0.0,0.0,1,Clear,sky is clear,3,5432
183,No Holiday,266.84,0.0,0.0,90,Snow,heavy snow,2,545
184,No Holiday,252.53,0.0,0.0,1,Clear,sky is clear,12,274
185,No Holiday,279.25,0.0,0.0,1,Clear,sky is clear,5,367
186,No Holiday,280.39,0.0,0.0,1,Clear,sky is clear,11,1898
187,No Holiday,286.64,0.38,0.0,90,Rain,light rain,10,4853
188,No Holiday,297.34,0.0,0.0,90,Drizzle,drizzle,9,3518
189,No Holiday,293.02,0.0,0.0,1,Clear,sky is clear,9,6423
190,No Holiday,266.86,0.0,0.0,90,Clouds,overcast clouds,11,5311
191,No Holiday,261.86,0.0,0.0,90,Clouds,overcast clouds,2,3094
192,No Holiday,301.68,0.0,0.0,40,Clouds,scattered clouds,9,4159
193,No Holiday,292.08,0.0,0.0,5,Clear,sky is clear,8,1798
194,No Holiday,254.89,0.0,0.0,64,Clouds,broken clouds,12,2183
195,No Holiday,269.15,0.0,0.0,1,Clear,sky is clear,11,2070
196,No Holiday,294.15,0.0,0.0,1,Rain,heavy intensity rain,8,668
197,No Holiday,286.82,0.0,0.0,1,Clear,sky is clear,5,6583
198,No Holiday,272.9,0.0,0.0,90,Clouds,overcast clouds,2,4655
199,No Holiday,275.22,0.0,0.0,90,Clouds,overcast clouds,4,6291
200,No Holiday,257.54,0.0,0.0,1,Clear,sky is clear,3,5183
201,No Holiday,295.28,0.0,0.0,5,Clear,sky is clear,6,4978
202,No Holiday,275.15,0.0,0.0,90,Rain,light rain,11,309
203,No Holiday,274.15,0.0,0.0,90,Snow,light snow,11,5266
204,No Holiday,270.62,0.0,0.0,64,Clouds,broken clouds,11,548
205,No Holiday,275.2,0.0,0.0,40,Clouds,scattered clouds,4,4904
206,No Holiday,292.57,0.0,0.0,90,Thunderstorm,thunderstorm with heavy rain,10,3013
207,No Holiday,271.65,0.0,0.0,1,Mist,mist,11,474
208,No Holiday,302.21,0.0,0.0,40,Clouds,scattered clouds,7,5153
209,No Holiday,284.69,0.0,0.0,92,Mist,mist,6,321
210,No Holiday,299.53,0.0,0.0,20,Clouds,few clouds,6,3536
211,No Holiday,296.87,0.25,0.0,75,Rain,light rain,5,4754
212,No Holiday,275.35,0.0,0.0,75,Clouds,broken clouds,2,4676
213,No Holiday,272.58,0.0,0.0,90,Mist,mist,4,571
214,No Holiday,278.83,0.0,0.0,1,Clear,sky is clear,9,5798
215,No Holiday,266.65,0.0,0.0,40,Clouds,scattered clouds,2,3974
216,No Holiday,279.11,0.0,0.0,1,Clear,sky is clear,9,2838
217,No Holiday,275.42,0.0,0.0,75,Clouds,broken clouds,3,950
218,No Holiday,249.65,0.0,0.0,1,Clear,sky is clear,1,647
219,No Holiday,290.62,0.0,0.0,90,Mist,mist,8,362
220,No Holiday,296.71,0.0,0.0,1,Clear,sky is clear,8,3422
221,No Holiday,273.95,0.0,0.0,90,Haze,haze,12,3001
222,No Holiday,279.5,0.0,0.0,75,Clouds,broken clouds,11,7107
223,No Holiday,267.15,0.0,0.0,1,Clear,sky is clear,12,635
224,No Holiday,272.36,0.0,0.0,90,Fog,fog,1,3066
225,No Holiday,285.83,0.0,0.0,75,Clouds,broken clouds,7,1253
226,No Holiday,265.05,0.0,0.0,75,Snow,heavy snow,1,3991
227,No Holiday,258.83,0.0,0.0,64,Clouds,broken clouds,12,5792
228,No Holiday,250.91,0.0,0.0,100,Clouds,overcast clouds,2,2337
229,No Holiday,291.16,0.0,0.0,1,Clear,sky is clear,9,1028
230,No Holiday,292.22,0.0,0.0,1,Mist,mist,5,893
231,No Holiday,285.01,0.0,0.0,1,Clear,sky is clear,8,880
232,No Holiday,270.71,0.0,0.0,64,Clouds,broken clouds,11,5276
233,No Holiday,289.6,4.04,0.0,90,Mist,mist,9,1047
234,No Holiday,259.95,0.0,0.0,75,Clouds,broken clouds,1,4388
235,No Holiday,268.02,0.0,0.0,90,Mist,mist,4,353
236,No Holiday,297.75,0.0,0.0,12,Rain,light rain,8,3006
237,No Holiday,259.53,0.0,0.0,5,Clear,sky is clear,1,2251
238,No Holiday,286.58,0.0,0.0,40,Clouds,scattered clouds,4,5355
239,No Holiday,284.75,0.0,0.0,1,Haze,haze,5,387
240,No Holiday,264.29,0.0,0.0,1,Clear,sky is clear,2,310
241,No Holiday,298.48,0.0,0.0,1,Clear,sky is clear,7,3620
242,No Holiday,291.31,0.0,0.0,1,Clear,sky is clear,5,5690
243,No Holiday,287.35,0.51,0.0,44,Rain,light rain,10,812
244,No Holiday,260.22,0.0,0.0,1,Clear,sky is clear,3,345
245,No Holiday,297.38,1.52,0.0,1,Mist,mist,9,310
246,No Holiday,302.93,0.0,0.0,0,Clear,Sky is Clear,7,4879
247,No Holiday,287.08,0.0,0.0,0,Clear,Sky is Clear,9,862
248,No Holiday,287.58,1.0,0.0,68,Rain,light rain,6,763
249,No Holiday,291.96,0.0,0.0,90,Clouds,overcast clouds,7,5799
250,No Holiday,264.44,0.0,0.0,90,Snow,light snow,12,838
251,No Holiday,250.02,0.0,0.0,20,Clouds,few clouds,2,4680
252,No Holiday,290.35,0.0,0.0,5,Clear,sky is clear,8,1728
253,No Holiday,290.82,0.64,0.0,90,Mist,mist,5,5406
254,No Holiday,268.26,0.0,0.0,90,Mist,mist,12,2549
255,No Holiday,274.15,0.0,0.0,90,Mist,mist,12,2494
256,No Holiday,271.15,0.0,0.0,90,Mist,mist,4,836
257,No Holiday,288.38,0.0,0.0,90,Rain,light rain,9,2498
258,No Holiday,273.88,0.0,0.0,90,Drizzle,light intensity drizzle,2,770
259,No Holiday,283.54,0.0,0.0,40,Clouds,scattered clouds,9,5066
260,No Holiday,290.87,0.0,0.0,40,Mist,mist,5,258
261,No Holiday,274.09,0.0,0.0,90,Mist,mist,11,973
262,No Holiday,297.981,0.0,0.0,44,Clouds,scattered clouds,8,4416
263,No Holiday,274.22,0.0,0.0,1,Clear,sky is clear,12,1479
264,No Holiday,303.36,0.0,0.0,40,Clouds,scattered clouds,7,3608
265,No Holiday,292.22,0.0,0.0,1,Mist,mist,8,1569
266,No Holiday,296.69,0.0,0.0,40,Clouds,scattered clouds,4,3125
267,No Holiday,268.36,0.0,0.0,1,Clear,sky is clear,12,5581
268,No Holiday,276.46,0.25,0.0,1,Rain,light rain,3,4917
269,No Holiday,288.957,0.0,0.0,24,Clouds,few clouds,10,2854
270,No Holiday,291.02,8.89,0.0,40,Rain,heavy intensity rain,6,626
271,No Holiday,296.15,0.0,0.0,40,Clouds,scattered clouds,7,3249
272,No Holiday,294.22,0.0,0.0,40,Clouds,scattered clouds,9,293
273,No Holiday,296.15,0.0,0.0,40,Clouds,scattered clouds,6,5066
274,No Holiday,290.6,0.6,0.0,36,Rain,light rain,6,686
275,No Holiday,286.87,0.0,0.0,1,Clear,sky is clear,9,1018
276,No Holiday,271.0,0.0,0.0,90,Snow,heavy snow,2,807
277,No Holiday,295.41,0.0,0.0,20,Clouds,few clouds,7,1816
278,No Holiday,302.27,0.0,0.0,40,Clouds,scattered clouds,7,6023
279,No Holiday,278.09,0.0,0.0,1,Clear,sky is clear,4,350
280,No Holiday,266.94,0.0,0.0,1,Clear,sky is clear,3,376
281,No Holiday,289.69,0.0,0.0,1,Mist,mist,7,957
282,No Holiday,277.86,0.0,0.0,90,Clouds,overcast clouds,12,3619
283,No Holiday,295.28,0.0,0.0,75,Mist,mist,7,5288
284,No Holiday,271.09,0.0,0.0,75,Snow,light snow,2,321
285,No Holiday,293.0,0.0,0.0,20,Clouds,few clouds,4,5005
286,No Holiday,291.36,0.0,0.0,0,Clear,Sky is Clear,8,1415
287,No Holiday,290.49,0.0,0.0,40,Clouds,scattered clouds,4,5789
288,No Holiday,293.85,0.25,0.0,20,Fog,fog,9,2066
289,No Holiday,282.35,0.0,0.0,100,Drizzle,drizzle,10,4339
290,No Holiday,255.08,0.0,0.0,1,Snow,light snow,2,4967
291,No Holiday,284.62,0.0,0.0,40,Clouds,scattered clouds,5,2845
292,No Holiday,273.02,0.0,0.0,1,Clear,sky is clear,2,2208
293,No Holiday,260.53,0.0,0.0,90,Snow,light snow,12,291
294,No Holiday,276.87,0.0,0.0,1,Clear,sky is clear,2,4775
295,No Holiday,275.08,0.0,0.0,40,Clouds,scattered clouds,3,751
296,No Holiday,283.16,0.0,0.0,20,Rain,light rain,10,5476
297,No Holiday,269.79,0.0,0.0,90,Fog,fog,4,1881
298,No Holiday,298.25,0.0,0.0,1,Clear,sky is clear,9,6074
299,No Holiday,279.48,0.0,0.0,20,Clouds,few clouds,1,5029
300,No Holiday,296.23,0.55,0.0,40,Rain,moderate rain,6,4416
301,No Holiday,269.04,0.0,0.0,90,Clouds,overcast clouds,11,4924
302,No Holiday,294.72,0.48,0.0,90,Rain,light rain,5,3881
303,No Holiday,299.73,0.0,0.0,1,Clear,sky is clear,5,3796
304,No Holiday,285.91,0.3,0.0,90,Mist,mist,5,749
305,No Holiday,285.65,0.0,0.0,75,Clouds,broken clouds,11,4083
306,No Holiday,272.02,0.0,0.0,20,Clouds,few clouds,11,3613
307,No Holiday,256.41,0.0,0.0,64,Clouds,broken clouds,1,2891
308,No Holiday,287.21,0.0,0.0,1,Clear,sky is clear,8,5668
309,No Holiday,294.84,0.0,0.0,90,Rain,moderate rain,6,365
310,No Holiday,284.68,0.64,0.0,1,Mist,mist,5,255
311,No Holiday,257.63,0.0,0.0,75,Clouds,broken clouds,2,309
312,No Holiday,302.69,0.0,0.0,0,Clear,Sky is Clear,7,3288
313,No Holiday,284.08,0.0,0.0,90,Rain,light rain,4,4381
314,No Holiday,285.86,0.0,0.0,1,Clear,sky is clear,5,5140
315,No Holiday,274.08,0.0,0.0,90,Mist,mist,12,480
316,No Holiday,302.47,0.0,0.0,20,Clouds,few clouds,7,5555
317,No Holiday,285.215,0.0,0.0,48,Clouds,scattered clouds,2,1580
318,No Holiday,270.7,0.0,0.0,90,Clouds,overcast clouds,4,6037
319,No Holiday,290.08,0.25,0.0,90,Mist,mist,8,400
320,No Holiday,288.35,0.0,0.0,90,Rain,moderate rain,5,4840
321,No Holiday,270.88,0.0,0.0,1,Clear,sky is clear,4,5373
322,No Holiday,256.94,0.0,0.0,90,Clouds,overcast clouds,2,520
323,No Holiday,271.76,0.0,0.0,90,Mist,mist,4,3766
324,No Holiday,285.15,0.0,0.0,1,Clear,sky is clear,3,4365
325,No Holiday,290.02,0.25,0.0,90,Rain,moderate rain,8,581
326,No Holiday,268.96,0.0,0.0,75,Snow,light snow,12,4306
327,No Holiday,270.77,0.0,0.0,64,Clouds,broken clouds,1,598
328,No Holiday,291.57,0.0,0.0,32,Rain,light rain,7,4414
329,No Holiday,291.02,4.18,0.0,90,Thunderstorm,thunderstorm with rain,7,4972
330,No Holiday,290.68,0.0,0.0,75,Rain,light rain,6,3260
331,No Holiday,274.82,0.0,0.0,90,Snow,light snow,11,5425
332,No Holiday,293.84,0.0,0.0,1,Mist,mist,8,687
333,No Holiday,267.28,0.0,0.0,90,Snow,light snow,12,1441
334,No Holiday,255.15,0.0,0.0,1,Clear,sky is clear,2,1660
335,No Holiday,266.26,0.0,0.0,90,Clouds,overcast clouds,2,5016
336,No Holiday,291.36,0.0,0.0,75,Clouds,broken clouds,6,308
337,No Holiday,294.23,0.0,0.0,40,Mist,mist,8,2903
338,No Holiday,292.04,0.0,0.0,90,Drizzle,light intensity drizzle,5,727
339,No Holiday,288.99,0.0,0.0,75,Mist,mist,8,2986
340,No Holiday,266.92,0.0,0.0,90,Snow,light snow,4,5211
341,No Holiday,263.4,0.0,0.0,90,Mist,mist,12,691
342,No Holiday,294.56,0.0,0.0,90,Clouds,overcast clouds,7,680
343,No Holiday,272.22,0.0,0.0,1,Fog,fog,11,1574
344,No Holiday,298.58,0.0,0.0,75,Clouds,broken clouds,8,5312
345,No Holiday,277.353,0.0,0.0,8,Clear,sky is clear,2,4915
346,No Holiday,296.55,0.0,0.0,36,Rain,light rain,6,5948
347,No Holiday,256.62,0.0,0.0,40,Clouds,scattered clouds,2,4254
348,No Holiday,291.58,0.0,0.0,0,Clear,Sky is Clear,8,660
349,No Holiday,294.92,0.0,0.0,1,Clear,sky is clear,5,2975
350,No Holiday,287.09,0.0,0.0,90,Mist,mist,10,5777
351,No Holiday,259.86,0.0,0.0,0,Clear,sky is clear,1,5979
352,No Holiday,254.96,0.0,0.0,1,Haze,haze,1,545
353,No Holiday,279.76,0.0,0.0,90,Drizzle,light intensity drizzle,4,592
354,No Holiday,285.97,0.0,0.0,40,Clouds,scattered clouds,8,2824
355,No Holiday,295.59,0.0,0.0,40,Clouds,scattered clouds,6,1388
356,No Holiday,291.5,0.0,0.0,75,Mist,mist,8,463
357,No Holiday,260.59,0.0,0.0,100,Clouds,overcast clouds,1,4543
358,No Holiday,277.01,0.0,0.0,75,Rain,light rain,10,1661
359,No Holiday,284.35,0.0,0.0,90,Rain,moderate rain,3,4296
360,No Holiday,275.08,0.0,0.0,90,Snow,light snow,10,317
361,No Holiday,285.57,1.02,0.0,90,Rain,moderate rain,4,1734
362,No Holiday,272.85,0.0,0.0,90,Mist,mist,1,4799
363,No Holiday,289.27,0.25,0.0,90,Haze,haze,9,4980
364,No Holiday,274.17,0.0,0.0,8,Clear,sky is clear,2,952
365,No Holiday,302.67,0.0,0.0,8,Clear,sky is clear,7,2982
366,No Holiday,272.54,0.0,0.0,90,Snow,light snow,1,2842
367,No Holiday,269.62,0.0,0.0,40,Clouds,scattered clouds,3,3826
368,No Holiday,265.94,0.0,0.0,1,Clear,sky is clear,11,252
369,No Holiday,294.73,0.0,0.0,20,Clouds,few clouds,6,4806
370,No Holiday,255.72,0.0,0.0,75,Clouds,broken clouds,1,4238
371,No Holiday,272.46,0.0,0.0,1,Clear,sky is clear,11,1139
372,No Holiday,290.22,0.0,0.0,1,Clear,sky is clear,7,1043
373,No Holiday,296.43,0.0,0.0,75,Thunderstorm,thunderstorm with rain,9,6778
374,No Holiday,280.9,0.0,0.0,90,Clouds,overcast clouds,4,684
375,No Holiday,273.55,0.0,0.0,90,Clouds,overcast clouds,3,556
376,No Holiday,253.9,0.0,0.0,1,Clear,sky is clear,12,2846
377,No Holiday,293.82,0.0,0.0,5,Clear,sky is clear,7,2640
378,No Holiday,270.01,0.0,0.0,1,Clear,sky is clear,11,5784
379,No Holiday,301.95,0.0,0.0,0,Clear,Sky is Clear,6,5131
380,No Holiday,285.65,0.0,0.0,90,Clouds,overcast clouds,5,706
381,No Holiday,257.89,0.0,0.0,40,Clouds,scattered clouds,1,5891
382,No Holiday,296.15,0.0,0.0,1,Clear,sky is clear,7,1189
383,No Holiday,252.77,0.0,0.0,100,Clouds,overcast clouds,2,627
384,No Holiday,287.61,0.0,0.0,90,Drizzle,light intensity drizzle,9,4506
385,No Holiday,273.27,0.0,0.0,40,Clouds,scattered clouds,2,2640
386,No Holiday,272.35,0.0,0.0,75,Mist,mist,1,216
387,No Holiday,276.05,0.0,0.0,90,Mist,mist,1,3789
388,No Holiday,290.04,0.0,0.0,1,Clear,sky is clear,5,389
389,No Holiday,275.83,0.0,0.0,90,Clouds,overcast clouds,4,4497
390,No Holiday,295.209,0.0,0.0,92,Rain,light rain,7,2456
391,No Holiday,284.95,0.47,0.0,68,Mist,mist,5,2404
392,No Holiday,278.88,0.0,0.0,1,Clear,sky is clear,11,377
393,No Holiday,269.93,0.0,0.0,93,Clouds,overcast clouds,12,291
394,No Holiday,289.33,0.0,0.0,1,Clear,sky is clear,4,390
395,No Holiday,258.39,0.0,0.0,90,Clouds,overcast clouds,12,4285
396,No Holiday,274.71,0.0,0.0,90,Clouds,overcast clouds,12,6364
397,No Holiday,293.63,0.0,0.0,0,Clear,Sky is Clear,8,4322
398,No Holiday,278.89,0.0,0.0,90,Rain,moderate rain,11,5719
399,No Holiday,299.94,0.0,0.0,40,Clouds,scattered clouds,8,6138
400,No Holiday,273.22,0.0,0.0,90,Rain,light rain,4,1773
401,No Holiday,258.17,0.25,0.0,64,Rain,light rain,1,1922
402,No Holiday,273.21,0.0,0.0,90,Snow,heavy snow,4,4755
403,No Holiday,269.09,0.0,0.0,90,Mist,mist,1,4878
404,No Holiday,275.35,0.0,0.0,1,Clear,sky is clear,3,223
405,No Holiday,290.78,0.0,0.0,40,Clouds,scattered clouds,8,6027
406,No Holiday,296.76,0.25,0.0,90,Rain,light rain,9,4110
407,No Holiday,263.75,0.0,0.0,75,Clouds,broken clouds,1,769
408,No Holiday,274.29,0.0,0.0,1,Haze,haze,2,4931
409,No Holiday,271.95,0.0,0.0,90,Clouds,overcast clouds,2,555
410,No Holiday,248.13,0.0,0.0,1,Clear,sky is clear,12,4504
411,No Holiday,295.87,0.0,0.0,0,Clear,Sky is Clear,7,5193
412,No Holiday,294.75,0.0,0.0,40,Thunderstorm,proximity thunderstorm,9,3206
413,No Holiday,278.07,1.69,0.0,90,Mist,mist,5,5340
414,No Holiday,277.76,0.0,0.0,1,Clear,sky is clear,11,6049
415,No Holiday,287.76,0.0,0.0,90,Clouds,overcast clouds,8,293
416,No Holiday,294.22,0.0,0.0,1,Clear,sky is clear,8,5311
417,No Holiday,291.86,0.0,0.0,64,Rain,light rain,10,4452
418,No Holiday,279.26,0.0,0.0,1,Clear,sky is clear,10,368
419,No Holiday,273.31,0.0,0.0,20,Clouds,few clouds,11,2929
420,No Holiday,278.09,0.0,0.0,1,Clear,sky is clear,3,5686
421,No Holiday,272.82,0.0,0.0,1,Mist,mist,1,1662
422,No Holiday,275.21,0.0,0.0,75,Rain,moderate rain,11,326
423,No Holiday,287.46,0.0,0.0,0,Clear,Sky is Clear,7,310
424,No Holiday,255.22,0.0,0.0,1,Clear,sky is clear,12,2409
425,No Holiday,275.15,0.0,0.0,1,Haze,haze,11,329
426,No Holiday,274.42,0.0,0.0,64,Fog,fog,12,4524
427,No Holiday,261.72,0.0,0.0,90,Mist,mist,12,425
428,No Holiday,289.43,0.0,0.0,1,Clear,sky is clear,7,1842
429,No Holiday,285.91,0.7,0.0,90,Drizzle,drizzle,5,3243
430,No Holiday,286.14,0.25,0.0,92,Rain,moderate rain,5,4295
431,No Holiday,262.62,0.0,0.0,1,Clear,sky is clear,11,303
432,No Holiday,274.28,0.0,0.0,75,Clouds,broken clouds,11,1728
433,No Holiday,286.62,0.0,0.0,1,Clear,sky is clear,8,372
434,No Holiday,296.18,0.0,0.0,1,Clear,sky is clear,9,4459
435,No Holiday,254.55,0.0,0.0,1,Clear,sky is clear,1,245
436,No Holiday,295.61,0.0,0.0,75,Rain,light rain,6,3551
437,No Holiday,267.5,0.0,0.0,90,Mist,mist,1,4823
438,No Holiday,280.02,0.0,0.0,90,Clouds,overcast clouds,4,4539
439,No Holiday,257.96,0.0,0.0,64,Clouds,broken clouds,1,305
440,No Holiday,258.78,0.0,0.0,64,Clouds,broken clouds,1,4435
441,No Holiday,290.1,0.0,0.0,1,Mist,mist,5,2668
442,No Holiday,287.27,0.0,0.0,1,Clear,sky is clear,6,428
443,No Holiday,268.41,0.0,0.0,90,Snow,heavy snow,12,1684
444,No Holiday,268.12,0.0,0.0,90,Snow,heavy snow,12,790
445,No Holiday,275.49,0.0,0.0,90,Rain,light rain,3,3590
446,No Holiday,285.81,0.0,0.0,90,Mist,mist,4,1381
447,No Holiday,279.72,0.0,0.0,90,Rain,heavy intensity rain,3,5923
448,No Holiday,291.53,0.0,0.0,1,Mist,mist,8,446
449,No Holiday,294.38,0.25,0.0,90,Thunderstorm,proximity thunderstorm,9,5428
450,No Holiday,287.93,0.0,0.0,90,Mist,mist,9,3364
451,No Holiday,289.66,0.0,0.0,40,Clouds,scattered clouds,5,929
452,No Holiday,262.75,0.0,0.0,64,Snow,light snow,12,462
453,No Holiday,270.79,0.0,0.0,90,Snow,light snow,12,826
454,No Holiday,277.22,0.0,0.0,90,Snow,light snow,3,5501
455,No Holiday,282.87,0.0,0.0,0,Clear,Sky is Clear,9,810
456,No Holiday,256.18,0.0,0.0,64,Snow,light snow,12,364
457,No Holiday,281.3,0.0,0.0,1,Clear,sky is clear,4,353
458,No Holiday,279.15,0.0,0.0,1,Clear,sky is clear,6,5953
459,No Holiday,262.29,0.0,0.0,64,Clouds,broken clouds,1,4343
460,No Holiday,263.47,0.0,0.0,0,Clear,sky is clear,2,264
461,No Holiday,282.61,0.0,0.0,40,Mist,mist,9,583
462,No Holiday,274.9,0.0,0.0,90,Mist,mist,11,2599
463,No Holiday,282.55,0.0,0.0,0,Clear,Sky is Clear,10,852
464,No Holiday,300.8,0.0,0.0,0,Clear,Sky is Clear,6,5862
465,No Holiday,267.87,0.0,0.0,1,Clear,sky is clear,3,2785
466,No Holiday,284.65,0.0,0.0,1,Clear,sky is clear,4,4541
467,No Holiday,293.931,0.0,0.0,8,Clear,sky is clear,7,3471
468,No Holiday,265.29,0.0,0.0,75,Haze,haze,1,4506
469,No Holiday,279.08,0.0,0.0,40,Clouds,scattered clouds,5,6089
470,No Holiday,286.88,0.0,0.0,40,Mist,mist,8,350
471,No Holiday,285.39,0.56,0.0,90,Mist,mist,5,5899
472,No Holiday,270.15,0.0,0.0,75,Clouds,broken clouds,2,266
473,No Holiday,268.58,0.0,0.0,90,Mist,mist,1,753
474,No Holiday,293.8,0.0,0.0,90,Mist,mist,8,2594
475,No Holiday,290.79,0.0,0.0,90,Thunderstorm,proximity thunderstorm,8,3047
476,No Holiday,297.55,0.0,0.0,90,Thunderstorm,proximity thunderstorm,5,4267
477,No Holiday,296.09,0.0,0.0,75,Mist,mist,7,1722
478,No Holiday,256.58,0.0,0.0,90,Clouds,overcast clouds,1,2368
479,No Holiday,256.02,0.0,0.0,5,Clear,sky is clear,2,5886
480,No Holiday,290.62,0.0,0.0,1,Fog,fog,6,1499
481,No Holiday,287.12,0.0,0.0,90,Rain,light rain,5,6244
482,No Holiday,276.22,0.0,0.0,90,Clouds,overcast clouds,1,4464
483,Christmas Day,264.4,0.0,0.0,90,Clouds,overcast clouds,12,803
484,No Holiday,290.51,0.0,0.0,40,Clouds,scattered clouds,5,3259
485,No Holiday,295.25,0.0,0.0,1,Clear,sky is clear,7,714
486,No Holiday,274.22,0.0,0.0,90,Drizzle,light intensity drizzle,3,2500
487,No Holiday,279.31,0.0,0.0,20,Clouds,few clouds,4,5475
488,No Holiday,293.92,0.0,0.0,1,Clear,sky is clear,8,3413
489,No Holiday,276.8,0.0,0.0,1,Clear,sky is clear,4,1447
490,No Holiday,265.71,0.0,0.0,64,Clouds,broken clouds,11,6273
491,No Holiday,266.15,0.0,0.0,75,Clouds,broken clouds,12,4975
492,No Holiday,283.29,0.0,0.0,90,Rain,moderate rain,11,4247
493,No Holiday,275.15,0.0,0.0,90,Drizzle,drizzle,11,274
494,No Holiday,289.23,0.0,0.0,75,Clouds,broken clouds,8,6017
495,No Holiday,282.36,0.0,0.0,1,Clear,sky is clear,4,5803
496,No Holiday,274.28,0.0,0.0,90,Rain,light rain,11,4686
497,No Holiday,278.01,0.0,0.0,1,Clear,sky is clear,3,4766
498,No Holiday,297.85,0.0,0.0,92,Clouds,overcast clouds,6,4450
499,No Holiday,274.5,0.0,0.0,40,Clouds,scattered clouds,10,5532
500,No Holiday,262.28,0.0,0.0,90,Mist,mist,12,1337
501,No Holiday,250.08,0.0,0.0,1,Clear,sky is clear,1,388
502,No Holiday,297.07,0.0,0.0,1,Clear,sky is clear,8,5348
503,No Holiday,275.42,0.0,0.0,90,Mist,mist,12,4939
504,No Holiday,295.92,0.0,0.0,40,Clouds,scattered clouds,5,4556
505,No Holiday,258.85,0.0,0.0,40,Clouds,scattered clouds,2,1996
506,No Holiday,292.58,0.0,0.0,90,Clouds,overcast clouds,6,4890
507,No Holiday,294.95,0.0,0.0,1,Clear,sky is clear,7,1386
508,No Holiday,269.29,0.0,0.0,1,Clear,sky is clear,3,690
509,No Holiday,258.97,0.0,0.0,75,Clouds,broken clouds,2,689
510,No Holiday,268.28,0.0,0.0,1,Clear,sky is clear,1,2952
511,No Holiday,296.15,0.0,0.0,90,Clouds,overcast clouds,9,6807
512,No Holiday,266.15,0.0,0.0,90,Clouds,overcast clouds,12,901
513,No Holiday,250.16,0.0,0.0,1,Clear,sky is clear,2,5149
514,No Holiday,295.52,0.0,0.0,1,Clear,sky is clear,9,1065
515,No Holiday,271.29,0.0,0.0,75,Clouds,broken clouds,11,5563
516,No Holiday,279.45,0.0,0.0,90,Clouds,overcast clouds,4,4907
517,No Holiday,291.07,0.0,0.0,90,Mist,mist,10,2208
518,No Holiday,275.11,0.0,0.0,90,Rain,light rain,5,3521
519,No Holiday,261.19,0.0,0.0,64,Clouds,broken clouds,11,624
520,No Holiday,271.51,0.0,0.0,90,Clouds,overcast clouds,1,870
521,No Holiday,273.57,0.0,0.0,90,Rain,light rain,12,929
522,No Holiday,286.75,0.0,0.0,1,Clear,sky is clear,10,4925
523,No Holiday,293.2,0.0,0.0,1,Clear,sky is clear,8,3173
524,No Holiday,292.63,2.41,0.0,90,Rain,moderate rain,5,6537
525,No Holiday,278.26,0.0,0.0,1,Clear,sky is clear,5,360
526,No Holiday,276.95,0.0,0.0,90,Drizzle,shower drizzle,4,6686
527,No Holiday,271.15,0.0,0.0,40,Clouds,scattered clouds,3,3864
528,No Holiday,269.78,0.0,0.0,90,Mist,mist,12,1983
529,No Holiday,275.4,0.0,0.0,1,Clear,sky is clear,10,5859
530,No Holiday,262.24,0.0,0.0,64,Clouds,broken clouds,12,259
531,No Holiday,292.32,4.89,0.0,90,Drizzle,light intensity drizzle,6,843
532,No Holiday,282.71,0.0,0.0,90,Clouds,overcast clouds,4,4958
533,No Holiday,299.13,0.0,0.0,8,Clear,sky is clear,8,5982
534,No Holiday,268.63,0.0,0.0,90,Haze,haze,2,1296
535,No Holiday,282.37,0.0,0.0,1,Clear,sky is clear,5,814
536,No Holiday,298.88,0.0,0.0,0,Clear,Sky is Clear,8,4175
537,No Holiday,282.35,0.6,0.0,90,Mist,mist,4,2722
538,No Holiday,291.07,0.0,0.0,20,Mist,mist,8,5243
539,No Holiday,295.18,7.97,0.0,90,Thunderstorm,proximity thunderstorm,7,319
540,No Holiday,284.15,0.0,0.0,40,Clouds,scattered clouds,5,345
541,No Holiday,280.22,0.0,0.0,1,Clear,sky is clear,4,2076
542,No Holiday,269.75,0.0,0.0,90,Snow,snow,1,2856
543,No Holiday,274.21,0.0,0.0,90,Mist,mist,4,5446
544,No Holiday,276.08,0.0,0.0,1,Mist,mist,11,5225
545,No Holiday,259.3,0.0,0.0,64,Clouds,broken clouds,1,4243
546,No Holiday,295.27,0.0,0.0,1,Clear,sky is clear,7,1
547,No Holiday,296.47,0.0,0.0,1,Clear,sky is clear,9,5710
548,No Holiday,271.21,0.0,0.0,90,Clouds,overcast clouds,12,3411
549,No Holiday,283.14,0.0,0.0,40,Clouds,scattered clouds,9,1840
550,No Holiday,287.28,0.0,0.0,75,Clouds,broken clouds,4,4136
551,No Holiday,298.48,0.0,0.0,1,Clear,sky is clear,10,6160
552,No Holiday,269.8,0.0,0.0,75,Clouds,broken clouds,1,314
553,No Holiday,294.58,0.0,0.0,1,Mist,mist,8,2511
554,No Holiday,276.37,0.0,0.0,1,Clear,sky is clear,3,2275
555,No Holiday,292.61,0.0,0.0,90,Thunderstorm,proximity thunderstorm,6,4435
556,No Holiday,272.81,0.0,0.0,90,Clouds,overcast clouds,10,1060
557,No Holiday,288.53,0.0,0.0,1,Clear,sky is clear,5,752
558,No Holiday,280.58,0.0,0.0,1,Mist,mist,2,4938
559,No Holiday,284.01,0.0,0.0,40,Clouds,scattered clouds,10,4872
560,No Holiday,287.64,0.0,0.0,0,Clear,Sky is Clear,6,6651
561,No Holiday,295.38,0.0,0.0,12,Clouds,few clouds,7,3097
562,No Holiday,289.14,0.0,0.0,1,Clear,sky is clear,7,436
563,No Holiday,256.29,0.0,0.0,1,Clear,sky is clear,2,6630
564,No Holiday,268.64,0.0,0.0,1,Clear,sky is clear,3,4869
565,No Holiday,262.15,0.0,0.0,1,Clear,sky is clear,1,3996
566,No Holiday,278.58,0.0,0.0,75,Clouds,broken clouds,2,4670
567,No Holiday,264.79,0.0,0.0,1,Clear,sky is clear,11,2214
568,No Holiday,274.16,0.0,0.0,90,Mist,mist,3,4750
569,No Holiday,276.29,0.0,0.0,75,Clouds,broken clouds,2,5308
570,No Holiday,292.43,5.36,0.0,90,Rain,heavy intensity rain,8,2234
571,No Holiday,297.3,0.0,0.0,1,Clear,sky is clear,5,3223
572,No Holiday,292.02,0.0,0.0,75,Clouds,broken clouds,7,5332
573,No Holiday,291.55,0.0,0.0,90,Drizzle,light intensity drizzle,7,5821
574,No Holiday,285.71,0.0,0.0,1,Clear,sky is clear,5,5175
575,No Holiday,269.65,0.0,0.0,75,Snow,light snow,3,3107
576,No Holiday,254.09,0.0,0.0,1,Clear,sky is clear,1,565
577,No Holiday,275.35,0.0,0.0,90,Clouds,overcast clouds,12,652
578,No Holiday,298.1,0.0,0.0,1,Clear,sky is clear,6,2621
579,No Holiday,270.94,0.0,0.0,1,Clear,sky is clear,1,4535
580,No Holiday,292.11,0.25,0.0,75,Rain,light rain,8,5349
581,No Holiday,257.44,0.0,0.0,1,Haze,haze,2,3018
582,No Holiday,265.9,0.0,0.0,1,Clear,sky is clear,3,1059
583,No Holiday,291.42,0.0,0.0,90,Rain,light rain,7,2282
584,No Holiday,286.46,0.0,0.0,40,Rain,light rain,5,2718
585,No Holiday,278.35,0.25,0.0,0,Rain,light rain,10,1312
586,No Holiday,289.26,3.18,0.0,80,Rain,moderate rain,6,2966
587,No Holiday,273.23,0.0,0.0,90,Mist,mist,4,3240
588,No Holiday,266.73,0.0,0.05,90,Snow,light snow,12,363
589,No Holiday,256.38,0.0,0.0,75,Clouds,broken clouds,2,234
590,No Holiday,288.82,0.0,0.0,1,Clear,sky is clear,9,1923
591,No Holiday,291.16,1.41,0.0,90,Mist,mist,6,5933
592,No Holiday,259.15,0.0,0.0,75,Clouds,broken clouds,2,4612
593,No Holiday,272.34,0.0,0.0,1,Clear,sky is clear,3,3261
594,No Holiday,274.94,0.0,0.0,90,Rain,moderate rain,12,1616
595,No Holiday,281.4,0.0,0.0,90,Mist,mist,4,3075
596,No Holiday,285.47,0.0,0.0,0,Clear,Sky is Clear,6,5597
597,No Holiday,291.95,0.0,0.0,90,Drizzle,drizzle,9,2597
598,No Holiday,283.89,0.0,0.0,1,Clear,sky is clear,9,5573
599,No Holiday,292.51,0.0,0.0,1,Clear,sky is clear,8,5347
600,No Holiday,280.65,0.0,0.0,1,Clear,sky is clear,2,5568
601,No Holiday,297.99,0.0,0.0,40,Clouds,scattered clouds,8,5864
602,No Holiday,268.71,0.0,0.0,90,Fog,fog,3,2542
603,No Holiday,269.29,0.0,0.0,90,Clouds,overcast clouds,1,3539
604,No Holiday,300.11,0.0,0.0,1,Clear,sky is clear,7,5000
605,No Holiday,281.3,0.0,0.0,1,Clear,sky is clear,5,482
606,No Holiday,298.59,0.0,0.0,92,Rain,moderate rain,7,5471
607,No Holiday,262.78,0.0,0.0,1,Clear,sky is clear,3,2693
608,No Holiday,264.93,0.0,0.0,1,Mist,mist,2,6318
609,No Holiday,292.85,0.0,0.0,75,Clouds,broken clouds,9,576
610,No Holiday,290.14,0.0,0.0,75,Rain,light rain,6,4383
611,No Holiday,298.5,0.0,0.0,40,Clouds,scattered clouds,5,4394
612,No Holiday,296.85,0.0,0.0,75,Clouds,broken clouds,9,3861
613,No Holiday,299.85,0.0,0.0,40,Clouds,scattered clouds,6,2776
614,No Holiday,256.02,0.0,0.0,1,Clear,sky is clear,1,4980
615,No Holiday,271.48,0.0,0.0,90,Clouds,overcast clouds,3,5619
616,No Holiday,257.04,0.0,0.0,0,Clear,sky is clear,2,495
617,No Holiday,270.71,0.0,0.0,90,Mist,mist,1,3983
618,No Holiday,286.72,0.0,0.0,1,Clear,sky is clear,5,652
619,No Holiday,266.01,0.0,0.0,40,Snow,light snow,2,5888
620,No Holiday,293.39,0.0,0.0,40,Mist,mist,9,6477
621,No Holiday,291.11,0.0,0.0,36,Clouds,scattered clouds,6,1921
622,No Holiday,280.5,0.0,0.0,1,Clear,sky is clear,5,5568
623,No Holiday,260.09,0.0,0.0,1,Clear,sky is clear,2,1445
624,No Holiday,290.86,1.33,0.0,90,Rain,moderate rain,8,5468
625,No Holiday,270.22,0.0,0.0,1,Clear,sky is clear,3,4173
626,No Holiday,285.91,0.7,0.0,90,Mist,mist,5,3243
627,No Holiday,297.0,0.0,0.0,1,Clear,sky is clear,8,2938
628,No Holiday,272.68,0.0,0.0,90,Clouds,overcast clouds,3,432
629,No Holiday,292.46,0.0,0.0,24,Clouds,few clouds,6,3565
630,No Holiday,285.65,0.0,0.0,1,Clear,sky is clear,9,558
631,No Holiday,285.86,0.0,0.0,90,Drizzle,drizzle,11,292
632,No Holiday,301.67,0.0,0.0,0,Clear,Sky is Clear,7,6223
633,No Holiday,293.56,0.0,0.0,75,Clouds,broken clouds,4,4497
634,No Holiday,278.57,0.0,0.0,90,Drizzle,light intensity drizzle,11,5678
635,No Holiday,282.29,0.0,0.0,75,Rain,light rain,2,4779
636,No Holiday,275.31,0.0,0.0,90,Snow,heavy snow,4,1306
637,No Holiday,293.48,0.0,0.0,90,Clouds,overcast clouds,6,4346
638,No Holiday,290.95,0.0,0.0,75,Clouds,broken clouds,8,3096
639,No Holiday,291.88,0.0,0.0,90,Clouds,overcast clouds,8,4970
640,No Holiday,279.29,0.0,0.0,1,Clear,sky is clear,11,2802
641,No Holiday,273.28,0.0,0.17,90,Rain,light rain,1,359
642,No Holiday,294.42,0.0,0.0,1,Clear,sky is clear,7,744
643,No Holiday,275.17,0.0,0.0,90,Mist,mist,12,3884
644,No Holiday,282.36,0.0,0.0,20,Clouds,few clouds,10,4651
645,No Holiday,291.097,0.0,0.0,92,Rain,light rain,10,2665
646,No Holiday,290.36,0.0,0.0,0,Clear,Sky is Clear,8,1591
647,No Holiday,298.62,0.0,0.0,56,Rain,light rain,8,4835
648,No Holiday,300.55,0.0,0.0,75,Clouds,broken clouds,9,4830
649,No Holiday,290.225,0.0,0.0,0,Clear,Sky is Clear,6,5097
650,No Holiday,292.53,0.0,0.0,1,Clear,sky is clear,8,6052
651,No Holiday,283.808,0.0,0.0,0,Clear,Sky is Clear,2,5000
652,No Holiday,276.8,0.0,0.0,0,Clear,sky is clear,11,5326
653,No Holiday,278.84,0.0,0.0,90,Mist,mist,11,2078
654,No Holiday,270.92,0.0,0.0,58,Clouds,broken clouds,1,3795
655,No Holiday,296.37,0.0,0.0,40,Clouds,scattered clouds,5,3541
656,No Holiday,290.22,0.0,0.0,1,Fog,fog,7,355
657,No Holiday,270.22,0.0,0.0,40,Snow,light snow,3,2692
658,No Holiday,267.63,0.0,0.0,1,Haze,haze,2,5814
659,No Holiday,260.75,0.0,0.0,20,Clouds,few clouds,2,5833
660,No Holiday,268.22,0.0,0.0,1,Clear,sky is clear,3,761
661,No Holiday,279.66,0.0,0.0,1,Mist,mist,2,1169
662,No Holiday,274.78,0.0,0.0,90,Clouds,overcast clouds,1,4662
663,No Holiday,259.21,0.0,0.0,90,Snow,snow,2,337
664,No Holiday,264.01,0.0,0.0,1,Clear,sky is clear,2,1908
665,No Holiday,284.22,0.0,0.0,75,Clouds,broken clouds,9,885
666,No Holiday,263.52,0.0,0.0,90,Clouds,overcast clouds,2,3892
667,No Holiday,267.68,0.0,0.0,90,Mist,mist,12,4814
668,No Holiday,285.86,0.0,0.0,90,Rain,moderate rain,4,5971
669,No Holiday,288.8,0.0,0.0,90,Rain,heavy intensity rain,9,4490
670,No Holiday,295.58,0.0,0.0,1,Rain,moderate rain,7,373
671,No Holiday,289.71,0.0,0.0,20,Mist,mist,11,4012
672,No Holiday,282.73,0.0,0.0,0,Clear,Sky is Clear,9,359
673,No Holiday,296.29,0.0,0.0,1,Clear,sky is clear,9,4432
674,No Holiday,295.8,0.0,0.0,0,Clear,Sky is Clear,6,1164
675,No Holiday,281.54,0.0,0.0,0,Clear,Sky is Clear,10,4187
676,No Holiday,273.22,0.0,0.0,40,Mist,mist,4,6970
677,No Holiday,273.21,0.0,0.0,1,Clear,sky is clear,3,4354
678,No Holiday,273.21,0.0,0.0,90,Snow,light rain and snow,1,927
679,No Holiday,284.23,0.0,0.0,40,Clouds,scattered clouds,10,4259
680,No Holiday,273.69,0.0,0.0,90,Snow,light snow,3,388
681,No Holiday,287.29,0.0,0.0,90,Mist,mist,4,1908
682,No Holiday,289.15,0.0,0.0,1,Mist,mist,8,2229
683,No Holiday,292.06,0.0,0.0,40,Clouds,scattered clouds,9,4408
684,No Holiday,271.58,0.0,0.0,40,Mist,mist,1,4033
685,No Holiday,297.22,0.0,0.0,40,Clouds,scattered clouds,5,5657
686,No Holiday,261.39,0.0,0.0,1,Clear,sky is clear,1,6493
687,No Holiday,260.0,0.0,0.0,5,Clear,sky is clear,4,4778
688,No Holiday,293.675,0.0,0.0,92,Clouds,overcast clouds,7,4200
689,No Holiday,292.86,0.0,0.0,90,Drizzle,drizzle,7,2903
690,No Holiday,288.55,0.0,0.0,1,Clear,sky is clear,11,4549
691,No Holiday,269.89,0.0,0.0,92,Fog,fog,4,1822
692,No Holiday,295.95,0.0,0.0,75,Clouds,broken clouds,9,2902
693,No Holiday,280.29,0.0,0.0,90,Clouds,overcast clouds,4,3308
694,No Holiday,253.51,0.0,0.0,1,Clear,sky is clear,1,991
695,No Holiday,274.08,0.0,0.0,90,Mist,mist,1,5619
696,No Holiday,271.0,0.0,0.0,1,Clear,sky is clear,12,4687
697,No Holiday,294.39,0.0,0.0,75,Rain,light rain,7,508
698,No Holiday,285.84,3.13,0.0,90,Thunderstorm,proximity thunderstorm with rain,10,892
699,No Holiday,285.29,0.0,0.0,90,Mist,mist,4,6303
700,No Holiday,288.36,0.0,0.0,90,Mist,mist,10,4982
701,No Holiday,296.05,0.0,0.0,1,Clear,sky is clear,7,2269
702,No Holiday,272.65,0.0,0.0,90,Mist,mist,11,3930
703,No Holiday,293.66,0.0,0.0,40,Mist,mist,9,602
704,No Holiday,288.61,0.0,0.0,75,Clouds,broken clouds,10,4639
705,No Holiday,273.77,0.0,0.0,90,Mist,mist,12,2334
706,No Holiday,266.02,2.03,0.0,90,Rain,moderate rain,1,2868
707,No Holiday,271.15,0.0,0.0,90,Snow,light snow,12,5526
708,No Holiday,276.15,0.0,0.0,90,Clouds,overcast clouds,3,5385
709,No Holiday,288.33,0.0,0.0,1,Clear,sky is clear,5,3349
710,No Holiday,291.0,0.0,0.0,20,Haze,haze,11,6198
711,No Holiday,278.72,0.0,0.0,90,Clouds,overcast clouds,4,278
712,No Holiday,269.29,0.0,0.0,90,Mist,mist,2,356
713,No Holiday,273.45,0.0,0.0,90,Clouds,overcast clouds,3,2859
714,No Holiday,272.08,0.0,0.0,1,Clear,sky is clear,11,5208
715,No Holiday,274.65,0.0,0.0,90,Mist,mist,1,1488
716,No Holiday,291.15,0.0,0.0,90,Rain,light rain,6,4872
717,No Holiday,263.15,0.0,0.0,40,Clouds,scattered clouds,2,3429
718,No Holiday,276.37,0.0,0.0,90,Mist,mist,2,6094
719,No Holiday,292.15,0.0,0.0,1,Clear,sky is clear,6,469
720,No Holiday,292.82,0.0,0.0,40,Rain,light rain,6,369
721,No Holiday,263.7,0.0,0.0,20,Clouds,few clouds,3,346
722,No Holiday,305.26,0.0,0.0,12,Clouds,few clouds,7,6659
723,No Holiday,296.83,1.27,0.0,75,Mist,mist,9,325
724,No Holiday,295.14,0.0,0.0,24,Clouds,few clouds,7,670
725,No Holiday,291.72,0.0,0.0,1,Clear,sky is clear,5,4932
726,No Holiday,281.95,0.0,0.0,90,Clouds,overcast clouds,5,5159
727,No Holiday,270.45,0.0,0.0,90,Snow,heavy snow,3,6574
728,No Holiday,290.98,0.0,0.0,1,Clear,sky is clear,9,2264
729,No Holiday,275.02,0.0,0.0,90,Mist,mist,10,4695
730,No Holiday,278.29,0.0,0.0,1,Clear,sky is clear,3,288
731,No Holiday,295.07,0.0,0.0,80,Clouds,broken clouds,8,5330
732,No Holiday,290.22,0.0,0.0,90,Rain,light rain,7,6763
733,No Holiday,256.89,0.0,0.0,1,Clear,sky is clear,1,949
734,No Holiday,274.28,0.0,0.0,90,Snow,light snow,1,5608
735,No Holiday,293.52,0.0,0.0,75,Clouds,broken clouds,6,4185
736,No Holiday,294.68,0.0,0.0,1,Clear,sky is clear,8,4734
737,No Holiday,288.35,0.0,0.0,1,Clear,sky is clear,8,2925
738,No Holiday,292.64,0.0,0.0,90,Rain,light intensity shower rain,6,4695
739,No Holiday,299.59,0.25,0.0,75,Rain,light rain,9,3601
740,No Holiday,269.42,0.0,0.0,90,Mist,mist,3,4631
741,No Holiday,287.45,0.0,0.0,88,Clouds,overcast clouds,7,1194
742,No Holiday,276.894,0.0,0.0,0,Clear,Sky is Clear,10,2276
743,No Holiday,286.66,0.76,0.0,92,Mist,mist,6,4769
744,No Holiday,248.15,0.0,0.0,1,Clear,sky is clear,1,959
745,No Holiday,281.79,0.0,0.0,90,Drizzle,drizzle,3,1776
746,No Holiday,295.52,7.54,0.0,76,Mist,mist,6,380
747,No Holiday,295.89,0.0,0.0,0,Clear,Sky is Clear,8,4721
748,No Holiday,267.72,0.25,0.0,90,Rain,light rain,3,3901
749,No Holiday,262.61,0.0,0.0,1,Clear,sky is clear,2,267
750,No Holiday,272.58,0.0,0.0,1,Mist,mist,1,664
751,No Holiday,274.49,0.0,0.0,1,Fog,fog,4,808
752,No Holiday,271.02,0.0,0.0,1,Clear,sky is clear,2,6255
753,No Holiday,274.67,0.0,0.0,75,Clouds,broken clouds,11,4490
754,No Holiday,302.99,0.0,0.0,75,Rain,moderate rain,7,5494
755,No Holiday,288.47,0.0,0.0,1,Clear,sky is clear,6,917
756,No Holiday,271.65,0.0,0.0,90,Mist,mist,2,2174
757,No Holiday,277.66,0.0,0.0,90,Clouds,overcast clouds,3,389
758,No Holiday,285.08,0.0,0.0,1,Clear,sky is clear,5,561
759,No Holiday,291.91,0.0,0.0,0,Clear,Sky is Clear,7,387
760,No Holiday,268.69,0.0,0.0,40,Clouds,scattered clouds,3,1753
761,No Holiday,270.9,0.0,0.0,90,Haze,haze,2,2834
762,No Holiday,275.27,0.0,0.0,90,Drizzle,drizzle,1,640
763,No Holiday,271.86,0.0,0.0,1,Clear,sky is clear,4,4483
764,No Holiday,289.23,0.0,0.0,75,Mist,mist,7,1350
765,No Holiday,275.81,0.0,0.0,90,Rain,light rain,5,4818
766,No Holiday,262.17,0.0,0.0,40,Haze,haze,12,4150
767,No Holiday,288.13,0.0,0.0,1,Clear,sky is clear,10,1146
768,No Holiday,257.64,0.0,0.0,64,Clouds,broken clouds,12,350
769,No Holiday,276.793,0.0,0.0,64,Clouds,broken clouds,1,3281
770,No Holiday,267.37,0.0,0.0,64,Snow,light snow,12,4535
771,No Holiday,273.42,0.0,0.0,90,Clouds,overcast clouds,2,7154
772,No Holiday,290.97,1.52,0.0,90,Mist,mist,5,301
773,No Holiday,288.69,0.0,0.0,90,Mist,mist,5,692
774,No Holiday,251.0,0.0,0.0,1,Clear,sky is clear,2,3036
775,No Holiday,278.4,0.0,0.0,1,Clear,sky is clear,2,2242
776,No Holiday,289.54,2.03,0.0,92,Mist,mist,8,2996
777,No Holiday,270.64,0.0,0.0,90,Clouds,overcast clouds,3,772
778,No Holiday,263.65,0.0,0.0,90,Haze,haze,2,4462
779,No Holiday,288.69,0.0,0.0,40,Drizzle,light intensity drizzle,5,4933
780,No Holiday,280.52,0.0,0.0,1,Clear,sky is clear,10,2963
781,No Holiday,290.71,0.25,0.0,90,Rain,light rain,8,5865
782,No Holiday,301.27,0.0,0.0,1,Clear,sky is clear,7,6256
783,No Holiday,284.88,0.0,0.0,75,Clouds,broken clouds,5,4830
784,No Holiday,290.95,0.0,0.0,1,Clear,sky is clear,10,4508
785,No Holiday,294.97,0.0,0.0,1,Clear,sky is clear,8,942
786,No Holiday,262.01,0.0,0.0,75,Clouds,broken clouds,3,4763
787,No Holiday,259.68,0.0,0.0,75,Fog,fog,3,722
788,No Holiday,288.72,0.0,0.0,90,Clouds,overcast clouds,8,1605
789,No Holiday,259.37,0.0,0.0,1,Clear,sky is clear,11,2549
790,No Holiday,286.08,0.0,0.0,40,Rain,proximity shower rain,4,2704
791,No Holiday,294.41,0.25,0.0,90,Rain,light rain,9,2334
792,No Holiday,284.92,0.0,0.0,1,Clear,sky is clear,5,1042
793,No Holiday,295.89,0.0,0.0,75,Thunderstorm,thunderstorm,7,358
794,No Holiday,291.4,0.0,0.0,1,Clear,sky is clear,10,561
795,No Holiday,273.46,0.0,0.0,90,Snow,light snow,4,331
796,No Holiday,282.69,0.0,0.0,40,Clouds,scattered clouds,4,5738
797,No Holiday,268.87,0.0,0.0,90,Snow,light snow,4,1450
798,No Holiday,291.15,0.0,0.0,1,Haze,haze,7,5450
799,No Holiday,266.69,0.0,0.0,90,Clouds,overcast clouds,2,4913
800,No Holiday,290.13,0.0,0.0,90,Clouds,overcast clouds,10,4460
801,No Holiday,282.2,0.0,0.0,1,Clear,sky is clear,9,699
802,No Holiday,259.1,0.0,0.0,40,Clouds,scattered clouds,2,384
803,No Holiday,256.36,0.0,0.0,20,Snow,light snow,1,484
804,No Holiday,301.08,0.0,0.0,20,Clouds,few clouds,7,6597
805,No Holiday,294.43,0.0,0.0,8,Clear,sky is clear,9,5183
806,No Holiday,296.24,0.0,0.0,75,Mist,mist,7,457
807,No Holiday,284.02,0.0,0.0,90,Rain,moderate rain,10,4564
808,No Holiday,297.35,0.0,0.0,40,Clouds,scattered clouds,6,2581
809,No Holiday,288.76,0.0,0.0,1,Clear,sky is clear,10,2772
810,No Holiday,297.28,0.0,0.0,90,Clouds,overcast clouds,7,3331
811,No Holiday,299.06,0.0,0.0,75,Clouds,broken clouds,7,4669
812,No Holiday,287.28,0.0,0.0,40,Clouds,scattered clouds,6,419
813,No Holiday,289.15,0.0,0.0,1,Clear,sky is clear,9,3361
814,No Holiday,282.3,0.0,0.0,90,Clouds,overcast clouds,10,4648
815,No Holiday,295.66,0.0,0.0,1,Clear,sky is clear,7,1485
816,No Holiday,283.14,0.0,0.0,40,Clouds,scattered clouds,4,4184
817,No Holiday,298.64,0.0,0.0,1,Haze,haze,7,2598
818,No Holiday,291.35,0.0,0.0,40,Clouds,scattered clouds,7,379
819,No Holiday,292.93,0.0,0.0,90,Drizzle,light intensity drizzle,8,5407
820,No Holiday,294.21,0.0,0.0,75,Clouds,broken clouds,6,3544
821,No Holiday,251.15,0.0,0.0,1,Clear,sky is clear,12,507
822,No Holiday,291.05,0.0,0.0,1,Clear,sky is clear,9,3154
823,No Holiday,271.72,0.0,0.0,90,Snow,snow,12,1763
824,No Holiday,272.49,0.0,0.0,75,Snow,light snow,1,323
825,No Holiday,256.67,0.0,0.0,85,Clouds,overcast clouds,2,3440
826,No Holiday,273.4,0.0,0.0,40,Clouds,scattered clouds,2,4832
827,No Holiday,299.15,0.0,0.0,20,Clouds,few clouds,7,5698
828,No Holiday,288.15,0.0,0.0,20,Clouds,few clouds,11,5368
829,No Holiday,258.29,0.0,0.0,1,Clear,sky is clear,2,360
830,No Holiday,290.26,0.0,0.0,32,Clouds,scattered clouds,6,382
831,No Holiday,256.59,0.0,0.0,5,Clear,sky is clear,1,3185
832,No Holiday,251.13,0.0,0.0,1,Clear,sky is clear,12,5133
833,No Holiday,290.58,0.0,0.0,0,Clear,Sky is Clear,7,1498
834,No Holiday,272.68,0.0,0.0,90,Clouds,overcast clouds,11,4305
835,No Holiday,288.71,0.86,0.0,90,Mist,mist,9,4326
836,No Holiday,293.25,0.25,0.0,75,Drizzle,light intensity drizzle,7,5063
837,No Holiday,277.58,0.0,0.0,1,Clear,sky is clear,11,3716
838,No Holiday,290.59,0.51,0.0,90,Rain,moderate rain,5,657
839,No Holiday,288.22,0.0,0.0,1,Clear,sky is clear,8,428
840,No Holiday,276.28,0.0,0.0,90,Mist,mist,1,4510
841,No Holiday,296.15,0.0,0.0,90,Thunderstorm,proximity thunderstorm,7,4941
842,No Holiday,292.49,0.0,0.0,40,Haze,haze,4,5246
843,No Holiday,276.51,0.0,0.0,90,Mist,mist,11,5906
844,No Holiday,283.51,0.0,0.0,90,Mist,mist,3,4460
845,No Holiday,272.95,0.0,0.0,1,Mist,mist,3,2825
846,No Holiday,276.66,1.61,0.0,90,Rain,moderate rain,4,1485
847,No Holiday,278.58,0.0,0.0,1,Clear,sky is clear,4,3298
848,No Holiday,283.68,0.0,0.0,90,Rain,light rain,3,2744
849,No Holiday,286.85,0.0,0.0,90,Rain,light rain,5,340
850,No Holiday,289.36,0.0,0.0,90,Thunderstorm,proximity thunderstorm with rain,5,516
851,No Holiday,286.59,0.0,0.0,40,Rain,light rain,4,5598
852,No Holiday,295.16,0.0,0.0,40,Clouds,scattered clouds,5,4772
853,No Holiday,273.27,0.0,0.0,40,Clouds,scattered clouds,4,5332
854,No Holiday,275.09,0.0,0.0,90,Mist,mist,11,4694
855,No Holiday,287.18,0.0,0.0,0,Mist,mist,7,5960
856,No Holiday,295.12,0.0,0.0,1,Drizzle,light intensity drizzle,9,2004
857,No Holiday,282.76,0.0,0.0,90,Clouds,overcast clouds,4,6527
858,No Holiday,284.65,0.0,0.0,90,Rain,light rain,4,337
859,No Holiday,271.28,0.0,0.0,1,Clear,sky is clear,1,4671
860,No Holiday,275.36,0.0,0.0,40,Clouds,scattered clouds,11,4121
861,No Holiday,264.0,0.0,0.0,75,Clouds,broken clouds,3,5821
862,No Holiday,298.02,0.0,0.0,90,Clouds,overcast clouds,6,3187
863,No Holiday,277.0,0.0,0.0,90,Clouds,overcast clouds,1,6649
864,No Holiday,275.25,0.0,0.0,20,Clouds,few clouds,5,1071
865,No Holiday,258.38,0.0,0.0,1,Clear,sky is clear,2,6347
866,No Holiday,261.01,0.0,0.0,90,Snow,light snow,2,1305
867,No Holiday,290.08,0.0,0.0,75,Clouds,broken clouds,10,4958
868,No Holiday,276.15,0.0,0.0,1,Clear,sky is clear,3,3596
869,No Holiday,276.56,0.0,0.0,1,Clear,sky is clear,11,5269
870,No Holiday,271.23,0.0,0.0,90,Clouds,overcast clouds,11,339
871,No Holiday,271.37,0.0,0.0,90,Snow,light snow,4,2145
872,No Holiday,297.79,0.0,0.0,0,Clear,Sky is Clear,6,3210
873,No Holiday,299.98,0.0,0.0,40,Thunderstorm,proximity thunderstorm,9,4871
874,No Holiday,289.69,0.0,0.0,1,Rain,light rain,9,413
875,No Holiday,286.74,0.0,0.0,75,Rain,light rain,4,5009
876,No Holiday,272.5,0.0,0.0,90,Clouds,overcast clouds,10,349
877,No Holiday,293.26,0.0,0.0,48,Clouds,scattered clouds,6,785
878,No Holiday,286.98,0.0,0.0,90,Clouds,overcast clouds,5,3696
879,No Holiday,294.24,0.0,0.0,0,Clear,Sky is Clear,8,1689
880,No Holiday,270.79,0.0,0.0,5,Clear,sky is clear,4,4102
881,No Holiday,297.36,0.0,0.0,75,Clouds,broken clouds,8,5656
882,No Holiday,273.61,0.0,0.0,90,Mist,mist,1,5109
883,No Holiday,292.96,0.0,0.0,90,Rain,moderate rain,6,6196
884,No Holiday,288.14,0.0,0.0,1,Clear,sky is clear,9,5021
885,No Holiday,291.31,0.0,0.0,90,Mist,mist,8,4975
886,No Holiday,300.28,0.0,0.0,1,Clear,sky is clear,7,3385
887,No Holiday,286.81,0.47,0.0,92,Mist,mist,6,4245
888,No Holiday,275.35,0.0,0.0,1,Clear,sky is clear,2,3711
889,No Holiday,285.65,4.09,0.0,90,Drizzle,light intensity drizzle,6,3925
890,No Holiday,289.65,0.0,0.0,1,Clear,sky is clear,7,5782
891,No Holiday,284.82,0.0,0.0,75,Clouds,broken clouds,11,3083
892,No Holiday,298.31,0.0,0.0,90,Clouds,overcast clouds,9,3196
893,No Holiday,293.22,7.25,0.0,90,Rain,heavy intensity rain,7,626
894,No Holiday,294.76,0.0,0.0,1,Clear,sky is clear,7,1469
895,No Holiday,277.28,0.0,0.0,1,Clear,sky is clear,4,4490
896,No Holiday,255.18,0.0,0.0,64,Snow,light snow,12,271
897,No Holiday,290.08,0.0,0.0,90,Mist,mist,5,341
898,No Holiday,275.64,0.25,0.0,90,Rain,light rain,3,6421
899,No Holiday,295.65,0.0,0.0,0,Clear,Sky is Clear,7,2781
900,No Holiday,280.81,0.0,0.0,90,Clouds,overcast clouds,11,5870
901,No Holiday,270.22,0.0,0.0,90,Clouds,overcast clouds,11,449
902,No Holiday,293.79,0.0,0.0,8,Clear,sky is clear,7,847
903,No Holiday,292.22,7.29,0.0,75,Rain,heavy intensity rain,7,374
904,No Holiday,263.79,0.0,0.0,90,Clouds,overcast clouds,1,385
905,No Holiday,301.83,0.0,0.0,1,Clear,sky is clear,8,4053
906,No Holiday,280.97,0.0,0.0,87,Mist,mist,10,436
907,No Holiday,273.81,0.0,0.0,90,Rain,light rain,11,4607
908,No Holiday,286.87,0.0,0.0,1,Clear,sky is clear,9,2859
909,No Holiday,263.24,0.0,0.0,1,Mist,mist,1,4057
910,No Holiday,291.4,0.0,0.0,1,Clear,sky is clear,8,604
911,No Holiday,270.94,0.0,0.0,90,Snow,light snow,12,4255
912,No Holiday,276.64,0.0,0.0,90,Rain,light rain,4,2812
913,No Holiday,283.84,0.0,0.0,75,Clouds,broken clouds,9,2147
914,No Holiday,280.02,0.0,0.0,75,Clouds,broken clouds,5,5731
915,No Holiday,275.08,0.0,0.0,90,Drizzle,light intensity drizzle,1,4779
916,No Holiday,268.87,0.0,0.0,90,Mist,mist,2,735
917,No Holiday,297.22,0.0,0.0,1,Clear,sky is clear,7,1128
918,No Holiday,287.73,0.0,0.0,92,Rain,light rain,9,262
919,No Holiday,282.68,0.0,0.0,1,Clear,sky is clear,12,6284
920,No Holiday,262.34,0.0,0.0,1,Clear,sky is clear,3,1825
921,No Holiday,270.41,0.0,0.0,90,Clouds,overcast clouds,3,749
922,No Holiday,291.6,0.0,0.0,40,Clouds,scattered clouds,8,4540
923,No Holiday,280.68,0.0,0.0,1,Clear,sky is clear,3,6139
924,No Holiday,274.58,0.0,0.0,1,Clear,sky is clear,3,3608
925,No Holiday,289.66,0.0,0.0,90,Clouds,overcast clouds,9,4523
926,No Holiday,292.09,0.25,0.0,12,Rain,light rain,6,4226
927,No Holiday,270.47,0.0,0.0,6,Clear,sky is clear,11,381
928,No Holiday,281.46,0.0,0.0,1,Clear,sky is clear,4,1360
929,No Holiday,296.37,0.0,0.0,40,Clouds,scattered clouds,8,3167
930,No Holiday,295.64,0.0,0.0,1,Clear,sky is clear,5,2784
931,No Holiday,303.68,0.0,0.0,12,Clouds,few clouds,7,3238
932,No Holiday,296.01,0.0,0.0,1,Clear,sky is clear,6,4357
933,No Holiday,283.98,0.0,0.0,1,Clear,sky is clear,9,5031
934,No Holiday,264.02,0.0,0.0,1,Clear,sky is clear,4,649
935,No Holiday,284.79,0.0,0.0,90,Rain,heavy intensity rain,5,353
936,No Holiday,285.08,0.0,0.0,90,Clouds,overcast clouds,4,6258
937,No Holiday,284.2,0.0,0.0,75,Clouds,broken clouds,10,4636
938,No Holiday,287.22,0.0,0.0,1,Clear,sky is clear,5,5552
939,No Holiday,295.66,0.0,0.0,12,Clouds,few clouds,8,3093
940,No Holiday,268.58,0.0,0.0,90,Clouds,overcast clouds,3,1242
941,No Holiday,291.73,0.0,0.0,1,Clear,sky is clear,6,362
942,No Holiday,294.14,0.0,0.0,20,Clouds,few clouds,6,2796
943,No Holiday,263.14,0.0,0.0,1,Clear,sky is clear,2,907
944,No Holiday,273.22,0.0,0.0,1,Clear,sky is clear,12,866
945,No Holiday,302.1,0.0,0.0,48,Clouds,scattered clouds,8,5307
946,No Holiday,300.78,0.0,0.0,40,Clouds,scattered clouds,8,4452
947,No Holiday,288.81,0.0,0.0,90,Rain,light rain,6,2944
948,No Holiday,279.568,0.0,0.0,0,Clear,Sky is Clear,10,4594
949,No Holiday,294.82,0.6,0.0,90,Mist,mist,7,790
950,No Holiday,290.35,0.0,0.0,90,Mist,mist,8,1665
951,No Holiday,281.22,0.0,0.0,90,Drizzle,heavy intensity drizzle,11,6341
952,No Holiday,259.59,0.0,0.0,90,Snow,light snow,12,5169
953,No Holiday,286.88,0.0,0.0,90,Rain,moderate rain,4,2049
954,No Holiday,271.36,0.0,0.0,90,Mist,mist,4,3893
955,No Holiday,292.54,0.0,0.0,1,Clear,sky is clear,9,4825
956,No Holiday,296.77,0.0,0.0,40,Clouds,scattered clouds,6,4515
957,No Holiday,269.55,0.0,0.0,90,Mist,mist,2,1606
958,No Holiday,275.22,0.0,0.0,90,Rain,light rain,3,887
959,No Holiday,295.18,0.0,0.0,0,Clear,Sky is Clear,7,3055
960,No Holiday,284.27,0.25,0.0,68,Rain,light rain,6,372
961,No Holiday,296.09,0.0,0.0,1,Clear,sky is clear,6,5225
962,No Holiday,273.92,0.0,0.0,16,Clouds,few clouds,11,1070
963,No Holiday,289.95,0.0,0.0,1,Fog,fog,7,6306
964,No Holiday,268.68,0.0,0.0,90,Mist,mist,4,618
965,No Holiday,290.28,0.0,0.0,90,Rain,proximity shower rain,10,1759
966,No Holiday,271.95,0.0,0.0,90,Snow,light snow,3,375
967,No Holiday,266.29,0.0,0.0,1,Clear,sky is clear,4,6595
968,No Holiday,281.6,0.0,0.0,20,Clouds,few clouds,3,3794
969,No Holiday,271.88,0.0,0.0,90,Clouds,overcast clouds,11,1584
970,No Holiday,294.07,0.0,0.0,90,Thunderstorm,thunderstorm,6,4175
971,No Holiday,277.21,0.0,0.0,5,Clear,sky is clear,2,5367
972,No Holiday,289.01,0.0,0.0,40,Clouds,scattered clouds,9,4948
973,No Holiday,295.12,0.0,0.0,1,Clear,sky is clear,7,4523
974,No Holiday,291.75,0.0,0.0,90,Drizzle,drizzle,7,5339
975,No Holiday,271.89,0.0,0.0,90,Mist,mist,1,4304
976,No Holiday,291.09,0.0,0.0,90,Mist,mist,6,880
977,No Holiday,273.0,0.0,0.0,90,Snow,light snow,3,420
978,No Holiday,274.89,0.0,0.0,90,Drizzle,light intensity drizzle,12,964
979,No Holiday,260.41,0.0,0.0,75,Clouds,broken clouds,2,5646
980,No Holiday,262.26,0.0,0.0,40,Mist,mist,3,2875
981,No Holiday,278.65,0.0,0.0,1,Clear,sky is clear,10,1409
982,No Holiday,289.36,0.0,0.0,1,Clear,sky is clear,6,380
983,No Holiday,283.62,0.0,0.0,75,Rain,light rain,3,5673
984,No Holiday,269.74,0.0,0.0,90,Snow,heavy snow,2,4600
985,No Holiday,288.21,0.0,0.0,20,Clouds,few clouds,4,5959
986,No Holiday,284.0,0.0,0.0,90,Rain,light rain,10,5525
987,No Holiday,300.48,0.0,0.0,0,Clear,Sky is Clear,8,4229
988,No Holiday,273.02,0.0,0.0,90,Mist,mist,1,815
989,No Holiday,292.4,0.25,0.0,90,Rain,light rain,7,1290
990,No Holiday,271.71,0.0,0.0,90,Clouds,overcast clouds,3,748
991,No Holiday,279.93,0.0,0.0,75,Clouds,broken clouds,3,4837
992,No Holiday,277.48,0.0,0.0,40,Clouds,scattered clouds,10,6621
993,No Holiday,296.53,0.0,0.0,75,Clouds,broken clouds,6,6264
994,No Holiday,289.58,0.0,0.0,40,Clouds,scattered clouds,9,5982
995,No Holiday,296.494,0.0,0.0,68,Clouds,broken clouds,7,3435
996,No Holiday,299.35,0.0,0.0,40,Clouds,scattered clouds,7,4875
997,No Holiday,261.92,0.0,0.0,90,Clouds,overcast clouds,2,1537
998,No Holiday,264.32,0.0,0.0,64,Clouds,broken clouds,12,5347
999,No Holiday,289.68,0.0,0.0,76,Clouds,broken clouds,9,4787
1000,No Holiday,276.43,0.0,0.0,75,Clouds,broken clouds,4,2003
1001,No Holiday,282.9,0.0,0.0,90,Rain,light rain,4,5831
1002,No Holiday,274.51,0.0,0.0,90,Snow,light snow,2,3386
1003,No Holiday,278.44,0.0,0.0,90,Rain,light rain,4,5847
1004,No Holiday,262.35,0.0,0.0,90,Mist,mist,12,2883
1005,No Holiday,258.67,0.0,0.0,1,Clear,sky is clear,12,2458
1006,No Holiday,287.49,0.0,0.0,90,Rain,heavy intensity rain,3,2910
1007,No Holiday,265.04,0.0,0.0,20,Clouds,few clouds,2,5649
1008,No Holiday,283.44,0.0,0.0,90,Mist,mist,10,3469
1009,No Holiday,285.44,0.0,0.0,90,Mist,mist,10,1989
1010,No Holiday,279.178,0.0,0.0,80,Clouds,broken clouds,10,2993
1011,No Holiday,264.75,0.0,0.0,90,Snow,light snow,12,2510
1012,No Holiday,249.0,0.0,0.0,1,Clear,sky is clear,2,2643
1013,No Holiday,291.15,0.0,0.0,75,Drizzle,drizzle,6,5554
1014,No Holiday,276.15,0.0,0.0,90,Haze,haze,10,4899
1015,No Holiday,257.72,0.0,0.0,1,Clear,sky is clear,12,539
1016,No Holiday,299.57,0.0,0.0,40,Clouds,scattered clouds,8,6269
1017,No Holiday,259.28,0.0,0.0,90,Snow,light snow,1,3986
1018,No Holiday,285.94,0.0,0.0,1,Clear,sky is clear,10,2274
1019,No Holiday,290.57,0.0,0.0,1,Fog,fog,8,1196
1020,No Holiday,295.07,0.0,0.0,64,Clouds,broken clouds,6,2799
1021,No Holiday,288.81,0.0,0.0,20,Clouds,few clouds,4,6247
1022,No Holiday,255.4,0.0,0.0,90,Clouds,overcast clouds,3,4311
1023,No Holiday,300.37,0.0,0.0,8,Clear,sky is clear,8,5828
1024,No Holiday,295.02,0.0,0.0,40,Rain,heavy intensity rain,6,417
1025,No Holiday,295.71,0.0,0.0,40,Clouds,scattered clouds,8,2717
1026,No Holiday,280.562,0.0,0.0,0,Clear,Sky is Clear,10,4634
1027,No Holiday,297.67,0.0,0.0,8,Clear,sky is clear,8,2870
1028,No Holiday,285.72,0.0,0.0,40,Clouds,scattered clouds,5,1320
1029,No Holiday,268.48,0.0,0.0,75,Clouds,broken clouds,12,1578
1030,No Holiday,260.64,0.0,0.0,90,Snow,light snow,12,1664
1031,No Holiday,279.18,0.0,0.0,64,Clouds,broken clouds,11,2867
1032,No Holiday,295.92,0.0,0.0,1,Clear,sky is clear,9,333
1033,No Holiday,294.08,0.0,0.0,40,Clouds,scattered clouds,7,1376
1034,No Holiday,285.62,0.0,0.0,90,Drizzle,drizzle,10,5203
1035,No Holiday,288.349,0.0,0.0,92,Rain,light rain,7,371
1036,No Holiday,289.31,0.0,0.0,1,Clear,sky is clear,9,336
1037,No Holiday,291.57,0.0,0.0,1,Clear,sky is clear,6,5053
1038,No Holiday,272.01,0.0,0.0,20,Clouds,few clouds,11,1166
1039,No Holiday,274.08,0.0,0.0,20,Clouds,few clouds,3,4409
1040,No Holiday,296.22,0.0,0.0,75,Drizzle,light intensity drizzle,6,5079
1041,No Holiday,275.14,0.25,0.0,90,Drizzle,light intensity drizzle,12,4708
1042,No Holiday,305.93,0.0,0.0,75,Clouds,broken clouds,5,3611
1043,No Holiday,269.46,0.0,0.0,90,Clouds,overcast clouds,3,4805
1044,No Holiday,293.332,0.0,0.0,32,Rain,light rain,8,3222
1045,No Holiday,275.08,0.0,0.0,90,Clouds,overcast clouds,11,1165
1046,No Holiday,271.22,0.0,0.0,90,Mist,mist,3,807
1047,No Holiday,269.95,0.0,0.0,90,Snow,heavy snow,3,4969
1048,No Holiday,293.06,1.14,0.0,20,Thunderstorm,proximity thunderstorm,7,435
1049,No Holiday,249.27,0.0,0.0,1,Clear,sky is clear,3,2482
1050,No Holiday,272.86,0.0,0.0,90,Mist,mist,4,276
1051,No Holiday,299.36,0.0,0.0,1,Clear,sky is clear,8,2708
1052,No Holiday,293.51,0.0,0.0,0,Clear,Sky is Clear,6,2802
1053,No Holiday,282.17,0.0,0.0,1,Mist,mist,8,2974
1054,No Holiday,272.68,0.0,0.0,90,Clouds,overcast clouds,3,4993
1055,No Holiday,292.38,0.0,0.0,1,Clear,sky is clear,9,1752
1056,No Holiday,270.32,0.0,0.0,90,Snow,heavy snow,3,4304
1057,No Holiday,261.67,0.0,0.0,90,Clouds,overcast clouds,2,5829
1058,No Holiday,273.51,0.0,0.0,1,Mist,mist,4,563
1059,No Holiday,248.84,0.0,0.0,5,Clear,sky is clear,12,3716
1060,No Holiday,297.15,0.0,0.0,1,Rain,light rain,6,4858
1061,No Holiday,286.15,0.0,0.0,90,Mist,mist,10,2776
1062,No Holiday,281.73,0.0,0.0,1,Clear,sky is clear,5,2915
1063,No Holiday,272.79,0.0,0.0,90,Snow,snow,11,2827
1064,No Holiday,298.75,0.0,0.0,0,Clear,Sky is Clear,8,6720
1065,No Holiday,256.09,0.0,0.0,1,Clear,sky is clear,2,5795
1066,No Holiday,249.87,0.0,0.0,5,Clear,sky is clear,1,2941
1067,No Holiday,274.76,0.48,0.0,90,Rain,light rain,3,5623
1068,No Holiday,273.58,0.0,0.0,90,Mist,mist,3,5219
1069,No Holiday,284.59,0.0,0.0,56,Clouds,broken clouds,10,448
1070,No Holiday,298.88,0.0,0.0,90,Clouds,overcast clouds,7,3840
1071,No Holiday,296.44,0.0,0.0,1,Thunderstorm,proximity thunderstorm,9,876
1072,No Holiday,283.7,0.0,0.0,40,Clouds,scattered clouds,12,6647
1073,No Holiday,292.15,0.0,0.0,90,Drizzle,drizzle,8,5982
1074,No Holiday,272.78,0.0,0.0,1,Clear,sky is clear,3,3608
1075,No Holiday,273.29,0.0,0.0,5,Clear,sky is clear,1,2020
1076,No Holiday,250.65,0.0,0.0,40,Clouds,scattered clouds,2,4588
1077,No Holiday,279.55,0.0,0.0,90,Drizzle,light intensity drizzle,4,5099
1078,No Holiday,287.58,0.0,0.0,20,Clouds,few clouds,5,5706
1079,No Holiday,285.65,0.0,0.0,75,Clouds,broken clouds,10,5220
1080,No Holiday,276.01,0.0,0.0,1,Clear,sky is clear,4,1085
1081,No Holiday,282.099,0.0,0.0,12,Clouds,few clouds,5,6457
1082,No Holiday,297.81,0.0,0.0,20,Clouds,few clouds,6,3705
1083,No Holiday,276.01,0.0,0.0,75,Rain,light rain,12,930
1084,No Holiday,274.55,0.0,0.0,1,Clear,sky is clear,11,946
1085,No Holiday,273.35,0.0,0.0,90,Snow,light snow,11,4781
1086,No Holiday,284.21,0.0,0.0,90,Rain,light rain,9,5653
1087,No Holiday,273.59,0.0,0.0,1,Clear,sky is clear,11,460
1088,No Holiday,268.82,0.0,0.0,90,Clouds,overcast clouds,1,3619
1089,No Holiday,273.62,0.0,0.0,90,Mist,mist,11,4328
1090,No Holiday,286.548,0.0,0.0,92,Rain,light rain,2,3779
1091,No Holiday,291.02,0.3,0.0,1,Mist,mist,6,5889
1092,No Holiday,274.61,0.0,0.0,75,Clouds,broken clouds,3,4551
1093,No Holiday,301.93,0.0,0.0,36,Clouds,scattered clouds,7,4881
1094,No Holiday,290.2,0.0,0.0,1,Clear,sky is clear,9,5759
1095,No Holiday,279.29,0.0,0.0,90,Rain,light rain,3,339
1096,No Holiday,278.58,0.0,0.0,1,Clear,sky is clear,11,2859
1097,No Holiday,293.87,0.0,0.0,80,Clouds,broken clouds,9,2027
1098,No Holiday,255.65,0.0,0.0,5,Clear,sky is clear,1,4677
1099,No Holiday,269.75,0.0,0.0,90,Mist,mist,3,2448
1100,No Holiday,272.0,0.0,0.0,90,Clouds,overcast clouds,12,1103
1101,No Holiday,268.58,0.0,0.0,90,Snow,light snow,1,753
1102,No Holiday,299.95,0.0,0.0,1,Clear,sky is clear,8,4448
1103,No Holiday,285.51,0.0,0.0,1,Fog,fog,5,293
1104,No Holiday,278.02,0.0,0.0,90,Drizzle,light intensity drizzle,4,5641
1105,No Holiday,265.65,0.0,0.0,90,Clouds,overcast clouds,12,1915
1106,No Holiday,277.6,0.0,0.0,90,Clouds,overcast clouds,5,2912
1107,No Holiday,269.35,0.0,0.0,90,Snow,heavy snow,4,1478
1108,No Holiday,296.41,0.0,0.0,40,Clouds,scattered clouds,8,4673
1109,No Holiday,274.5,0.0,0.0,90,Snow,heavy snow,10,5943
1110,No Holiday,287.57,0.0,0.0,92,Rain,light rain,9,6098
1111,No Holiday,289.58,0.0,0.0,40,Clouds,scattered clouds,4,5049
1112,No Holiday,270.08,0.0,0.0,90,Clouds,overcast clouds,12,5666
1113,No Holiday,274.61,0.0,0.0,75,Clouds,broken clouds,4,4797
1114,No Holiday,283.87,0.0,0.0,75,Clouds,broken clouds,5,7070
1115,No Holiday,259.98,0.0,0.0,1,Clear,sky is clear,3,282
1116,No Holiday,269.63,0.0,0.0,20,Clouds,few clouds,1,6488
1117,No Holiday,273.55,0.0,0.0,90,Mist,mist,5,3400
1118,No Holiday,289.84,0.0,0.0,90,Drizzle,light intensity drizzle,10,5764
1119,No Holiday,276.02,0.0,0.0,40,Clouds,scattered clouds,11,4776
1120,No Holiday,298.21,0.0,0.0,12,Clouds,few clouds,8,6005
1121,No Holiday,293.79,0.0,0.0,20,Clouds,few clouds,6,5728
1122,No Holiday,288.22,0.0,0.0,1,Clear,sky is clear,11,3392
1123,No Holiday,256.66,0.0,0.0,1,Clear,sky is clear,1,1732
1124,No Holiday,302.7,0.0,0.0,56,Clouds,broken clouds,8,4751
1125,No Holiday,293.44,0.7,0.0,56,Rain,light rain,6,4734
1126,No Holiday,276.35,0.0,0.0,1,Clear,sky is clear,3,5646
1127,No Holiday,289.65,0.0,0.0,1,Clear,sky is clear,9,3017
1128,No Holiday,273.88,0.0,0.0,90,Clouds,overcast clouds,11,5420
1129,No Holiday,271.21,0.0,0.0,64,Clouds,broken clouds,1,731
1130,No Holiday,283.65,0.0,0.0,90,Rain,moderate rain,4,6206
1131,No Holiday,272.68,0.0,0.0,40,Clouds,scattered clouds,11,4690
1132,No Holiday,273.33,0.0,0.0,64,Snow,light snow,1,318
1133,No Holiday,277.57,0.0,0.0,90,Thunderstorm,proximity thunderstorm,4,365
1134,No Holiday,271.94,0.0,0.0,90,Snow,heavy snow,2,958
1135,No Holiday,274.81,0.0,0.0,64,Haze,haze,12,4584
1136,No Holiday,290.02,0.25,0.0,90,Drizzle,light intensity drizzle,8,581
1137,No Holiday,303.16,0.0,0.0,1,Clear,sky is clear,6,3370
1138,No Holiday,280.89,0.0,0.0,1,Mist,mist,9,823
1139,No Holiday,264.72,0.0,0.0,90,Fog,fog,2,5881
1140,No Holiday,284.71,0.0,0.0,90,Rain,light rain,4,264
1141,No Holiday,273.45,0.0,0.0,90,Fog,fog,2,3814
1142,No Holiday,292.68,0.0,0.0,75,Clouds,broken clouds,4,3089
1143,No Holiday,292.97,1.09,0.0,75,Rain,moderate rain,7,5700
1144,No Holiday,297.01,0.0,0.0,75,Clouds,broken clouds,6,3477
1145,No Holiday,292.27,0.0,0.0,1,Clear,sky is clear,5,6175
1146,No Holiday,272.59,0.0,0.0,98,Clouds,overcast clouds,1,340
1147,No Holiday,291.81,0.0,0.0,1,Clear,sky is clear,7,1862
1148,No Holiday,287.36,0.0,0.0,90,Clouds,overcast clouds,6,1103
1149,No Holiday,297.82,0.0,0.0,40,Clouds,scattered clouds,5,2820
1150,No Holiday,269.51,0.0,0.0,1,Mist,mist,2,340
1151,No Holiday,286.65,0.0,0.0,1,Clear,sky is clear,4,5365
1152,No Holiday,260.6,0.0,0.0,1,Clear,sky is clear,3,1217
1153,No Holiday,268.4,0.0,0.0,1,Clear,sky is clear,4,1284
1154,No Holiday,274.4,0.0,0.0,75,Clouds,broken clouds,10,350
1155,No Holiday,299.46,0.0,0.0,88,Clouds,overcast clouds,7,5748
1156,No Holiday,294.64,0.0,0.0,1,Clear,sky is clear,6,4478
1157,No Holiday,275.21,0.0,0.0,90,Mist,mist,1,3169
1158,No Holiday,268.77,0.0,0.0,1,Clear,sky is clear,2,259
1159,No Holiday,284.41,0.0,0.0,75,Clouds,broken clouds,4,3897
1160,No Holiday,302.0,0.0,0.0,1,Clear,sky is clear,9,5601
1161,No Holiday,271.15,0.0,0.0,75,Clouds,broken clouds,3,3912
1162,No Holiday,292.7,0.0,0.0,1,Thunderstorm,proximity thunderstorm,6,3441
1163,No Holiday,295.65,0.0,0.0,40,Drizzle,drizzle,6,367
1164,No Holiday,291.74,0.0,0.0,75,Clouds,broken clouds,7,379
1165,No Holiday,259.53,0.0,0.0,40,Clouds,scattered clouds,12,1182
1166,No Holiday,306.28,0.0,0.0,1,Clear,sky is clear,7,3954
1167,No Holiday,279.04,0.0,0.0,64,Clouds,broken clouds,11,3379
1168,No Holiday,292.29,0.0,0.0,1,Clear,sky is clear,7,297
1169,No Holiday,286.88,0.0,0.0,90,Rain,light rain,4,4752
1170,No Holiday,287.23,0.0,0.0,90,Rain,light rain,9,553
1171,No Holiday,284.82,1.33,0.0,90,Rain,moderate rain,5,2527
1172,No Holiday,275.96,0.0,0.0,90,Fog,fog,12,3163
1173,No Holiday,293.53,0.0,0.0,1,Haze,haze,5,2822
1174,No Holiday,276.75,0.0,0.0,90,Snow,snow,11,4409
1175,No Holiday,282.55,0.25,0.0,90,Rain,light rain,4,720
1176,No Holiday,284.28,0.0,0.0,1,Clear,sky is clear,4,3337
1177,No Holiday,299.781,0.0,0.0,0,Clear,Sky is Clear,8,2766
1178,No Holiday,271.6,0.0,0.0,90,Snow,snow,11,2543
1179,No Holiday,271.09,0.0,0.0,90,Clouds,overcast clouds,2,526
1180,No Holiday,261.61,0.0,0.0,90,Snow,light snow,12,4875
1181,No Holiday,274.52,0.0,0.0,90,Rain,light rain,12,2597
1182,No Holiday,270.58,0.0,0.0,75,Mist,mist,1,2817
1183,No Holiday,287.93,0.0,0.0,75,Clouds,broken clouds,5,860
1184,No Holiday,285.35,0.0,0.0,90,Clouds,overcast clouds,5,4720
1185,No Holiday,250.36,0.0,0.0,1,Clear,sky is clear,1,1144
1186,No Holiday,276.23,0.0,0.0,1,Clear,sky is clear,3,2507
1187,No Holiday,275.58,0.0,0.0,90,Mist,mist,12,4171
1188,No Holiday,252.91,0.0,0.0,1,Haze,haze,12,4892
1189,No Holiday,276.23,0.0,0.0,90,Clouds,overcast clouds,10,3249
1190,No Holiday,289.67,0.0,0.0,40,Clouds,scattered clouds,8,4953
1191,No Holiday,283.86,0.0,0.0,90,Clouds,overcast clouds,4,6253
1192,No Holiday,294.34,1.85,0.0,90,Thunderstorm,thunderstorm with heavy rain,8,2922
1193,No Holiday,288.94,0.25,0.0,90,Mist,mist,9,358
1194,No Holiday,296.15,0.0,0.0,40,Clouds,scattered clouds,9,3997
1195,No Holiday,297.69,0.0,0.0,20,Clouds,few clouds,6,3956
1196,No Holiday,273.93,0.0,0.0,90,Mist,mist,1,2711
1197,No Holiday,284.14,0.0,0.0,40,Drizzle,drizzle,4,2776
1198,No Holiday,299.95,0.0,0.0,8,Clear,sky is clear,8,4748
1199,No Holiday,270.22,0.0,0.0,90,Mist,mist,12,260
1200,No Holiday,271.95,0.0,0.0,64,Clouds,broken clouds,12,2710
1201,No Holiday,266.35,0.0,0.0,64,Clouds,broken clouds,11,5025
1202,No Holiday,276.63,0.25,0.0,64,Rain,light rain,12,3896
1203,No Holiday,274.15,0.0,0.0,90,Mist,mist,11,2782
1204,No Holiday,292.04,0.0,0.0,20,Clouds,few clouds,7,5999
1205,No Holiday,291.65,0.0,0.0,90,Drizzle,light intensity drizzle,6,1190
1206,No Holiday,270.04,0.0,0.0,5,Clear,sky is clear,3,6497
1207,No Holiday,273.95,0.0,0.0,90,Mist,mist,12,3001
1208,No Holiday,268.89,0.0,0.0,40,Clouds,scattered clouds,12,356
1209,No Holiday,297.15,0.0,0.0,1,Clear,sky is clear,7,354
1210,No Holiday,291.69,0.51,0.0,90,Rain,moderate rain,9,2422
1211,No Holiday,294.74,0.0,0.0,12,Clouds,few clouds,7,5131
1212,No Holiday,263.29,0.0,0.0,75,Clouds,broken clouds,12,5209
1213,No Holiday,267.75,0.0,0.0,1,Clear,sky is clear,3,3057
1214,No Holiday,298.08,0.0,0.0,0,Clear,Sky is Clear,8,3793
1215,No Holiday,279.94,0.0,0.0,90,Clouds,overcast clouds,11,6028
1216,No Holiday,285.42,0.0,0.0,90,Clouds,overcast clouds,5,3957
1217,No Holiday,296.8640000000001,0.0,0.0,64,Clouds,broken clouds,7,4457
1218,No Holiday,265.82,0.0,0.0,90,Snow,light snow,12,4769
1219,No Holiday,284.48,0.0,0.0,20,Clouds,few clouds,11,4353
1220,No Holiday,271.94,0.0,0.0,1,Clear,sky is clear,11,2851
1221,No Holiday,301.44,0.0,0.0,1,Clear,sky is clear,7,6319
1222,No Holiday,289.28,0.0,0.0,40,Rain,light rain,6,5033
1223,No Holiday,285.99,0.0,0.0,1,Clear,sky is clear,9,345
1224,No Holiday,279.83,0.0,0.0,1,Clear,sky is clear,4,2148
1225,No Holiday,267.36,0.0,0.0,1,Clear,sky is clear,12,5324
1226,No Holiday,278.78,0.0,0.0,1,Mist,mist,11,965
1227,No Holiday,272.416,0.0,0.0,0,Clear,Sky is Clear,10,1343
1228,No Holiday,282.69,0.0,0.0,75,Clouds,broken clouds,4,5379
1229,No Holiday,267.96,0.0,0.0,1,Clear,sky is clear,3,386
1230,No Holiday,294.36,0.0,0.0,5,Clear,sky is clear,8,5369
1231,No Holiday,259.1,0.0,0.0,40,Clouds,scattered clouds,2,372
1232,No Holiday,274.42,0.0,0.0,1,Clear,sky is clear,11,432
1233,No Holiday,272.15,0.0,0.0,90,Fog,fog,4,3822
1234,No Holiday,277.61,0.0,0.0,20,Clouds,few clouds,4,2936
1235,No Holiday,292.0,0.0,0.0,90,Mist,mist,8,5125
1236,No Holiday,271.36,0.0,0.0,5,Clear,sky is clear,2,3759
1237,No Holiday,284.77,0.0,0.0,1,Clear,sky is clear,5,1765
1238,No Holiday,293.43,0.0,0.0,40,Mist,mist,6,1161
1239,No Holiday,259.08,0.0,0.0,90,Mist,mist,12,363
1240,No Holiday,300.15,0.0,0.0,1,Clear,sky is clear,6,4372
1241,No Holiday,291.88,0.0,0.0,1,Clear,sky is clear,9,516
1242,No Holiday,288.86,0.0,0.0,1,Clear,sky is clear,5,6568
1243,No Holiday,289.29,0.0,0.0,90,Clouds,overcast clouds,3,6053
1244,No Holiday,290.09,0.0,0.0,90,Clouds,overcast clouds,6,1899
1245,No Holiday,275.22,0.0,0.0,90,Rain,moderate rain,4,5583
1246,No Holiday,274.29,0.0,0.0,90,Snow,light snow,4,848
1247,No Holiday,259.35,0.0,0.0,1,Clear,sky is clear,3,5267
1248,No Holiday,276.76,0.0,0.0,40,Clouds,scattered clouds,4,731
1249,No Holiday,274.73,0.64,0.0,90,Mist,mist,12,4619
1250,No Holiday,283.01,0.0,0.0,40,Clouds,scattered clouds,10,1960
1251,No Holiday,295.2,0.0,0.0,1,Clear,sky is clear,7,383
1252,No Holiday,270.94,0.0,0.0,1,Clear,sky is clear,4,707
1253,No Holiday,300.35,0.51,0.0,75,Rain,light rain,7,1544
1254,No Holiday,269.24,0.0,0.0,90,Clouds,overcast clouds,2,1230
1255,No Holiday,280.8,0.0,0.0,75,Clouds,broken clouds,3,5170
1256,No Holiday,270.11,0.0,0.0,64,Mist,mist,12,624
1257,No Holiday,265.69,0.0,0.0,75,Clouds,broken clouds,12,3294
1258,No Holiday,269.34,0.0,0.0,20,Clouds,few clouds,2,6393
1259,No Holiday,262.93,0.0,0.0,20,Clouds,few clouds,12,1957
1260,No Holiday,292.05,0.0,0.0,0,Clear,Sky is Clear,5,4906
1261,No Holiday,275.942,0.0,0.0,24,Clouds,few clouds,10,2001
1262,No Holiday,301.97,0.0,0.0,75,Clouds,broken clouds,5,4959
1263,No Holiday,294.35,0.0,0.0,1,Clear,sky is clear,8,6788
1264,No Holiday,295.68,0.0,0.0,75,Rain,light rain,7,4707
1265,No Holiday,258.38,0.51,0.0,64,Mist,mist,12,3567
1266,No Holiday,291.39,0.0,0.0,90,Rain,light rain,5,741
1267,No Holiday,274.02,0.0,0.0,90,Mist,mist,11,849
1268,No Holiday,270.87,0.0,0.0,75,Clouds,broken clouds,1,5366
1269,No Holiday,286.14,0.0,0.0,0,Clear,Sky is Clear,8,6032
1270,No Holiday,290.73,4.57,0.0,90,Drizzle,light intensity drizzle,8,4265
1271,No Holiday,279.28,0.89,0.0,90,Rain,light rain,4,309
1272,No Holiday,284.67,0.0,0.0,1,Clear,sky is clear,7,790
1273,No Holiday,291.94,0.0,0.0,40,Clouds,scattered clouds,4,6112
1274,No Holiday,296.79,0.0,0.0,75,Clouds,broken clouds,9,2494
1275,No Holiday,296.36,0.0,0.0,1,Clear,sky is clear,8,4714
1276,No Holiday,288.44,0.0,0.0,90,Haze,haze,11,5028
1277,No Holiday,278.6,0.0,0.0,64,Clouds,broken clouds,11,4322
1278,No Holiday,290.7,0.0,0.0,80,Clouds,broken clouds,8,4393
1279,No Holiday,292.62,5.62,0.0,90,Thunderstorm,proximity thunderstorm,8,5750
1280,No Holiday,273.77,0.0,0.0,90,Rain,moderate rain,4,462
1281,No Holiday,275.29,0.0,0.0,90,Rain,moderate rain,12,1481
1282,No Holiday,272.02,0.0,0.0,90,Snow,snow,4,6000
1283,No Holiday,289.57,0.3,0.0,90,Mist,mist,8,6216
1284,No Holiday,294.49,25.46,0.0,90,Rain,very heavy rain,8,2118
1285,No Holiday,288.89,0.0,0.0,1,Clear,sky is clear,7,984
1286,No Holiday,293.11,2.91,0.0,90,Rain,moderate rain,7,4879
1287,No Holiday,290.06,0.0,0.0,75,Rain,light rain,5,785
1288,No Holiday,273.36,0.0,0.0,90,Snow,heavy snow,4,5222
1289,No Holiday,284.49,0.0,0.0,90,Clouds,overcast clouds,10,2077
1290,No Holiday,271.94,0.0,0.0,90,Mist,mist,12,5983
1291,No Holiday,293.07,6.48,0.0,75,Rain,heavy intensity rain,7,980
1292,No Holiday,275.6,0.0,0.0,75,Clouds,broken clouds,4,5217
1293,No Holiday,288.8,4.89,0.0,90,Rain,heavy intensity rain,5,260
1294,No Holiday,269.23,0.0,0.0,90,Clouds,overcast clouds,11,5409
1295,No Holiday,272.79,0.0,0.0,5,Mist,mist,1,5355
1296,No Holiday,291.92,0.25,0.0,0,Rain,light rain,8,1165
1297,No Holiday,293.72,0.0,0.0,1,Clear,sky is clear,6,4065
1298,No Holiday,280.73,0.0,0.0,1,Clear,sky is clear,11,306
1299,No Holiday,270.58,0.0,0.0,1,Clear,sky is clear,2,368
1300,No Holiday,256.07,0.0,0.0,64,Clouds,broken clouds,1,5542
1301,No Holiday,295.29,0.0,0.0,0,Clear,Sky is Clear,7,2903
1302,No Holiday,285.83,1.27,0.0,90,Rain,heavy intensity rain,9,1632
1303,No Holiday,280.091,0.0,0.0,0,Clear,Sky is Clear,10,2704
1304,No Holiday,276.81,0.0,0.0,5,Clear,sky is clear,3,6655
1305,No Holiday,280.62,0.0,0.0,90,Rain,light rain,10,2400
1306,No Holiday,291.03,1.02,0.0,56,Rain,moderate rain,8,2435
1307,No Holiday,297.56,0.0,0.0,40,Clouds,scattered clouds,8,4680
1308,No Holiday,271.23,0.0,0.0,75,Clouds,broken clouds,2,4473
1309,No Holiday,282.46,0.0,0.0,92,Clouds,overcast clouds,9,341
1310,No Holiday,274.61,0.0,0.0,90,Clouds,overcast clouds,3,600
1311,No Holiday,298.46,0.0,0.0,88,Rain,light rain,8,3353
1312,No Holiday,277.94,0.0,0.0,75,Clouds,broken clouds,4,5834
1313,No Holiday,266.48,0.0,0.0,64,Fog,fog,12,2019
1314,No Holiday,292.0,0.0,0.0,0,Clear,Sky is Clear,7,2054
1315,No Holiday,271.8,0.0,0.0,64,Clouds,broken clouds,1,3269
1316,No Holiday,275.46,0.0,0.0,90,Snow,light snow,3,3312
1317,No Holiday,268.35,0.0,0.0,1,Haze,haze,1,1307
1318,No Holiday,281.51,0.0,0.0,90,Clouds,overcast clouds,3,5260
1319,No Holiday,299.61,0.0,0.0,75,Clouds,broken clouds,6,3627
1320,No Holiday,294.08,0.0,0.0,75,Drizzle,drizzle,6,2910
1321,No Holiday,285.55,0.0,0.0,20,Clouds,few clouds,5,330
1322,No Holiday,279.28,0.0,0.0,90,Mist,mist,11,3202
1323,No Holiday,282.15,0.0,0.0,1,Drizzle,light intensity drizzle,3,451
1324,No Holiday,294.51,0.0,0.0,0,Clear,Sky is Clear,8,4133
1325,No Holiday,270.44,0.0,0.0,5,Clear,sky is clear,1,3952
1326,No Holiday,290.16,0.25,0.0,1,Rain,light rain,5,4127
1327,No Holiday,284.65,0.0,0.0,90,Mist,mist,4,337
1328,No Holiday,292.3,0.0,0.0,1,Clear,sky is clear,6,2452
1329,No Holiday,268.14,0.0,0.0,5,Clear,sky is clear,2,4784
1330,No Holiday,289.69,0.0,0.0,75,Mist,mist,5,4768
1331,No Holiday,289.15,0.0,0.0,75,Clouds,broken clouds,4,4782
1332,No Holiday,292.95,0.0,0.0,90,Thunderstorm,proximity thunderstorm,8,3727
1333,No Holiday,262.21,0.0,0.0,75,Clouds,broken clouds,2,4718
1334,No Holiday,293.48,0.0,0.0,92,Rain,light rain,6,4866
1335,No Holiday,268.79,0.0,0.0,75,Mist,mist,1,4672
1336,No Holiday,277.436,0.0,0.0,0,Clear,Sky is Clear,10,315
1337,No Holiday,283.82,0.0,0.0,90,Fog,fog,5,326
1338,No Holiday,297.99,0.0,0.0,0,Clear,Sky is Clear,8,4581
1339,No Holiday,260.64,0.0,0.0,90,Mist,mist,12,5771
1340,No Holiday,270.46,0.0,0.0,1,Clear,sky is clear,4,898
1341,No Holiday,292.6,0.0,0.0,75,Clouds,broken clouds,5,4784
1342,No Holiday,292.42,0.0,0.0,75,Clouds,broken clouds,4,4299
1343,No Holiday,296.17,0.0,0.0,24,Clouds,few clouds,7,360
1344,No Holiday,261.67,0.0,0.0,64,Clouds,broken clouds,12,5339
1345,No Holiday,267.7,0.0,0.0,1,Snow,light snow,2,2768
1346,No Holiday,276.08,0.0,0.0,90,Drizzle,light intensity drizzle,4,3057
1347,No Holiday,283.21,0.0,0.0,75,Clouds,broken clouds,10,2489
1348,No Holiday,298.3,0.0,0.0,20,Clouds,few clouds,7,5240
1349,No Holiday,295.64,0.0,0.0,75,Clouds,broken clouds,9,2335
1350,No Holiday,274.79,0.0,0.0,90,Haze,haze,3,3586
1351,No Holiday,255.72,0.0,0.0,5,Clear,sky is clear,1,3144
1352,No Holiday,273.77,0.0,0.0,90,Clouds,overcast clouds,3,6330
1353,No Holiday,286.34,0.25,0.0,90,Mist,mist,5,5181
1354,No Holiday,265.07,0.0,0.0,1,Clear,sky is clear,12,4712
1355,No Holiday,293.22,0.0,0.0,1,Clear,sky is clear,3,5349
1356,No Holiday,279.56,0.0,0.0,90,Clouds,overcast clouds,5,4788
1357,No Holiday,263.41,0.0,0.0,90,Mist,mist,1,2292
1358,No Holiday,295.81,0.0,0.0,24,Clouds,few clouds,8,2605
1359,No Holiday,289.64,0.0,0.0,90,Mist,mist,5,3029
1360,No Holiday,292.08,0.0,0.0,75,Rain,light rain,8,3063
1361,No Holiday,272.15,0.0,0.0,90,Mist,mist,11,2987
1362,No Holiday,259.42,0.0,0.0,1,Clear,sky is clear,1,4548
1363,No Holiday,294.05,0.0,0.0,1,Clear,sky is clear,7,351
1364,No Holiday,255.38,0.0,0.0,40,Clouds,scattered clouds,2,542
1365,No Holiday,294.53,0.0,0.0,5,Clear,sky is clear,9,4550
1366,No Holiday,268.85,0.0,0.0,1,Clear,sky is clear,1,3188
1367,No Holiday,288.41,0.0,0.0,1,Clear,sky is clear,11,3492
1368,No Holiday,288.58,0.0,0.0,90,Clouds,overcast clouds,11,4523
1369,No Holiday,300.07,0.0,0.0,1,Clear,sky is clear,8,5132
1370,No Holiday,250.63,0.0,0.0,1,Clear,sky is clear,12,2706
1371,No Holiday,292.36,0.0,0.0,1,Clear,sky is clear,10,2675
1372,No Holiday,291.03,0.0,0.0,90,Clouds,overcast clouds,7,5269
1373,No Holiday,297.15,0.0,0.0,40,Clouds,scattered clouds,7,5627
1374,No Holiday,273.27,0.0,0.0,1,Clear,sky is clear,10,429
1375,No Holiday,282.42,0.6,0.0,1,Rain,light rain,9,383
1376,No Holiday,297.888,0.0,0.0,0,Clear,Sky is Clear,7,337
1377,No Holiday,267.16,0.0,0.0,90,Mist,mist,12,2293
1378,No Holiday,282.72,0.0,0.0,1,Clear,sky is clear,10,247
1379,No Holiday,261.15,0.0,0.0,75,Haze,haze,2,6459
1380,No Holiday,272.49,0.0,0.0,90,Haze,haze,2,4493
1381,No Holiday,275.87,0.0,0.0,90,Clouds,overcast clouds,3,3240
1382,No Holiday,287.76,0.0,0.0,1,Fog,fog,9,1371
1383,No Holiday,268.79,0.0,0.0,90,Snow,light snow,4,407
1384,No Holiday,289.89,0.0,0.0,0,Clear,Sky is Clear,5,3034
1385,No Holiday,286.98,0.76,0.0,24,Mist,mist,6,3557
1386,No Holiday,289.388,0.0,0.0,44,Clouds,scattered clouds,5,5760
1387,No Holiday,269.22,0.0,0.0,90,Mist,mist,1,2932
1388,No Holiday,274.62,0.0,0.0,75,Clouds,broken clouds,12,5123
1389,No Holiday,282.21,0.0,0.0,90,Clouds,overcast clouds,10,4479
1390,No Holiday,292.15,0.0,0.0,40,Clouds,scattered clouds,6,4467
1391,No Holiday,284.28,0.0,0.0,90,Clouds,overcast clouds,4,550
1392,No Holiday,247.15,0.0,0.0,20,Clouds,few clouds,1,2641
1393,No Holiday,271.91,0.0,0.0,64,Clouds,broken clouds,12,4412
1394,No Holiday,281.63,0.0,0.0,1,Mist,mist,9,533
1395,No Holiday,259.95,0.0,0.0,90,Clouds,overcast clouds,2,2049
1396,No Holiday,268.46,0.0,0.0,1,Clear,sky is clear,12,1211
1397,No Holiday,283.09,0.0,0.0,1,Clear,sky is clear,11,4660
1398,No Holiday,280.75,0.0,0.0,90,Drizzle,drizzle,5,1730
1399,No Holiday,296.44,0.0,0.0,0,Clear,Sky is Clear,10,4044
1400,No Holiday,283.48,0.0,0.0,90,Rain,light rain,9,4380
1401,No Holiday,272.22,0.0,0.0,90,Snow,light snow,4,397
1402,No Holiday,273.29,0.0,0.0,90,Clouds,overcast clouds,1,3289
1403,No Holiday,272.68,0.0,0.0,90,Clouds,overcast clouds,4,333
1404,No Holiday,273.59,0.0,0.0,1,Clear,sky is clear,11,325
1405,No Holiday,296.69,0.0,0.0,0,Clear,Sky is Clear,8,5088
1406,No Holiday,299.57,0.0,0.0,20,Clouds,few clouds,7,4522
1407,No Holiday,292.44,0.0,0.0,75,Thunderstorm,thunderstorm,9,3497
1408,No Holiday,285.62,0.25,0.0,1,Rain,light rain,8,299
1409,No Holiday,291.82,0.0,0.0,56,Clouds,broken clouds,6,2867
1410,No Holiday,261.67,0.0,0.0,1,Clear,sky is clear,12,3161
1411,No Holiday,297.56,0.0,0.0,0,Clear,Sky is Clear,7,1581
1412,No Holiday,264.47,0.0,0.0,64,Clouds,broken clouds,12,3344
1413,No Holiday,261.95,0.0,0.0,90,Snow,light snow,1,2089
1414,No Holiday,295.44,3.86,0.0,90,Mist,mist,9,5023
1415,No Holiday,288.01,0.0,0.0,75,Rain,moderate rain,8,3165
1416,No Holiday,269.87,0.25,0.0,64,Rain,light rain,1,2107
1417,No Holiday,268.62,0.0,0.0,90,Snow,heavy snow,3,6157
1418,No Holiday,293.99,0.0,0.0,0,Clear,Sky is Clear,8,659
1419,No Holiday,272.29,0.0,0.0,90,Snow,snow,4,4689
1420,No Holiday,288.42,0.0,0.0,90,Rain,heavy intensity rain,10,3381
1421,No Holiday,290.15,0.0,0.0,90,Rain,moderate rain,10,5968
1422,No Holiday,284.39,0.0,0.0,1,Clear,sky is clear,5,2781
1423,No Holiday,281.639,0.0,0.0,0,Clear,Sky is Clear,10,324
1424,No Holiday,265.34,0.0,0.0,90,Haze,haze,1,853
1425,No Holiday,255.94,0.0,0.0,1,Clear,sky is clear,2,362
1426,No Holiday,268.72,0.0,0.0,90,Clouds,overcast clouds,1,5338
1427,No Holiday,263.79200000000003,0.0,0.0,0,Clear,Sky is Clear,2,5810
1428,No Holiday,294.02,0.0,0.0,1,Clear,sky is clear,5,6413
1429,No Holiday,266.88,0.0,0.0,1,Clear,sky is clear,3,624
1430,No Holiday,257.94,0.0,0.0,64,Clouds,broken clouds,1,2461
1431,No Holiday,256.01,0.0,0.0,40,Clouds,scattered clouds,2,6499
1432,No Holiday,292.68,0.0,0.0,90,Mist,mist,9,4856
1433,No Holiday,291.24,0.0,0.0,1,Clear,sky is clear,7,1376
1434,No Holiday,283.22,0.0,0.0,90,Drizzle,light intensity drizzle,10,2587
1435,No Holiday,281.02,0.0,0.0,90,Clouds,overcast clouds,9,4569
1436,No Holiday,266.22,0.0,0.0,90,Mist,mist,2,1354
1437,No Holiday,276.88,0.0,0.0,90,Drizzle,drizzle,5,2481
1438,No Holiday,296.82,0.0,0.0,1,Clear,sky is clear,7,3897
1439,No Holiday,264.91,0.0,0.0,90,Mist,mist,1,4601
1440,No Holiday,284.77,0.0,0.0,20,Clouds,few clouds,5,5260
1441,No Holiday,289.48,0.0,0.0,0,Clear,Sky is Clear,8,859
1442,No Holiday,284.82,0.0,0.0,75,Clouds,broken clouds,10,5443
1443,No Holiday,286.58,0.0,0.0,90,Mist,mist,4,5823
1444,No Holiday,285.422,0.0,0.0,68,Clouds,broken clouds,2,4948
1445,No Holiday,271.1,0.0,0.0,100,Clouds,overcast clouds,12,2678
1446,No Holiday,266.77,0.0,0.0,90,Clouds,overcast clouds,3,3641
1447,No Holiday,289.69,0.0,0.0,90,Thunderstorm,proximity thunderstorm,8,5460
1448,No Holiday,269.0,0.0,0.0,90,Mist,mist,3,2176
1449,No Holiday,293.63,0.0,0.0,90,Clouds,overcast clouds,6,5740
1450,No Holiday,295.15,0.0,0.0,75,Clouds,broken clouds,9,632
1451,No Holiday,278.43,0.0,0.0,1,Clear,sky is clear,5,385
1452,No Holiday,264.55,0.0,0.0,90,Mist,mist,12,811
1453,No Holiday,291.58,0.0,0.0,88,Drizzle,light intensity drizzle,6,2322
1454,No Holiday,276.793,0.0,0.0,64,Clouds,broken clouds,1,2663
1455,No Holiday,265.78,0.0,0.0,90,Haze,haze,1,3945
1456,No Holiday,274.36,0.0,0.0,90,Drizzle,drizzle,5,3401
1457,No Holiday,280.15,0.0,0.0,1,Clear,sky is clear,10,1042
1458,No Holiday,303.15,0.0,0.0,75,Clouds,broken clouds,6,3114
1459,No Holiday,269.21,0.0,0.0,90,Haze,haze,12,3353
1460,No Holiday,282.512,0.0,0.0,0,Clear,Sky is Clear,10,6329
1461,No Holiday,263.87,0.0,0.0,1,Clear,sky is clear,12,5941
1462,No Holiday,291.82,0.0,0.0,5,Clear,sky is clear,8,3175
1463,No Holiday,262.36,0.0,0.0,90,Haze,haze,2,3996
1464,No Holiday,273.09,0.0,0.0,90,Mist,mist,12,2953
1465,No Holiday,285.47,0.0,0.0,90,Haze,haze,10,4481
1466,No Holiday,274.02,0.0,0.0,90,Rain,light rain,11,867
1467,No Holiday,293.99,8.0,0.0,68,Rain,heavy intensity rain,8,3942
1468,No Holiday,291.42,0.0,0.0,1,Clear,sky is clear,5,5028
1469,No Holiday,248.89,0.0,0.0,1,Clear,sky is clear,12,317
1470,No Holiday,279.9,0.0,0.0,75,Rain,light rain,5,6146
1471,No Holiday,272.38,0.0,0.0,90,Snow,light snow,12,3221
1472,No Holiday,271.51,0.0,0.0,90,Snow,light snow,3,4085
1473,No Holiday,274.15,0.0,0.0,90,Mist,mist,12,3520
1474,No Holiday,285.53,0.0,0.0,1,Clear,sky is clear,11,3291
1475,No Holiday,291.08,0.0,0.0,90,Haze,haze,9,771
1476,No Holiday,290.05,3.65,0.0,100,Thunderstorm,thunderstorm with rain,6,5126
1477,No Holiday,274.51,0.0,0.0,1,Clear,sky is clear,4,465
1478,No Holiday,270.09,0.0,0.0,90,Mist,mist,1,5720
1479,No Holiday,293.23,0.0,0.0,20,Clouds,few clouds,5,4201
1480,No Holiday,269.59,0.0,0.0,90,Clouds,overcast clouds,3,1663
1481,No Holiday,248.17,0.0,0.0,1,Clear,sky is clear,1,3708
1482,No Holiday,274.02,0.25,0.0,64,Drizzle,light intensity drizzle,12,6118
1483,No Holiday,295.16,0.0,0.0,92,Clouds,overcast clouds,9,2693
1484,No Holiday,285.99,0.0,0.0,90,Clouds,overcast clouds,10,6577
1485,No Holiday,274.72,0.0,0.0,90,Rain,light rain,3,2434
1486,No Holiday,293.54,0.0,0.0,90,Fog,fog,9,5905
1487,No Holiday,281.44,0.0,0.0,1,Clear,sky is clear,11,5069
1488,No Holiday,286.23,0.0,0.0,1,Clear,sky is clear,6,1173
1489,No Holiday,289.59,0.0,0.0,90,Clouds,overcast clouds,10,5107
1490,No Holiday,288.494,0.0,0.0,92,Clouds,overcast clouds,7,4889
1491,No Holiday,300.28,0.0,0.0,5,Clear,sky is clear,6,4327
1492,No Holiday,289.74,0.8,0.0,90,Drizzle,light intensity drizzle,9,4695
1493,No Holiday,276.3,0.0,0.0,90,Clouds,overcast clouds,4,1652
1494,No Holiday,286.64,0.0,0.0,90,Mist,mist,5,5050
1495,No Holiday,289.96,0.0,0.0,1,Clear,sky is clear,9,891
1496,No Holiday,283.92,0.0,0.0,75,Clouds,broken clouds,5,304
1497,No Holiday,285.97,0.64,0.0,90,Thunderstorm,proximity thunderstorm,4,1180
1498,No Holiday,288.9,0.0,0.0,92,Rain,moderate rain,6,418
1499,No Holiday,274.02,0.0,0.0,90,Snow,light snow,11,300
1500,No Holiday,262.68,0.0,0.0,75,Snow,light snow,2,4884
1501,No Holiday,258.18,0.0,0.0,1,Mist,mist,12,1880
1502,No Holiday,254.89,0.0,0.0,1,Clear,sky is clear,1,1332
1503,No Holiday,273.52,0.0,0.1,90,Mist,mist,1,1241
1504,No Holiday,261.59,0.0,0.0,8,Clear,sky is clear,2,4966
1505,No Holiday,296.69,0.0,0.0,1,Thunderstorm,proximity thunderstorm,7,3045
1506,No Holiday,270.72,0.0,0.0,75,Clouds,broken clouds,11,898
1507,No Holiday,265.49,0.0,0.0,1,Clear,sky is clear,2,609
1508,No Holiday,291.02,0.0,0.0,90,Mist,mist,5,6420
1509,No Holiday,291.91,0.0,0.0,12,Clouds,few clouds,7,5031
1510,No Holiday,284.15,0.0,0.0,20,Clouds,few clouds,10,3462
1511,No Holiday,256.22,0.0,0.0,1,Clear,sky is clear,2,853
1512,No Holiday,285.01,0.0,0.0,92,Clouds,overcast clouds,6,606
1513,No Holiday,271.58,0.0,0.0,90,Snow,light snow,3,3602
1514,No Holiday,292.15,0.0,0.0,1,Clear,sky is clear,10,2761
1515,No Holiday,277.31,0.0,0.0,90,Rain,light rain,1,2101
1516,No Holiday,275.49,0.0,0.0,90,Mist,mist,4,1948
1517,No Holiday,287.29,0.0,0.0,90,Clouds,overcast clouds,5,3327
1518,No Holiday,296.84,0.0,0.0,40,Rain,light rain,7,4035
1519,No Holiday,291.15,0.0,0.0,0,Clear,Sky is Clear,9,3119
1520,No Holiday,260.86,0.0,0.0,64,Clouds,broken clouds,1,6413
1521,No Holiday,295.18,7.97,0.0,90,Rain,heavy intensity rain,7,319
1522,No Holiday,282.22,0.0,0.0,1,Clear,sky is clear,4,1253
1523,No Holiday,265.42,0.0,0.0,64,Clouds,broken clouds,11,4395
1524,No Holiday,299.52,0.0,0.0,40,Clouds,scattered clouds,9,6057
1525,No Holiday,290.01,0.0,0.0,90,Rain,light rain,5,4454
1526,No Holiday,285.95,0.0,0.0,75,Clouds,broken clouds,11,3966
1527,No Holiday,266.03,0.0,0.0,90,Clouds,overcast clouds,3,3299
1528,No Holiday,283.94,0.0,0.0,90,Drizzle,light intensity drizzle,5,3108
1529,No Holiday,278.75,0.0,0.0,90,Drizzle,light intensity drizzle,4,5321
1530,No Holiday,291.28,0.0,0.0,90,Haze,haze,9,4596
1531,No Holiday,277.83,0.0,0.0,90,Clouds,overcast clouds,11,4710
1532,No Holiday,294.28,0.0,0.0,1,Clear,sky is clear,6,2347
1533,No Holiday,276.09,0.0,0.0,1,Rain,light rain,2,869
1534,No Holiday,281.63,0.0,0.0,90,Clouds,overcast clouds,10,2854
1535,No Holiday,284.65,0.0,0.0,90,Drizzle,light intensity drizzle,4,337
1536,No Holiday,265.02,0.0,0.0,90,Clouds,overcast clouds,1,6272
1537,No Holiday,255.38,0.0,0.0,40,Clouds,scattered clouds,1,5958
1538,No Holiday,290.62,0.0,0.0,100,Rain,light rain,8,772
1539,No Holiday,297.41,0.0,0.0,0,Clear,Sky is Clear,7,2028
1540,No Holiday,288.21,0.0,0.0,90,Clouds,overcast clouds,5,5604
1541,No Holiday,288.67,0.0,0.0,1,Fog,fog,8,1050
1542,No Holiday,249.71,0.0,0.0,90,Clouds,overcast clouds,2,2639
1543,No Holiday,260.54,0.0,0.0,64,Clouds,broken clouds,12,300
1544,No Holiday,277.2,0.0,0.0,90,Clouds,overcast clouds,11,2446
1545,No Holiday,297.48,0.0,0.0,1,Thunderstorm,proximity thunderstorm,9,596
1546,No Holiday,286.72,0.0,0.0,75,Mist,mist,5,5875
1547,No Holiday,257.92,0.0,0.0,1,Clear,sky is clear,2,309
1548,No Holiday,273.86,0.0,0.0,90,Fog,fog,10,5092
1549,No Holiday,276.249,0.0,0.0,20,Clouds,few clouds,2,4272
1550,No Holiday,289.04,0.0,0.0,1,Clear,sky is clear,9,2347
1551,No Holiday,289.16,0.0,0.0,90,Mist,mist,10,2651
1552,No Holiday,293.29,0.0,0.0,40,Clouds,scattered clouds,8,2441
1553,No Holiday,282.79,0.0,0.0,90,Rain,light rain,5,5910
1554,No Holiday,287.69,0.98,0.0,90,Rain,moderate rain,5,3024
1555,No Holiday,288.68,0.0,0.0,1,Clear,sky is clear,6,977
1556,No Holiday,250.72,0.0,0.0,5,Clear,sky is clear,1,4279
1557,No Holiday,256.92,0.0,0.0,90,Clouds,overcast clouds,1,3551
1558,No Holiday,261.39,0.0,0.0,90,Clouds,overcast clouds,2,3135
1559,No Holiday,273.02,0.0,0.0,40,Clouds,scattered clouds,12,4963
1560,No Holiday,269.04,0.0,0.0,75,Clouds,broken clouds,3,2590
1561,No Holiday,274.01,0.0,0.0,90,Snow,heavy snow,2,3330
1562,No Holiday,262.42,0.0,0.0,90,Mist,mist,2,2665
1563,No Holiday,294.72,0.0,0.0,1,Drizzle,light intensity drizzle,8,4532
1564,Martin Luther King Jr Day,262.54,0.0,0.0,90,Haze,haze,1,600
1565,No Holiday,293.23,0.0,0.0,92,Rain,moderate rain,5,3459
1566,No Holiday,258.55,0.0,0.0,64,Snow,light snow,12,4410
1567,No Holiday,276.87,0.25,0.0,64,Rain,light rain,10,4269
1568,No Holiday,280.41,0.0,0.0,75,Thunderstorm,proximity thunderstorm,4,753
1569,No Holiday,270.86,0.0,0.0,90,Clouds,overcast clouds,1,4706
1570,No Holiday,285.62,0.0,0.0,90,Clouds,overcast clouds,5,306
1571,No Holiday,292.99,0.0,0.0,40,Thunderstorm,thunderstorm,5,2000
1572,No Holiday,276.15,0.0,0.0,1,Clear,sky is clear,11,4595
1573,No Holiday,294.73,0.0,0.0,90,Thunderstorm,proximity thunderstorm,6,4137
1574,No Holiday,297.3,0.0,0.0,1,Clear,sky is clear,6,385
1575,No Holiday,290.01,0.0,0.0,75,Clouds,broken clouds,6,4307
1576,No Holiday,291.72,0.0,0.0,90,Thunderstorm,thunderstorm with rain,8,4627
1577,No Holiday,282.65,0.0,0.0,1,Clear,sky is clear,11,969
1578,No Holiday,285.95,0.0,0.0,90,Clouds,overcast clouds,4,4974
1579,No Holiday,290.823,0.0,0.0,24,Rain,light rain,10,836
1580,No Holiday,263.58,0.0,0.0,1,Clear,sky is clear,1,4131
1581,No Holiday,280.53,0.0,0.0,90,Clouds,overcast clouds,11,5411
1582,No Holiday,295.68,0.0,0.0,68,Rain,moderate rain,7,796
1583,No Holiday,281.62,0.0,0.0,90,Drizzle,drizzle,3,3355
1584,No Holiday,288.12,0.0,0.0,87,Clear,sky is clear,11,2863
1585,No Holiday,297.62,0.0,0.0,12,Clouds,few clouds,6,2449
1586,No Holiday,292.03,0.0,0.0,20,Clouds,few clouds,4,5955
1587,No Holiday,280.091,0.0,0.0,0,Clear,Sky is Clear,10,5668
1588,No Holiday,291.46,0.0,0.0,90,Rain,light rain,8,4224
1589,No Holiday,265.41,0.0,0.0,90,Snow,light snow,12,3061
1590,No Holiday,300.57,0.0,0.0,0,Clear,Sky is Clear,6,5276
1591,No Holiday,286.48,0.0,0.0,1,Mist,mist,7,5605
1592,No Holiday,268.08,0.0,0.0,5,Clear,sky is clear,1,4379
1593,No Holiday,271.15,0.0,0.0,75,Clouds,broken clouds,1,6818
1594,No Holiday,275.79,0.0,0.0,90,Mist,mist,1,4926
1595,No Holiday,272.22,0.0,0.0,1,Clear,sky is clear,2,5630
1596,No Holiday,285.08,0.0,0.0,1,Clear,sky is clear,10,360
1597,No Holiday,260.69,0.0,0.0,1,Clear,sky is clear,11,5084
1598,No Holiday,275.13,0.0,0.0,1,Clear,sky is clear,4,4084
1599,No Holiday,295.93,0.0,0.0,1,Clear,sky is clear,7,4322
1600,No Holiday,294.82,0.0,0.0,5,Clear,sky is clear,7,3072
1601,No Holiday,282.16,0.0,0.0,1,Clear,sky is clear,9,2172
1602,No Holiday,292.15,10.16,0.0,90,Thunderstorm,thunderstorm with heavy rain,9,278
1603,No Holiday,285.92,0.0,0.0,1,Mist,mist,9,1961
1604,No Holiday,273.71,0.0,0.0,90,Mist,mist,2,2890
1605,No Holiday,275.84,0.0,0.0,90,Clouds,overcast clouds,4,262
1606,No Holiday,287.21,0.0,0.0,1,Clear,sky is clear,5,4510
1607,No Holiday,299.36,0.0,0.0,1,Clear,sky is clear,6,4924
1608,No Holiday,292.08,0.0,0.0,5,Clear,sky is clear,8,3942
1609,No Holiday,276.78,0.0,0.0,1,Mist,mist,11,2475
1610,No Holiday,280.95,0.0,0.0,90,Clouds,overcast clouds,11,2815
1611,No Holiday,282.95,0.0,0.0,90,Rain,light rain,5,4915
1612,No Holiday,282.35,0.0,0.0,1,Clear,sky is clear,4,5252
1613,No Holiday,286.43,0.0,0.0,90,Rain,light rain,8,5447
1614,No Holiday,271.93,0.0,0.0,1,Clear,sky is clear,3,413
1615,No Holiday,289.84,0.0,0.0,1,Clear,sky is clear,5,4665
1616,No Holiday,267.83,0.0,0.0,90,Clouds,overcast clouds,3,879
1617,No Holiday,281.28,0.0,0.0,90,Mist,mist,4,5453
1618,No Holiday,276.23,0.42,0.0,90,Drizzle,drizzle,4,6154
1619,No Holiday,275.29,0.0,0.0,90,Mist,mist,1,2986
1620,No Holiday,290.48,0.0,0.0,1,Clear,sky is clear,10,4688
1621,No Holiday,272.47,0.0,0.0,90,Snow,heavy snow,4,390
1622,No Holiday,274.88,0.0,0.0,90,Fog,fog,1,3699
1623,No Holiday,303.42,0.0,0.0,40,Clouds,scattered clouds,8,5309
1624,No Holiday,286.75,0.0,0.0,90,Fog,fog,8,3564
1625,No Holiday,287.46,0.0,0.0,1,Clear,sky is clear,10,6361
1626,No Holiday,268.88,0.0,0.0,90,Clouds,overcast clouds,12,1152
1627,No Holiday,274.09,0.0,0.0,40,Clouds,scattered clouds,2,4671
1628,No Holiday,294.63,0.25,0.0,90,Haze,haze,7,5067
1629,No Holiday,293.48,0.0,0.0,75,Clouds,broken clouds,8,3383
1630,No Holiday,264.16,0.0,0.0,75,Snow,heavy snow,1,933
1631,No Holiday,290.46,0.0,0.0,40,Rain,moderate rain,5,3274
1632,No Holiday,287.4,0.0,0.0,20,Clouds,few clouds,11,4587
1633,No Holiday,269.62,0.0,0.0,90,Snow,light snow,2,4130
1634,No Holiday,298.43,0.0,0.0,40,Rain,light rain,7,2118
1635,No Holiday,292.5,0.0,0.0,75,Mist,mist,7,5135
1636,No Holiday,291.91,0.0,0.0,48,Clouds,scattered clouds,9,4666
1637,No Holiday,290.22,0.0,0.0,1,Clear,sky is clear,4,3787
1638,No Holiday,292.92,0.0,0.0,20,Rain,light rain,9,6381
1639,No Holiday,287.14,0.0,0.0,90,Rain,moderate rain,8,5884
1640,No Holiday,277.94,0.0,0.0,1,Mist,mist,11,678
1641,No Holiday,276.29,0.0,0.0,90,Drizzle,light intensity drizzle,11,5965
1642,No Holiday,260.83,0.0,0.0,40,Clouds,scattered clouds,12,2615
1643,No Holiday,295.35,0.0,0.0,0,Clear,Sky is Clear,8,5815
1644,No Holiday,286.39,0.0,0.0,90,Rain,light rain,10,5953
1645,No Holiday,275.02,0.0,0.0,90,Mist,mist,11,3908
1646,No Holiday,254.28,0.0,0.0,1,Clear,sky is clear,1,3258
1647,No Holiday,277.51,0.0,0.0,1,Clear,sky is clear,4,231
1648,No Holiday,254.55,0.0,0.0,1,Clear,sky is clear,1,4441
1649,No Holiday,257.72,0.0,0.0,1,Clear,sky is clear,2,4913
1650,No Holiday,297.08,0.0,0.0,90,Rain,light rain,8,4586
1651,No Holiday,270.42,0.0,0.0,1,Haze,haze,1,5422
1652,No Holiday,273.55,0.0,0.0,1,Mist,mist,1,5518
1653,No Holiday,272.78,0.0,0.0,1,Clear,sky is clear,12,2231
1654,No Holiday,266.22,0.0,0.0,1,Mist,mist,2,348
1655,No Holiday,279.48,0.0,0.0,90,Rain,light rain,4,4119
1656,No Holiday,274.88,0.0,0.0,90,Mist,mist,12,6450
1657,No Holiday,290.7,0.0,0.0,1,Haze,haze,7,735
1658,No Holiday,272.15,0.0,0.0,90,Snow,light snow,4,3893
1659,No Holiday,273.01,0.0,0.0,1,Clear,sky is clear,11,4470
1660,No Holiday,278.0,0.0,0.0,90,Clouds,overcast clouds,4,4815
1661,No Holiday,294.08,0.0,0.0,1,Clear,sky is clear,9,1
1662,No Holiday,275.15,0.0,0.0,90,Mist,mist,11,3958
1663,No Holiday,264.25,0.0,0.0,64,Haze,haze,1,5302
1664,No Holiday,280.56,0.0,0.0,90,Rain,light rain,11,4954
1665,No Holiday,261.79,0.0,0.0,90,Snow,light snow,2,4724
1666,No Holiday,277.08,0.0,0.0,90,Clouds,overcast clouds,3,5046
1667,No Holiday,298.29,0.0,0.0,1,Clear,sky is clear,5,6165
1668,No Holiday,287.29,0.0,0.0,1,Fog,fog,8,252
1669,No Holiday,279.07,0.0,0.0,20,Clouds,few clouds,3,4494
1670,No Holiday,296.14,8.02,0.0,40,Rain,heavy intensity rain,7,5101
1671,No Holiday,251.84,0.0,0.0,1,Clear,sky is clear,1,828
1672,No Holiday,271.6,0.0,0.0,64,Mist,mist,1,540
1673,No Holiday,295.69,0.0,0.0,20,Thunderstorm,proximity thunderstorm,6,1568
1674,No Holiday,283.44,0.0,0.0,90,Drizzle,drizzle,10,2856
1675,No Holiday,274.92,0.0,0.0,64,Clouds,broken clouds,11,5449
1676,No Holiday,249.15,0.0,0.0,1,Clear,sky is clear,12,2552
1677,No Holiday,265.88,0.0,0.0,90,Clouds,overcast clouds,12,4293
1678,No Holiday,294.48,0.0,0.0,90,Rain,light rain,5,4823
1679,No Holiday,278.26,0.0,0.0,90,Clouds,overcast clouds,3,5477
1680,No Holiday,274.31,0.0,0.0,1,Clear,sky is clear,5,420
1681,No Holiday,278.12,0.0,0.0,48,Fog,fog,10,2340
1682,No Holiday,287.45,0.0,0.0,92,Rain,light rain,9,781
1683,No Holiday,293.76,0.0,0.0,0,Rain,light rain,7,1595
1684,No Holiday,282.42,0.0,0.0,90,Clouds,overcast clouds,5,379
1685,No Holiday,271.48,0.0,0.0,90,Snow,light snow,4,6549
1686,No Holiday,276.36,0.0,0.0,1,Clear,sky is clear,3,4874
1687,No Holiday,271.4,0.0,0.0,90,Clouds,overcast clouds,11,4619
1688,No Holiday,274.02,0.0,0.0,90,Mist,mist,11,1818
1689,No Holiday,294.29,0.0,0.0,90,Rain,light rain,5,4744
1690,No Holiday,291.36,0.0,0.0,75,Clouds,broken clouds,5,4224
1691,No Holiday,279.008,0.0,0.0,0,Clear,Sky is Clear,10,2120
1692,No Holiday,287.48,0.0,0.0,20,Clouds,few clouds,4,4061
1693,No Holiday,277.82,0.0,0.0,90,Mist,mist,4,5858
1694,No Holiday,270.62,0.0,0.0,75,Clouds,broken clouds,2,3845
1695,No Holiday,295.75,0.0,0.0,1,Clear,sky is clear,8,651
1696,No Holiday,299.98,0.0,0.0,75,Clouds,broken clouds,8,5312
1697,No Holiday,266.76,0.0,0.0,90,Haze,haze,1,6494
1698,No Holiday,288.54,0.0,0.0,1,Clear,sky is clear,5,3568
1699,No Holiday,285.68,0.0,0.0,90,Drizzle,light intensity drizzle,10,5900
1700,No Holiday,281.05,0.0,0.0,90,Clouds,overcast clouds,5,3420
1701,No Holiday,290.14,5.74,0.0,92,Mist,mist,6,4634
1702,No Holiday,284.69,0.0,0.0,1,Clear,sky is clear,10,5078
1703,No Holiday,264.03,0.0,0.0,40,Clouds,scattered clouds,12,2314
1704,No Holiday,286.975,0.0,0.0,8,Clear,sky is clear,10,3377
1705,No Holiday,275.16,0.0,0.0,90,Clouds,overcast clouds,4,2683
1706,No Holiday,277.1,0.0,0.0,40,Clouds,scattered clouds,4,2672
1707,No Holiday,289.36,0.0,0.0,90,Clouds,overcast clouds,10,5446
1708,No Holiday,258.68,0.0,0.0,90,Clouds,overcast clouds,1,5686
1709,No Holiday,275.48,0.0,0.0,90,Clouds,overcast clouds,12,2029
1710,No Holiday,276.793,0.0,0.0,64,Clouds,broken clouds,12,1980
1711,No Holiday,297.47,0.0,0.0,40,Clouds,scattered clouds,5,6271
1712,No Holiday,291.01,0.0,0.0,1,Clear,sky is clear,7,1246
1713,No Holiday,272.15,0.0,0.0,90,Clouds,overcast clouds,11,3765
1714,No Holiday,269.84,0.0,0.0,40,Clouds,scattered clouds,1,5144
1715,No Holiday,261.48,0.0,0.0,20,Clouds,few clouds,2,5085
1716,No Holiday,282.33,0.0,0.0,57,Mist,mist,10,3370
1717,No Holiday,293.82,0.0,0.0,90,Thunderstorm,thunderstorm,5,300
1718,No Holiday,304.79,0.0,0.0,75,Clouds,broken clouds,5,3127
1719,No Holiday,283.74,0.0,0.0,1,Clear,sky is clear,9,5545
1720,No Holiday,294.58,0.0,0.0,40,Clouds,scattered clouds,7,595
1721,No Holiday,263.72,0.0,0.0,90,Haze,haze,2,3531
1722,No Holiday,273.65,0.0,0.0,1,Clear,sky is clear,4,1606
1723,No Holiday,281.58,0.0,0.0,20,Fog,fog,10,5757
1724,No Holiday,274.15,0.0,0.0,90,Snow,light snow,12,2431
1725,No Holiday,293.86,0.0,0.0,1,Rain,moderate rain,7,4099
1726,No Holiday,284.48,0.0,0.0,90,Clouds,overcast clouds,4,3263
1727,No Holiday,289.88,0.0,0.0,68,Rain,light rain,6,1973
1728,No Holiday,277.51,0.0,0.0,90,Rain,light rain,11,5788
1729,No Holiday,249.91,0.0,0.0,100,Clouds,overcast clouds,2,6681
1730,No Holiday,270.79,0.0,0.0,1,Clear,sky is clear,12,5910
1731,No Holiday,275.25,0.0,0.0,40,Clouds,scattered clouds,11,6116
1732,No Holiday,284.95,0.0,0.0,90,Mist,mist,12,4731
1733,No Holiday,290.14,0.0,0.0,1,Clear,sky is clear,10,1371
1734,No Holiday,270.15,0.0,0.0,90,Clouds,overcast clouds,11,5996
1735,No Holiday,272.02,0.3,0.0,90,Rain,light rain,3,799
1736,No Holiday,264.36,0.0,0.0,64,Clouds,broken clouds,12,5768
1737,No Holiday,279.81,0.0,0.0,1,Clear,sky is clear,11,2101
1738,No Holiday,291.35,0.0,0.0,90,Mist,mist,6,5679
1739,No Holiday,275.15,0.0,0.0,90,Mist,mist,1,3854
1740,No Holiday,268.48,0.0,0.0,90,Snow,light snow,12,4370
1741,No Holiday,294.68,0.0,0.0,40,Clouds,scattered clouds,5,4879
1742,No Holiday,297.73,0.0,0.0,1,Clear,sky is clear,7,4570
1743,No Holiday,282.58,0.0,0.0,1,Clear,sky is clear,5,701
1744,No Holiday,283.35,0.0,0.0,24,Clouds,few clouds,4,948
1745,No Holiday,273.35,0.0,0.0,90,Snow,heavy snow,4,3303
1746,No Holiday,273.96,0.0,0.0,90,Snow,heavy snow,5,4418
1747,No Holiday,248.51,0.0,0.0,1,Haze,haze,1,284
1748,No Holiday,279.1,0.0,0.0,90,Drizzle,light intensity drizzle,4,545
1749,No Holiday,290.86,0.0,0.0,1,Mist,mist,8,736
1750,No Holiday,275.79,0.0,0.0,90,Mist,mist,1,4556
1751,No Holiday,294.65,0.0,0.0,5,Clear,sky is clear,6,2212
1752,No Holiday,273.3,0.0,0.0,90,Clouds,overcast clouds,4,822
1753,No Holiday,285.38,0.25,0.0,88,Rain,light rain,6,5791
1754,No Holiday,288.59,0.0,0.0,1,Clear,sky is clear,10,4639
1755,No Holiday,284.68,0.0,0.0,20,Mist,mist,8,1940
1756,No Holiday,302.02,0.0,0.0,1,Clear,sky is clear,9,6717
1757,No Holiday,266.65,0.0,0.0,90,Snow,light snow,12,4575
1758,No Holiday,274.62,0.0,0.0,90,Clouds,overcast clouds,2,5303
1759,No Holiday,250.79,0.0,0.0,1,Clear,sky is clear,12,1761
1760,No Holiday,268.54,0.0,0.0,90,Clouds,overcast clouds,2,4623
1761,No Holiday,281.6,0.64,0.0,40,Rain,light rain,4,5743
1762,No Holiday,264.95,0.0,0.0,90,Snow,light snow,12,2753
1763,No Holiday,279.5,0.0,0.0,90,Clouds,overcast clouds,4,5192
1764,No Holiday,281.22,0.0,0.0,90,Clouds,overcast clouds,3,5418
1765,No Holiday,272.13,0.0,0.0,90,Clouds,overcast clouds,2,5066
1766,No Holiday,302.23,0.0,0.0,1,Clear,sky is clear,7,3566
1767,No Holiday,292.79,0.0,0.0,1,Mist,mist,8,2126
1768,No Holiday,274.88,0.0,0.0,40,Clouds,scattered clouds,1,4473
1769,No Holiday,288.0,0.98,0.0,90,Mist,mist,9,5766
1770,No Holiday,283.41,0.0,0.0,90,Haze,haze,4,5400
1771,No Holiday,272.61,0.0,0.0,90,Snow,heavy snow,2,1407
1772,No Holiday,263.9,0.0,0.0,20,Clouds,few clouds,3,4821
1773,No Holiday,281.76,0.0,0.0,1,Clear,sky is clear,10,860
1774,No Holiday,270.44,0.0,0.0,20,Clouds,few clouds,11,6594
1775,No Holiday,272.4,0.0,0.0,90,Mist,mist,3,3572
1776,No Holiday,271.72,0.0,0.0,1,Clear,sky is clear,11,6600
1777,No Holiday,301.42,0.0,0.0,40,Clouds,scattered clouds,7,3060
1778,No Holiday,286.93,0.0,0.0,90,Clouds,overcast clouds,10,267
1779,No Holiday,269.43,0.0,0.0,90,Mist,mist,4,2809
1780,No Holiday,258.01,0.0,0.0,90,Haze,haze,1,4207
1781,No Holiday,274.17,0.0,0.0,8,Clear,sky is clear,2,1587
1782,No Holiday,271.9,0.0,0.0,1,Clear,sky is clear,3,1789
1783,No Holiday,293.01,0.0,0.0,90,Mist,mist,8,5104
1784,No Holiday,294.95,0.0,0.0,1,Clear,sky is clear,9,862
1785,No Holiday,275.09,0.0,0.0,90,Mist,mist,1,2336
1786,No Holiday,280.55,0.0,0.0,90,Mist,mist,12,3696
1787,No Holiday,285.54,0.0,0.0,20,Clouds,few clouds,9,4888
1788,No Holiday,267.11,0.0,0.0,90,Clouds,overcast clouds,3,3803
1789,No Holiday,271.87,0.0,0.0,90,Mist,mist,4,1489
1790,No Holiday,267.22,0.0,0.0,40,Clouds,scattered clouds,1,5160
1791,No Holiday,260.58,0.0,0.0,90,Clouds,overcast clouds,12,273
1792,No Holiday,272.41,0.0,0.0,90,Snow,snow,12,3882
1793,No Holiday,263.93,0.0,0.0,90,Clouds,overcast clouds,1,1313
1794,No Holiday,284.66,0.0,0.0,20,Mist,mist,9,2224
1795,No Holiday,297.28,0.0,0.0,1,Clear,sky is clear,9,1263
1796,No Holiday,290.97,1.78,0.0,90,Mist,mist,8,1089
1797,No Holiday,276.69,0.0,0.0,40,Clouds,scattered clouds,4,5407
1798,No Holiday,287.95,0.0,0.0,1,Clear,sky is clear,9,2912
1799,No Holiday,271.28,0.0,0.0,90,Snow,light snow,1,461
1800,No Holiday,275.31,0.0,0.0,90,Rain,light rain,4,1306
1801,No Holiday,296.52,0.0,0.0,1,Clear,sky is clear,7,2756
1802,No Holiday,267.15,0.0,0.0,90,Mist,mist,1,2338
1803,No Holiday,276.61,0.0,0.0,90,Clouds,overcast clouds,4,5958
1804,No Holiday,250.15,0.0,0.0,1,Clear,sky is clear,2,4793
1805,No Holiday,293.11,0.0,0.0,1,Clear,sky is clear,7,345
1806,No Holiday,295.79,0.0,0.0,40,Clouds,scattered clouds,5,6630
1807,No Holiday,280.65,0.0,0.0,1,Clear,sky is clear,4,2283
1808,No Holiday,291.54,0.0,0.0,1,Clear,sky is clear,8,4988
1809,No Holiday,267.61,0.0,0.0,90,Clouds,overcast clouds,1,312
1810,No Holiday,270.84,0.0,0.0,90,Clouds,overcast clouds,4,6794
1811,No Holiday,291.422,0.0,0.0,20,Clouds,few clouds,10,3977
1812,No Holiday,258.91,0.0,0.0,1,Clear,sky is clear,11,709
1813,No Holiday,288.14,0.0,0.0,75,Clouds,broken clouds,9,1469
1814,No Holiday,272.86,0.0,0.0,90,Snow,snow,3,386
1815,No Holiday,268.25,0.0,0.0,90,Mist,mist,12,5796
1816,No Holiday,264.57,0.0,0.0,1,Clear,sky is clear,1,4289
1817,No Holiday,259.34,0.0,0.0,75,Snow,light snow,2,300
1818,No Holiday,295.15,0.0,0.0,1,Clear,sky is clear,8,2641
1819,No Holiday,295.02,0.0,0.0,48,Clouds,scattered clouds,6,5969
1820,No Holiday,287.33,0.0,0.0,40,Clouds,scattered clouds,4,6559
1821,No Holiday,281.0,0.0,0.0,1,Clear,sky is clear,10,4880
1822,No Holiday,281.15,0.0,0.0,1,Clear,sky is clear,11,5338
1823,No Holiday,269.86,0.0,0.0,90,Mist,mist,12,279
1824,No Holiday,268.34,0.0,0.0,75,Haze,haze,12,4325
1825,No Holiday,272.71,0.0,0.0,90,Drizzle,heavy intensity drizzle,1,3563
1826,No Holiday,290.39,0.0,0.0,90,Thunderstorm,thunderstorm with light rain,5,1016
1827,No Holiday,273.79,0.0,0.0,90,Mist,mist,12,3971
1828,No Holiday,302.75,0.0,0.0,1,Clear,sky is clear,6,3987
1829,No Holiday,286.35,0.0,0.0,75,Thunderstorm,proximity thunderstorm,5,2472
1830,No Holiday,288.02,0.0,0.0,1,Mist,mist,8,541
1831,No Holiday,279.83,0.0,0.0,56,Clouds,broken clouds,10,4397
1832,No Holiday,287.35,0.0,0.0,88,Clouds,overcast clouds,6,2699
1833,No Holiday,281.379,0.0,0.0,64,Rain,light rain,10,2134
1834,No Holiday,284.15,0.0,0.0,75,Clouds,broken clouds,11,3947
1835,No Holiday,295.07,0.51,0.0,90,Thunderstorm,proximity thunderstorm,7,5863
1836,No Holiday,271.14,0.0,0.0,5,Clear,sky is clear,1,4529
1837,No Holiday,274.35,0.0,0.0,40,Clouds,scattered clouds,1,5732
1838,No Holiday,274.45,0.0,0.0,75,Fog,fog,11,2766
1839,No Holiday,290.836,0.0,0.0,12,Clouds,few clouds,9,553
1840,No Holiday,272.88,0.0,0.0,90,Mist,mist,4,4668
1841,No Holiday,294.81,0.0,0.0,92,Clouds,overcast clouds,8,4670
1842,No Holiday,269.75,0.0,0.0,90,Snow,light snow,4,315
1843,No Holiday,291.42,0.0,0.0,75,Clouds,broken clouds,6,1002
1844,No Holiday,295.12,0.0,0.0,1,Clear,sky is clear,7,316
1845,No Holiday,280.025,0.0,0.0,48,Clouds,scattered clouds,10,4881
1846,No Holiday,273.22,0.0,0.0,5,Clear,sky is clear,11,2989
1847,No Holiday,290.68,0.38,0.0,90,Drizzle,light intensity drizzle,8,3406
1848,No Holiday,299.29,0.0,0.0,40,Clouds,scattered clouds,7,5426
1849,No Holiday,268.66,0.0,0.0,40,Mist,mist,12,3598
1850,No Holiday,271.84,0.0,0.0,90,Clouds,overcast clouds,2,3825
1851,No Holiday,277.34,0.0,0.0,90,Mist,mist,3,650
1852,No Holiday,284.87,0.0,0.0,12,Clouds,few clouds,7,411
1853,No Holiday,273.67,0.0,0.0,90,Clouds,overcast clouds,1,6394
1854,No Holiday,258.84,0.0,0.0,64,Snow,light snow,12,555
1855,No Holiday,263.49,0.0,0.0,1,Clear,sky is clear,1,1413
1856,No Holiday,271.0,0.0,0.0,1,Haze,haze,4,4149
1857,No Holiday,266.15,0.0,0.0,1,Mist,mist,12,2069
1858,No Holiday,266.92,0.0,0.0,90,Clouds,overcast clouds,11,3068
1859,No Holiday,262.95,0.0,0.0,40,Snow,light snow,2,5441
1860,No Holiday,258.08,0.0,0.0,40,Snow,light snow,12,4559
1861,No Holiday,273.11,0.0,0.0,90,Snow,heavy snow,3,4108
1862,No Holiday,296.29,0.0,0.0,90,Clouds,overcast clouds,8,4399
1863,No Holiday,301.35,0.0,0.0,75,Clouds,broken clouds,5,6860
1864,No Holiday,290.76,0.0,0.0,0,Clear,Sky is Clear,6,2974
1865,No Holiday,298.34,0.0,0.0,1,Clear,sky is clear,9,4455
1866,No Holiday,290.01,0.0,0.0,1,Clear,sky is clear,7,797
1867,No Holiday,276.34,0.0,0.0,75,Clouds,broken clouds,10,1941
1868,No Holiday,297.71,31.75,0.0,0,Rain,very heavy rain,8,4913
1869,No Holiday,283.64,0.0,0.0,75,Clouds,broken clouds,11,217
1870,No Holiday,275.39,0.0,0.0,90,Mist,mist,4,4377
1871,No Holiday,302.26,0.0,0.0,20,Clouds,few clouds,6,3465
1872,No Holiday,289.914,0.0,0.0,56,Clouds,broken clouds,10,491
1873,No Holiday,285.47,0.0,0.0,0,Clear,Sky is Clear,9,1064
1874,No Holiday,288.15,0.0,0.0,90,Mist,mist,9,977
1875,No Holiday,294.91,0.0,0.0,1,Clear,sky is clear,8,381
1876,No Holiday,258.89,0.0,0.0,64,Clouds,broken clouds,12,658
1877,No Holiday,290.86,0.0,0.0,1,Clear,sky is clear,8,459
1878,No Holiday,294.83,0.0,0.0,90,Rain,light rain,7,5157
1879,No Holiday,291.41,0.0,0.0,40,Clouds,scattered clouds,7,5370
1880,No Holiday,271.29,0.0,0.0,1,Clear,sky is clear,4,276
1881,No Holiday,261.65,0.0,0.0,90,Snow,light snow,12,5061
1882,No Holiday,291.16,0.0,0.0,75,Rain,light rain,7,2695
1883,No Holiday,270.47,0.0,0.0,75,Snow,light snow,12,2554
1884,No Holiday,277.15,0.0,0.0,90,Rain,light rain,4,5330
1885,No Holiday,302.274,0.0,0.0,20,Clouds,few clouds,7,603
1886,No Holiday,284.16,0.0,0.0,90,Rain,moderate rain,9,5039
1887,No Holiday,297.68,0.0,0.0,40,Clouds,scattered clouds,7,4463
1888,No Holiday,286.93,0.0,0.0,20,Clouds,few clouds,4,4781
1889,No Holiday,272.52,0.0,0.0,90,Snow,snow,12,3599
1890,No Holiday,272.91,0.0,0.0,90,Snow,heavy snow,2,4723
1891,No Holiday,252.29,0.0,0.0,1,Clear,sky is clear,2,973
1892,No Holiday,281.21,0.0,0.0,76,Clouds,broken clouds,5,3589
1893,No Holiday,287.08,0.0,0.0,0,Clear,Sky is Clear,6,379
1894,No Holiday,274.88,0.0,0.0,90,Drizzle,light intensity drizzle,10,1617
1895,No Holiday,295.29,0.0,0.0,90,Thunderstorm,proximity thunderstorm,7,2937
1896,No Holiday,274.94,0.0,0.0,90,Drizzle,light intensity drizzle,1,568
1897,No Holiday,260.37,0.0,0.0,64,Mist,mist,12,1657
1898,No Holiday,288.88,0.0,0.0,40,Clouds,scattered clouds,5,5985
1899,No Holiday,292.52,0.0,0.0,75,Clouds,broken clouds,9,3990
1900,No Holiday,276.02,0.0,0.0,92,Drizzle,drizzle,3,6222
1901,No Holiday,294.35,1.03,0.0,75,Thunderstorm,thunderstorm with light rain,8,2296
1902,No Holiday,276.61,0.0,0.0,90,Clouds,overcast clouds,10,4311
1903,No Holiday,288.15,0.0,0.0,5,Clear,sky is clear,10,6231
1904,No Holiday,274.53,0.0,0.0,1,Clear,sky is clear,5,6969
1905,No Holiday,257.88,0.0,0.0,90,Mist,mist,1,847
1906,No Holiday,296.36,0.0,0.0,75,Clouds,broken clouds,8,5563
1907,No Holiday,277.57,0.0,0.0,90,Rain,light rain,4,365
1908,No Holiday,282.62,0.0,0.0,90,Mist,mist,5,1190
1909,No Holiday,259.81,0.0,0.0,75,Clouds,broken clouds,12,3848
1910,No Holiday,285.86,0.0,0.0,1,Clear,sky is clear,10,3893
1911,No Holiday,286.75,0.0,0.0,20,Clouds,few clouds,9,1871
1912,No Holiday,290.38,0.0,0.0,92,Rain,light rain,9,592
1913,No Holiday,288.23,0.0,0.0,90,Drizzle,drizzle,8,4458
1914,No Holiday,292.22,0.0,0.0,1,Clear,sky is clear,7,1091
1915,No Holiday,273.29,0.0,0.0,1,Clear,sky is clear,11,354
1916,No Holiday,300.93,0.0,0.0,8,Clear,sky is clear,8,4084
1917,No Holiday,278.78,0.0,0.0,75,Clouds,broken clouds,10,3246
1918,No Holiday,285.36,0.0,0.0,75,Clouds,broken clouds,11,4477
1919,No Holiday,293.4,0.0,0.0,1,Clear,sky is clear,6,2759
1920,No Holiday,291.58,0.0,0.0,0,Clear,Sky is Clear,6,5031
1921,No Holiday,283.31,0.0,0.0,90,Mist,mist,5,1412
1922,No Holiday,268.039,0.0,0.0,8,Clear,sky is clear,2,468
1923,No Holiday,280.499,0.0,0.0,0,Clear,Sky is Clear,10,1219
1924,No Holiday,261.72,0.0,0.0,81,Clouds,broken clouds,2,3200
1925,No Holiday,294.31,0.25,0.0,90,Rain,light rain,9,321
1926,No Holiday,278.42,0.0,0.0,90,Mist,mist,4,4667
1927,No Holiday,291.85,0.0,0.0,1,Clear,sky is clear,7,1330
1928,No Holiday,283.59,0.0,0.0,90,Haze,haze,2,4524
1929,No Holiday,290.01,0.0,0.0,1,Mist,mist,8,523
1930,No Holiday,277.5,0.0,0.0,1,Clear,sky is clear,11,741
1931,No Holiday,261.22,0.0,0.0,5,Clear,sky is clear,4,1718
1932,No Holiday,277.58,0.0,0.0,90,Snow,heavy snow,10,4771
1933,No Holiday,294.03,0.0,0.0,12,Clouds,few clouds,8,3094
1934,No Holiday,282.889,0.0,0.0,12,Clouds,few clouds,10,6013
1935,No Holiday,275.89,0.0,0.0,5,Clear,sky is clear,4,2337
1936,No Holiday,292.87,0.0,0.0,90,Clouds,overcast clouds,5,2157
1937,No Holiday,269.22,0.0,0.0,1,Clear,sky is clear,3,1743
1938,No Holiday,256.92,0.0,0.0,64,Clouds,broken clouds,1,5686
1939,No Holiday,284.22,0.0,0.0,90,Clouds,overcast clouds,11,4380
1940,No Holiday,276.15,0.0,0.0,1,Clear,sky is clear,12,3805
1941,No Holiday,301.66,0.0,0.0,0,Clear,Sky is Clear,7,6315
1942,No Holiday,280.29,0.0,0.0,40,Clouds,scattered clouds,10,5769
1943,No Holiday,273.65,0.0,0.0,20,Haze,haze,2,6543
1944,No Holiday,274.12,0.0,0.0,1,Clear,sky is clear,3,4604
1945,No Holiday,303.04,0.0,0.0,1,Clear,sky is clear,7,5007
1946,No Holiday,275.52,0.0,0.0,90,Drizzle,drizzle,11,4133
1947,No Holiday,279.22,0.0,0.0,20,Clouds,few clouds,10,4028
1948,No Holiday,276.06,0.0,0.0,90,Mist,mist,12,5678
1949,No Holiday,278.83,0.0,0.0,1,Clear,sky is clear,10,775
1950,No Holiday,295.04,0.0,0.0,1,Clear,sky is clear,6,5053
1951,No Holiday,289.62,0.0,0.0,75,Thunderstorm,thunderstorm with heavy rain,6,4560
1952,No Holiday,283.35,0.0,0.0,75,Clouds,broken clouds,4,4959
1953,No Holiday,289.37,0.0,0.0,1,Clear,sky is clear,5,2833
1954,No Holiday,284.81,0.0,0.0,5,Clear,sky is clear,9,2629
1955,No Holiday,276.793,0.0,0.0,64,Clouds,broken clouds,1,376
1956,No Holiday,287.35,0.0,0.0,1,Clear,sky is clear,9,335
1957,No Holiday,294.93,0.0,0.0,40,Clouds,scattered clouds,5,3555
1958,No Holiday,288.32,0.0,0.0,1,Clear,sky is clear,8,2602
1959,No Holiday,301.45,0.0,0.0,1,Thunderstorm,proximity thunderstorm,8,3919
1960,No Holiday,273.68,0.0,0.0,90,Mist,mist,1,571
1961,No Holiday,296.71,0.0,0.0,8,Clear,sky is clear,7,3871
1962,No Holiday,285.36,0.0,0.0,90,Clouds,overcast clouds,11,6432
1963,No Holiday,248.02,0.0,0.0,1,Clear,sky is clear,1,1182
1964,No Holiday,287.246,0.0,0.0,80,Rain,light rain,10,5909
1965,No Holiday,294.35,0.0,0.0,1,Clear,sky is clear,6,634
1966,No Holiday,273.13,0.0,0.0,90,Snow,heavy snow,11,3420
1967,No Holiday,248.15,0.0,0.0,40,Clouds,scattered clouds,1,6222
1968,No Holiday,264.65,0.0,0.0,1,Clear,sky is clear,3,6103
1969,No Holiday,286.75,0.0,0.0,75,Drizzle,light intensity drizzle,9,919
1970,No Holiday,272.36,0.0,0.0,75,Mist,mist,3,1039
1971,No Holiday,290.58,0.0,0.0,1,Clear,sky is clear,8,817
1972,No Holiday,300.28,0.0,0.0,75,Clouds,broken clouds,8,5888
1973,No Holiday,275.37,0.0,0.0,1,Clear,sky is clear,4,1738
1974,No Holiday,290.9,0.0,0.0,1,Clear,sky is clear,10,337
1975,No Holiday,276.41,0.0,0.0,90,Clouds,overcast clouds,11,286
1976,No Holiday,286.38,0.36,0.0,92,Rain,light rain,6,5181
1977,No Holiday,274.28,0.0,0.0,90,Clouds,overcast clouds,4,2065
1978,No Holiday,272.15,0.0,0.0,1,Clear,sky is clear,12,289
1979,No Holiday,291.61,0.0,0.0,90,Thunderstorm,proximity thunderstorm,9,360
1980,No Holiday,290.5,0.0,0.0,90,Clouds,overcast clouds,9,5813
1981,No Holiday,295.29,0.0,0.0,1,Thunderstorm,thunderstorm,6,848
1982,No Holiday,286.37,0.0,0.0,90,Rain,light rain,5,1700
1983,No Holiday,264.75,0.0,0.0,90,Snow,heavy snow,1,696
1984,No Holiday,274.48,0.0,0.0,90,Mist,mist,1,529
1985,No Holiday,286.31,0.0,0.0,1,Clear,sky is clear,9,360
1986,No Holiday,291.03,1.02,0.0,90,Mist,mist,8,2672
1987,No Holiday,290.89,0.64,0.0,24,Rain,light rain,6,398
1988,No Holiday,293.48,0.0,0.0,1,Rain,moderate rain,6,847
1989,No Holiday,291.89,0.0,0.0,1,Clear,sky is clear,6,355
1990,No Holiday,270.72,0.0,0.0,90,Clouds,overcast clouds,1,555
1991,No Holiday,297.21,0.0,0.0,75,Clouds,broken clouds,6,4748
1992,No Holiday,265.29,0.0,0.0,1,Clear,sky is clear,1,2516
1993,No Holiday,301.06,0.0,0.0,75,Rain,light rain,7,4359
1994,No Holiday,282.5,0.0,0.0,90,Fog,fog,3,942
1995,No Holiday,274.65,0.0,0.0,90,Clouds,overcast clouds,4,2801
1996,No Holiday,292.92,0.25,0.0,12,Rain,light rain,6,2452
1997,No Holiday,292.61,0.53,0.0,90,Rain,moderate rain,7,4746
1998,No Holiday,303.22,0.0,0.0,75,Clouds,broken clouds,7,4438
1999,No Holiday,286.95,0.0,0.0,1,Clear,sky is clear,5,5780
2000,No Holiday,264.8,0.0,0.0,75,Clouds,broken clouds,1,1077
2001,No Holiday,290.45,0.0,0.0,75,Clouds,broken clouds,7,3206
2002,No Holiday,297.13,0.0,0.0,1,Haze,haze,9,3602
2003,No Holiday,281.42,0.0,0.0,1,Clear,sky is clear,11,2433
2004,No Holiday,287.78,0.0,0.0,90,Clouds,overcast clouds,5,409
2005,No Holiday,254.65,0.0,0.0,90,Clouds,overcast clouds,1,4463
2006,No Holiday,284.03,0.0,0.0,1,Clear,sky is clear,4,2163
2007,No Holiday,279.616,0.0,0.0,0,Clear,Sky is Clear,10,3462
2008,No Holiday,265.68,0.0,0.0,90,Snow,light snow,3,1738
2009,No Holiday,272.95,0.0,0.0,1,Mist,mist,10,832
2010,No Holiday,278.08,0.0,0.0,90,Rain,heavy intensity rain,3,359
2011,No Holiday,287.81,0.25,0.0,90,Mist,mist,5,306
2012,No Holiday,275.85,0.0,0.0,90,Snow,heavy snow,5,5556
2013,No Holiday,254.77,0.0,0.0,90,Clouds,overcast clouds,3,4731
2014,No Holiday,284.78,0.0,0.0,90,Clouds,overcast clouds,5,3163
2015,No Holiday,266.51,0.0,0.0,1,Mist,mist,3,295
2016,No Holiday,279.52,0.0,0.0,0,Clear,Sky is Clear,10,730
2017,No Holiday,303.88,0.0,0.0,75,Clouds,broken clouds,5,5036
2018,No Holiday,274.89,0.0,0.0,1,Clear,sky is clear,4,2625
2019,No Holiday,290.688,0.0,0.0,68,Clouds,broken clouds,6,798
2020,No Holiday,275.33,0.0,0.0,90,Rain,light rain,4,1577
2021,No Holiday,272.01,0.0,0.0,90,Snow,light snow,4,4149
2022,No Holiday,296.09,0.0,0.0,75,Thunderstorm,thunderstorm with rain,7,1722
2023,No Holiday,288.15,0.0,0.0,75,Clouds,broken clouds,6,664
2024,No Holiday,297.71,0.0,0.0,40,Clouds,scattered clouds,5,4037
2025,No Holiday,296.82,0.0,0.0,20,Clouds,few clouds,7,2803
2026,No Holiday,295.27,0.0,0.0,0,Clear,Sky is Clear,8,2407
2027,No Holiday,273.91,0.0,0.0,40,Clouds,scattered clouds,12,2069
2028,No Holiday,296.58,0.0,0.0,1,Clear,sky is clear,6,2754
2029,No Holiday,274.87,0.0,0.0,90,Drizzle,drizzle,1,2946
2030,No Holiday,263.01,0.0,0.0,1,Mist,mist,2,1043
2031,No Holiday,270.36,0.0,0.0,90,Snow,heavy snow,2,4776
2032,No Holiday,276.22,0.0,0.0,90,Clouds,overcast clouds,3,4712
2033,No Holiday,268.89,0.0,0.0,1,Mist,mist,11,302
2034,No Holiday,292.61,0.53,0.0,90,Drizzle,drizzle,7,4746
2035,No Holiday,291.48,1.78,0.0,90,Fog,fog,8,4100
2036,No Holiday,260.09,0.0,0.0,1,Clear,sky is clear,3,1827
2037,No Holiday,275.43,0.0,0.0,75,Clouds,broken clouds,9,3073
2038,No Holiday,271.34,0.0,0.0,64,Clouds,broken clouds,11,4435
2039,No Holiday,267.22,0.0,0.0,1,Clear,sky is clear,11,6268
2040,No Holiday,301.69,0.0,0.0,75,Clouds,broken clouds,8,4963
2041,No Holiday,273.04,0.0,0.0,90,Mist,mist,1,6060
2042,No Holiday,261.82,0.0,0.0,90,Mist,mist,12,425
2043,No Holiday,270.02,0.0,0.0,90,Mist,mist,2,1372
2044,No Holiday,279.55,0.0,0.0,75,Clouds,broken clouds,4,4982
2045,No Holiday,290.56,0.0,0.0,1,Clear,sky is clear,5,4537
2046,No Holiday,257.72,0.0,0.0,1,Clear,sky is clear,2,4646
2047,No Holiday,294.85,0.0,0.0,8,Clear,sky is clear,8,3069
2048,No Holiday,275.66,0.0,0.0,90,Fog,fog,1,4557
2049,No Holiday,284.76,0.0,0.0,1,Clear,sky is clear,9,939
2050,No Holiday,296.6,0.0,0.0,48,Clouds,scattered clouds,10,5619
2051,No Holiday,293.51,6.94,0.0,90,Squall,SQUALLS,6,400
2052,No Holiday,280.75,0.0,0.0,40,Rain,light rain,4,438
2053,No Holiday,260.29,0.0,0.0,90,Clouds,overcast clouds,3,5670
2054,No Holiday,298.15,0.0,0.0,92,Clouds,overcast clouds,7,3807
2055,No Holiday,291.48,0.0,0.0,0,Clear,Sky is Clear,10,2159
2056,No Holiday,274.94,0.0,0.0,1,Clear,sky is clear,3,1810
2057,No Holiday,268.72,0.0,0.0,1,Clear,sky is clear,3,6350
2058,No Holiday,288.57,0.64,0.0,90,Mist,mist,9,2928
2059,No Holiday,295.07,0.0,0.0,90,Clouds,overcast clouds,8,3745
2060,No Holiday,298.95,0.0,0.0,90,Thunderstorm,proximity thunderstorm,7,4610
2061,No Holiday,265.73,0.0,0.0,90,Snow,heavy snow,12,1646
2062,No Holiday,279.22,0.0,0.0,90,Rain,light rain,11,2778
2063,No Holiday,278.58,0.0,0.0,90,Clouds,overcast clouds,11,5087
2064,No Holiday,296.02,0.0,0.0,40,Clouds,scattered clouds,7,4615
2065,No Holiday,290.65,0.0,0.0,1,Fog,fog,8,1045
2066,No Holiday,265.79,0.0,0.0,90,Snow,light snow,2,4439
2067,No Holiday,280.686,0.0,0.0,64,Clouds,broken clouds,10,1860
2068,No Holiday,303.72,0.0,0.0,75,Clouds,broken clouds,7,3412
2069,No Holiday,274.08,0.0,0.0,90,Rain,light rain,12,5418
2070,No Holiday,267.15,0.0,0.0,1,Clear,sky is clear,11,5340
2071,No Holiday,269.21,0.0,0.0,90,Mist,mist,12,5784
2072,No Holiday,275.43,0.0,0.0,90,Rain,light rain,5,4492
2073,No Holiday,296.03,0.0,0.0,40,Clouds,scattered clouds,5,3475
2074,No Holiday,294.95,0.0,0.0,40,Clouds,scattered clouds,6,877
2075,No Holiday,301.44,0.0,0.0,1,Clear,sky is clear,4,4568
2076,No Holiday,286.95,0.0,0.0,1,Mist,mist,7,935
2077,No Holiday,287.86,0.0,0.0,90,Rain,light rain,5,5027
2078,No Holiday,264.05,0.0,0.0,1,Fog,fog,2,263
2079,No Holiday,301.16,0.25,0.0,75,Rain,light rain,8,5925
2080,No Holiday,285.6,0.0,0.0,24,Clouds,few clouds,6,803
2081,No Holiday,299.53,0.0,0.0,1,Clear,sky is clear,9,5342
2082,No Holiday,268.3,0.0,0.0,90,Mist,mist,12,348
2083,No Holiday,271.41,0.0,0.0,90,Mist,mist,12,5886
2084,No Holiday,270.15,0.0,0.0,90,Mist,mist,2,918
2085,No Holiday,254.16,0.0,0.0,2,Clear,sky is clear,2,5100
2086,No Holiday,279.867,0.0,0.0,0,Clear,Sky is Clear,10,4872
2087,No Holiday,272.48,0.0,0.0,90,Snow,light snow,12,3138
2088,No Holiday,268.55,0.0,0.0,90,Mist,mist,2,2826
2089,No Holiday,272.75,0.0,0.0,90,Mist,mist,4,4513
2090,No Holiday,286.02,0.0,0.0,1,Rain,moderate rain,4,5171
2091,No Holiday,287.72,0.0,0.0,90,Mist,mist,7,5799
2092,No Holiday,279.37,0.0,0.0,40,Clouds,scattered clouds,4,443
2093,No Holiday,279.94,0.0,0.0,90,Mist,mist,11,6717
2094,No Holiday,288.61,0.38,0.0,92,Drizzle,light intensity drizzle,6,4913
2095,No Holiday,299.11,0.0,0.0,75,Clouds,broken clouds,7,15
2096,No Holiday,292.14,0.0,0.0,0,Clear,Sky is Clear,8,1424
2097,No Holiday,269.43,0.0,0.0,64,Mist,mist,12,338
2098,No Holiday,291.65,0.25,0.0,32,Rain,light rain,7,4591
2099,No Holiday,293.97,0.0,0.0,68,Clouds,broken clouds,8,2407
2100,No Holiday,274.18,0.0,0.0,40,Clouds,scattered clouds,1,4858
2101,No Holiday,267.01,0.0,0.0,1,Clear,sky is clear,12,4555
2102,No Holiday,272.15,0.0,0.0,20,Clouds,few clouds,2,4682
2103,No Holiday,286.86,0.0,0.0,20,Clouds,few clouds,10,5976
2104,No Holiday,272.9,0.0,0.0,1,Clear,sky is clear,3,6233
2105,No Holiday,298.09,0.0,0.0,1,Clear,sky is clear,8,2682
2106,No Holiday,272.08,0.0,0.0,90,Clouds,overcast clouds,2,4933
2107,No Holiday,268.79,0.0,0.0,5,Clear,sky is clear,2,2507
2108,No Holiday,288.87,0.0,0.0,90,Rain,moderate rain,8,2249
2109,No Holiday,287.93,0.0,0.0,90,Clouds,overcast clouds,5,2587
2110,No Holiday,259.64,0.0,0.0,1,Clear,sky is clear,2,300
2111,No Holiday,281.53,0.0,0.0,75,Clouds,broken clouds,4,1506
2112,No Holiday,282.0490000000001,0.0,0.0,92,Rain,light rain,10,270
2113,No Holiday,300.01,0.0,0.0,1,Clear,sky is clear,8,3898
2114,No Holiday,280.36,0.0,0.0,90,Drizzle,light intensity drizzle,3,879
2115,No Holiday,277.09,0.0,0.0,90,Rain,light rain,3,6298
2116,No Holiday,293.99,0.0,0.0,75,Clouds,broken clouds,7,2822
2117,No Holiday,251.36,0.0,0.0,1,Clear,sky is clear,2,2801
2118,No Holiday,288.3,0.0,0.0,1,Clear,sky is clear,5,641
2119,No Holiday,265.81,0.0,0.0,90,Clouds,overcast clouds,12,5090
2120,No Holiday,255.57,0.0,0.0,5,Clear,sky is clear,12,5231
2121,No Holiday,295.57,0.0,0.0,75,Clouds,broken clouds,9,5130
2122,No Holiday,264.62,0.0,0.0,64,Fog,fog,12,690
2123,No Holiday,253.65,0.0,0.0,5,Clear,sky is clear,2,5000
2124,No Holiday,264.78,0.0,0.0,75,Haze,haze,1,1669
2125,No Holiday,289.56,0.0,0.0,1,Clear,sky is clear,4,680
2126,No Holiday,300.55,0.0,0.0,40,Clouds,scattered clouds,6,3744
2127,No Holiday,282.35,0.0,0.0,1,Clear,sky is clear,4,5071
2128,No Holiday,293.62,0.0,0.0,1,Clear,sky is clear,5,2392
2129,No Holiday,293.75,0.0,0.0,1,Clear,sky is clear,7,2570
2130,No Holiday,295.93,0.0,0.0,1,Clear,sky is clear,7,3386
2131,No Holiday,288.95,0.0,0.0,1,Clear,sky is clear,6,294
2132,No Holiday,272.95,0.0,0.0,90,Snow,light snow,1,1785
2133,No Holiday,279.56,0.0,0.0,90,Clouds,overcast clouds,3,780
2134,No Holiday,301.38,0.0,0.0,1,Clear,sky is clear,7,4051
2135,No Holiday,268.88,0.0,0.0,90,Snow,light snow,12,5171
2136,No Holiday,278.653,0.0,0.0,64,Clouds,broken clouds,10,2623
2137,No Holiday,271.75,0.0,0.0,90,Clouds,overcast clouds,3,885
2138,No Holiday,294.83,0.0,0.0,20,Clouds,few clouds,6,2708
2139,No Holiday,284.71,0.0,0.0,90,Rain,light rain,4,2781
2140,No Holiday,300.45,0.0,0.0,76,Rain,light rain,6,5280
2141,No Holiday,275.35,0.0,0.0,90,Rain,light rain,2,4466
2142,No Holiday,293.41,0.0,0.0,1,Clear,sky is clear,7,356
2143,No Holiday,247.27,0.0,0.0,1,Clear,sky is clear,1,466
2144,No Holiday,293.83,0.25,0.0,40,Rain,light rain,8,6270
2145,No Holiday,302.03,0.0,0.0,32,Clouds,scattered clouds,7,3897
2146,No Holiday,292.51,0.0,0.0,90,Rain,moderate rain,10,6667
2147,No Holiday,293.9,0.0,0.0,0,Mist,mist,7,348
2148,No Holiday,249.79,0.0,0.0,1,Clear,sky is clear,1,335
2149,No Holiday,287.66,0.0,0.0,90,Clouds,overcast clouds,8,6474
2150,No Holiday,290.62,0.0,0.0,90,Rain,moderate rain,8,362
2151,No Holiday,273.33,0.0,0.0,90,Snow,snow,4,4728
2152,No Holiday,274.94,0.0,0.0,1,Clear,sky is clear,4,2857
2153,No Holiday,273.2,0.0,0.0,90,Clouds,overcast clouds,4,4608
2154,No Holiday,274.67,0.0,0.0,90,Drizzle,light intensity drizzle,1,1696
2155,No Holiday,288.68,0.0,0.0,90,Fog,fog,5,555
2156,No Holiday,281.46,0.0,0.0,75,Clouds,broken clouds,3,2178
2157,No Holiday,268.48,0.0,0.0,5,Clear,sky is clear,4,5298
2158,No Holiday,291.89,2.54,0.0,76,Rain,heavy intensity rain,6,635
2159,No Holiday,275.15,0.0,0.0,75,Clouds,broken clouds,2,362
2160,No Holiday,250.28,0.0,0.0,1,Clear,sky is clear,2,232
2161,No Holiday,285.46,0.0,0.0,92,Clouds,overcast clouds,10,2717
2162,No Holiday,291.46,0.85,0.0,90,Drizzle,drizzle,9,386
2163,No Holiday,268.35,0.0,0.0,64,Clouds,broken clouds,12,367
2164,No Holiday,292.08,0.0,0.0,90,Rain,heavy intensity rain,6,3038
2165,No Holiday,265.96,0.0,0.0,90,Snow,light snow,12,6143
2166,No Holiday,276.35,0.0,0.0,75,Clouds,broken clouds,2,4936
2167,No Holiday,265.86,0.0,0.0,90,Clouds,overcast clouds,12,621
2168,No Holiday,290.08,0.0,0.0,1,Clear,sky is clear,7,1500
2169,No Holiday,268.29,0.0,0.0,90,Mist,mist,1,481
2170,No Holiday,276.15,0.0,0.0,90,Mist,mist,10,3720
2171,No Holiday,278.59,0.0,0.0,90,Clouds,overcast clouds,4,306
2172,No Holiday,281.22,0.0,0.0,90,Mist,mist,10,6000
2173,No Holiday,287.17,0.0,0.0,20,Clouds,few clouds,5,5457
2174,No Holiday,273.55,0.0,0.0,90,Snow,heavy snow,5,3400
2175,No Holiday,283.79,0.0,0.0,40,Clouds,scattered clouds,5,4239
2176,No Holiday,263.21,0.0,0.0,90,Clouds,overcast clouds,1,2799
2177,No Holiday,296.13,0.0,0.0,20,Clouds,few clouds,6,3321
2178,No Holiday,297.88,0.0,0.0,80,Clouds,broken clouds,9,4442
2179,No Holiday,288.57,0.0,0.0,12,Clouds,few clouds,8,561
2180,No Holiday,263.37,0.0,0.0,40,Fog,fog,3,921
2181,No Holiday,284.26,0.0,0.0,56,Clouds,broken clouds,10,512
2182,No Holiday,294.09,0.0,0.0,1,Mist,mist,9,426
2183,No Holiday,285.84,0.0,0.0,90,Mist,mist,10,562
2184,No Holiday,283.47,0.0,0.0,80,Clouds,broken clouds,9,2830
2185,No Holiday,296.72,0.0,0.0,0,Clear,Sky is Clear,6,5116
2186,No Holiday,278.04,0.0,0.0,90,Clouds,overcast clouds,11,5022
2187,No Holiday,281.55,0.0,0.0,90,Clouds,overcast clouds,3,6672
2188,No Holiday,295.12,0.0,0.0,8,Clear,sky is clear,6,1233
2189,No Holiday,271.37,0.0,0.0,90,Snow,light snow,12,646
2190,No Holiday,298.57,0.0,0.0,1,Clear,sky is clear,8,3944
2191,No Holiday,290.55,0.0,0.0,40,Clouds,scattered clouds,6,6438
2192,No Holiday,276.62,0.0,0.0,90,Rain,light rain,5,550
2193,No Holiday,292.52,0.0,0.0,1,Clear,sky is clear,8,4896
2194,No Holiday,276.58,0.0,0.0,75,Clouds,broken clouds,1,4986
2195,No Holiday,269.97,0.0,0.0,1,Snow,light snow,2,876
2196,No Holiday,288.34,0.0,0.0,75,Haze,haze,10,2877
2197,No Holiday,268.53,0.0,0.0,75,Clouds,broken clouds,3,1926
2198,No Holiday,290.41,8.64,0.0,92,Thunderstorm,thunderstorm with heavy rain,6,5144
2199,No Holiday,286.832,0.0,0.0,88,Clouds,overcast clouds,2,4356
2200,No Holiday,266.61,0.0,0.0,64,Clouds,broken clouds,11,6274
2201,No Holiday,288.87,0.0,0.0,1,Clear,sky is clear,7,342
2202,No Holiday,293.42,0.0,0.0,1,Clear,sky is clear,7,458
2203,No Holiday,286.47,0.0,0.0,1,Clear,sky is clear,7,566
2204,No Holiday,273.774,0.0,0.0,12,Clouds,few clouds,2,2934
2205,No Holiday,262.77,0.0,0.0,90,Clouds,overcast clouds,2,4213
2206,No Holiday,266.95,0.0,0.0,90,Snow,light snow,2,3239
2207,No Holiday,267.95,0.0,0.0,90,Clouds,overcast clouds,12,2916
2208,No Holiday,279.12,0.0,0.0,90,Clouds,overcast clouds,10,5130
2209,No Holiday,295.24,0.0,0.0,75,Clouds,broken clouds,7,2533
2210,No Holiday,286.03,0.0,0.0,1,Clear,sky is clear,9,535
2211,No Holiday,285.26,0.0,0.0,90,Clouds,overcast clouds,5,268
2212,No Holiday,260.68,0.0,0.0,1,Mist,mist,1,1478
2213,No Holiday,269.332,0.0,0.0,36,Clouds,scattered clouds,4,562
2214,No Holiday,255.84,0.0,0.0,0,Clear,sky is clear,1,4548
2215,No Holiday,273.36,0.0,0.0,90,Rain,light rain,4,4931
2216,No Holiday,281.54,0.0,0.0,90,Clouds,overcast clouds,4,5101
2217,No Holiday,281.61,0.0,0.0,93,Mist,mist,10,542
2218,No Holiday,275.95,0.0,0.0,90,Rain,moderate rain,11,323
2219,No Holiday,283.394,0.0,0.0,0,Clear,Sky is Clear,10,3905
2220,No Holiday,264.51,0.0,0.0,64,Snow,snow,12,2563
2221,No Holiday,274.09,0.0,0.0,90,Mist,mist,11,474
2222,No Holiday,256.15,0.0,0.0,90,Haze,haze,12,4750
2223,No Holiday,286.47,0.0,0.0,0,Clear,Sky is Clear,9,5924
2224,No Holiday,292.95,0.0,0.0,48,Clouds,scattered clouds,6,1184
2225,No Holiday,291.65,0.0,0.0,75,Clouds,broken clouds,7,5008
2226,No Holiday,264.41,0.0,0.0,90,Snow,light snow,2,4817
2227,No Holiday,270.36,0.0,0.0,40,Clouds,scattered clouds,2,1862
2228,No Holiday,284.36,0.0,0.0,90,Clouds,overcast clouds,9,250
2229,No Holiday,276.48,0.0,0.0,1,Clear,sky is clear,10,4903
2230,No Holiday,273.62,0.0,0.0,90,Snow,heavy snow,11,4328
2231,No Holiday,277.01,0.0,0.0,1,Mist,mist,11,486
2232,No Holiday,275.91,0.0,0.0,64,Clouds,broken clouds,11,925
2233,No Holiday,294.48,0.0,0.0,75,Clouds,broken clouds,6,4964
2234,No Holiday,294.95,0.0,0.0,40,Clouds,scattered clouds,8,485
2235,No Holiday,298.81,0.0,0.0,90,Clouds,overcast clouds,7,1336
2236,No Holiday,294.95,0.0,0.0,1,Clear,sky is clear,9,2090
2237,No Holiday,256.49,0.0,0.0,1,Clear,sky is clear,2,701
2238,No Holiday,295.73,0.0,0.0,68,Rain,light rain,7,434
2239,No Holiday,287.36,0.0,0.0,90,Mist,mist,8,919
2240,No Holiday,285.47,0.0,0.0,90,Rain,moderate rain,10,4481
2241,No Holiday,301.55,0.0,0.0,75,Clouds,broken clouds,7,4030
2242,No Holiday,288.019,0.0,0.0,56,Clouds,broken clouds,7,850
2243,No Holiday,278.48,0.0,0.0,90,Clouds,overcast clouds,3,2980
2244,No Holiday,277.26,0.0,0.0,90,Clouds,overcast clouds,4,3618
2245,No Holiday,300.1,0.0,0.0,75,Clouds,broken clouds,7,4473
2246,No Holiday,291.73,0.0,0.0,40,Clouds,scattered clouds,10,3723
2247,No Holiday,296.13,0.0,0.0,1,Rain,light rain,8,806
2248,No Holiday,294.08,0.0,0.0,1,Haze,haze,8,5658
2249,No Holiday,300.04,0.0,0.0,0,Clear,Sky is Clear,8,631
2250,No Holiday,292.12,0.0,0.0,1,Clear,sky is clear,8,837
2251,No Holiday,274.28,0.0,0.0,1,Clear,sky is clear,4,5624
2252,No Holiday,288.28,0.0,0.0,0,Clear,Sky is Clear,6,2978
2253,No Holiday,298.59,0.0,0.0,0,Clear,Sky is Clear,8,6176
2254,No Holiday,299.15,0.0,0.0,5,Clear,sky is clear,8,4707
2255,No Holiday,265.38,0.0,0.0,64,Clouds,broken clouds,12,5864
2256,No Holiday,305.34,0.0,0.0,0,Clear,Sky is Clear,8,3425
2257,No Holiday,279.16,0.0,0.0,1,Clear,sky is clear,5,333
2258,No Holiday,291.16,0.0,0.0,1,Fog,fog,8,984
2259,No Holiday,299.3,0.0,0.0,75,Clouds,broken clouds,6,6160
2260,No Holiday,290.9,5.42,0.0,80,Rain,heavy intensity rain,6,6172
2261,No Holiday,287.16,0.25,0.0,40,Rain,light rain,5,6868
2262,No Holiday,284.59,0.0,0.0,90,Rain,light rain,5,4918
2263,No Holiday,286.93,0.0,0.0,75,Clouds,broken clouds,5,2737
2264,No Holiday,270.79,0.0,0.0,5,Clear,sky is clear,11,2463
2265,No Holiday,298.64,0.0,0.0,1,Clear,sky is clear,7,5327
2266,No Holiday,295.35,0.0,0.0,75,Clouds,broken clouds,6,3251
2267,No Holiday,294.01,0.0,0.0,20,Clouds,few clouds,7,4406
2268,No Holiday,293.35,0.0,0.0,90,Thunderstorm,proximity thunderstorm,5,1595
2269,No Holiday,275.72,0.0,0.0,90,Drizzle,light intensity drizzle,10,4911
2270,No Holiday,277.02,0.0,0.0,90,Mist,mist,11,346
2271,No Holiday,292.0,0.0,0.0,5,Mist,mist,8,5211
2272,No Holiday,286.08,0.0,0.0,5,Clear,sky is clear,9,4526
2273,No Holiday,289.02,6.35,0.0,80,Rain,heavy intensity rain,6,356
2274,No Holiday,295.57,0.0,0.0,1,Clear,sky is clear,8,434
2275,No Holiday,273.55,0.0,0.0,1,Haze,haze,1,5518
2276,No Holiday,277.28,0.0,0.0,75,Clouds,broken clouds,1,4973
2277,No Holiday,292.38,0.0,0.0,40,Clouds,scattered clouds,6,4249
2278,No Holiday,291.03,1.02,0.0,90,Rain,moderate rain,8,2672
2279,No Holiday,289.46,0.0,0.0,40,Rain,light rain,9,986
2280,No Holiday,281.43,0.0,0.0,1,Clear,sky is clear,4,263
2281,No Holiday,283.91,0.0,0.0,90,Clouds,overcast clouds,10,630
2282,No Holiday,296.4,0.0,0.0,75,Clouds,broken clouds,7,2998
2283,No Holiday,295.69,0.0,0.0,75,Clouds,broken clouds,8,3266
2284,No Holiday,289.53,0.0,0.0,1,Mist,mist,9,328
2285,No Holiday,268.66,0.0,0.0,90,Clouds,overcast clouds,3,2562
2286,No Holiday,257.94,0.0,0.0,20,Clouds,few clouds,2,6326
2287,No Holiday,297.78,0.0,0.0,90,Clouds,overcast clouds,9,4134
2288,No Holiday,262.03,0.0,0.0,1,Clear,sky is clear,1,318
2289,No Holiday,293.55,0.0,0.0,75,Rain,light rain,6,4886
2290,No Holiday,291.53,2.67,0.0,90,Thunderstorm,proximity thunderstorm with rain,7,1897
2291,No Holiday,301.03,0.0,0.0,40,Clouds,scattered clouds,5,6670
2292,No Holiday,293.55,0.0,0.0,40,Clouds,scattered clouds,7,5003
2293,No Holiday,288.08,0.0,0.0,90,Rain,moderate rain,10,4748
2294,No Holiday,278.42,0.0,0.0,90,Drizzle,light intensity drizzle,4,1099
2295,No Holiday,286.65,0.0,0.0,75,Clouds,broken clouds,9,634
2296,No Holiday,288.57,0.0,0.0,90,Mist,mist,9,5803
2297,No Holiday,264.58,0.0,0.0,64,Clouds,broken clouds,12,1749
2298,No Holiday,270.12,0.0,0.0,75,Clouds,broken clouds,3,3302
2299,No Holiday,271.02,0.0,0.0,40,Clouds,scattered clouds,3,5254
2300,No Holiday,275.02,0.0,0.0,1,Clear,sky is clear,11,3012
2301,No Holiday,293.57,0.0,0.0,90,Thunderstorm,thunderstorm with rain,6,4512
2302,No Holiday,270.51,0.0,0.0,5,Clear,sky is clear,2,2950
2303,No Holiday,274.01,0.0,0.0,90,Snow,light snow,2,5556
2304,No Holiday,270.09,0.0,0.0,90,Haze,haze,1,4449
2305,No Holiday,288.79,0.0,0.0,90,Rain,light rain,9,2865
2306,No Holiday,288.93,0.0,0.0,90,Rain,light rain,5,4148
2307,No Holiday,271.47,0.25,0.0,64,Rain,light rain,1,5576
2308,No Holiday,262.6,0.0,0.0,5,Clear,sky is clear,2,4637
2309,No Holiday,297.65,0.0,0.0,1,Clear,sky is clear,6,3467
2310,No Holiday,295.22,0.0,0.0,90,Rain,light rain,7,4392
2311,No Holiday,273.94,0.0,0.0,90,Fog,fog,3,5633
2312,No Holiday,295.61,0.89,0.0,0,Rain,moderate rain,6,3426
2313,No Holiday,298.36,0.0,0.0,75,Thunderstorm,proximity thunderstorm,6,6374
2314,No Holiday,289.31,0.0,0.0,1,Clear,sky is clear,4,3000
2315,No Holiday,288.14,0.0,0.0,90,Mist,mist,8,5423
2316,No Holiday,299.18,0.0,0.0,8,Rain,light rain,8,4567
2317,No Holiday,276.87,0.0,0.0,90,Rain,moderate rain,12,1656
2318,No Holiday,291.28,0.0,0.0,75,Clouds,broken clouds,9,6799
2319,No Holiday,278.55,0.0,0.0,90,Drizzle,drizzle,3,357
2320,No Holiday,283.55,0.0,0.0,0,Clear,Sky is Clear,9,420
2321,No Holiday,286.47,0.0,0.0,1,Clear,sky is clear,7,659
2322,No Holiday,275.11,0.0,0.0,90,Rain,moderate rain,5,3521
2323,No Holiday,286.72,0.0,0.0,90,Clouds,overcast clouds,5,3310
2324,No Holiday,301.01,0.0,0.0,1,Clear,sky is clear,7,4868
2325,No Holiday,268.79,0.0,0.0,40,Clouds,scattered clouds,12,3020
2326,No Holiday,294.08,0.0,0.0,75,Mist,mist,6,2910
2327,No Holiday,289.02,0.0,0.0,0,Clear,Sky is Clear,8,814
2328,No Holiday,264.75,0.0,0.0,90,Snow,light snow,1,473
2329,No Holiday,284.21,0.0,0.0,75,Clouds,broken clouds,10,4577
2330,No Holiday,258.36,0.0,0.0,1,Clear,sky is clear,2,5031
2331,No Holiday,274.82,0.0,0.0,90,Rain,light rain,11,5610
2332,No Holiday,282.84,0.0,0.0,5,Clear,sky is clear,5,1830
2333,No Holiday,294.79,0.0,0.0,90,Clouds,overcast clouds,7,4016
2334,No Holiday,263.72,0.0,0.0,90,Mist,mist,1,1935
2335,No Holiday,266.01,0.0,0.0,90,Snow,light snow,1,719
2336,No Holiday,287.84,0.0,0.0,40,Rain,light rain,11,4029
2337,No Holiday,280.48,0.0,0.0,1,Clear,sky is clear,5,3565
2338,No Holiday,259.42,0.0,0.0,75,Clouds,broken clouds,12,4525
2339,No Holiday,273.15,0.0,0.0,90,Mist,mist,1,243
2340,No Holiday,290.57,0.0,0.0,90,Clouds,overcast clouds,6,4689
2341,No Holiday,284.52,0.25,0.0,92,Mist,mist,10,4773
2342,No Holiday,274.15,0.0,0.0,90,Clouds,overcast clouds,10,2873
2343,No Holiday,286.52,0.0,0.0,40,Clouds,scattered clouds,3,5909
2344,No Holiday,275.04,0.0,0.0,75,Clouds,broken clouds,4,6037
2345,No Holiday,301.61,0.0,0.0,40,Clouds,scattered clouds,8,6411
2346,No Holiday,293.78,0.0,0.0,90,Clouds,overcast clouds,7,4664
2347,No Holiday,274.21,0.0,0.0,90,Clouds,overcast clouds,3,5300
2348,No Holiday,272.21,0.0,0.0,1,Clear,sky is clear,3,2296
2349,No Holiday,284.95,0.0,0.0,1,Clear,sky is clear,9,343
2350,No Holiday,279.532,0.0,0.0,92,Rain,moderate rain,10,5453
2351,No Holiday,265.74,0.0,0.0,5,Clear,sky is clear,1,2834
2352,No Holiday,253.82,0.0,0.0,1,Clear,sky is clear,2,1320
2353,No Holiday,296.37,0.0,0.0,40,Rain,light rain,7,2727
2354,No Holiday,277.81,0.0,0.0,64,Clouds,broken clouds,11,5837
2355,No Holiday,296.8,0.0,0.0,75,Clouds,broken clouds,7,4720
2356,No Holiday,261.8,0.0,0.0,90,Mist,mist,12,354
2357,No Holiday,278.3,0.0,0.0,90,Clouds,overcast clouds,4,4388
2358,No Holiday,291.81,0.0,0.0,75,Rain,light rain,9,5716
2359,No Holiday,294.69,0.0,0.0,1,Clear,sky is clear,5,1157
2360,No Holiday,294.65,0.0,0.0,40,Clouds,scattered clouds,6,6735
2361,No Holiday,268.832,0.0,0.0,0,Clear,Sky is Clear,2,3604
2362,No Holiday,301.7,0.0,0.0,75,Thunderstorm,thunderstorm with light rain,7,2062
2363,No Holiday,285.93,0.0,0.0,75,Clouds,broken clouds,4,3325
2364,No Holiday,288.99,0.0,0.0,1,Mist,mist,8,5627
2365,No Holiday,297.71,0.0,0.0,20,Clouds,few clouds,8,4266
2366,No Holiday,274.82,0.0,0.0,90,Drizzle,drizzle,4,5117
2367,No Holiday,277.55,0.0,0.0,5,Clear,sky is clear,3,2415
2368,No Holiday,268.15,0.0,0.0,1,Clear,sky is clear,11,3034
2369,No Holiday,259.27,0.0,0.0,1,Clear,sky is clear,2,1084
2370,No Holiday,284.0,0.0,0.0,90,Clouds,overcast clouds,6,355
2371,No Holiday,281.84,0.0,0.0,75,Clouds,broken clouds,5,1129
2372,No Holiday,288.74,0.0,0.0,90,Rain,light rain,6,3864
2373,No Holiday,296.32,0.0,0.0,12,Clouds,few clouds,7,3435
2374,No Holiday,274.29,0.0,0.0,90,Clouds,overcast clouds,3,4466
2375,No Holiday,289.77,0.0,0.0,90,Rain,light rain,4,1848
2376,No Holiday,290.55,0.51,0.0,92,Rain,light rain,8,851
2377,No Holiday,298.29,0.0,0.0,75,Clouds,broken clouds,6,6352
2378,No Holiday,287.15,0.0,0.0,90,Mist,mist,9,2894
2379,No Holiday,282.46,0.0,0.0,90,Drizzle,light intensity drizzle,5,4682
2380,No Holiday,291.6,0.0,0.0,1,Clear,sky is clear,7,562
2381,No Holiday,285.65,0.0,0.0,1,Clear,sky is clear,3,2084
2382,No Holiday,271.41,0.0,0.0,75,Mist,mist,11,5190
2383,No Holiday,296.62,0.0,0.0,0,Clear,Sky is Clear,7,3209
2384,No Holiday,278.82,0.0,0.0,1,Clear,sky is clear,4,746
2385,No Holiday,280.76,0.0,0.0,90,Mist,mist,10,531
2386,No Holiday,297.36,0.0,0.0,8,Clear,sky is clear,6,4347
2387,No Holiday,280.01,0.0,0.0,90,Drizzle,drizzle,11,872
2388,No Holiday,295.84,0.0,0.0,1,Clear,sky is clear,8,1742
2389,No Holiday,287.15,0.0,0.0,75,Drizzle,drizzle,10,5270
2390,No Holiday,285.11,0.0,0.0,0,Mist,mist,8,6082
2391,No Holiday,289.81,2.03,0.0,76,Rain,moderate rain,9,218
2392,No Holiday,285.0,0.42,0.0,90,Rain,light rain,3,2510
2393,No Holiday,289.61,0.0,0.0,90,Haze,haze,10,4416
2394,No Holiday,275.66,0.0,0.0,1,Clear,sky is clear,3,3997
2395,No Holiday,261.21,0.0,0.0,20,Clouds,few clouds,2,6347
2396,No Holiday,299.47,0.0,0.0,1,Clear,sky is clear,8,4332
2397,No Holiday,292.88,0.0,0.0,40,Clouds,scattered clouds,5,5426
2398,No Holiday,271.44,0.0,0.0,64,Clouds,broken clouds,1,1053
2399,No Holiday,276.04,0.0,0.0,64,Clouds,broken clouds,11,1221
2400,No Holiday,290.61,0.0,0.0,90,Mist,mist,8,599
2401,No Holiday,298.51,0.0,0.0,1,Clear,sky is clear,7,2424
2402,No Holiday,269.95,0.0,0.0,5,Clear,sky is clear,4,2545
2403,No Holiday,296.27,0.0,0.0,75,Clouds,broken clouds,7,4179
2404,No Holiday,291.81,0.0,0.0,5,Clear,sky is clear,4,4570
2405,No Holiday,292.66,0.0,0.0,1,Clear,sky is clear,7,5752
2406,No Holiday,289.07,0.0,0.0,1,Clear,sky is clear,10,4730
2407,No Holiday,274.55,0.0,0.0,90,Clouds,overcast clouds,2,2085
2408,No Holiday,273.36,0.0,0.0,1,Clear,sky is clear,4,5492
2409,No Holiday,276.05,0.0,0.0,90,Drizzle,light intensity drizzle,1,3789
2410,No Holiday,267.82,0.0,0.0,90,Clouds,overcast clouds,1,409
2411,No Holiday,290.11,0.0,0.0,56,Clouds,broken clouds,6,1587
2412,No Holiday,275.87,0.0,0.0,1,Clear,sky is clear,4,846
2413,No Holiday,301.72,0.0,0.0,75,Clouds,broken clouds,5,6358
2414,No Holiday,290.67,0.0,0.0,92,Mist,mist,8,5139
2415,No Holiday,295.45,0.0,0.0,1,Clear,sky is clear,9,2682
2416,No Holiday,271.1,0.0,0.0,100,Clouds,overcast clouds,12,2911
2417,No Holiday,284.385,0.0,0.0,44,Clouds,scattered clouds,10,3590
2418,No Holiday,284.68,0.43,0.0,90,Rain,moderate rain,5,4298
2419,No Holiday,268.82,0.0,0.0,1,Clear,sky is clear,3,2742
2420,No Holiday,282.29,0.0,0.0,56,Rain,light rain,9,1866
2421,No Holiday,274.22,0.0,0.0,1,Clear,sky is clear,3,5148
2422,No Holiday,270.21,0.0,0.0,90,Snow,snow,1,3237
2423,No Holiday,250.99,0.0,0.0,40,Mist,mist,1,3921
2424,No Holiday,276.58,0.0,0.0,90,Rain,heavy intensity rain,2,5170
2425,No Holiday,275.29,0.0,0.0,40,Clouds,scattered clouds,11,3681
2426,No Holiday,277.74,0.0,0.0,1,Clear,sky is clear,4,3565
2427,No Holiday,251.93,0.0,0.0,1,Clear,sky is clear,1,4155
2428,No Holiday,266.96,0.0,0.0,90,Snow,heavy snow,2,1799
2429,No Holiday,248.27,0.0,0.0,40,Clouds,scattered clouds,1,2022
2430,No Holiday,267.87,0.0,0.0,75,Snow,heavy snow,12,4357
2431,No Holiday,292.6,0.0,0.0,0,Clear,Sky is Clear,8,4183
2432,No Holiday,251.43,0.0,0.0,40,Clouds,scattered clouds,2,360
2433,No Holiday,282.75,0.0,0.0,90,Rain,moderate rain,5,3629
2434,No Holiday,274.72,0.0,0.0,90,Rain,moderate rain,1,234
2435,No Holiday,274.65,0.0,0.0,90,Snow,light snow,10,5356
2436,No Holiday,251.14,0.0,0.0,1,Clear,sky is clear,12,805
2437,No Holiday,278.29,0.0,0.0,90,Clouds,overcast clouds,3,6374
2438,No Holiday,281.58,0.0,0.0,1,Clear,sky is clear,5,5409
2439,No Holiday,296.4,0.0,0.0,90,Drizzle,light intensity drizzle,9,2751
2440,No Holiday,275.79,0.0,0.0,75,Clouds,broken clouds,3,265
2441,No Holiday,295.44,0.0,0.0,1,Clear,sky is clear,7,2126
2442,No Holiday,269.88,0.0,0.0,1,Clear,sky is clear,3,5160
2443,No Holiday,275.44,0.0,0.0,90,Rain,light rain,12,3547
2444,No Holiday,256.28,0.0,0.0,40,Clouds,scattered clouds,1,5867
2445,No Holiday,257.78,0.0,0.0,1,Clear,sky is clear,2,1647
2446,No Holiday,287.78,0.0,0.0,75,Clouds,broken clouds,9,4611
2447,No Holiday,251.07,0.0,0.0,1,Clear,sky is clear,12,487
2448,No Holiday,271.55,0.0,0.0,1,Clear,sky is clear,11,1000
2449,No Holiday,293.86,0.0,0.0,75,Rain,light rain,8,4254
2450,No Holiday,287.51,0.0,0.0,40,Clouds,scattered clouds,6,437
2451,No Holiday,292.7,0.0,0.0,90,Rain,light rain,7,5185
2452,No Holiday,283.49,0.0,0.0,1,Clear,sky is clear,9,2929
2453,No Holiday,252.15,0.0,0.0,1,Clear,sky is clear,1,2570
2454,No Holiday,289.37,0.0,0.0,0,Clear,Sky is Clear,8,5720
2455,No Holiday,279.87,0.0,0.0,90,Drizzle,light intensity drizzle,11,5730
2456,No Holiday,293.66,2.6,0.0,90,Rain,moderate rain,9,2385
2457,No Holiday,273.87,0.0,0.0,75,Clouds,broken clouds,1,2804
2458,No Holiday,287.91,0.0,0.0,1,Clear,sky is clear,5,910
2459,No Holiday,268.72,0.0,0.0,1,Clear,sky is clear,11,1193
2460,No Holiday,296.4,0.0,0.0,0,Clear,Sky is Clear,7,6000
2461,No Holiday,284.53,0.0,0.0,90,Clouds,overcast clouds,10,4407
2462,No Holiday,292.22,0.0,0.0,76,Clouds,broken clouds,8,2880
2463,No Holiday,290.52,0.0,0.0,20,Clouds,few clouds,11,4713
2464,No Holiday,269.69,0.0,0.0,5,Clear,sky is clear,3,4222
2465,No Holiday,301.02,0.0,0.0,40,Clouds,scattered clouds,8,4392
2466,No Holiday,283.15,0.0,0.0,1,Clear,sky is clear,4,3008
2467,No Holiday,289.02,0.0,0.0,90,Drizzle,drizzle,8,858
2468,No Holiday,280.51,0.0,0.0,1,Clear,sky is clear,10,5628
2469,No Holiday,297.01,0.0,0.0,90,Rain,moderate rain,7,5074
2470,No Holiday,295.31,0.0,0.0,75,Clouds,broken clouds,7,3102
2471,No Holiday,290.96,0.0,0.0,1,Clear,sky is clear,8,2855
2472,No Holiday,282.08,0.0,0.0,5,Fog,fog,9,6133
2473,No Holiday,249.33,0.0,0.0,75,Clouds,broken clouds,1,5693
2474,No Holiday,281.07,0.0,0.0,1,Mist,mist,10,6727
2475,No Holiday,294.15,0.0,0.0,12,Clouds,few clouds,6,4872
2476,No Holiday,287.21,0.0,0.0,90,Clouds,overcast clouds,4,330
2477,No Holiday,293.02,0.0,0.0,90,Rain,light rain,5,4630
2478,No Holiday,289.14,0.0,0.0,5,Fog,fog,7,1866
2479,No Holiday,278.74,0.0,0.0,20,Clouds,few clouds,3,4283
2480,No Holiday,281.72,0.0,0.0,90,Snow,snow,11,3533
2481,No Holiday,287.15,0.0,0.0,90,Clouds,overcast clouds,9,1936
2482,No Holiday,277.02,0.0,0.0,90,Haze,haze,3,2683
2483,No Holiday,257.44,0.0,0.0,1,Mist,mist,2,3018
2484,No Holiday,296.43,0.0,0.0,40,Clouds,scattered clouds,7,4154
2485,No Holiday,280.4,0.0,0.0,40,Clouds,scattered clouds,5,5837
2486,No Holiday,263.3,0.0,0.0,40,Snow,heavy snow,1,4438
2487,No Holiday,288.75,0.0,0.0,90,Rain,light rain,5,6159
2488,No Holiday,300.14,0.0,0.0,75,Smoke,smoke,8,4438
2489,No Holiday,287.77,0.0,0.0,0,Clear,Sky is Clear,10,4930
2490,No Holiday,293.31,0.0,0.0,1,Rain,light rain,7,696
2491,No Holiday,295.15,0.0,0.0,1,Clear,sky is clear,11,4315
2492,No Holiday,271.8,0.0,0.0,64,Haze,haze,12,814
2493,No Holiday,294.1,0.32,0.0,90,Mist,mist,9,5856
2494,No Holiday,296.64,0.0,0.0,40,Clouds,scattered clouds,8,5754
2495,No Holiday,259.72,0.0,0.0,56,Clouds,broken clouds,2,6235
2496,No Holiday,279.79,0.0,0.0,90,Clouds,overcast clouds,4,2804
2497,No Holiday,294.06,12.83,0.0,32,Rain,heavy intensity rain,8,4669
2498,No Holiday,271.01,0.0,0.0,90,Haze,haze,2,3873
2499,No Holiday,274.41,0.0,0.0,98,Clear,sky is clear,11,256
2500,No Holiday,271.8,0.0,0.0,90,Clouds,overcast clouds,3,4700
2501,No Holiday,290.79,0.0,0.0,40,Clouds,scattered clouds,8,6450
2502,No Holiday,272.21,0.0,0.0,90,Drizzle,light intensity drizzle,3,4958
2503,No Holiday,276.21,0.0,0.0,90,Rain,light rain,12,5586
2504,No Holiday,249.62,0.0,0.0,1,Clear,sky is clear,1,1210
2505,No Holiday,294.22,0.0,0.0,1,Thunderstorm,proximity thunderstorm with rain,7,5702
2506,No Holiday,296.04,0.0,0.0,5,Clear,sky is clear,9,4848
2507,No Holiday,274.01,0.0,0.0,1,Clear,sky is clear,3,3703
2508,No Holiday,260.06,0.0,0.0,1,Clear,sky is clear,2,4876
2509,No Holiday,270.63,0.0,0.0,90,Clouds,overcast clouds,3,438
2510,No Holiday,280.78,0.0,0.0,75,Clouds,broken clouds,4,1053
2511,No Holiday,291.29,0.0,0.0,90,Rain,moderate rain,9,2786
2512,No Holiday,292.83,0.0,0.0,75,Drizzle,heavy intensity drizzle,8,926
2513,No Holiday,279.51,0.0,0.0,90,Mist,mist,3,4527
2514,No Holiday,294.15,0.0,0.0,1,Haze,haze,9,4059
2515,No Holiday,271.61,0.0,0.0,75,Clouds,broken clouds,10,6375
2516,No Holiday,263.28,0.0,0.0,1,Snow,light snow,3,5439
2517,No Holiday,292.22,0.0,0.0,1,Mist,mist,8,890
2518,No Holiday,265.62,0.0,0.0,1,Haze,haze,2,2837
2519,No Holiday,276.07,0.0,0.0,56,Clouds,broken clouds,10,352
2520,No Holiday,289.64,3.28,0.0,75,Mist,mist,9,1495
2521,No Holiday,272.95,0.0,0.0,75,Clouds,broken clouds,3,2358
2522,No Holiday,264.42,0.0,0.0,40,Mist,mist,2,7067
2523,No Holiday,264.29,0.0,0.0,40,Clouds,scattered clouds,2,5143
2524,No Holiday,292.49,0.0,0.0,1,Clear,sky is clear,8,726
2525,No Holiday,265.67,0.0,0.0,1,Clear,sky is clear,4,5539
2526,No Holiday,293.02,0.0,0.0,1,Clear,sky is clear,7,2997
2527,No Holiday,294.51,0.0,0.0,40,Clouds,scattered clouds,5,3827
2528,No Holiday,270.09,0.0,0.0,90,Snow,light snow,1,5720
2529,No Holiday,295.08,0.0,0.0,40,Clouds,scattered clouds,7,3418
2530,No Holiday,300.42,0.0,0.0,75,Clouds,broken clouds,8,4198
2531,No Holiday,284.3,0.0,0.0,1,Clear,sky is clear,3,6328
2532,No Holiday,256.08,0.0,0.0,1,Clear,sky is clear,2,4843
2533,No Holiday,284.68,0.43,0.0,90,Mist,mist,5,4298
2534,No Holiday,292.84,0.0,0.0,0,Clear,Sky is Clear,6,377
2535,No Holiday,295.32,0.0,0.0,40,Clouds,scattered clouds,7,3361
2536,No Holiday,301.21,0.0,0.0,1,Clear,sky is clear,7,5420
2537,No Holiday,287.17,0.84,0.0,24,Rain,light rain,6,4919
2538,No Holiday,278.72,0.0,0.0,1,Clear,sky is clear,4,2018
2539,No Holiday,291.44,0.0,0.0,90,Rain,light rain,5,3556
2540,No Holiday,280.72,0.0,0.0,90,Drizzle,drizzle,5,1039
2541,No Holiday,293.96,0.0,0.0,40,Clouds,scattered clouds,7,3677
2542,No Holiday,282.75,0.0,0.0,75,Rain,proximity shower rain,11,4966
2543,No Holiday,301.4,0.0,0.0,1,Haze,haze,7,6766
2544,No Holiday,295.62,0.0,0.0,40,Clouds,scattered clouds,4,1061
2545,No Holiday,288.68,0.0,0.0,75,Clouds,broken clouds,11,4709
2546,No Holiday,254.52,0.0,0.0,1,Clear,sky is clear,2,244
2547,No Holiday,298.27,0.25,0.0,90,Thunderstorm,proximity thunderstorm,7,2603
2548,No Holiday,292.12,0.0,0.0,1,Clear,sky is clear,9,2306
2549,No Holiday,289.74,0.0,0.0,1,Clear,sky is clear,9,6207
2550,No Holiday,281.69,0.0,0.0,75,Clouds,broken clouds,10,3804
2551,No Holiday,290.08,0.0,0.0,90,Rain,light rain,10,4110
2552,No Holiday,269.31,0.0,0.0,1,Clear,sky is clear,3,353
2553,No Holiday,289.45,0.0,0.0,40,Clouds,scattered clouds,7,4412
2554,No Holiday,301.42,0.0,0.0,1,Clear,sky is clear,8,3151
2555,No Holiday,263.43,0.0,0.0,1,Clear,sky is clear,2,5091
2556,No Holiday,275.94,0.0,0.0,40,Clouds,scattered clouds,2,3777
2557,No Holiday,294.46,0.0,0.0,90,Thunderstorm,thunderstorm with light rain,6,3907
2558,No Holiday,272.37,0.0,0.0,90,Mist,mist,2,5127
2559,No Holiday,297.8,0.0,0.0,1,Clear,sky is clear,9,5792
2560,No Holiday,266.08,0.0,0.0,90,Haze,haze,12,2936
2561,No Holiday,254.57,0.0,0.0,5,Clear,sky is clear,12,3598
2562,No Holiday,287.82,0.0,0.0,75,Clouds,broken clouds,4,5111
2563,No Holiday,300.63,0.0,0.0,40,Clouds,scattered clouds,6,3604
2564,No Holiday,281.46,0.0,0.0,75,Clouds,broken clouds,4,3455
2565,No Holiday,291.74,0.0,0.0,40,Clouds,scattered clouds,5,1953
2566,No Holiday,267.77,0.0,0.0,90,Clouds,overcast clouds,3,2771
2567,No Holiday,283.98,0.0,0.0,1,Clear,sky is clear,3,4159
2568,No Holiday,285.24,0.0,0.0,90,Mist,mist,10,4539
2569,No Holiday,270.64,0.0,0.0,90,Clouds,overcast clouds,11,4314
2570,No Holiday,276.07,0.0,0.0,1,Clear,sky is clear,1,2819
2571,No Holiday,271.45,0.0,0.0,90,Snow,heavy snow,4,351
2572,No Holiday,284.27,0.0,0.0,90,Mist,mist,5,2336
2573,No Holiday,274.15,0.0,0.0,90,Clouds,overcast clouds,10,1618
2574,No Holiday,289.87,0.0,0.0,1,Rain,moderate rain,9,2763
2575,No Holiday,254.49,0.0,0.0,1,Clear,sky is clear,1,685
2576,No Holiday,281.21,0.0,0.0,1,Clear,sky is clear,11,4586
2577,No Holiday,293.62,0.0,0.0,20,Clouds,few clouds,5,2945
2578,No Holiday,270.52,0.0,0.0,90,Snow,heavy snow,12,2458
2579,No Holiday,295.62,0.0,0.0,1,Clear,sky is clear,8,473
2580,No Holiday,265.73,0.0,0.0,90,Mist,mist,12,1646
2581,No Holiday,278.35,0.0,0.0,90,Clouds,overcast clouds,11,5498
2582,No Holiday,287.98,0.0,0.0,90,Clouds,overcast clouds,5,4848
2583,No Holiday,291.72,0.0,0.0,1,Clear,sky is clear,6,310
2584,No Holiday,284.55,0.0,0.0,5,Clear,sky is clear,10,3141
2585,No Holiday,295.19,0.0,0.0,1,Fog,fog,7,428
2586,No Holiday,294.8,0.0,0.0,90,Rain,heavy intensity rain,8,1001
2587,No Holiday,291.42,0.0,0.0,90,Rain,heavy intensity rain,10,3340
2588,No Holiday,283.85,0.0,0.0,92,Clouds,overcast clouds,9,5703
2589,No Holiday,248.9,0.0,0.0,1,Clear,sky is clear,1,3314
2590,No Holiday,295.95,0.0,0.0,1,Clear,sky is clear,8,4638
2591,No Holiday,275.76,0.0,0.0,90,Drizzle,light intensity drizzle,5,312
2592,No Holiday,280.15,0.0,0.0,90,Clouds,overcast clouds,4,5496
2593,No Holiday,274.53,0.25,0.0,90,Rain,light rain,4,5062
2594,No Holiday,279.95,0.25,0.0,20,Rain,light rain,10,5995
2595,No Holiday,269.2,0.0,0.0,75,Clouds,broken clouds,11,4204
2596,No Holiday,289.08,0.0,0.0,1,Clear,sky is clear,6,2257
2597,No Holiday,286.52,0.0,0.0,1,Rain,light rain,10,957
2598,No Holiday,294.98,0.0,0.0,1,Rain,moderate rain,7,1471
2599,No Holiday,272.82,0.0,0.0,1,Fog,fog,4,374
2600,No Holiday,256.4,0.0,0.0,40,Clouds,scattered clouds,2,5119
2601,No Holiday,273.75,0.0,0.0,90,Mist,mist,12,192
2602,No Holiday,285.89,0.0,0.0,1,Rain,light rain,5,1929
2603,No Holiday,308.43,0.0,0.0,1,Clear,sky is clear,6,5903
2604,No Holiday,287.65,0.0,0.0,75,Rain,moderate rain,10,356
2605,No Holiday,301.88,0.0,0.0,40,Clouds,scattered clouds,8,4545
2606,No Holiday,273.96,0.0,0.0,90,Clouds,overcast clouds,12,2783
2607,No Holiday,293.15,0.0,0.0,40,Rain,proximity shower rain,5,5590
2608,No Holiday,285.41,0.0,0.0,8,Clear,sky is clear,7,4986
2609,No Holiday,291.15,1.78,0.0,1,Fog,fog,8,2134
2610,No Holiday,281.696,0.0,0.0,92,Clouds,overcast clouds,10,4795
2611,No Holiday,294.77,0.64,0.0,90,Mist,mist,9,3616
2612,No Holiday,269.02,0.0,0.0,1,Clear,sky is clear,1,3592
2613,No Holiday,300.08,0.0,0.0,1,Clear,sky is clear,6,5627
2614,No Holiday,289.79,0.0,0.0,90,Rain,light rain,10,3060
2615,No Holiday,275.02,0.0,0.0,40,Clouds,scattered clouds,3,480
2616,No Holiday,264.96,0.0,0.0,1,Clear,sky is clear,1,4294
2617,No Holiday,285.15,0.0,0.0,1,Clear,sky is clear,10,955
2618,No Holiday,286.55,0.0,0.0,1,Clear,sky is clear,8,2679
2619,No Holiday,284.79,0.0,0.0,1,Clear,sky is clear,9,4600
2620,No Holiday,253.68,0.0,0.0,1,Clear,sky is clear,1,272
2621,No Holiday,280.7,0.0,0.0,90,Drizzle,heavy intensity drizzle,5,2841
2622,No Holiday,279.54,0.0,0.0,90,Mist,mist,10,380
2623,No Holiday,295.48,0.0,0.0,75,Clouds,broken clouds,5,2788
2624,No Holiday,294.1,7.51,0.0,90,Mist,mist,7,2499
2625,No Holiday,300.68,0.0,0.0,1,Clear,sky is clear,7,3664
2626,No Holiday,274.07,0.0,0.0,1,Clear,sky is clear,3,4876
2627,No Holiday,278.32,0.0,0.0,0,Rain,light rain,10,2130
2628,No Holiday,292.2,0.0,0.0,75,Clouds,broken clouds,7,2734
2629,No Holiday,265.1,0.0,0.0,1,Clear,sky is clear,11,6792
2630,No Holiday,284.22,0.0,0.0,40,Mist,mist,12,4647
2631,No Holiday,298.42,0.0,0.0,40,Clouds,scattered clouds,7,5573
2632,No Holiday,290.62,0.0,0.0,1,Clear,sky is clear,8,603
2633,No Holiday,288.42,0.0,0.0,1,Clear,sky is clear,5,2935
2634,No Holiday,295.55,0.0,0.0,40,Clouds,scattered clouds,8,4240
2635,No Holiday,259.35,0.0,0.0,1,Clear,sky is clear,1,5563
2636,No Holiday,297.09,0.0,0.0,1,Clear,sky is clear,7,3842
2637,No Holiday,292.16,0.0,0.0,75,Clouds,broken clouds,6,5126
2638,No Holiday,263.58,0.0,0.0,1,Clear,sky is clear,1,655
2639,No Holiday,281.01,0.0,0.0,90,Mist,mist,4,2063
2640,No Holiday,259.98,0.76,0.0,64,Mist,mist,12,1978
2641,No Holiday,290.19,0.64,0.0,90,Rain,light intensity shower rain,8,3693
2642,No Holiday,268.8,0.0,0.0,1,Clear,sky is clear,1,3090
2643,No Holiday,266.36,0.0,0.0,90,Clouds,overcast clouds,2,234
2644,No Holiday,265.51,0.0,0.0,90,Mist,mist,12,619
2645,No Holiday,294.66,0.0,0.0,1,Clear,sky is clear,10,2826
2646,No Holiday,281.65,0.0,0.0,90,Rain,light rain,10,3108
2647,No Holiday,296.63,0.0,0.0,1,Clear,sky is clear,9,4699
2648,No Holiday,292.65,0.0,0.0,40,Mist,mist,7,6031
2649,No Holiday,288.55,0.0,0.0,40,Rain,light rain,6,2994
2650,No Holiday,297.8,0.0,0.0,44,Clouds,scattered clouds,6,4728
2651,No Holiday,295.29,0.0,0.0,90,Drizzle,light intensity drizzle,5,3201
2652,No Holiday,271.76,0.0,0.0,75,Clouds,broken clouds,10,316
2653,No Holiday,299.01,0.0,0.0,1,Clear,sky is clear,7,4986
2654,No Holiday,277.8,0.0,0.0,90,Clouds,overcast clouds,11,4655
2655,No Holiday,273.38,0.0,0.0,1,Clear,sky is clear,11,2023
2656,No Holiday,292.62,0.0,0.0,5,Clear,sky is clear,8,5414
2657,No Holiday,296.28,0.0,0.0,1,Clear,sky is clear,9,3949
2658,No Holiday,293.86,1.02,0.0,5,Rain,moderate rain,8,3156
2659,No Holiday,301.55,0.0,0.0,75,Clouds,broken clouds,6,6040
2660,No Holiday,293.84,0.0,0.0,40,Clouds,scattered clouds,6,3360
2661,No Holiday,267.65,0.0,0.0,90,Mist,mist,1,3948
2662,No Holiday,294.06,0.0,0.0,1,Clear,sky is clear,7,1181
2663,No Holiday,255.95,0.0,0.0,1,Clear,sky is clear,1,330
2664,No Holiday,264.81,0.0,0.0,90,Mist,mist,1,4540
2665,No Holiday,303.19,0.0,0.0,40,Clouds,scattered clouds,8,4094
2666,No Holiday,270.98,0.0,0.0,90,Clouds,overcast clouds,11,2150
2667,No Holiday,294.15,0.0,0.0,0,Clear,Sky is Clear,6,6230
2668,No Holiday,274.42,0.25,0.0,8,Rain,light rain,10,2298
2669,No Holiday,291.16,0.0,0.0,1,Mist,mist,5,307
2670,No Holiday,264.65,0.0,0.0,1,Clear,sky is clear,3,1220
2671,No Holiday,291.82,0.0,0.0,76,Rain,moderate rain,7,380
2672,No Holiday,278.75,0.0,0.0,90,Rain,moderate rain,11,361
2673,No Holiday,305.37,0.0,0.0,1,Clear,sky is clear,5,6184
2674,No Holiday,274.82,0.0,0.0,90,Rain,light rain,11,271
2675,No Holiday,307.03,0.0,0.0,75,Thunderstorm,proximity thunderstorm,6,4341
2676,No Holiday,288.51,0.0,0.0,0,Clear,Sky is Clear,6,389
2677,No Holiday,272.57,0.0,0.0,1,Clear,sky is clear,3,4875
2678,No Holiday,276.36,0.0,0.0,75,Clouds,broken clouds,3,5901
2679,No Holiday,281.43,0.0,0.0,5,Clear,sky is clear,4,5444
2680,No Holiday,284.13,0.0,0.0,1,Clear,sky is clear,9,5542
2681,No Holiday,253.84,0.0,0.0,90,Clouds,overcast clouds,3,3866
2682,No Holiday,270.07,0.0,0.0,1,Clear,sky is clear,1,2809
2683,No Holiday,267.57,0.0,0.0,90,Snow,heavy snow,1,199
2684,No Holiday,269.16,0.0,0.0,90,Haze,haze,12,4553
2685,No Holiday,275.65,0.0,0.0,90,Drizzle,light intensity drizzle,11,5344
2686,No Holiday,288.44,0.0,0.0,1,Mist,mist,7,317
2687,No Holiday,283.28,0.0,0.0,1,Haze,haze,10,785
2688,No Holiday,265.15,0.0,0.0,90,Snow,light snow,12,6031
2689,No Holiday,290.69,0.0,0.0,1,Clear,sky is clear,5,4784
2690,No Holiday,290.03,0.0,0.0,1,Clear,sky is clear,9,3713
2691,No Holiday,307.66,0.0,0.0,1,Clear,sky is clear,5,4858
2692,No Holiday,267.24,0.0,0.0,1,Clear,sky is clear,4,305
2693,No Holiday,288.07,0.25,0.0,90,Rain,light rain,9,4266
2694,No Holiday,290.78,3.75,0.0,90,Rain,heavy intensity rain,9,4024
2695,No Holiday,295.42,0.0,0.0,1,Clear,sky is clear,8,5710
2696,No Holiday,258.51,0.0,0.0,40,Clouds,scattered clouds,1,5079
2697,No Holiday,286.95,0.0,0.0,90,Thunderstorm,proximity thunderstorm with drizzle,4,1167
2698,No Holiday,290.73,0.25,0.0,1,Rain,light rain,8,380
2699,No Holiday,271.6,0.51,0.0,64,Mist,mist,12,3519
2700,No Holiday,290.54,0.0,0.0,90,Mist,mist,6,4728
2701,No Holiday,284.95,0.47,0.0,68,Rain,moderate rain,5,2404
2702,No Holiday,301.19,0.0,0.0,1,Clear,sky is clear,9,5751
2703,No Holiday,283.41,0.0,0.0,1,Clear,sky is clear,9,2997
2704,No Holiday,249.45,0.0,0.0,40,Clouds,scattered clouds,12,1148
2705,No Holiday,292.891,0.0,0.0,48,Clouds,scattered clouds,9,5007
2706,No Holiday,296.68,0.0,0.0,90,Clouds,overcast clouds,8,5587
2707,No Holiday,279.74,0.0,0.0,87,Mist,mist,10,2370
2708,No Holiday,298.57,0.0,0.0,1,Clear,sky is clear,8,3735
2709,No Holiday,294.43,2.62,0.0,90,Mist,mist,9,5242
2710,No Holiday,283.82,0.0,0.0,1,Clear,sky is clear,10,6158
2711,No Holiday,295.42,0.0,0.0,12,Clouds,few clouds,6,2779
2712,No Holiday,292.65,25.32,0.0,8,Rain,very heavy rain,7,958
2713,No Holiday,284.86,0.0,0.0,1,Clear,sky is clear,11,1431
2714,No Holiday,281.86,0.0,0.0,1,Clear,sky is clear,11,3159
2715,No Holiday,279.16,0.0,0.0,1,Clear,sky is clear,11,723
2716,No Holiday,290.38,3.94,0.0,76,Rain,moderate rain,9,5173
2717,No Holiday,276.94,0.0,0.0,90,Drizzle,drizzle,12,3331
2718,No Holiday,275.31,0.0,0.0,75,Clouds,broken clouds,3,2839
2719,No Holiday,279.57,0.0,0.0,90,Rain,light rain,4,3994
2720,No Holiday,267.45,0.0,0.0,75,Mist,mist,2,3426
2721,No Holiday,265.55,0.0,0.0,90,Snow,light snow,12,2141
2722,No Holiday,275.55,0.0,0.0,64,Rain,light rain,11,286
2723,No Holiday,271.391,0.0,0.0,92,Clouds,overcast clouds,1,2443
2724,No Holiday,256.01,0.76,0.0,90,Snow,light snow,12,4233
2725,No Holiday,297.35,0.0,0.0,1,Thunderstorm,proximity thunderstorm,6,1724
2726,No Holiday,288.394,0.0,0.0,44,Clouds,scattered clouds,7,732
2727,No Holiday,288.16,0.0,0.0,90,Clouds,overcast clouds,10,5142
2728,No Holiday,284.04,0.0,0.0,0,Clear,Sky is Clear,7,819
2729,No Holiday,293.08,0.0,0.0,75,Rain,moderate rain,6,6037
2730,No Holiday,293.65,12.19,0.0,88,Rain,heavy intensity rain,6,4271
2731,No Holiday,256.21,0.0,0.0,64,Mist,mist,12,981
2732,No Holiday,273.53,0.0,0.0,90,Rain,light rain,4,6400
2733,No Holiday,294.09,0.0,0.0,1,Rain,heavy intensity rain,6,462
2734,No Holiday,274.22,0.0,0.0,90,Snow,heavy snow,3,4129
2735,No Holiday,273.36,0.0,0.0,1,Clear,sky is clear,11,427
2736,No Holiday,300.55,0.0,0.0,40,Clouds,scattered clouds,6,4286
2737,No Holiday,268.55,0.0,0.0,1,Clear,sky is clear,12,1534
2738,No Holiday,293.32,0.0,0.0,75,Clouds,broken clouds,4,6876
2739,No Holiday,293.51,0.0,0.0,75,Rain,light rain,6,4789
2740,No Holiday,301.14,0.0,0.0,20,Clouds,few clouds,9,5319
2741,No Holiday,289.67,2.79,0.0,90,Mist,mist,8,5611
2742,No Holiday,295.01,0.0,0.0,40,Clouds,scattered clouds,6,4863
2743,No Holiday,272.22,0.0,0.0,40,Clouds,scattered clouds,2,2906
2744,No Holiday,287.37,0.0,0.0,5,Clear,sky is clear,10,2836
2745,No Holiday,295.209,0.0,0.0,92,Rain,light rain,7,3683
2746,No Holiday,292.56,2.54,0.0,1,Drizzle,drizzle,8,356
2747,No Holiday,294.5,0.25,0.0,40,Rain,light rain,9,565
2748,No Holiday,282.58,0.0,0.0,90,Clouds,overcast clouds,10,654
2749,No Holiday,293.67,0.0,0.0,40,Clouds,scattered clouds,5,325
2750,No Holiday,290.84,0.0,0.0,1,Clear,sky is clear,7,2706
2751,No Holiday,286.46,0.0,0.0,75,Clouds,broken clouds,6,6476
2752,No Holiday,296.72,0.0,0.0,8,Clear,sky is clear,6,2759
2753,No Holiday,260.94,0.0,0.0,20,Clouds,few clouds,1,5751
2754,No Holiday,258.84,0.0,0.0,64,Mist,mist,12,555
2755,No Holiday,277.635,0.0,0.0,80,Clouds,broken clouds,10,589
2756,No Holiday,270.72,0.0,0.0,90,Mist,mist,1,5034
2757,No Holiday,294.07,2.16,0.0,40,Rain,moderate rain,7,847
2758,No Holiday,288.73,0.0,0.0,1,Mist,mist,6,513
2759,No Holiday,272.01,0.0,0.0,64,Clouds,broken clouds,12,365
2760,No Holiday,275.73,0.0,0.0,1,Clear,sky is clear,11,537
2761,No Holiday,286.36,0.0,0.0,90,Drizzle,light intensity drizzle,4,4087
2762,No Holiday,291.84,0.0,0.0,90,Mist,mist,7,444
2763,No Holiday,300.48,0.0,0.0,1,Clear,sky is clear,8,6278
2764,No Holiday,296.9,0.0,0.0,1,Clear,sky is clear,6,4439
2765,No Holiday,290.83,0.0,0.0,90,Drizzle,light intensity drizzle,9,5217
2766,No Holiday,293.36,0.0,0.0,90,Thunderstorm,proximity thunderstorm with rain,6,4196
2767,No Holiday,294.15,0.0,0.0,75,Mist,mist,7,5771
2768,No Holiday,276.7,0.0,0.0,90,Clouds,overcast clouds,5,732
2769,No Holiday,291.94,0.0,0.0,90,Mist,mist,8,6584
2770,No Holiday,288.12,0.51,0.0,40,Rain,light rain,5,281
2771,No Holiday,289.0,0.0,0.0,90,Clouds,overcast clouds,5,3414
2772,No Holiday,275.27,0.0,0.0,90,Drizzle,light intensity drizzle,4,2394
2773,No Holiday,283.3,0.0,0.0,90,Clouds,overcast clouds,5,6527
2774,No Holiday,297.52,0.0,0.0,75,Clouds,broken clouds,7,4442
2775,No Holiday,268.68,0.0,0.0,90,Clouds,overcast clouds,3,3424
2776,No Holiday,291.75,0.0,0.0,40,Clouds,scattered clouds,6,3829
2777,No Holiday,271.73,0.0,0.0,0,Clear,Sky is Clear,10,5634
2778,No Holiday,297.08,0.0,0.0,20,Clouds,few clouds,9,4834
2779,No Holiday,290.86,0.0,0.0,1,Clear,sky is clear,8,461
2780,No Holiday,290.75,0.0,0.0,90,Mist,mist,6,4792
2781,No Holiday,296.86,0.0,0.0,90,Rain,light rain,7,1709
2782,No Holiday,299.28,0.0,0.0,20,Clouds,few clouds,7,3164
2783,No Holiday,270.0,0.0,0.0,40,Snow,light snow,11,5793
2784,No Holiday,281.17,0.0,0.0,90,Clouds,overcast clouds,10,361
2785,No Holiday,298.55,0.0,0.0,75,Clouds,broken clouds,7,5257
2786,No Holiday,292.31,0.0,0.0,88,Clouds,overcast clouds,6,6315
2787,No Holiday,299.9,0.0,0.0,75,Clouds,broken clouds,7,334
2788,No Holiday,272.21,0.0,0.0,90,Snow,light snow,3,4958
2789,No Holiday,270.59,0.0,0.0,1,Clear,sky is clear,1,5354
2790,No Holiday,297.71,0.0,0.0,90,Clouds,overcast clouds,8,3828
2791,No Holiday,287.15,0.0,0.0,90,Rain,moderate rain,4,2872
2792,No Holiday,280.86,0.0,0.0,90,Drizzle,drizzle,5,581
2793,No Holiday,286.88,0.0,0.0,1,Clear,sky is clear,10,427
2794,No Holiday,279.42,0.0,0.0,1,Clear,sky is clear,11,1313
2795,No Holiday,272.28,0.0,0.0,90,Clouds,overcast clouds,2,1263
2796,No Holiday,284.96,0.0,0.0,90,Clouds,overcast clouds,3,5827
2797,No Holiday,287.36,0.0,0.0,90,Clouds,overcast clouds,5,4398
2798,No Holiday,271.35,0.0,0.0,90,Snow,light snow,12,536
2799,No Holiday,292.62,1.06,0.0,75,Rain,moderate rain,9,522
2800,No Holiday,294.08,0.0,0.0,1,Clear,sky is clear,5,6337
2801,No Holiday,265.77,0.0,0.0,40,Clouds,scattered clouds,11,775
2802,No Holiday,289.48,0.0,0.0,40,Mist,mist,6,5301
2803,No Holiday,300.28,0.0,0.0,40,Clouds,scattered clouds,5,3997
2804,No Holiday,255.22,0.0,0.0,1,Clear,sky is clear,1,1211
2805,No Holiday,273.9,0.0,0.0,99,Clear,sky is clear,11,2029
2806,No Holiday,259.59,0.0,0.0,90,Snow,light snow,12,5338
2807,No Holiday,279.07,0.55,0.0,90,Rain,light rain,4,280
2808,No Holiday,286.7,0.64,0.0,92,Mist,mist,10,3250
2809,No Holiday,297.15,0.0,0.0,1,Clear,sky is clear,8,5043
2810,No Holiday,267.38,0.0,0.0,1,Clear,sky is clear,4,807
2811,No Holiday,289.83,0.0,0.0,1,Clear,sky is clear,9,5299
2812,No Holiday,252.08,0.0,0.0,1,Clear,sky is clear,1,2880
2813,No Holiday,299.65,0.0,0.0,90,Rain,light rain,9,6511
2814,No Holiday,287.69,0.0,0.0,0,Clear,Sky is Clear,9,1446
2815,No Holiday,292.43,0.0,0.0,75,Clouds,broken clouds,5,4541
2816,No Holiday,261.71,0.0,0.0,1,Clear,sky is clear,3,998
2817,No Holiday,290.273,0.0,0.0,0,Clear,Sky is Clear,10,2911
2818,No Holiday,292.22,0.0,0.0,90,Rain,light rain,6,6821
2819,No Holiday,275.22,0.0,0.0,90,Clouds,overcast clouds,5,5668
2820,No Holiday,294.71,0.0,0.0,75,Clouds,broken clouds,5,5877
2821,No Holiday,275.2,0.0,0.0,1,Clear,sky is clear,4,2780
2822,No Holiday,295.69,0.0,0.0,90,Clouds,overcast clouds,8,5304
2823,No Holiday,273.55,0.0,0.0,90,Clouds,overcast clouds,2,4771
2824,No Holiday,287.89,0.0,0.0,5,Clear,sky is clear,10,3210
2825,No Holiday,300.86,0.0,0.0,40,Thunderstorm,proximity thunderstorm,7,5590
2826,No Holiday,294.93,0.0,0.0,1,Clear,sky is clear,6,2631
2827,No Holiday,286.89,0.0,0.0,90,Rain,moderate rain,6,3916
2828,No Holiday,292.82,0.0,0.0,1,Clear,sky is clear,9,941
2829,No Holiday,304.82,0.0,0.0,1,Clear,sky is clear,9,4154
2830,No Holiday,279.92,0.0,0.0,1,Clear,sky is clear,11,1241
2831,No Holiday,265.29,0.0,0.0,1,Mist,mist,2,5572
2832,No Holiday,296.22,0.0,0.0,20,Clouds,few clouds,7,3053
2833,No Holiday,289.87,0.0,0.0,1,Thunderstorm,proximity thunderstorm,9,2763
2834,No Holiday,278.51,0.0,0.0,64,Clouds,broken clouds,11,753
2835,No Holiday,265.93,0.0,0.0,20,Clouds,few clouds,1,4410
2836,No Holiday,270.9,0.0,0.0,90,Snow,light snow,11,3500
2837,No Holiday,246.65,0.0,0.0,20,Clouds,few clouds,1,4360
2838,No Holiday,297.32,0.0,0.0,1,Clear,sky is clear,10,5501
2839,No Holiday,282.78,0.0,0.0,40,Rain,moderate rain,5,357
2840,No Holiday,260.44,0.0,0.0,75,Snow,light snow,2,1536
2841,No Holiday,275.79,0.0,0.0,1,Clear,sky is clear,4,1291
2842,No Holiday,290.58,0.0,0.0,90,Clouds,overcast clouds,8,6123
2843,No Holiday,273.65,0.0,0.0,90,Rain,light rain,2,3609
2844,No Holiday,298.64,0.0,0.0,75,Clouds,broken clouds,7,5543
2845,No Holiday,264.86,0.0,0.0,90,Snow,heavy snow,1,535
2846,No Holiday,295.83,0.0,0.0,20,Haze,haze,5,3153
2847,No Holiday,281.5,0.0,0.0,1,Clear,sky is clear,10,3010
2848,No Holiday,289.88,0.0,0.0,75,Mist,mist,9,1161
2849,No Holiday,286.86,0.0,0.0,1,Clear,sky is clear,6,636
2850,No Holiday,274.84,0.0,0.0,90,Clouds,overcast clouds,12,852
2851,No Holiday,265.07,0.0,0.0,90,Mist,mist,12,5549
2852,No Holiday,290.79,0.0,0.0,90,Rain,moderate rain,6,6350
2853,No Holiday,272.42,0.0,0.0,90,Snow,light snow,3,4755
2854,No Holiday,294.51,0.0,0.0,80,Fog,fog,7,518
2855,No Holiday,304.28,0.0,0.0,20,Clouds,few clouds,7,4216
2856,No Holiday,298.98,0.0,0.0,75,Clouds,broken clouds,7,5866
2857,No Holiday,273.77,0.0,0.0,90,Snow,heavy snow,2,2909
2858,No Holiday,271.75,0.0,0.0,90,Clouds,overcast clouds,3,5626
2859,No Holiday,276.84,0.0,0.0,90,Drizzle,light intensity drizzle,5,4691
2860,No Holiday,294.51,0.0,0.0,1,Clear,sky is clear,8,5600
2861,No Holiday,272.92,0.0,0.0,90,Snow,light snow,11,5339
2862,No Holiday,299.35,0.0,0.0,0,Clear,Sky is Clear,8,2101
2863,No Holiday,297.28,0.0,0.0,20,Clouds,few clouds,6,5070
2864,No Holiday,268.15,0.0,0.0,20,Clouds,few clouds,3,6199
2865,No Holiday,281.88,0.0,0.0,90,Clouds,overcast clouds,10,494
2866,No Holiday,273.95,0.0,0.0,90,Drizzle,drizzle,1,319
2867,No Holiday,279.4,0.0,0.0,1,Clear,sky is clear,4,3126
2868,No Holiday,300.42,0.0,0.0,40,Clouds,scattered clouds,6,4630
2869,No Holiday,292.08,0.0,0.0,90,Thunderstorm,proximity thunderstorm,7,6827
2870,No Holiday,276.71,0.0,0.0,90,Clouds,overcast clouds,1,3843
2871,No Holiday,279.92,0.0,0.0,91,Mist,mist,10,4328
2872,No Holiday,285.2,0.0,0.0,1,Clear,sky is clear,7,3065
2873,No Holiday,272.35,0.0,0.0,90,Snow,heavy snow,12,4057
2874,No Holiday,270.09,0.0,0.0,1,Clear,sky is clear,3,440
2875,No Holiday,294.86,0.0,0.0,90,Rain,light rain,8,5995
2876,No Holiday,294.96,0.0,0.0,1,Clear,sky is clear,9,3692
2877,No Holiday,295.09,0.0,0.0,75,Rain,light rain,6,3128
2878,No Holiday,293.04,0.0,0.0,1,Clear,sky is clear,7,2713
2879,No Holiday,290.45,0.0,0.0,75,Rain,moderate rain,10,212
2880,No Holiday,288.45,0.0,0.0,0,Clear,Sky is Clear,7,427
2881,No Holiday,267.81,0.0,0.0,64,Clouds,broken clouds,12,2169
2882,No Holiday,284.02,0.0,0.0,90,Mist,mist,10,4564
2883,No Holiday,285.66,0.0,0.0,90,Clouds,overcast clouds,5,427
2884,No Holiday,294.56,0.0,0.0,1,Clear,sky is clear,7,582
2885,No Holiday,279.61,0.0,0.0,90,Mist,mist,11,911
2886,No Holiday,280.15,0.0,0.0,90,Clouds,overcast clouds,5,4956
2887,No Holiday,292.55,0.0,0.0,20,Clouds,few clouds,5,4987
2888,No Holiday,281.7,0.0,0.0,90,Clouds,overcast clouds,10,1364
2889,No Holiday,271.87,0.0,0.0,90,Snow,light snow,4,3587
2890,No Holiday,256.21,0.0,0.0,1,Clear,sky is clear,2,2854
2891,No Holiday,291.69,0.0,0.0,1,Clear,sky is clear,5,2267
2892,No Holiday,287.81,0.0,0.0,90,Mist,mist,8,4839
2893,No Holiday,285.55,0.0,0.0,90,Drizzle,light intensity drizzle,5,4517
2894,No Holiday,287.38,0.0,0.0,90,Thunderstorm,proximity thunderstorm with drizzle,5,2491
2895,No Holiday,300.88,0.0,0.0,48,Rain,light rain,7,4658
2896,No Holiday,298.89,0.0,0.0,90,Drizzle,light intensity drizzle,6,2824
2897,No Holiday,273.29,0.0,0.0,1,Clear,sky is clear,11,1054
2898,No Holiday,276.87,0.0,0.0,90,Drizzle,drizzle,12,1656
2899,No Holiday,299.94,0.0,0.0,90,Clouds,overcast clouds,7,5413
2900,No Holiday,262.09,0.0,0.0,1,Clear,sky is clear,3,1107
2901,No Holiday,278.93,0.0,0.0,90,Drizzle,light intensity drizzle,10,705
2902,No Holiday,270.69,0.0,0.0,90,Mist,mist,4,6495
2903,No Holiday,255.5,0.0,0.0,5,Mist,mist,1,5045
2904,No Holiday,295.39,0.0,0.0,40,Clouds,scattered clouds,7,3077
2905,No Holiday,291.02,0.0,0.0,1,Clear,sky is clear,9,344
2906,No Holiday,297.35,0.0,0.0,1,Clear,sky is clear,5,3602
2907,No Holiday,269.87,0.0,0.0,1,Clear,sky is clear,1,1835
2908,No Holiday,278.48,0.0,0.0,20,Clouds,few clouds,10,2711
2909,No Holiday,280.13,0.0,0.0,1,Clear,sky is clear,9,903
2910,No Holiday,285.78,0.0,0.0,1,Clear,sky is clear,6,752
2911,No Holiday,286.8,0.0,0.0,90,Clouds,overcast clouds,10,4313
2912,No Holiday,275.65,0.0,0.0,90,Rain,light rain,11,5344
2913,No Holiday,287.55,0.0,0.0,1,Mist,mist,8,409
2914,No Holiday,284.25,0.0,0.0,75,Clouds,broken clouds,5,6325
2915,No Holiday,294.88,0.0,0.0,75,Mist,mist,5,4652
2916,No Holiday,264.86,0.0,0.0,90,Snow,heavy snow,2,3562
2917,No Holiday,285.72,0.0,0.0,40,Clouds,scattered clouds,5,4999
2918,No Holiday,293.22,4.57,0.0,90,Rain,heavy intensity rain,7,5205
2919,No Holiday,282.17,0.0,0.0,1,Fog,fog,8,2974
2920,No Holiday,295.92,0.0,0.0,1,Clear,sky is clear,4,3909
2921,No Holiday,285.69,0.0,0.0,20,Clouds,few clouds,5,3858
2922,No Holiday,296.39,0.0,0.0,1,Clear,sky is clear,8,2917
2923,No Holiday,278.5,0.0,0.0,1,Clear,sky is clear,4,2760
2924,No Holiday,303.88,0.0,0.0,5,Clear,sky is clear,8,4466
2925,No Holiday,282.3,0.0,0.0,90,Clouds,overcast clouds,5,265
2926,No Holiday,273.01,0.0,0.0,90,Clouds,overcast clouds,3,3283
2927,No Holiday,270.54,0.0,0.0,75,Clouds,broken clouds,3,4636
2928,No Holiday,289.01,0.0,0.0,1,Clear,sky is clear,6,337
2929,No Holiday,291.88,0.0,0.0,90,Mist,mist,6,4221
2930,No Holiday,284.26,0.0,0.0,1,Clear,sky is clear,9,3248
2931,No Holiday,297.19,0.0,0.0,0,Rain,light rain,7,4333
2932,No Holiday,289.3,0.0,0.0,1,Clear,sky is clear,7,759
2933,No Holiday,299.35,0.0,0.0,1,Clear,sky is clear,7,3412
2934,No Holiday,289.19,0.0,0.0,1,Clear,sky is clear,7,347
2935,No Holiday,290.31,0.0,0.0,1,Clear,sky is clear,9,5708
2936,No Holiday,273.771,0.0,0.0,0,Clear,Sky is Clear,10,330
2937,No Holiday,273.22,0.0,0.0,90,Clouds,overcast clouds,11,1469
2938,No Holiday,290.45,0.0,0.0,1,Clear,sky is clear,5,1161
2939,No Holiday,262.42,0.0,0.0,1,Clear,sky is clear,1,5026
2940,No Holiday,269.47,0.0,0.0,90,Clouds,overcast clouds,2,5011
2941,No Holiday,293.95,0.0,0.0,1,Clear,sky is clear,7,1408
2942,No Holiday,300.69,0.0,0.0,90,Drizzle,light intensity drizzle,6,3076
2943,No Holiday,293.76,0.0,0.0,1,Clear,sky is clear,7,3144
2944,No Holiday,297.37,0.0,0.0,0,Clear,Sky is Clear,8,470
2945,No Holiday,287.19,0.0,0.0,1,Clear,sky is clear,5,5282
2946,No Holiday,282.737,0.0,0.0,0,Clear,Sky is Clear,10,403
2947,No Holiday,287.29,0.0,0.0,5,Mist,mist,8,6073
2948,No Holiday,299.73,0.0,0.0,40,Clouds,scattered clouds,7,3905
2949,No Holiday,294.65,0.0,0.0,40,Clouds,scattered clouds,6,6236
2950,No Holiday,298.76,0.0,0.0,75,Clouds,broken clouds,5,3335
2951,No Holiday,289.15,0.0,0.0,40,Clouds,scattered clouds,5,833
2952,No Holiday,274.85,0.0,0.0,90,Mist,mist,12,3076
2953,No Holiday,291.22,0.0,0.0,40,Rain,moderate rain,6,884
2954,No Holiday,292.8,0.0,0.0,90,Mist,mist,8,6068
2955,No Holiday,284.03,0.0,0.0,93,Mist,mist,10,2718
2956,No Holiday,301.51,0.0,0.0,40,Clouds,scattered clouds,7,5558
2957,No Holiday,262.29,0.0,0.0,90,Clouds,overcast clouds,2,519
2958,No Holiday,300.65,0.0,0.0,40,Clouds,scattered clouds,8,5590
2959,No Holiday,291.21,0.64,0.0,40,Haze,haze,5,5152
2960,No Holiday,292.29,0.0,0.0,48,Rain,light rain,9,448
2961,No Holiday,276.27,0.0,0.0,90,Drizzle,drizzle,11,5283
2962,No Holiday,272.62,0.0,0.0,5,Clear,sky is clear,2,6368
2963,No Holiday,302.48,0.0,0.0,1,Clear,sky is clear,7,3846
2964,No Holiday,272.08,0.0,0.0,20,Clouds,few clouds,1,5886
2965,No Holiday,292.15,0.0,0.0,90,Rain,moderate rain,6,4621
2966,No Holiday,296.37,0.0,0.0,1,Clear,sky is clear,6,1974
2967,No Holiday,290.45,0.0,0.0,24,Clouds,few clouds,5,6884
2968,No Holiday,282.36,0.0,0.0,1,Clear,sky is clear,10,1315
2969,No Holiday,294.478,0.0,0.0,0,Clear,Sky is Clear,7,3707
2970,No Holiday,276.08,0.0,0.0,90,Rain,light rain,4,5687
2971,No Holiday,290.45,0.0,0.0,75,Mist,mist,10,212
2972,No Holiday,275.89,0.0,0.0,1,Clear,sky is clear,11,5906
2973,No Holiday,288.87,0.0,0.0,1,Clear,sky is clear,9,2228
2974,No Holiday,277.38,0.0,0.0,1,Clear,sky is clear,10,1647
2975,No Holiday,263.08,0.0,0.0,1,Clear,sky is clear,2,4759
2976,No Holiday,269.94,0.0,0.0,90,Snow,light snow,4,1494
2977,No Holiday,294.0,0.0,0.0,75,Mist,mist,5,2466
2978,No Holiday,291.69,0.0,0.0,1,Clear,sky is clear,7,502
2979,No Holiday,270.79,0.0,0.0,90,Mist,mist,2,1569
2980,No Holiday,275.02,0.0,0.0,90,Rain,moderate rain,1,2609
2981,No Holiday,277.58,0.0,0.0,1,Clear,sky is clear,4,5844
2982,No Holiday,273.94,0.0,0.0,90,Clouds,overcast clouds,12,3469
2983,No Holiday,257.12,0.0,0.0,20,Clouds,few clouds,2,5227
2984,No Holiday,269.95,0.0,0.0,90,Clouds,overcast clouds,3,5219
2985,No Holiday,277.29900000000004,0.0,0.0,8,Clear,sky is clear,10,2973
2986,No Holiday,289.65,0.0,0.0,75,Clouds,broken clouds,9,4991
2987,No Holiday,296.64,0.0,0.0,90,Clouds,overcast clouds,7,2471
2988,No Holiday,271.48,0.0,0.0,90,Fog,fog,12,6393
2989,No Holiday,256.04,0.0,0.0,75,Clouds,broken clouds,2,1205
2990,No Holiday,273.23,0.0,0.0,75,Clouds,broken clouds,3,4742
2991,No Holiday,267.34,0.0,0.0,1,Clear,sky is clear,12,2416
2992,No Holiday,295.36,0.0,0.0,40,Clouds,scattered clouds,9,4232
2993,No Holiday,283.31,0.25,0.0,76,Drizzle,light intensity drizzle,10,4724
2994,No Holiday,263.4,0.0,0.0,90,Clouds,overcast clouds,2,820
2995,No Holiday,290.86,0.0,0.0,40,Rain,moderate rain,5,1186
2996,No Holiday,299.87,0.0,0.0,0,Clear,Sky is Clear,8,3790
2997,No Holiday,255.11,0.0,0.0,64,Haze,haze,12,1025
2998,No Holiday,295.78,0.0,0.0,0,Clear,Sky is Clear,7,1209
2999,No Holiday,274.29,0.0,0.0,90,Snow,heavy snow,4,301
3000,No Holiday,286.71,0.0,0.0,24,Clouds,few clouds,9,4978
3001,No Holiday,285.84,0.0,0.0,40,Clouds,scattered clouds,5,3095
3002,No Holiday,274.65,0.0,0.0,90,Mist,mist,10,2805
3003,No Holiday,272.55,0.0,0.0,40,Clouds,scattered clouds,2,6009
3004,No Holiday,294.83,0.0,0.0,90,Rain,light rain,7,483
3005,No Holiday,274.98,0.0,0.0,90,Mist,mist,3,3283
3006,No Holiday,270.35,0.0,0.0,1,Clear,sky is clear,11,2985
3007,No Holiday,296.0,0.0,0.0,12,Clouds,few clouds,7,3140
3008,No Holiday,257.33,0.0,0.0,64,Clouds,broken clouds,1,4144
3009,No Holiday,265.34,0.0,0.0,1,Clear,sky is clear,1,5953
3010,No Holiday,284.32,1.98,0.0,90,Thunderstorm,proximity thunderstorm,5,6215
3011,No Holiday,277.89,0.0,0.0,90,Clouds,overcast clouds,5,2732
3012,No Holiday,290.31,0.0,0.0,92,Clouds,overcast clouds,6,710
3013,No Holiday,291.75,0.0,0.0,75,Clouds,broken clouds,9,309
3014,No Holiday,292.93,0.0,0.0,90,Rain,moderate rain,9,4549
3015,No Holiday,271.98,0.0,0.0,1,Clear,sky is clear,1,3453
3016,No Holiday,286.03,0.0,0.0,75,Rain,moderate rain,4,1831
3017,No Holiday,282.86,0.0,0.0,90,Fog,fog,3,4196
3018,No Holiday,287.153,0.0,0.0,92,Rain,light rain,10,3455
3019,No Holiday,271.28,0.0,0.0,90,Snow,light snow,3,335
3020,No Holiday,282.96,0.0,0.0,1,Mist,mist,5,6888
3021,No Holiday,272.49,0.0,0.0,64,Clouds,broken clouds,12,842
3022,No Holiday,257.18,0.0,0.0,64,Clouds,broken clouds,12,795
3023,No Holiday,285.31,0.0,0.0,0,Clear,Sky is Clear,10,4521
3024,No Holiday,276.38,0.0,0.0,90,Clouds,overcast clouds,11,6834
3025,No Holiday,294.85,0.0,0.0,1,Clear,sky is clear,5,1094
3026,No Holiday,266.9,0.0,0.0,90,Clouds,overcast clouds,3,6104
3027,No Holiday,300.15,0.0,0.0,1,Clear,sky is clear,7,5740
3028,No Holiday,287.26,0.0,0.0,0,Clear,Sky is Clear,9,898
3029,No Holiday,285.91,0.0,0.0,90,Clouds,overcast clouds,10,2732
3030,No Holiday,293.69,0.0,0.0,1,Thunderstorm,proximity thunderstorm,7,357
3031,No Holiday,269.28,0.0,0.0,90,Snow,light snow,2,340
3032,No Holiday,275.01,0.6,0.0,75,Rain,light rain,3,5777
3033,No Holiday,254.79,0.0,0.0,1,Clear,sky is clear,2,5454
3034,No Holiday,290.29,0.0,0.0,90,Rain,light rain,7,6260
3035,No Holiday,286.69,0.0,0.0,1,Clear,sky is clear,4,295
3036,No Holiday,261.61,0.0,0.0,1,Clear,sky is clear,11,6641
3037,No Holiday,257.51,0.0,0.0,1,Clear,sky is clear,3,6536
3038,No Holiday,263.88,0.0,0.0,1,Mist,mist,1,2465
3039,No Holiday,291.44,0.0,0.0,90,Rain,light rain,6,2686
3040,No Holiday,266.34,0.0,0.0,90,Mist,mist,1,604
3041,No Holiday,296.5,0.0,0.0,1,Clear,sky is clear,7,357
3042,No Holiday,264.58,0.0,0.0,90,Mist,mist,1,2218
3043,No Holiday,295.35,0.0,0.0,8,Clear,sky is clear,8,4428
3044,No Holiday,265.84,0.0,0.0,90,Snow,light snow,12,4515
3045,No Holiday,297.36,0.0,0.0,20,Clouds,few clouds,5,6539
3046,No Holiday,293.2,0.28,0.0,90,Drizzle,light intensity drizzle,9,4056
3047,No Holiday,300.38,0.0,0.0,5,Clear,sky is clear,7,3053
3048,No Holiday,258.46,0.0,0.0,5,Clear,sky is clear,1,6317
3049,No Holiday,296.26,0.0,0.0,24,Clouds,few clouds,7,779
3050,No Holiday,263.14,0.0,0.0,1,Clear,sky is clear,2,2322
3051,No Holiday,290.29,0.0,0.0,90,Clouds,overcast clouds,9,5237
3052,No Holiday,300.44,0.0,0.0,1,Clear,sky is clear,7,699
3053,No Holiday,258.52,0.0,0.0,0,Clear,sky is clear,1,2682
3054,No Holiday,288.85,0.0,0.0,1,Clear,sky is clear,6,6489
3055,No Holiday,293.66,0.0,0.0,75,Drizzle,light intensity drizzle,6,4257
3056,No Holiday,279.15,0.0,0.0,1,Clear,sky is clear,5,353
3057,No Holiday,275.31,0.0,0.0,90,Mist,mist,5,5133
3058,No Holiday,273.68,0.0,0.0,90,Snow,light snow,1,3099
3059,No Holiday,252.46,0.0,0.0,1,Clear,sky is clear,12,3802
3060,No Holiday,284.69,0.0,0.0,1,Clear,sky is clear,6,928
3061,No Holiday,270.67,0.0,0.0,40,Clouds,scattered clouds,3,6462
3062,No Holiday,267.92,0.0,0.0,90,Mist,mist,4,198
3063,No Holiday,273.15,0.0,0.0,40,Clouds,scattered clouds,11,3136
3064,No Holiday,276.87,0.0,0.0,90,Rain,light rain,3,1544
3065,No Holiday,290.08,0.0,0.0,90,Rain,heavy intensity rain,9,2880
3066,No Holiday,281.86,0.0,0.0,90,Rain,light rain,10,258
3067,No Holiday,276.69,0.0,0.0,90,Clouds,overcast clouds,4,6670
3068,No Holiday,300.82,0.0,0.0,20,Clouds,few clouds,8,2698
3069,No Holiday,286.15,0.0,0.0,90,Drizzle,drizzle,10,2625
3070,No Holiday,285.45,0.76,0.0,90,Rain,light rain,5,6182
3071,No Holiday,293.79,0.0,0.0,1,Clear,sky is clear,5,4972
3072,No Holiday,292.83,0.51,0.0,92,Rain,light rain,8,3258
3073,No Holiday,272.55,0.0,0.0,90,Snow,snow,4,4539
3074,No Holiday,300.61,0.0,0.0,1,Clear,sky is clear,6,3996
3075,No Holiday,278.79,0.0,0.0,90,Mist,mist,11,247
3076,No Holiday,287.49,0.0,0.0,92,Drizzle,light intensity drizzle,6,5638
3077,No Holiday,274.93,0.0,0.0,5,Clear,sky is clear,3,5413
3078,No Holiday,253.27,0.0,0.0,1,Clear,sky is clear,3,1810
3079,No Holiday,291.69,0.38,0.0,75,Mist,mist,9,1561
3080,No Holiday,277.5,0.0,0.0,1,Clear,sky is clear,3,843
3081,No Holiday,274.16,0.0,0.0,20,Clouds,few clouds,12,6002
3082,No Holiday,272.9,0.0,0.0,75,Clouds,broken clouds,4,5108
3083,No Holiday,274.81,0.0,0.0,40,Mist,mist,3,5082
3084,No Holiday,279.66,0.0,0.0,75,Clouds,broken clouds,11,1094
3085,No Holiday,282.82,0.0,0.0,1,Mist,mist,10,833
3086,No Holiday,299.62,0.0,0.0,75,Clouds,broken clouds,7,4788
3087,No Holiday,284.08,0.0,0.0,90,Mist,mist,4,6405
3088,No Holiday,274.24,0.0,0.0,20,Clouds,few clouds,10,393
3089,No Holiday,288.99,0.0,0.0,1,Clear,sky is clear,7,349
3090,No Holiday,292.28,0.0,0.0,1,Rain,light rain,7,5950
3091,No Holiday,295.58,0.0,0.0,1,Clear,sky is clear,8,2958
3092,No Holiday,293.49,0.0,0.0,75,Rain,light rain,9,6067
3093,No Holiday,281.97,0.0,0.0,0,Clear,Sky is Clear,10,1530
3094,No Holiday,273.41,0.0,0.0,90,Clouds,overcast clouds,1,5623
3095,No Holiday,286.87,0.0,0.0,1,Mist,mist,11,367
3096,No Holiday,279.22,0.0,0.0,90,Drizzle,drizzle,11,4550
3097,No Holiday,262.31,0.0,0.0,90,Clouds,overcast clouds,12,2933
3098,No Holiday,275.65,0.0,0.0,1,Mist,mist,2,394
3099,No Holiday,270.6,0.0,0.0,1,Clear,sky is clear,3,1661
3100,No Holiday,268.94,0.0,0.0,1,Clear,sky is clear,11,513
3101,No Holiday,275.15,0.0,0.0,90,Mist,mist,3,4068
3102,No Holiday,262.08,0.0,0.0,40,Clouds,scattered clouds,3,5874
3103,No Holiday,273.94,0.0,0.0,1,Clear,sky is clear,4,526
3104,No Holiday,284.62,0.0,0.0,90,Mist,mist,4,2164
3105,No Holiday,291.52,1.49,0.0,90,Rain,moderate rain,6,816
3106,No Holiday,273.9,0.0,0.0,90,Fog,fog,11,1752
3107,No Holiday,262.54,0.0,0.0,75,Clouds,broken clouds,3,800
3108,No Holiday,274.17,0.0,0.0,90,Clouds,overcast clouds,3,5054
3109,No Holiday,291.52,1.49,0.0,90,Thunderstorm,proximity thunderstorm,6,816
3110,No Holiday,272.5,0.0,0.0,1,Clear,sky is clear,11,5020
3111,No Holiday,281.94,0.0,0.0,90,Haze,haze,5,4547
3112,No Holiday,300.2,0.0,0.0,1,Clear,sky is clear,8,3926
3113,No Holiday,276.72,0.0,0.0,90,Clouds,overcast clouds,4,6713
3114,No Holiday,297.95,0.0,0.0,75,Clouds,broken clouds,7,3170
3115,No Holiday,270.29,0.0,0.0,40,Mist,mist,2,2830
3116,No Holiday,263.07,0.0,0.0,90,Mist,mist,1,2669
3117,No Holiday,297.79,0.0,0.0,20,Clouds,few clouds,7,5611
3118,No Holiday,291.87,0.0,0.0,5,Clear,sky is clear,6,2080
3119,No Holiday,295.82,0.0,0.0,1,Clear,sky is clear,7,3553
3120,No Holiday,292.68,0.78,0.0,90,Rain,light rain,7,6092
3121,No Holiday,286.79,0.0,0.0,1,Clear,sky is clear,5,2271
3122,No Holiday,252.43,0.0,0.0,1,Clear,sky is clear,12,1065
3123,No Holiday,295.28,0.0,0.0,90,Mist,mist,7,4677
3124,No Holiday,290.09,0.0,0.0,1,Clear,sky is clear,6,1036
3125,No Holiday,291.78,0.38,0.0,90,Thunderstorm,proximity thunderstorm,8,5687
3126,No Holiday,278.15,0.0,0.0,90,Clouds,overcast clouds,3,426
3127,No Holiday,266.34,0.0,0.0,90,Haze,haze,1,3746
3128,No Holiday,294.32,0.0,0.0,0,Clear,Sky is Clear,9,4351
3129,No Holiday,261.29,0.0,0.0,1,Clear,sky is clear,3,1022
3130,No Holiday,299.53,0.0,0.0,1,Clear,sky is clear,8,2929
3131,No Holiday,290.8,0.25,0.0,56,Rain,light rain,6,4058
3132,No Holiday,269.79,0.0,0.0,1,Clear,sky is clear,2,294
3133,No Holiday,283.13,0.0,0.0,64,Clouds,broken clouds,11,6119
3134,No Holiday,272.29,0.0,0.0,1,Clear,sky is clear,3,1235
3135,No Holiday,264.4,0.0,0.0,75,Snow,heavy snow,11,247
3136,No Holiday,293.15,0.0,0.0,75,Rain,heavy intensity rain,6,6473
3137,No Holiday,257.07,0.0,0.0,75,Snow,light snow,12,437
3138,No Holiday,274.99,0.25,0.0,90,Rain,light rain,4,5269
3139,No Holiday,274.8,0.0,0.0,1,Clear,sky is clear,12,2114
3140,No Holiday,271.88,0.0,0.0,90,Mist,mist,12,3190
3141,No Holiday,279.42,0.0,0.0,1,Clear,sky is clear,11,4209
3142,No Holiday,266.09,0.0,0.0,90,Haze,haze,2,4232
3143,No Holiday,266.46,0.0,0.0,90,Haze,haze,12,4956
3144,No Holiday,292.92,0.25,0.0,20,Rain,light rain,4,5001
3145,No Holiday,283.88,0.0,0.0,90,Drizzle,light intensity drizzle,4,5341
3146,No Holiday,302.96,0.0,0.0,40,Rain,heavy intensity rain,6,4549
3147,No Holiday,269.92,0.0,0.0,64,Clouds,broken clouds,12,787
3148,No Holiday,284.41,0.51,0.0,40,Drizzle,drizzle,4,830
3149,No Holiday,269.29,0.0,0.0,1,Clear,sky is clear,1,1357
3150,No Holiday,299.75,0.0,0.0,1,Clear,sky is clear,6,4881
3151,No Holiday,302.47,0.0,0.0,0,Clear,Sky is Clear,8,1844
3152,No Holiday,271.33,0.0,0.0,90,Snow,light snow,2,4514
3153,No Holiday,259.36,0.0,0.0,90,Snow,light snow,12,3994
3154,No Holiday,293.79,0.0,0.0,75,Clouds,broken clouds,8,335
3155,No Holiday,299.9,0.0,0.0,40,Clouds,scattered clouds,6,6604
3156,No Holiday,294.95,0.0,0.0,1,Clear,sky is clear,4,6065
3157,No Holiday,295.36,0.0,0.0,1,Rain,light rain,6,4187
3158,No Holiday,285.73,0.0,0.0,40,Clouds,scattered clouds,9,990
3159,No Holiday,284.16,0.0,0.0,1,Clear,sky is clear,5,882
3160,No Holiday,292.08,0.0,0.0,90,Clouds,overcast clouds,8,2927
3161,No Holiday,270.08,0.0,0.0,90,Snow,light snow,2,6824
3162,No Holiday,288.76,0.0,0.0,1,Clear,sky is clear,5,364
3163,No Holiday,271.02,0.0,0.0,90,Snow,heavy snow,2,2338
3164,No Holiday,279.79,0.0,0.0,40,Clouds,scattered clouds,10,3540
3165,No Holiday,291.36,0.0,0.0,75,Rain,light rain,6,385
3166,No Holiday,292.87,0.0,0.0,1,Clear,sky is clear,8,4910
3167,No Holiday,294.25,0.0,0.0,20,Clouds,few clouds,7,5402
3168,No Holiday,289.81,0.0,0.0,92,Clouds,overcast clouds,10,1293
3169,No Holiday,296.57,0.0,0.0,36,Clouds,scattered clouds,6,6759
3170,No Holiday,275.19,0.0,0.0,75,Clouds,broken clouds,4,805
3171,No Holiday,256.01,0.76,0.0,90,Rain,light rain,12,4233
3172,No Holiday,260.3,0.0,0.0,1,Clear,sky is clear,2,5215
3173,No Holiday,294.59,0.0,0.0,75,Mist,mist,6,4342
3174,No Holiday,276.69,0.0,0.0,90,Mist,mist,12,2556
3175,No Holiday,299.51,0.0,0.0,40,Clouds,scattered clouds,7,2552
3176,No Holiday,277.62,0.0,0.0,40,Clouds,scattered clouds,3,5963
3177,No Holiday,280.15,0.0,0.0,40,Clouds,scattered clouds,11,6471
3178,No Holiday,278.51,0.0,0.0,40,Clouds,scattered clouds,2,4760
3179,No Holiday,287.83,0.0,0.0,1,Mist,mist,7,976
3180,No Holiday,285.15,0.0,0.0,1,Clear,sky is clear,8,3127
3181,No Holiday,279.22,0.0,0.0,5,Clear,sky is clear,11,2033
3182,No Holiday,284.95,0.0,0.0,90,Rain,light rain,12,4731
3183,No Holiday,290.15,0.0,0.0,90,Thunderstorm,proximity thunderstorm,6,2664
3184,No Holiday,285.58,0.0,0.0,90,Mist,mist,4,4634
3185,No Holiday,274.96,0.0,0.0,90,Mist,mist,1,2316
3186,No Holiday,293.57,0.0,0.0,36,Clouds,scattered clouds,9,4500
3187,No Holiday,294.08,9.91,0.0,90,Rain,heavy intensity rain,7,963
3188,No Holiday,277.46,0.0,0.0,90,Drizzle,light intensity drizzle,12,440
3189,No Holiday,290.64,0.0,0.0,1,Clear,sky is clear,9,3320
3190,No Holiday,298.06,0.0,0.0,32,Clouds,scattered clouds,6,4533
3191,No Holiday,276.65,0.0,0.0,90,Clouds,overcast clouds,1,4329
3192,No Holiday,293.73,0.56,0.0,48,Thunderstorm,proximity thunderstorm,9,6292
3193,No Holiday,274.41,0.0,0.0,98,Clear,sky is clear,11,5330
3194,No Holiday,274.24,0.0,0.0,90,Mist,mist,11,1452
3195,No Holiday,256.56,0.0,0.0,90,Clouds,overcast clouds,2,4678
3196,No Holiday,267.29,0.0,0.0,90,Clouds,overcast clouds,2,1602
3197,No Holiday,271.35,0.0,0.0,1,Clear,sky is clear,4,371
3198,No Holiday,286.88,0.0,0.0,90,Thunderstorm,proximity thunderstorm,4,367
3199,No Holiday,287.08,5.84,0.0,75,Thunderstorm,proximity thunderstorm,5,3117
3200,No Holiday,273.93,0.0,0.0,75,Clouds,broken clouds,1,897
3201,No Holiday,270.69,0.0,0.0,90,Snow,snow,12,843
3202,No Holiday,303.94,0.0,0.0,90,Thunderstorm,proximity thunderstorm,6,6333
3203,No Holiday,303.76,0.0,0.0,40,Clouds,scattered clouds,9,5750
3204,No Holiday,272.15,0.0,0.0,90,Snow,heavy snow,4,4058
3205,No Holiday,273.67,0.0,0.13,90,Snow,light snow,1,5548
3206,No Holiday,274.83,0.0,0.0,90,Rain,moderate rain,3,2857
3207,No Holiday,294.35,0.0,0.0,1,Clear,sky is clear,7,3030
3208,No Holiday,293.68,0.25,0.0,90,Rain,moderate rain,9,3050
3209,No Holiday,271.54,0.0,0.0,90,Clouds,overcast clouds,12,384
3210,No Holiday,289.83,0.0,0.0,90,Clouds,overcast clouds,9,5660
3211,No Holiday,295.86,0.0,0.0,40,Clouds,scattered clouds,9,2302
3212,No Holiday,288.09,0.0,0.0,75,Rain,proximity shower rain,5,3299
3213,No Holiday,287.89,0.0,0.0,1,Clear,sky is clear,7,2293
3214,No Holiday,294.41,0.0,0.0,75,Clouds,broken clouds,4,3391
3215,No Holiday,291.15,0.0,0.0,75,Clouds,broken clouds,9,5083
3216,No Holiday,274.09,0.0,0.0,90,Snow,snow,12,1945
3217,No Holiday,269.15,0.0,0.0,1,Clear,sky is clear,11,6574
3218,No Holiday,295.39,0.0,0.0,75,Rain,light rain,8,5410
3219,No Holiday,287.35,0.0,0.0,90,Mist,mist,5,3569
3220,No Holiday,284.89,0.0,0.0,75,Clouds,broken clouds,11,4459
3221,No Holiday,287.44,0.0,0.0,20,Mist,mist,7,1095
3222,No Holiday,291.29,0.0,0.0,90,Thunderstorm,thunderstorm,8,2863
3223,No Holiday,283.88,0.0,0.0,90,Clouds,overcast clouds,10,5069
3224,No Holiday,275.87,0.0,0.0,90,Mist,mist,2,4791
3225,No Holiday,298.47,0.0,0.0,40,Clouds,scattered clouds,7,3487
3226,No Holiday,293.62,2.26,0.0,90,Mist,mist,9,1351
3227,No Holiday,276.793,0.0,0.0,64,Clouds,broken clouds,1,3520
3228,No Holiday,300.84,1.78,0.0,1,Rain,moderate rain,8,6535
3229,No Holiday,302.45,0.0,0.0,0,Clear,Sky is Clear,8,3666
3230,No Holiday,272.35,0.0,0.0,90,Mist,mist,2,964
3231,No Holiday,278.72,0.0,0.0,20,Clouds,few clouds,4,4509
3232,No Holiday,266.03,0.0,0.0,90,Haze,haze,2,910
3233,No Holiday,257.68,0.0,0.0,75,Haze,haze,1,3970
3234,No Holiday,293.68,0.0,0.0,75,Clouds,broken clouds,6,3656
3235,No Holiday,294.86,2.22,0.0,90,Rain,moderate rain,9,4647
3236,No Holiday,302.56,0.0,0.0,44,Clouds,scattered clouds,7,5150
3237,No Holiday,284.12,0.0,0.0,75,Mist,mist,5,1075
3238,No Holiday,291.71,0.0,0.0,0,Clear,Sky is Clear,6,6270
3239,No Holiday,299.42,0.0,0.0,88,Clouds,overcast clouds,7,3089
3240,No Holiday,262.96,0.0,0.0,5,Snow,heavy snow,1,4938
3241,No Holiday,286.64,0.38,0.0,90,Mist,mist,10,4853
3242,No Holiday,292.9,2.86,0.0,90,Mist,mist,8,4755
3243,No Holiday,290.42,0.0,0.0,1,Thunderstorm,proximity thunderstorm,7,465
3244,No Holiday,283.89,0.0,0.0,1,Clear,sky is clear,9,2995
3245,No Holiday,267.58,0.0,0.0,1,Clear,sky is clear,3,396
3246,No Holiday,0.0,0.0,0.0,0,Clear,sky is clear,1,2557
3247,No Holiday,276.28,0.0,0.0,90,Rain,light rain,12,3142
3248,No Holiday,294.0,0.66,0.0,90,Mist,mist,7,4911
3249,No Holiday,291.28,0.0,0.0,87,Clear,sky is clear,11,1924
3250,No Holiday,291.15,0.0,0.0,75,Clouds,broken clouds,5,899
3251,No Holiday,253.29,0.0,0.0,1,Haze,haze,12,4900
3252,No Holiday,287.51,0.0,0.0,1,Drizzle,drizzle,4,3626
3253,No Holiday,286.76,0.0,0.0,68,Clouds,broken clouds,9,2277
3254,No Holiday,259.44,0.0,0.0,1,Clear,sky is clear,2,5276
3255,No Holiday,298.97,0.0,0.0,75,Drizzle,light intensity drizzle,9,355
3256,No Holiday,294.92,0.25,0.0,40,Rain,moderate rain,9,419
3257,No Holiday,289.09,0.0,0.0,40,Clouds,scattered clouds,7,840
3258,No Holiday,291.89,0.0,0.0,1,Clear,sky is clear,11,6154
3259,No Holiday,277.77,1.38,0.0,20,Rain,moderate rain,4,5084
3260,No Holiday,282.15,0.0,0.0,1,Clear,sky is clear,9,3455
3261,No Holiday,271.79,0.0,0.0,75,Clouds,broken clouds,2,3695
3262,No Holiday,270.32,0.0,0.0,75,Clouds,broken clouds,1,6771
3263,No Holiday,286.48,0.0,0.0,36,Clouds,scattered clouds,6,276
3264,No Holiday,302.17,0.0,0.0,1,Clear,sky is clear,8,4941
3265,No Holiday,273.95,0.0,0.0,40,Clouds,scattered clouds,12,4727
3266,No Holiday,290.67,0.0,0.0,0,Clear,Sky is Clear,7,550
3267,No Holiday,276.61,0.0,0.0,1,Clear,sky is clear,10,2769
3268,No Holiday,265.26,0.0,0.0,20,Clouds,few clouds,3,6383
3269,No Holiday,291.01,0.0,0.0,75,Clouds,broken clouds,6,4554
3270,No Holiday,287.83,0.0,0.0,90,Rain,moderate rain,8,5764
3271,No Holiday,270.59,0.0,0.0,64,Clouds,broken clouds,1,4384
3272,No Holiday,298.86,0.0,0.0,5,Clear,sky is clear,9,3118
3273,No Holiday,280.8,0.0,0.0,90,Haze,haze,12,4135
3274,No Holiday,290.01,0.0,0.0,1,Clear,sky is clear,5,3441
3275,No Holiday,285.95,0.0,0.0,20,Clouds,few clouds,8,370
3276,No Holiday,277.65,0.0,0.0,90,Clouds,overcast clouds,1,4757
3277,No Holiday,280.38,0.0,0.0,96,Drizzle,light intensity drizzle,10,589
3278,No Holiday,284.57,0.0,0.0,1,Clear,sky is clear,10,2840
3279,No Holiday,261.08,0.0,0.0,90,Snow,light snow,12,317
3280,No Holiday,295.34,0.0,0.0,40,Clouds,scattered clouds,7,258
3281,No Holiday,298.09,0.0,0.0,5,Clear,sky is clear,8,2687
3282,No Holiday,289.1,0.0,0.0,90,Rain,moderate rain,4,3319
3283,No Holiday,293.29,0.0,0.0,1,Clear,sky is clear,8,307
3284,No Holiday,284.43,0.25,0.0,75,Mist,mist,5,353
3285,No Holiday,272.28,0.0,0.0,90,Haze,haze,2,6071
3286,No Holiday,296.58,0.0,0.0,75,Clouds,broken clouds,6,6757
3287,No Holiday,287.41,0.0,0.0,92,Rain,light rain,6,3378
3288,No Holiday,293.91,0.0,0.0,1,Clear,sky is clear,9,699
3289,No Holiday,272.88,0.0,0.0,90,Clouds,overcast clouds,10,1364
3290,No Holiday,267.68,0.0,0.0,90,Snow,light snow,1,5246
3291,No Holiday,294.32,3.05,0.0,80,Rain,moderate rain,6,6172
3292,No Holiday,265.28,0.0,0.0,1,Clear,sky is clear,12,750
3293,No Holiday,288.77,0.0,0.0,1,Clear,sky is clear,5,4776
3294,No Holiday,294.91,0.0,0.0,68,Clouds,broken clouds,6,3065
3295,No Holiday,281.14,0.0,0.0,1,Mist,mist,9,580
3296,No Holiday,253.72,0.0,0.0,1,Clear,sky is clear,1,2603
3297,No Holiday,295.87,0.0,0.0,40,Rain,light rain,7,1320
3298,No Holiday,254.98,0.0,0.0,64,Clouds,broken clouds,1,749
3299,No Holiday,260.79,0.25,0.0,64,Snow,light snow,12,1390
3300,No Holiday,283.72,0.0,0.0,1,Clear,sky is clear,11,4837
3301,No Holiday,268.03,0.0,0.0,1,Clear,sky is clear,11,956
3302,No Holiday,275.27,0.0,0.0,40,Clouds,scattered clouds,2,4622
3303,No Holiday,274.28,0.0,0.0,20,Haze,haze,2,6776
3304,No Holiday,275.9,0.0,0.0,90,Clouds,overcast clouds,3,4313
3305,No Holiday,302.94,0.0,0.0,1,Clear,sky is clear,7,6024
3306,No Holiday,254.15,0.0,0.0,1,Clear,sky is clear,2,254
3307,No Holiday,292.72,0.0,0.0,75,Mist,mist,5,4273
3308,No Holiday,286.4,0.0,0.0,75,Clouds,broken clouds,7,664
3309,No Holiday,270.94,0.0,0.0,0,Clear,sky is clear,11,642
3310,No Holiday,280.01,0.0,0.0,90,Drizzle,light intensity drizzle,11,626
3311,No Holiday,260.89,0.0,0.0,1,Clear,sky is clear,2,252
3312,No Holiday,281.69,0.0,0.0,90,Clouds,overcast clouds,10,953
3313,No Holiday,265.18,0.0,0.0,64,Clouds,broken clouds,12,5895
3314,No Holiday,288.39,0.0,0.0,90,Haze,haze,8,2488
3315,No Holiday,281.86,0.0,0.0,40,Clouds,scattered clouds,3,4523
3316,No Holiday,299.01,0.0,0.0,40,Haze,haze,6,5135
3317,No Holiday,268.14,0.0,0.0,90,Clouds,overcast clouds,3,6327
3318,No Holiday,277.02,0.0,0.0,90,Mist,mist,5,6752
3319,No Holiday,290.38,0.73,0.0,90,Rain,light rain,6,843
3320,No Holiday,277.29,0.0,0.0,5,Clear,sky is clear,3,6236
3321,No Holiday,250.72,0.0,0.0,1,Clear,sky is clear,2,5189
3322,No Holiday,303.82,0.0,0.0,75,Clouds,broken clouds,7,6341
3323,No Holiday,278.95,1.09,0.0,68,Mist,mist,10,424
3324,No Holiday,279.15,0.0,0.0,5,Clear,sky is clear,11,6514
3325,No Holiday,276.05,1.78,0.0,90,Rain,moderate rain,4,5324
3326,No Holiday,294.4,0.0,0.0,75,Rain,moderate rain,5,6396
3327,No Holiday,283.02,0.0,0.0,0,Clear,Sky is Clear,9,5522
3328,No Holiday,289.84,0.0,0.0,1,Clear,sky is clear,6,807
3329,No Holiday,278.388,0.0,0.0,0,Clear,Sky is Clear,5,472
3330,No Holiday,295.12,0.0,0.0,88,Drizzle,drizzle,7,2822
3331,No Holiday,278.81,0.0,0.0,75,Clouds,broken clouds,10,4521
3332,No Holiday,268.79,0.0,0.0,90,Mist,mist,4,706
3333,No Holiday,286.36,0.0,0.0,75,Clouds,broken clouds,9,390
3334,No Holiday,269.21,0.0,0.0,1,Clear,sky is clear,4,307
3335,No Holiday,276.09,0.0,0.0,1,Clear,sky is clear,3,2714
3336,No Holiday,295.2,0.0,0.0,1,Clear,sky is clear,9,4575
3337,No Holiday,284.23,0.0,0.0,90,Mist,mist,5,2634
3338,No Holiday,282.15,0.0,0.0,1,Clear,sky is clear,3,789
3339,No Holiday,285.15,0.0,0.0,90,Clouds,overcast clouds,5,930
3340,No Holiday,286.15,0.0,0.0,20,Clouds,few clouds,4,5034
3341,No Holiday,276.81,0.0,0.0,75,Mist,mist,1,5832
3342,No Holiday,274.08,0.0,0.0,90,Snow,light snow,1,5909
3343,No Holiday,254.31,0.0,0.0,1,Clear,sky is clear,2,662
3344,No Holiday,276.63,0.0,0.0,75,Clouds,broken clouds,4,2511
3345,No Holiday,273.86,0.0,0.0,90,Mist,mist,12,2746
3346,No Holiday,293.22,0.0,0.0,1,Thunderstorm,proximity thunderstorm,6,5383
3347,No Holiday,289.81,0.0,0.0,1,Clear,sky is clear,6,889
3348,No Holiday,258.12,0.0,0.0,1,Clear,sky is clear,3,2357
3349,No Holiday,257.95,0.0,0.0,20,Clouds,few clouds,12,2796
3350,No Holiday,283.35,0.0,0.0,75,Rain,moderate rain,11,5279
3351,No Holiday,303.43,0.0,0.0,20,Clouds,few clouds,5,4807
3352,No Holiday,257.29,0.0,0.0,90,Haze,haze,12,373
3353,No Holiday,283.86,0.0,0.0,75,Clouds,broken clouds,9,2003
3354,No Holiday,276.173,0.0,0.0,0,Clear,Sky is Clear,10,720
3355,No Holiday,268.96,0.0,0.0,1,Clear,sky is clear,3,2744
3356,No Holiday,289.56,0.0,0.0,75,Mist,mist,8,3924
3357,No Holiday,287.48,0.0,0.0,20,Mist,mist,8,6088
3358,No Holiday,295.57,0.0,0.0,90,Rain,light rain,9,4828
3359,No Holiday,299.94,0.0,0.0,75,Clouds,broken clouds,7,5937
3360,No Holiday,297.31,0.0,0.0,0,Clear,Sky is Clear,8,811
3361,No Holiday,274.77,0.0,0.0,90,Clouds,overcast clouds,12,3231
3362,No Holiday,295.35,0.0,0.0,75,Clouds,broken clouds,6,5671
3363,No Holiday,273.62,0.0,0.0,20,Clouds,few clouds,10,2240
3364,No Holiday,258.15,0.0,0.0,75,Clouds,broken clouds,1,339
3365,No Holiday,265.22,0.0,0.0,90,Mist,mist,12,2206
3366,No Holiday,281.65,0.0,0.0,90,Mist,mist,4,318
3367,No Holiday,266.63,0.0,0.0,1,Clear,sky is clear,3,5460
3368,No Holiday,294.03,0.51,0.0,90,Haze,haze,7,5129
3369,No Holiday,283.15,0.0,0.0,90,Drizzle,light intensity drizzle,5,4461
3370,No Holiday,293.92,0.0,0.0,68,Clouds,broken clouds,6,2892
3371,No Holiday,281.65,0.0,0.0,40,Clouds,scattered clouds,5,875
3372,No Holiday,293.25,0.0,0.0,0,Clear,Sky is Clear,9,3137
3373,No Holiday,281.4,0.0,0.0,90,Drizzle,light intensity drizzle,4,2593
3374,No Holiday,290.41,0.0,0.0,1,Clear,sky is clear,9,2742
3375,No Holiday,287.09,0.0,0.0,1,Drizzle,light intensity drizzle,11,2678
3376,No Holiday,290.87,0.0,0.0,1,Clear,sky is clear,6,388
3377,No Holiday,280.15,0.0,0.0,1,Mist,mist,9,798
3378,No Holiday,273.74,0.0,0.13,90,Mist,mist,1,6438
3379,No Holiday,303.61,0.0,0.0,0,Clear,Sky is Clear,8,6104
3380,No Holiday,295.94,0.0,0.0,75,Clouds,broken clouds,7,2851
3381,No Holiday,283.01,0.0,0.0,1,Clear,sky is clear,5,414
3382,No Holiday,265.0,0.0,0.0,90,Clouds,overcast clouds,12,2250
3383,No Holiday,301.93,0.0,0.0,20,Clouds,few clouds,7,4740
3384,No Holiday,285.79,0.0,0.0,75,Clouds,broken clouds,10,4766
3385,No Holiday,264.29,0.0,0.0,90,Clouds,overcast clouds,3,211
3386,No Holiday,276.0,0.0,0.0,75,Clouds,broken clouds,4,4670
3387,No Holiday,289.51,0.0,0.0,1,Clear,sky is clear,4,4378
3388,No Holiday,295.78,0.0,0.0,92,Clouds,overcast clouds,5,3309
3389,No Holiday,275.64,0.0,0.0,75,Clouds,broken clouds,4,6877
3390,No Holiday,275.01,0.0,0.0,90,Drizzle,drizzle,4,4793
3391,No Holiday,294.27,0.0,0.0,36,Clouds,scattered clouds,6,3627
3392,No Holiday,273.79,0.0,0.0,90,Mist,mist,4,3716
3393,No Holiday,271.52,0.0,0.0,1,Clear,sky is clear,1,6487
3394,No Holiday,272.07,0.0,0.0,90,Snow,heavy snow,12,2139
3395,No Holiday,269.3,0.0,0.0,40,Clouds,scattered clouds,3,4337
3396,No Holiday,297.75,0.0,0.0,75,Clouds,broken clouds,8,3716
3397,No Holiday,291.65,0.0,0.0,1,Clear,sky is clear,7,2830
3398,No Holiday,272.8,0.0,0.0,90,Snow,snow,4,330
3399,No Holiday,285.4,0.0,0.0,1,Mist,mist,9,520
3400,No Holiday,293.21,0.0,0.0,40,Clouds,scattered clouds,5,3920
3401,No Holiday,267.06,0.0,0.0,90,Mist,mist,12,427
3402,No Holiday,266.48,0.0,0.0,75,Mist,mist,2,2402
3403,No Holiday,281.95,0.0,0.0,1,Clear,sky is clear,5,394
3404,No Holiday,288.99,0.0,0.0,75,Clouds,broken clouds,10,6496
3405,No Holiday,263.31,0.0,0.0,1,Clear,sky is clear,3,2660
3406,No Holiday,268.86,0.0,0.0,1,Clear,sky is clear,12,4039
3407,No Holiday,284.29,2.79,0.0,1,Rain,moderate rain,9,909
3408,No Holiday,275.08,0.0,0.0,40,Clouds,scattered clouds,12,6164
3409,No Holiday,271.52,0.0,0.0,1,Clear,sky is clear,2,939
3410,No Holiday,265.95,0.0,0.0,5,Clear,sky is clear,1,2442
3411,No Holiday,295.68,0.0,0.0,40,Clouds,scattered clouds,8,2772
3412,No Holiday,258.93,0.0,0.0,1,Fog,fog,1,5670
3413,No Holiday,285.58,0.0,0.0,1,Clear,sky is clear,5,2841
3414,No Holiday,284.96,0.0,0.0,90,Clouds,overcast clouds,11,4034
3415,No Holiday,285.63,0.0,0.0,1,Clear,sky is clear,6,352
3416,No Holiday,267.61,0.0,0.0,90,Clouds,overcast clouds,12,3030
3417,No Holiday,302.78,0.0,0.0,90,Clouds,overcast clouds,8,5575
3418,No Holiday,293.98,0.0,0.0,75,Rain,moderate rain,5,5295
3419,No Holiday,279.07,0.0,0.0,1,Clear,sky is clear,4,680
3420,No Holiday,290.9,0.0,0.0,24,Clouds,few clouds,5,5401
3421,No Holiday,285.22,0.0,0.0,40,Clouds,scattered clouds,5,1110
3422,No Holiday,273.53,0.0,0.0,75,Clouds,broken clouds,3,2616
3423,No Holiday,300.79,0.0,0.0,1,Clear,sky is clear,7,6321
3424,No Holiday,269.29,0.0,0.0,90,Clouds,overcast clouds,3,5266
3425,No Holiday,295.32,0.0,0.0,40,Clouds,scattered clouds,5,3256
3426,No Holiday,279.72,0.0,0.0,90,Rain,light rain,3,245
3427,No Holiday,281.28,0.0,0.0,100,Mist,mist,10,1824
3428,No Holiday,289.01,0.25,0.0,20,Rain,light rain,8,656
3429,No Holiday,276.92,0.0,0.0,40,Clouds,scattered clouds,3,834
3430,No Holiday,291.54,0.25,0.0,90,Rain,light rain,9,384
3431,No Holiday,297.44,0.0,0.0,90,Rain,light rain,7,3177
3432,No Holiday,295.26,0.0,0.0,88,Rain,light rain,8,1358
3433,No Holiday,266.48,0.0,0.0,40,Clouds,scattered clouds,1,6231
3434,No Holiday,302.75,0.0,0.0,1,Clear,sky is clear,8,4468
3435,No Holiday,286.15,0.0,0.0,1,Clear,sky is clear,3,529
3436,No Holiday,270.15,0.0,0.0,90,Mist,mist,12,2486
3437,No Holiday,274.62,0.0,0.0,75,Haze,haze,2,5199
3438,No Holiday,287.17,0.0,0.0,40,Clouds,scattered clouds,8,325
3439,No Holiday,288.01,0.0,0.0,75,Rain,light rain,6,6019
3440,No Holiday,293.65,0.0,0.0,1,Clear,sky is clear,3,5361
3441,No Holiday,273.95,0.0,0.0,90,Snow,light snow,11,378
3442,No Holiday,290.36,0.0,0.0,0,Clear,Sky is Clear,9,4132
3443,No Holiday,274.95,0.0,0.0,90,Mist,mist,1,5842
3444,No Holiday,297.55,0.0,0.0,20,Clouds,few clouds,7,3168
3445,No Holiday,277.55,0.0,0.0,90,Drizzle,light intensity drizzle,3,6691
3446,No Holiday,266.77,0.0,0.0,5,Clear,sky is clear,2,5397
3447,No Holiday,276.68,0.0,0.0,75,Clouds,broken clouds,4,710
3448,No Holiday,271.58,0.0,0.0,90,Clouds,overcast clouds,11,4943
3449,No Holiday,298.44,0.0,0.0,0,Clear,Sky is Clear,8,6412
3450,No Holiday,301.22,0.0,0.0,80,Clouds,broken clouds,6,3664
3451,No Holiday,270.98,0.0,0.0,90,Snow,heavy snow,1,5873
3452,No Holiday,293.37,0.85,0.0,90,Thunderstorm,proximity thunderstorm,8,851
3453,No Holiday,301.9,0.0,0.0,40,Clouds,scattered clouds,8,4720
3454,No Holiday,278.27,0.0,0.0,1,Clear,sky is clear,10,2922
3455,No Holiday,291.94,0.0,0.0,1,Clear,sky is clear,4,3189
3456,No Holiday,276.7,0.0,0.0,75,Clouds,broken clouds,12,5698
3457,No Holiday,269.44,0.0,0.0,5,Clear,sky is clear,11,3181
3458,No Holiday,272.49,0.0,0.0,1,Clear,sky is clear,2,1987
3459,No Holiday,281.95,0.0,0.0,90,Mist,mist,11,2609
3460,No Holiday,265.51,0.0,0.0,40,Clouds,scattered clouds,2,2566
3461,No Holiday,294.58,0.0,0.0,75,Mist,mist,6,4743
3462,No Holiday,302.42,0.0,0.0,75,Clouds,broken clouds,8,3130
3463,No Holiday,281.02,0.0,0.0,90,Clouds,overcast clouds,4,351
3464,No Holiday,293.29,0.0,0.0,1,Clear,sky is clear,9,4750
3465,No Holiday,290.18,0.6,0.0,40,Rain,light rain,5,356
3466,No Holiday,298.34,0.0,0.0,90,Drizzle,light intensity drizzle,6,3660
3467,No Holiday,292.62,0.0,0.0,1,Clear,sky is clear,7,369
3468,No Holiday,297.27,0.25,0.0,0,Rain,light rain,7,4264
3469,Thanksgiving Day,271.94,0.0,0.0,1,Clear,sky is clear,11,1324
3470,No Holiday,291.22,0.0,0.0,0,Clear,Sky is Clear,9,4728
3471,No Holiday,295.36,0.0,0.0,40,Haze,haze,9,4290
3472,No Holiday,274.51,0.0,0.0,1,Haze,haze,1,887
3473,No Holiday,290.12,0.0,0.0,75,Clouds,broken clouds,5,6038
3474,No Holiday,283.68,0.0,0.0,90,Rain,light rain,4,4120
3475,No Holiday,283.16,0.0,0.0,90,Clouds,overcast clouds,4,4508
3476,No Holiday,276.23,0.0,0.0,90,Rain,light rain,10,5856
3477,No Holiday,296.69,0.0,0.0,40,Clouds,scattered clouds,8,6789
3478,No Holiday,270.58,0.0,0.0,1,Clear,sky is clear,11,965
3479,No Holiday,271.52,0.0,0.0,75,Clouds,broken clouds,3,3913
3480,No Holiday,303.67,0.0,0.0,0,Clear,Sky is Clear,8,4594
3481,No Holiday,270.71,0.0,0.0,64,Clouds,broken clouds,11,3026
3482,No Holiday,265.78,0.0,0.0,64,Snow,light snow,12,3627
3483,No Holiday,284.47,0.0,0.0,20,Clouds,few clouds,4,3055
3484,No Holiday,292.8,0.0,0.0,1,Clear,sky is clear,10,4691
3485,No Holiday,297.82,0.0,0.0,1,Clear,sky is clear,7,4618
3486,No Holiday,285.62,0.0,0.0,90,Rain,moderate rain,5,5660
3487,No Holiday,271.65,0.0,0.0,75,Snow,heavy snow,11,5449
3488,No Holiday,291.52,0.0,0.0,5,Clear,sky is clear,5,6185
3489,No Holiday,268.68,0.0,0.0,90,Clouds,overcast clouds,1,2508
3490,No Holiday,264.68,0.0,0.0,90,Snow,light snow,12,1555
3491,No Holiday,264.9,0.0,0.0,90,Clouds,overcast clouds,3,2718
3492,No Holiday,252.77,0.0,0.0,1,Clear,sky is clear,3,1401
3493,No Holiday,288.0,0.0,0.0,1,Mist,mist,8,5156
3494,No Holiday,295.79,0.0,0.0,90,Drizzle,drizzle,8,4263
3495,No Holiday,290.52,0.0,0.0,32,Clouds,scattered clouds,6,4292
3496,No Holiday,272.08,0.0,0.0,90,Mist,mist,11,3002
3497,No Holiday,282.62,0.0,0.0,20,Clouds,few clouds,2,3436
3498,No Holiday,289.08,0.0,0.0,5,Clear,sky is clear,5,3214
3499,No Holiday,278.1,0.0,0.0,20,Clouds,few clouds,4,1277
3500,No Holiday,285.14,0.0,0.0,0,Clear,Sky is Clear,9,1116
3501,No Holiday,285.35,0.0,0.0,90,Mist,mist,4,6445
3502,No Holiday,273.7,0.0,0.0,64,Clouds,broken clouds,1,2504
3503,No Holiday,279.33,1.25,0.0,40,Rain,moderate rain,4,3439
3504,No Holiday,285.56,0.0,0.0,1,Clear,sky is clear,5,1062
3505,No Holiday,285.51,0.0,0.0,1,Mist,mist,5,293
3506,No Holiday,289.09,0.0,0.0,1,Clear,sky is clear,4,3257
3507,No Holiday,275.36,0.0,0.0,40,Snow,light snow,4,5439
3508,No Holiday,284.85,0.0,0.0,1,Clear,sky is clear,9,338
3509,No Holiday,291.59,0.0,0.0,0,Rain,light rain,7,451
3510,No Holiday,251.23,0.0,0.0,84,Clouds,broken clouds,2,1517
3511,No Holiday,294.73,0.0,0.0,1,Mist,mist,7,1525
3512,No Holiday,289.48,9.53,0.0,90,Rain,heavy intensity rain,8,852
3513,No Holiday,251.15,0.0,0.0,1,Clear,sky is clear,1,4181
3514,No Holiday,257.08,0.0,0.0,1,Clear,sky is clear,2,3595
3515,No Holiday,286.85,0.0,0.0,75,Clouds,broken clouds,8,356
3516,No Holiday,294.2,0.0,0.0,80,Clouds,broken clouds,7,4936
3517,No Holiday,253.77,0.0,0.0,99,Clouds,overcast clouds,1,2040
3518,No Holiday,262.67,0.0,0.0,90,Mist,mist,1,979
3519,No Holiday,250.15,0.0,0.0,90,Haze,haze,1,3040
3520,No Holiday,298.62,0.0,0.0,75,Clouds,broken clouds,6,6666
3521,No Holiday,290.0,0.0,0.0,40,Clouds,scattered clouds,7,4866
3522,No Holiday,271.51,0.0,0.0,90,Mist,mist,3,1155
3523,No Holiday,293.85,3.13,0.0,90,Drizzle,drizzle,7,5199
3524,No Holiday,286.77,0.0,0.0,90,Clouds,overcast clouds,5,1895
3525,No Holiday,287.62,0.0,0.0,40,Rain,light rain,4,6459
3526,No Holiday,257.18,0.0,0.0,64,Clouds,broken clouds,12,5075
3527,No Holiday,271.15,0.0,0.0,1,Clear,sky is clear,2,4936
3528,No Holiday,257.36,0.0,0.0,20,Clouds,few clouds,2,6194
3529,No Holiday,295.02,0.0,0.0,1,Clear,sky is clear,6,4603
3530,No Holiday,296.28,0.0,0.0,40,Clouds,scattered clouds,7,2385
3531,No Holiday,300.37,0.0,0.0,68,Clouds,broken clouds,8,6153
3532,No Holiday,284.22,0.0,0.0,1,Mist,mist,9,404
3533,No Holiday,283.02,0.0,0.0,75,Rain,moderate rain,11,6201
3534,No Holiday,286.87,0.0,0.0,1,Clear,sky is clear,10,5584
3535,No Holiday,274.29,0.0,0.0,75,Clouds,broken clouds,10,2772
3536,No Holiday,279.75,0.0,0.0,90,Fog,fog,11,318
3537,No Holiday,275.56,0.0,0.0,90,Snow,heavy snow,5,4874
3538,No Holiday,276.29,0.0,0.0,90,Clouds,overcast clouds,11,2681
3539,No Holiday,279.15,0.0,0.0,75,Clouds,broken clouds,10,347
3540,No Holiday,298.58,0.0,0.0,20,Clouds,few clouds,7,3948
3541,No Holiday,272.24,0.0,0.0,90,Snow,snow,12,268
3542,No Holiday,301.15,0.0,0.0,1,Clear,sky is clear,5,6289
3543,No Holiday,300.79,0.25,0.0,1,Rain,light rain,8,5418
3544,No Holiday,283.01,0.0,0.0,40,Clouds,scattered clouds,11,3720
3545,No Holiday,294.95,0.0,0.0,40,Clouds,scattered clouds,9,1302
3546,No Holiday,270.15,0.0,0.0,90,Clouds,overcast clouds,1,605
3547,No Holiday,278.94,0.0,0.0,1,Clear,sky is clear,12,5264
3548,No Holiday,296.62,0.0,0.0,40,Clouds,scattered clouds,4,1594
3549,No Holiday,276.35,0.0,0.0,90,Haze,haze,3,313
3550,No Holiday,293.09,0.0,0.0,40,Drizzle,heavy intensity drizzle,9,3477
3551,No Holiday,274.15,0.0,0.0,40,Clouds,scattered clouds,10,6985
3552,No Holiday,267.08,0.0,0.0,75,Clouds,broken clouds,12,5087
3553,No Holiday,255.71,0.0,0.0,40,Snow,light snow,12,4411
3554,No Holiday,293.5,0.0,0.0,20,Mist,mist,8,5194
3555,No Holiday,291.22,0.0,0.0,1,Clear,sky is clear,4,2116
3556,No Holiday,280.59,0.0,0.0,1,Clear,sky is clear,11,432
3557,No Holiday,269.27,0.0,0.0,40,Clouds,scattered clouds,3,5357
3558,No Holiday,295.6,2.76,0.0,90,Mist,mist,9,5667
3559,No Holiday,284.26,0.25,0.0,92,Drizzle,drizzle,10,4480
3560,No Holiday,257.59,0.0,0.0,40,Clouds,scattered clouds,12,4134
3561,No Holiday,285.89,0.0,0.0,20,Clouds,few clouds,4,2643
3562,No Holiday,246.39,0.0,0.0,1,Clear,sky is clear,1,723
3563,No Holiday,283.48,0.76,0.0,90,Mist,mist,4,4226
3564,No Holiday,280.33,0.0,0.0,1,Clear,sky is clear,4,1677
3565,No Holiday,284.16,0.0,0.0,0,Mist,mist,7,6721
3566,No Holiday,290.17,1.02,0.0,1,Mist,mist,8,855
3567,No Holiday,261.15,0.0,0.0,90,Clouds,overcast clouds,2,2911
3568,No Holiday,290.51,0.0,0.0,76,Mist,mist,8,4788
3569,No Holiday,288.81,0.0,0.0,20,Clouds,few clouds,4,5842
3570,No Holiday,264.72,0.0,0.0,1,Clear,sky is clear,2,1068
3571,No Holiday,265.89,0.0,0.0,75,Clouds,broken clouds,2,3103
3572,No Holiday,294.51,0.0,0.0,75,Haze,haze,9,4886
3573,No Holiday,273.72,0.0,0.0,90,Snow,snow,10,4705
3574,No Holiday,279.81,0.0,0.0,75,Clouds,broken clouds,4,2967
3575,No Holiday,291.093,0.0,0.0,88,Rain,light rain,6,352
3576,No Holiday,270.58,0.0,0.0,90,Clouds,overcast clouds,1,6490
3577,No Holiday,289.82,0.0,0.0,1,Fog,fog,7,3008
3578,No Holiday,265.97,0.0,0.0,1,Clear,sky is clear,3,3371
3579,No Holiday,299.14,0.0,0.0,1,Clear,sky is clear,8,2908
3580,No Holiday,292.06,0.0,0.0,24,Clouds,few clouds,9,4540
3581,No Holiday,256.96,0.0,0.0,90,Clouds,overcast clouds,1,2484
3582,No Holiday,303.06,0.0,0.0,1,Clear,sky is clear,7,3683
3583,No Holiday,255.73,0.0,0.0,40,Clouds,scattered clouds,12,2482
3584,No Holiday,288.02,0.0,0.0,1,Clear,sky is clear,10,2865
3585,No Holiday,279.84,0.0,0.0,1,Clear,sky is clear,11,370
3586,No Holiday,289.29,0.0,0.0,75,Clouds,broken clouds,3,4406
3587,No Holiday,285.69,0.0,0.0,90,Rain,light rain,5,4501
3588,No Holiday,274.19,0.0,0.0,90,Drizzle,light intensity drizzle,4,338
3589,No Holiday,270.37,0.0,0.0,1,Mist,mist,2,803
3590,No Holiday,261.01,0.0,0.0,17,Clouds,few clouds,12,1997
3591,No Holiday,274.09,0.0,0.0,90,Snow,light snow,11,474
3592,No Holiday,296.23,0.0,0.0,12,Clouds,few clouds,6,3068
3593,No Holiday,273.46,0.0,0.0,90,Rain,light rain,4,331
3594,No Holiday,273.29,0.0,0.0,1,Clear,sky is clear,5,822
3595,No Holiday,289.35,0.0,0.0,1,Rain,light rain,6,5934
3596,No Holiday,271.99,0.0,0.0,75,Clouds,broken clouds,3,842
3597,No Holiday,278.46,1.05,0.0,90,Rain,moderate rain,4,5215
3598,No Holiday,288.29,0.0,0.0,1,Clear,sky is clear,7,333
3599,No Holiday,278.57,0.0,0.0,90,Clouds,overcast clouds,3,2928
3600,No Holiday,270.68,0.0,0.0,90,Clouds,overcast clouds,3,755
3601,No Holiday,287.62,0.0,0.0,1,Thunderstorm,proximity thunderstorm,5,366
3602,No Holiday,300.62,0.0,0.0,1,Clear,sky is clear,7,3658
3603,No Holiday,269.2,0.0,0.0,90,Clouds,overcast clouds,12,4812
3604,No Holiday,263.42,0.0,0.0,75,Clouds,broken clouds,11,2222
3605,No Holiday,299.68,0.0,0.0,40,Clouds,scattered clouds,7,5032
3606,No Holiday,271.5,0.0,0.0,1,Clear,sky is clear,3,4651
3607,No Holiday,298.94,0.0,0.0,1,Haze,haze,5,3895
3608,No Holiday,285.75,0.0,0.0,1,Clear,sky is clear,5,746
3609,No Holiday,280.54,0.0,0.0,1,Clear,sky is clear,4,1231
3610,No Holiday,271.33,0.0,0.0,90,Snow,light snow,1,3233
3611,No Holiday,298.07,0.0,0.0,1,Clear,sky is clear,8,4838
3612,No Holiday,266.39,0.0,0.0,90,Mist,mist,12,5694
3613,No Holiday,282.33,0.0,0.0,1,Clear,sky is clear,3,4832
3614,No Holiday,287.13,0.0,0.0,90,Drizzle,light intensity drizzle,5,6344
3615,No Holiday,267.58,0.0,0.0,90,Mist,mist,1,829
3616,No Holiday,282.45,0.0,0.0,75,Clouds,broken clouds,10,5889
3617,No Holiday,291.37,0.66,0.0,1,Mist,mist,6,6252
3618,No Holiday,267.44,0.0,0.0,1,Snow,light snow,12,5137
3619,No Holiday,299.44,0.0,0.0,1,Clear,sky is clear,7,5161
3620,No Holiday,296.6,0.0,0.0,12,Clouds,few clouds,7,4075
3621,No Holiday,268.95,0.0,0.0,40,Clouds,scattered clouds,2,6085
3622,No Holiday,275.77,0.0,0.0,90,Clouds,overcast clouds,11,730
3623,No Holiday,289.61,0.0,0.0,40,Clouds,scattered clouds,10,4963
3624,No Holiday,280.86,0.0,0.0,75,Clouds,broken clouds,4,6524
3625,No Holiday,283.74,0.0,0.0,40,Clouds,scattered clouds,9,6267
3626,No Holiday,267.14,0.0,0.0,5,Clear,sky is clear,3,5728
3627,No Holiday,294.34,0.0,0.0,44,Rain,moderate rain,6,1195
3628,No Holiday,288.71,0.86,0.0,90,Drizzle,drizzle,9,4326
3629,No Holiday,290.65,0.0,0.0,75,Clouds,broken clouds,5,4392
3630,No Holiday,281.165,0.0,0.0,12,Clouds,few clouds,10,4572
3631,No Holiday,282.35,0.0,0.0,1,Clear,sky is clear,10,332
3632,No Holiday,296.06,0.0,0.0,0,Clear,Sky is Clear,6,3002
3633,No Holiday,290.88,0.0,0.0,75,Clouds,broken clouds,7,2959
3634,No Holiday,295.28,0.0,0.0,40,Clouds,scattered clouds,7,2827
3635,No Holiday,283.62,0.0,0.0,90,Drizzle,drizzle,4,1034
3636,No Holiday,276.29,0.0,0.0,90,Clouds,overcast clouds,2,4637
3637,No Holiday,294.65,0.0,0.0,40,Clouds,scattered clouds,7,4042
3638,No Holiday,285.48,0.0,0.0,90,Drizzle,light intensity drizzle,10,5821
3639,No Holiday,297.44,0.0,0.0,1,Clear,sky is clear,8,2966
3640,No Holiday,276.12,0.0,0.0,20,Clouds,few clouds,4,6816
3641,No Holiday,292.15,0.0,0.0,90,Mist,mist,8,4511
3642,No Holiday,294.68,0.0,0.0,75,Rain,moderate rain,6,5927
3643,No Holiday,295.07,0.0,0.0,1,Clear,sky is clear,6,3666
3644,No Holiday,279.0,0.0,0.0,75,Haze,haze,11,2561
3645,No Holiday,290.34,0.0,0.0,75,Clouds,broken clouds,7,438
3646,No Holiday,293.23,0.0,0.0,1,Clear,sky is clear,6,2123
3647,No Holiday,304.37,0.0,0.0,20,Clouds,few clouds,7,4437
3648,No Holiday,258.28,0.0,0.0,1,Clear,sky is clear,2,1011
3649,No Holiday,271.65,0.0,0.0,1,Clear,sky is clear,2,5036
3650,No Holiday,274.15,0.0,0.0,90,Drizzle,drizzle,3,877
3651,No Holiday,298.75,0.0,0.0,20,Clouds,few clouds,5,5311
3652,No Holiday,293.37,0.0,0.0,1,Clear,sky is clear,5,2291
3653,No Holiday,288.36,0.0,0.0,1,Clear,sky is clear,5,373
3654,No Holiday,268.41,0.0,0.0,90,Mist,mist,1,1313
3655,No Holiday,293.332,0.0,0.0,32,Rain,light rain,8,3339
3656,No Holiday,294.94,10.67,0.0,90,Rain,heavy intensity rain,9,4582
3657,No Holiday,269.93,0.0,0.0,90,Mist,mist,12,4696
3658,No Holiday,294.16,0.81,0.0,92,Mist,mist,6,3378
3659,No Holiday,288.18,0.25,0.0,90,Rain,moderate rain,9,867
3660,No Holiday,275.9,0.0,0.0,20,Clouds,few clouds,11,5073
3661,No Holiday,280.3,0.0,0.0,90,Fog,fog,9,368
3662,No Holiday,276.28,0.0,0.0,40,Clouds,scattered clouds,5,5068
3663,No Holiday,300.84,0.0,0.0,75,Clouds,broken clouds,9,5014
3664,No Holiday,276.55,0.0,0.0,90,Haze,haze,11,3008
3665,No Holiday,258.36,0.0,0.0,75,Haze,haze,1,4800
3666,No Holiday,291.65,0.0,0.0,75,Rain,moderate rain,8,2455
3667,No Holiday,265.41,0.0,0.0,75,Mist,mist,2,450
3668,No Holiday,273.15,0.0,0.0,90,Clouds,overcast clouds,2,7118
3669,No Holiday,263.86,0.0,0.0,90,Clouds,overcast clouds,3,785
3670,No Holiday,266.48,0.0,0.0,1,Mist,mist,1,1149
3671,No Holiday,295.28,0.0,0.0,75,Mist,mist,7,4492
3672,No Holiday,275.28,0.0,0.0,75,Drizzle,drizzle,11,6258
3673,No Holiday,285.58,0.0,0.0,1,Clear,sky is clear,6,381
3674,No Holiday,274.02,0.0,0.0,20,Clouds,few clouds,1,4530
3675,No Holiday,276.29,0.51,0.0,1,Rain,light rain,4,4497
3676,No Holiday,271.7,0.0,0.0,1,Clear,sky is clear,3,1581
3677,No Holiday,297.81,0.0,0.0,40,Mist,mist,7,2941
3678,No Holiday,282.81,0.0,0.0,1,Clear,sky is clear,4,3703
3679,No Holiday,291.2,7.11,0.0,90,Drizzle,light intensity drizzle,9,2740
3680,No Holiday,293.61,0.0,0.0,20,Clouds,few clouds,8,4447
3681,No Holiday,282.6,0.0,0.0,81,Clear,sky is clear,10,1910
3682,No Holiday,293.24,0.0,0.0,0,Clear,Sky is Clear,8,4681
3683,No Holiday,298.04,0.0,0.0,1,Clear,sky is clear,9,6210
3684,No Holiday,274.93,0.0,0.0,75,Clouds,broken clouds,4,1135
3685,No Holiday,271.21,0.0,0.0,1,Clear,sky is clear,1,289
3686,No Holiday,295.96,0.0,0.0,75,Clouds,broken clouds,7,1868
3687,No Holiday,291.58,0.0,0.0,1,Clear,sky is clear,8,3296
3688,No Holiday,285.05,0.0,0.0,1,Clear,sky is clear,6,297
3689,No Holiday,257.82,0.0,0.0,90,Snow,snow,1,264
3690,No Holiday,279.15,0.0,0.0,1,Mist,mist,11,5706
3691,No Holiday,286.34,0.0,0.0,1,Clear,sky is clear,5,3000
3692,No Holiday,286.51,0.0,0.0,1,Clear,sky is clear,6,378
3693,No Holiday,279.92,0.0,0.0,20,Clouds,few clouds,5,3196
3694,No Holiday,298.62,0.0,0.0,40,Clouds,scattered clouds,7,4681
3695,No Holiday,263.01,0.0,0.0,20,Clouds,few clouds,3,341
3696,No Holiday,290.5,0.0,0.0,1,Clear,sky is clear,6,439
3697,No Holiday,285.44,0.0,0.0,90,Mist,mist,11,1826
3698,No Holiday,263.02,0.0,0.0,20,Snow,light snow,2,6091
3699,No Holiday,261.89,0.0,0.0,1,Clear,sky is clear,4,1995
3700,No Holiday,272.55,0.0,0.0,90,Clouds,overcast clouds,12,780
3701,No Holiday,296.79,0.0,0.0,1,Clear,sky is clear,9,5562
3702,No Holiday,293.51,0.0,0.0,1,Rain,light rain,5,1261
3703,No Holiday,261.72,0.0,0.0,81,Clouds,broken clouds,2,2846
3704,No Holiday,273.55,0.0,0.0,1,Clear,sky is clear,11,648
3705,No Holiday,274.35,0.0,0.0,5,Clear,sky is clear,1,3067
3706,No Holiday,267.48,0.0,0.0,1,Clear,sky is clear,12,5349
3707,No Holiday,292.99,0.25,0.0,0,Rain,light rain,6,4671
3708,No Holiday,266.46,0.0,0.0,90,Snow,light snow,12,4956
3709,No Holiday,274.15,0.0,0.0,90,Snow,light snow,11,5858
3710,No Holiday,269.65,0.0,0.0,1,Snow,light snow,4,312
3711,No Holiday,276.28,0.0,0.0,90,Mist,mist,4,4061
3712,No Holiday,271.35,0.0,0.0,1,Fog,fog,12,5957
3713,No Holiday,286.42,0.0,0.0,90,Rain,moderate rain,5,1508
3714,No Holiday,272.44,0.0,0.0,90,Mist,mist,12,4734
3715,No Holiday,277.46,0.0,0.0,90,Rain,moderate rain,3,2651
3716,No Holiday,299.15,0.0,0.0,92,Rain,light rain,6,5450
3717,No Holiday,289.28,0.61,0.0,75,Rain,moderate rain,8,5692
3718,No Holiday,285.65,0.0,0.0,40,Clouds,scattered clouds,6,375
3719,No Holiday,267.79,0.0,0.0,75,Mist,mist,3,893
3720,No Holiday,304.07,0.0,0.0,40,Clouds,scattered clouds,9,4320
3721,No Holiday,289.33,0.25,0.0,90,Rain,light rain,9,617
3722,No Holiday,275.07,0.0,0.0,75,Clouds,broken clouds,4,6353
3723,No Holiday,288.144,0.0,0.0,56,Clouds,broken clouds,10,5464
3724,No Holiday,279.8,0.0,0.0,90,Clouds,overcast clouds,3,4827
3725,No Holiday,278.43,0.0,0.0,20,Clouds,few clouds,3,4694
3726,No Holiday,263.1,0.0,0.0,20,Clouds,few clouds,1,4792
3727,No Holiday,289.82,0.0,0.0,1,Clear,sky is clear,9,4027
3728,No Holiday,274.94,0.0,0.0,90,Rain,moderate rain,12,4783
3729,No Holiday,287.02,0.0,0.0,40,Rain,moderate rain,9,2817
3730,No Holiday,263.24,0.0,0.0,1,Clear,sky is clear,1,378
3731,No Holiday,284.79,0.0,0.0,90,Mist,mist,4,5847
3732,No Holiday,274.67,0.0,0.0,90,Mist,mist,3,1070
3733,No Holiday,256.42,0.0,0.0,1,Clear,sky is clear,12,5053
3734,No Holiday,263.7,0.0,0.0,64,Clouds,broken clouds,1,4172
3735,No Holiday,286.58,0.0,0.0,90,Rain,light rain,4,5823
3736,No Holiday,293.25,0.0,0.0,12,Clouds,few clouds,6,4308
3737,No Holiday,282.42,0.25,0.0,90,Rain,light rain,5,5285
3738,No Holiday,295.52,7.54,0.0,76,Rain,heavy intensity rain,6,380
3739,No Holiday,270.65,0.0,0.0,90,Clouds,overcast clouds,1,4710
3740,No Holiday,271.35,0.0,0.0,1,Haze,haze,1,5410
3741,No Holiday,274.48,0.0,0.0,1,Clear,sky is clear,3,4544
3742,No Holiday,284.27,0.25,0.0,75,Thunderstorm,proximity thunderstorm,5,6108
3743,No Holiday,288.17,0.76,0.0,90,Rain,light rain,9,5606
3744,No Holiday,281.372,0.0,0.0,92,Rain,light rain,10,2078
3745,No Holiday,268.87,0.0,0.0,90,Haze,haze,2,735
3746,No Holiday,255.34,0.0,0.0,40,Clouds,scattered clouds,1,5266
3747,No Holiday,269.29,0.0,0.0,90,Snow,light snow,3,5356
3748,No Holiday,286.15,0.0,0.0,90,Drizzle,drizzle,10,1802
3749,No Holiday,303.96,0.0,0.0,40,Clouds,scattered clouds,7,3901
3750,No Holiday,285.4,0.0,0.0,75,Drizzle,light intensity drizzle,4,6170
3751,No Holiday,271.79,0.0,0.0,90,Haze,haze,1,4332
3752,No Holiday,289.42,0.0,0.0,90,Thunderstorm,proximity thunderstorm,4,3514
3753,No Holiday,254.45,0.0,0.0,1,Clear,sky is clear,2,326
3754,No Holiday,276.57,0.0,0.0,90,Clouds,overcast clouds,5,822
3755,No Holiday,283.84,0.0,0.0,75,Drizzle,light intensity drizzle,9,4302
3756,No Holiday,261.58,0.0,0.0,90,Clouds,overcast clouds,2,5525
3757,No Holiday,269.58,0.0,0.0,1,Haze,haze,11,724
3758,No Holiday,278.56,0.0,0.0,90,Drizzle,drizzle,5,390
3759,No Holiday,254.85,0.0,0.0,90,Clouds,overcast clouds,2,4902
3760,No Holiday,271.26,0.0,0.0,75,Haze,haze,12,765
3761,No Holiday,291.11,0.0,0.0,1,Clear,sky is clear,7,1311
3762,No Holiday,255.08,0.0,0.0,1,Clear,sky is clear,2,3801
3763,No Holiday,273.89,0.0,0.0,1,Clear,sky is clear,4,2214
3764,No Holiday,275.79,0.0,0.0,75,Clouds,broken clouds,4,4813
3765,No Holiday,268.15,0.0,0.0,90,Mist,mist,1,2034
3766,No Holiday,250.22,0.0,0.0,5,Clear,sky is clear,1,3988
3767,No Holiday,285.22,0.0,0.0,75,Clouds,broken clouds,4,4675
3768,No Holiday,292.15,0.0,0.0,90,Thunderstorm,proximity thunderstorm,8,3353
3769,No Holiday,295.72,0.0,0.0,90,Mist,mist,7,350
3770,No Holiday,267.785,0.0,0.0,0,Clear,Sky is Clear,2,1050
3771,No Holiday,291.99,0.0,0.0,12,Clouds,few clouds,8,2239
3772,No Holiday,295.69,0.0,0.0,40,Mist,mist,9,5234
3773,No Holiday,259.03,0.0,0.0,1,Clear,sky is clear,12,1451
3774,No Holiday,298.83,1.78,0.0,75,Thunderstorm,thunderstorm,8,4565
3775,No Holiday,296.65,0.0,0.0,1,Clear,sky is clear,9,1938
3776,No Holiday,286.42,0.0,0.0,1,Clear,sky is clear,9,2827
3777,No Holiday,261.0,0.0,0.0,64,Clouds,broken clouds,11,2043
3778,No Holiday,277.99,0.0,0.0,44,Clouds,scattered clouds,10,5729
3779,No Holiday,289.7,0.0,0.0,0,Clear,Sky is Clear,8,925
3780,No Holiday,273.71,0.0,0.0,90,Haze,haze,1,4521
3781,No Holiday,269.34,0.0,0.0,90,Mist,mist,2,4974
3782,No Holiday,276.76,0.0,0.0,90,Clouds,overcast clouds,11,4063
3783,No Holiday,255.49,0.0,0.0,40,Clouds,scattered clouds,1,270
3784,No Holiday,283.42,0.0,0.0,90,Mist,mist,11,3710
3785,No Holiday,297.64,0.0,0.0,0,Clear,Sky is Clear,5,2807
3786,No Holiday,290.86,0.0,0.0,40,Clouds,scattered clouds,9,1342
3787,No Holiday,290.52,0.0,0.0,0,Clear,Sky is Clear,10,4769
3788,No Holiday,289.9,0.0,0.0,20,Clouds,few clouds,7,5161
3789,No Holiday,274.94,0.0,0.0,90,Mist,mist,1,1868
3790,No Holiday,291.52,0.0,0.0,90,Rain,light rain,5,5114
3791,No Holiday,277.08,0.0,0.0,90,Mist,mist,12,3444
3792,No Holiday,248.88,0.0,0.0,1,Clear,sky is clear,1,232
3793,No Holiday,291.76,0.0,0.0,1,Clear,sky is clear,8,2000
3794,No Holiday,289.09,0.0,0.0,1,Clear,sky is clear,6,2375
3795,No Holiday,276.21,0.0,0.0,90,Clouds,overcast clouds,4,2779
3796,No Holiday,288.7,0.0,0.0,68,Clouds,broken clouds,9,2986
3797,No Holiday,280.35,0.0,0.0,1,Clear,sky is clear,10,2940
3798,No Holiday,264.81,0.0,0.0,90,Clouds,overcast clouds,3,5234
3799,No Holiday,273.08,0.0,0.0,75,Clouds,broken clouds,2,3031
3800,No Holiday,282.22,0.0,0.0,1,Clear,sky is clear,11,3527
3801,No Holiday,277.82,0.0,0.0,1,Clear,sky is clear,5,5518
3802,No Holiday,292.65,0.0,0.0,90,Drizzle,heavy intensity drizzle,6,5765
3803,No Holiday,290.95,0.0,0.0,90,Mist,mist,9,4782
3804,No Holiday,265.81,0.0,0.0,64,Snow,light snow,12,2747
3805,No Holiday,268.35,0.0,0.0,90,Snow,heavy snow,12,278
3806,No Holiday,297.62,0.0,0.0,75,Rain,light rain,7,5583
3807,No Holiday,289.75,0.0,0.0,32,Clouds,scattered clouds,6,657
3808,No Holiday,289.11,0.0,0.0,90,Mist,mist,5,566
3809,No Holiday,288.18,0.0,0.0,1,Haze,haze,9,3260
3810,No Holiday,293.35,0.0,0.0,40,Drizzle,light intensity drizzle,6,480
3811,No Holiday,285.18,0.0,0.0,92,Drizzle,light intensity drizzle,10,6659
3812,No Holiday,285.29,0.0,0.0,90,Clouds,overcast clouds,8,5595
3813,No Holiday,299.26,0.0,0.0,0,Clear,Sky is Clear,6,6146
3814,No Holiday,274.79,0.0,0.0,90,Mist,mist,11,4687
3815,No Holiday,281.58,0.0,0.0,20,Clouds,few clouds,5,324
3816,No Holiday,294.52,0.0,0.0,1,Clear,sky is clear,6,4725
3817,No Holiday,274.82,0.0,0.0,90,Rain,light rain,11,5425
3818,No Holiday,279.69,0.0,0.0,1,Clear,sky is clear,9,3415
3819,No Holiday,284.03,0.25,0.0,32,Rain,light rain,5,6110
3820,No Holiday,300.15,0.0,0.0,1,Clear,sky is clear,7,5827
3821,No Holiday,272.61,0.0,0.0,1,Mist,mist,10,332
3822,No Holiday,282.22,0.0,0.0,90,Rain,moderate rain,10,2977
3823,No Holiday,290.47,0.0,0.0,1,Clear,sky is clear,7,451
3824,No Holiday,277.65,0.0,0.0,1,Clear,sky is clear,10,337
3825,No Holiday,274.34,0.0,0.0,90,Mist,mist,12,4544
3826,No Holiday,272.73,0.0,0.0,90,Mist,mist,4,625
3827,No Holiday,300.36,0.0,0.0,40,Rain,light rain,5,3145
3828,No Holiday,259.58,0.0,0.0,90,Snow,light snow,1,2388
3829,No Holiday,299.56,0.0,0.0,1,Clear,sky is clear,9,4183
3830,No Holiday,290.39,0.0,0.0,90,Rain,moderate rain,5,1016
3831,No Holiday,289.56,0.0,0.0,1,Clear,sky is clear,5,846
3832,No Holiday,298.09,0.0,0.0,5,Clear,sky is clear,7,3156
3833,No Holiday,252.98,0.0,0.0,1,Mist,mist,1,243
3834,No Holiday,284.384,0.0,0.0,0,Clear,Sky is Clear,10,5520
3835,No Holiday,297.21,0.0,0.0,1,Mist,mist,8,3266
3836,No Holiday,271.42,0.0,0.0,1,Fog,fog,12,798
3837,No Holiday,272.55,0.0,0.0,5,Clear,sky is clear,12,5286
3838,No Holiday,302.58,0.0,0.0,75,Clouds,broken clouds,5,4969
3839,No Holiday,288.87,0.0,0.0,0,Clear,Sky is Clear,7,384
3840,No Holiday,270.21,0.0,0.0,90,Clouds,overcast clouds,2,5687
3841,No Holiday,292.72,0.0,0.0,20,Clouds,few clouds,7,2952
3842,No Holiday,280.7,0.0,0.0,64,Clouds,broken clouds,11,5242
3843,No Holiday,289.74,0.0,0.0,90,Rain,moderate rain,8,4501
3844,No Holiday,267.83,0.0,0.0,1,Clear,sky is clear,3,6166
3845,No Holiday,284.74,0.0,0.0,90,Drizzle,light intensity drizzle,3,5085
3846,No Holiday,280.15,0.0,0.0,90,Mist,mist,11,354
3847,No Holiday,270.75,0.0,0.0,1,Clear,sky is clear,3,301
3848,No Holiday,288.35,0.0,0.0,1,Rain,light rain,4,822
3849,No Holiday,296.68,0.0,0.0,8,Rain,light rain,8,2637
3850,No Holiday,274.9,0.0,0.0,90,Mist,mist,11,5065
3851,No Holiday,287.59,0.0,0.0,64,Clouds,broken clouds,10,6199
3852,No Holiday,266.15,0.0,0.0,90,Haze,haze,1,3740
3853,No Holiday,279.04,0.0,0.0,1,Clear,sky is clear,10,5161
3854,No Holiday,294.65,0.0,0.0,1,Clear,sky is clear,7,1143
3855,No Holiday,290.51,0.0,0.0,40,Clouds,scattered clouds,8,2733
3856,No Holiday,289.67,2.79,0.0,90,Rain,moderate rain,8,5611
3857,No Holiday,279.55,0.0,0.0,90,Drizzle,drizzle,4,257
3858,No Holiday,294.08,0.0,0.0,1,Clear,sky is clear,4,4097
3859,No Holiday,300.28,0.0,0.0,1,Clear,sky is clear,5,2934
3860,No Holiday,272.9,0.0,0.0,1,Clear,sky is clear,12,5845
3861,No Holiday,292.02,27.57,0.0,90,Rain,very heavy rain,7,492
3862,No Holiday,283.31,0.3,0.0,1,Rain,light rain,9,342
3863,No Holiday,295.72,0.0,0.0,92,Clouds,overcast clouds,8,6217
3864,No Holiday,297.42,0.0,0.0,75,Clouds,broken clouds,5,5814
3865,No Holiday,282.49,0.0,0.0,1,Clear,sky is clear,11,5487
3866,No Holiday,281.54,0.0,0.0,40,Clouds,scattered clouds,10,6028
3867,No Holiday,269.48,0.0,0.0,90,Clouds,overcast clouds,12,1857
3868,No Holiday,272.62,0.0,0.0,90,Clouds,overcast clouds,2,1854
3869,No Holiday,286.38,0.36,0.0,92,Mist,mist,6,5181
3870,No Holiday,290.87,0.0,0.0,1,Clear,sky is clear,8,3182
3871,No Holiday,273.28,0.0,0.0,1,Clear,sky is clear,11,5600
3872,No Holiday,276.13,0.0,0.0,90,Drizzle,light intensity drizzle,10,4623
3873,No Holiday,283.168,0.0,0.0,0,Clear,Sky is Clear,5,259
3874,No Holiday,289.11,0.0,0.0,88,Clouds,overcast clouds,6,3041
3875,No Holiday,251.86,0.0,0.0,1,Clear,sky is clear,12,326
3876,No Holiday,265.62,0.0,0.0,1,Clear,sky is clear,2,3760
3877,No Holiday,292.58,0.0,0.0,1,Clear,sky is clear,9,4936
3878,No Holiday,293.23,0.25,0.0,75,Rain,light rain,7,763
3879,No Holiday,287.45,0.0,0.0,1,Clear,sky is clear,8,1755
3880,No Holiday,281.75,0.0,0.0,90,Rain,light rain,10,1501
3881,No Holiday,300.15,0.0,0.0,1,Clear,sky is clear,7,5109
3882,No Holiday,273.65,0.0,0.0,90,Mist,mist,4,5610
3883,No Holiday,255.71,0.0,0.0,40,Mist,mist,12,4411
3884,No Holiday,284.311,0.0,0.0,92,Rain,light rain,10,3899
3885,No Holiday,271.73,0.0,0.0,90,Snow,heavy snow,3,2169
3886,No Holiday,256.22,0.0,0.0,90,Clouds,overcast clouds,12,2693
3887,No Holiday,287.01,0.38,0.0,24,Mist,mist,6,3143
3888,No Holiday,291.29,0.0,0.0,90,Rain,light rain,6,4165
3889,No Holiday,272.22,0.0,0.0,1,Clear,sky is clear,3,340
3890,No Holiday,288.26,0.0,0.0,75,Mist,mist,6,2415
3891,No Holiday,278.93,0.0,0.0,90,Rain,light rain,10,5760
3892,No Holiday,292.69,0.0,0.0,1,Rain,light rain,6,354
3893,No Holiday,296.58,1.02,0.0,90,Thunderstorm,thunderstorm,7,3
3894,No Holiday,275.22,0.0,0.0,20,Clouds,few clouds,10,920
3895,No Holiday,283.49,0.0,0.0,75,Clouds,broken clouds,11,3630
3896,No Holiday,273.939,0.0,0.0,0,Clear,Sky is Clear,2,6601
3897,No Holiday,291.15,0.0,0.0,1,Haze,haze,8,295
3898,No Holiday,263.5,0.0,0.0,1,Clear,sky is clear,11,4497
3899,No Holiday,293.79,0.0,0.0,1,Clear,sky is clear,6,4841
3900,No Holiday,289.62,0.0,0.0,1,Clear,sky is clear,10,502
3901,No Holiday,275.75,0.0,0.0,90,Fog,fog,1,4268
3902,No Holiday,274.22,0.0,0.0,90,Drizzle,light intensity drizzle,12,269
3903,No Holiday,257.48,0.0,0.0,75,Clouds,broken clouds,2,5615
3904,No Holiday,277.71,0.0,0.0,1,Clear,sky is clear,3,5193
3905,No Holiday,289.68,0.0,0.0,90,Thunderstorm,proximity thunderstorm,10,6783
3906,No Holiday,268.01,0.0,0.0,90,Mist,mist,4,151
3907,No Holiday,298.95,0.0,0.0,1,Clear,sky is clear,7,3186
3908,No Holiday,293.49,0.0,0.0,5,Clear,sky is clear,6,4334
3909,No Holiday,272.42,0.0,0.0,1,Clear,sky is clear,11,444
3910,No Holiday,269.84,0.0,0.0,90,Fog,fog,4,1417
3911,No Holiday,277.48,0.0,0.0,75,Rain,moderate rain,4,5853
3912,No Holiday,284.69,0.0,0.0,32,Clouds,scattered clouds,9,418
3913,No Holiday,296.36,0.0,0.0,0,Clear,Sky is Clear,6,2256
3914,No Holiday,273.94,0.0,0.0,75,Clouds,broken clouds,4,2048
3915,No Holiday,286.38,0.0,0.0,90,Mist,mist,3,3197
3916,No Holiday,297.62,0.0,0.0,75,Clouds,broken clouds,8,4480
3917,No Holiday,268.61,0.0,0.0,1,Clear,sky is clear,11,5595
3918,No Holiday,292.66,0.0,0.0,90,Clouds,overcast clouds,7,4349
3919,No Holiday,294.42,0.0,0.0,1,Clear,sky is clear,5,5723
3920,No Holiday,293.64,13.64,0.0,90,Rain,heavy intensity rain,7,696
3921,No Holiday,292.88,0.0,0.0,40,Clouds,scattered clouds,5,6402
3922,No Holiday,266.65,0.0,0.0,90,Snow,light snow,1,5346
3923,No Holiday,264.77,0.0,0.0,1,Clear,sky is clear,3,683
3924,No Holiday,299.3,0.0,0.0,1,Clear,sky is clear,7,4812
3925,No Holiday,291.88,0.0,0.0,92,Clouds,overcast clouds,6,6605
3926,No Holiday,261.15,0.0,0.0,40,Clouds,scattered clouds,12,5278
3927,No Holiday,285.91,0.0,0.0,1,Mist,mist,8,1712
3928,No Holiday,290.73,4.57,0.0,90,Mist,mist,8,4265
3929,No Holiday,286.38,0.0,0.0,0,Clear,Sky is Clear,10,1468
3930,No Holiday,255.22,0.0,0.0,1,Clear,sky is clear,1,6095
3931,No Holiday,291.381,0.0,0.0,64,Clouds,broken clouds,10,1148
3932,No Holiday,262.88,0.0,0.0,1,Clear,sky is clear,11,2703
3933,No Holiday,270.91,0.0,0.0,90,Snow,light snow,12,302
3934,No Holiday,274.45,0.0,0.0,75,Clouds,broken clouds,1,4805
3935,No Holiday,278.976,0.0,0.0,100,Rain,moderate rain,10,5120
3936,No Holiday,273.15,0.0,0.0,90,Snow,light snow,3,325
3937,No Holiday,274.15,0.0,0.0,90,Rain,heavy intensity rain,12,2400
3938,No Holiday,267.79,0.0,0.0,90,Snow,light snow,2,4422
3939,No Holiday,275.62,0.0,0.0,1,Clear,sky is clear,10,6625
3940,No Holiday,297.21,0.0,0.0,40,Clouds,scattered clouds,7,3869
3941,No Holiday,299.52,0.0,0.0,0,Clear,Sky is Clear,6,4724
3942,No Holiday,274.01,0.0,0.0,90,Clouds,overcast clouds,4,4071
3943,No Holiday,274.21,0.0,0.0,90,Snow,snow,12,2282
3944,No Holiday,274.38,0.0,0.0,90,Mist,mist,12,4788
3945,No Holiday,301.22,0.0,0.0,40,Clouds,scattered clouds,7,2792
3946,No Holiday,269.84,0.0,0.0,90,Haze,haze,2,5059
3947,No Holiday,270.22,0.0,0.0,75,Clouds,broken clouds,1,2613
3948,No Holiday,272.62,0.0,0.0,90,Snow,light snow,4,6670
3949,No Holiday,286.34,0.0,0.0,0,Clear,Sky is Clear,8,830
3950,No Holiday,275.06,0.0,0.0,90,Clouds,overcast clouds,4,6971
3951,No Holiday,294.32,3.05,0.0,80,Mist,mist,6,6172
3952,No Holiday,281.78,0.0,0.0,90,Clouds,overcast clouds,10,6108
3953,No Holiday,291.15,0.0,0.0,1,Clear,sky is clear,8,532
3954,No Holiday,270.55,0.0,0.0,90,Snow,snow,2,2709
3955,No Holiday,279.65,1.52,0.0,90,Rain,moderate rain,4,6136
3956,No Holiday,294.35,0.0,0.0,90,Clouds,overcast clouds,7,4619
3957,No Holiday,302.74,0.0,0.0,40,Clouds,scattered clouds,8,6114
3958,No Holiday,274.49,0.0,0.0,90,Mist,mist,4,251
3959,No Holiday,303.22,0.0,0.0,40,Clouds,scattered clouds,6,4570
3960,No Holiday,272.65,0.0,0.0,64,Clouds,broken clouds,12,3935
3961,No Holiday,261.93,0.0,0.0,1,Clear,sky is clear,2,3065
3962,No Holiday,284.14,0.0,0.0,1,Clear,sky is clear,8,373
3963,No Holiday,270.15,0.0,0.0,90,Mist,mist,12,979
3964,No Holiday,276.63,0.0,0.0,1,Clear,sky is clear,4,4271
3965,No Holiday,293.36,0.0,0.0,92,Clouds,overcast clouds,8,5232
3966,No Holiday,260.99,0.0,0.0,20,Clouds,few clouds,1,3575
3967,No Holiday,273.94,0.0,0.0,90,Mist,mist,3,5088
3968,No Holiday,271.48,0.0,0.0,1,Clear,sky is clear,12,577
3969,No Holiday,278.35,0.98,0.0,90,Drizzle,light intensity drizzle,5,4736
3970,No Holiday,270.09,0.0,0.0,75,Snow,snow,2,2391
3971,No Holiday,289.42,0.0,0.0,0,Clear,Sky is Clear,5,4850
3972,No Holiday,281.15,0.0,0.0,75,Clouds,broken clouds,4,1660
3973,No Holiday,283.84,0.0,0.0,1,Clear,sky is clear,5,476
3974,No Holiday,271.88,0.0,0.0,1,Fog,fog,11,969
3975,No Holiday,275.72,0.0,0.0,1,Clear,sky is clear,11,4833
3976,No Holiday,291.46,0.0,0.0,90,Drizzle,light intensity drizzle,8,4224
3977,No Holiday,282.42,0.0,0.0,90,Clouds,overcast clouds,10,2293
3978,No Holiday,292.08,0.0,0.0,90,Mist,mist,5,6136
3979,No Holiday,284.58,1.6,0.0,90,Thunderstorm,proximity thunderstorm,4,2620
3980,No Holiday,284.77,0.0,0.0,75,Clouds,broken clouds,5,264
3981,No Holiday,288.95,0.0,0.0,5,Clear,sky is clear,5,5196
3982,No Holiday,292.23,0.0,0.0,0,Rain,moderate rain,7,879
3983,No Holiday,291.9,0.0,0.0,1,Clear,sky is clear,5,5509
3984,No Holiday,289.22,0.0,0.0,90,Clouds,overcast clouds,10,5029
3985,No Holiday,281.62,0.0,0.0,40,Clouds,scattered clouds,4,4665
3986,No Holiday,287.18,0.0,0.0,90,Clouds,overcast clouds,5,2974
3987,No Holiday,299.78,0.0,0.0,1,Clear,sky is clear,8,4284
3988,No Holiday,283.78,0.25,0.0,90,Rain,heavy intensity rain,4,4510
3989,No Holiday,270.98,0.0,0.0,75,Clouds,broken clouds,3,5610
3990,No Holiday,282.48,0.25,0.0,0,Rain,light rain,9,383
3991,No Holiday,274.87,0.0,0.0,90,Clouds,overcast clouds,3,2991
3992,No Holiday,283.32,0.0,0.0,90,Clouds,overcast clouds,10,4949
3993,No Holiday,283.96,0.0,0.0,75,Clouds,broken clouds,4,5587
3994,No Holiday,298.4,0.0,0.0,75,Clouds,broken clouds,7,4855
3995,No Holiday,275.51,0.0,0.0,40,Clouds,scattered clouds,4,5303
3996,No Holiday,274.68,0.0,0.0,90,Mist,mist,2,3152
3997,No Holiday,270.471,0.0,0.0,20,Clouds,few clouds,2,4510
3998,No Holiday,292.4,0.0,0.0,90,Rain,heavy intensity rain,6,4833
3999,No Holiday,259.88,0.0,0.0,1,Clear,sky is clear,2,502
4000,No Holiday,288.82,0.0,0.0,75,Clouds,broken clouds,6,1149
4001,No Holiday,285.584,0.0,0.0,0,Clear,Sky is Clear,10,4436
4002,No Holiday,298.34,0.0,0.0,1,Clear,sky is clear,7,2802
4003,No Holiday,261.02,0.0,0.0,90,Haze,haze,1,4813
4004,No Holiday,269.61,0.0,0.0,90,Clouds,overcast clouds,2,3850
4005,No Holiday,271.57,0.0,0.0,90,Mist,mist,4,551
4006,No Holiday,286.38,0.0,0.0,1,Clear,sky is clear,10,372
4007,No Holiday,292.73,0.0,0.0,1,Clear,sky is clear,7,826
4008,No Holiday,297.41,0.0,0.0,75,Clouds,broken clouds,7,3148
4009,No Holiday,256.95,0.0,0.0,1,Clear,sky is clear,2,5076
4010,No Holiday,286.41,0.0,0.0,40,Mist,mist,5,2795
4011,No Holiday,275.02,0.0,0.0,90,Clouds,overcast clouds,2,1173
4012,No Holiday,279.3,0.0,0.0,1,Clear,sky is clear,12,5825
4013,No Holiday,277.22,0.0,0.0,90,Mist,mist,11,6212
4014,No Holiday,284.58,1.02,0.0,90,Rain,heavy intensity rain,4,4349
4015,No Holiday,302.93,0.0,0.0,20,Clouds,few clouds,6,4257
4016,No Holiday,293.23,0.0,0.0,1,Clear,sky is clear,7,6246
4017,No Holiday,267.92,0.0,0.0,1,Clear,sky is clear,4,804
4018,No Holiday,287.72,0.0,0.0,90,Clouds,overcast clouds,5,5167
4019,No Holiday,297.62,0.0,0.0,56,Clouds,broken clouds,8,5555
4020,No Holiday,276.65,0.0,0.0,90,Clouds,overcast clouds,4,2758
4021,No Holiday,264.15,0.0,0.0,90,Clouds,overcast clouds,3,4658
4022,No Holiday,274.72,0.0,0.0,90,Mist,mist,3,2546
4023,No Holiday,299.19,0.0,0.0,1,Clear,sky is clear,4,6271
4024,No Holiday,297.7,0.0,0.0,40,Clouds,scattered clouds,7,5662
4025,No Holiday,289.45,0.38,0.0,75,Rain,light rain,9,4000
4026,No Holiday,294.42,0.0,0.0,1,Clear,sky is clear,11,4288
4027,No Holiday,272.29,0.0,0.0,90,Haze,haze,3,5690
4028,No Holiday,266.36,0.0,0.0,1,Clear,sky is clear,3,5699
4029,No Holiday,260.07,0.0,0.0,75,Snow,light snow,1,3130
4030,No Holiday,287.12,0.0,0.0,90,Clouds,overcast clouds,4,3217
4031,No Holiday,298.36,0.0,0.0,5,Clear,sky is clear,6,4838
4032,No Holiday,264.27,0.0,0.0,1,Clear,sky is clear,2,5841
4033,No Holiday,291.46,0.0,0.0,90,Mist,mist,8,4224
4034,No Holiday,271.26,0.0,0.0,90,Mist,mist,4,730
4035,No Holiday,301.75,0.0,0.0,1,Clear,sky is clear,7,4167
4036,No Holiday,259.25,0.0,0.0,90,Mist,mist,1,6234
4037,No Holiday,296.97,0.25,0.0,0,Rain,light rain,6,6282
4038,No Holiday,287.63,0.0,0.0,90,Drizzle,light intensity drizzle,10,1399
4039,No Holiday,273.35,0.0,0.06,75,Mist,mist,1,628
4040,No Holiday,256.16,0.0,0.0,40,Clouds,scattered clouds,2,720
4041,No Holiday,300.15,0.0,0.0,20,Clouds,few clouds,5,6588
4042,No Holiday,294.56,0.0,0.0,40,Clouds,scattered clouds,5,5005
4043,No Holiday,279.36,0.0,0.0,1,Clear,sky is clear,4,284
4044,No Holiday,294.35,0.0,0.0,90,Drizzle,light intensity drizzle,6,6765
4045,No Holiday,284.93,0.0,0.0,1,Clear,sky is clear,5,5175
4046,No Holiday,275.21,0.0,0.0,90,Rain,light rain,11,2933
4047,No Holiday,279.27,0.0,0.0,90,Clouds,overcast clouds,10,6589
4048,No Holiday,277.89,0.0,0.0,1,Clear,sky is clear,4,719
4049,No Holiday,288.28,0.0,0.0,90,Clouds,overcast clouds,6,1928
4050,No Holiday,296.35,0.0,0.0,1,Rain,light rain,9,4935
4051,No Holiday,272.02,0.0,0.0,1,Clear,sky is clear,3,360
4052,No Holiday,274.84,0.0,0.0,90,Clouds,overcast clouds,12,1952
4053,No Holiday,271.28,0.0,0.0,90,Clouds,overcast clouds,1,5354
4054,No Holiday,296.57,0.25,0.0,90,Thunderstorm,thunderstorm,8,2969
4055,No Holiday,267.92,0.0,0.0,90,Clouds,overcast clouds,2,2606
4056,No Holiday,273.65,0.0,0.0,90,Clouds,overcast clouds,1,4488
4057,No Holiday,264.22,0.0,0.0,1,Clear,sky is clear,11,320
4058,No Holiday,287.17,0.3,0.0,1,Rain,light rain,7,346
4059,No Holiday,267.49,0.0,0.0,90,Mist,mist,2,381
4060,No Holiday,290.48,0.0,0.0,90,Mist,mist,5,287
4061,No Holiday,288.86,0.0,0.0,75,Clouds,broken clouds,5,4917
4062,No Holiday,291.64,0.0,0.0,20,Clouds,few clouds,5,2801
4063,No Holiday,284.14,0.0,0.0,24,Clouds,few clouds,10,958
4064,No Holiday,253.68,0.0,0.0,5,Clear,sky is clear,2,3115
4065,No Holiday,284.26,0.0,0.0,90,Clouds,overcast clouds,4,1139
4066,No Holiday,283.33,0.0,0.0,57,Rain,light rain,10,4076
4067,No Holiday,278.0,0.0,0.0,1,Clear,sky is clear,5,755
4068,No Holiday,276.35,0.0,0.0,75,Clouds,broken clouds,4,6476
4069,No Holiday,288.64,0.0,0.0,0,Clear,Sky is Clear,7,6025
4070,No Holiday,266.08,0.0,0.0,40,Clouds,scattered clouds,1,3299
4071,No Holiday,284.89,0.0,0.0,75,Clouds,broken clouds,9,707
4072,No Holiday,250.84,0.0,0.0,1,Clear,sky is clear,12,2311
4073,No Holiday,285.29,1.02,0.0,90,Thunderstorm,proximity thunderstorm,4,2577
4074,No Holiday,297.69,0.0,0.0,1,Clear,sky is clear,6,1196
4075,No Holiday,297.94,0.0,0.0,40,Clouds,scattered clouds,7,3554
4076,No Holiday,271.84,0.0,0.0,90,Clouds,overcast clouds,2,1956
4077,No Holiday,258.94,0.0,0.0,75,Clouds,broken clouds,1,5157
4078,No Holiday,293.79,0.0,0.0,40,Clouds,scattered clouds,8,4507
4079,No Holiday,270.72,0.0,0.0,90,Snow,light snow,1,1598
4080,No Holiday,300.82,0.0,0.0,1,Clear,sky is clear,9,6503
4081,No Holiday,287.13,0.0,0.0,75,Clouds,broken clouds,7,940
4082,No Holiday,272.37,0.0,0.0,90,Snow,light snow,11,3057
4083,No Holiday,302.76,0.0,0.0,0,Clear,Sky is Clear,8,4940
4084,No Holiday,257.68,0.0,0.0,75,Snow,light snow,1,3970
4085,No Holiday,284.96,0.0,0.0,40,Clouds,scattered clouds,7,2956
4086,No Holiday,274.35,0.0,0.0,5,Clear,sky is clear,11,5273
4087,No Holiday,263.56,0.0,0.0,1,Clear,sky is clear,3,373
4088,No Holiday,261.44,0.0,0.0,90,Clouds,overcast clouds,2,6820
4089,No Holiday,256.39,0.0,0.0,75,Clouds,broken clouds,2,4440
4090,No Holiday,276.01,0.0,0.0,90,Drizzle,drizzle,3,329
4091,No Holiday,280.87,0.0,0.0,90,Clouds,overcast clouds,10,5384
4092,No Holiday,272.01,0.0,0.0,90,Snow,light snow,4,5124
4093,No Holiday,292.32,4.89,0.0,90,Mist,mist,6,843
4094,No Holiday,288.89,0.0,0.0,1,Clear,sky is clear,8,982
4095,No Holiday,275.77,0.0,0.0,1,Clear,sky is clear,5,4583
4096,No Holiday,276.17,0.0,0.0,64,Clouds,broken clouds,11,3727
4097,No Holiday,282.74,0.0,0.0,98,Clear,sky is clear,11,352
4098,No Holiday,273.27,0.58,0.0,20,Rain,light rain,3,5146
4099,No Holiday,272.58,0.0,0.0,1,Clear,sky is clear,2,1008
4100,No Holiday,282.3,0.0,0.0,0,Clear,Sky is Clear,10,1324
4101,No Holiday,292.09,0.0,0.0,90,Mist,mist,5,5763
4102,No Holiday,290.19,0.0,0.0,40,Clouds,scattered clouds,5,5648
4103,No Holiday,265.9,0.0,0.0,1,Clear,sky is clear,3,5548
4104,No Holiday,298.0,0.0,0.0,75,Clouds,broken clouds,8,2735
4105,No Holiday,271.0,0.0,0.0,40,Clouds,scattered clouds,1,4767
4106,No Holiday,292.29,0.0,0.0,1,Mist,mist,6,1227
4107,No Holiday,293.14,0.0,0.0,1,Clear,sky is clear,6,4262
4108,No Holiday,277.89,0.0,0.0,90,Clouds,overcast clouds,10,5405
4109,No Holiday,291.76,16.38,0.0,76,Thunderstorm,thunderstorm with heavy rain,6,635
4110,No Holiday,252.63,0.0,0.0,5,Clear,sky is clear,1,3991
4111,No Holiday,296.56,0.0,0.0,40,Clouds,scattered clouds,7,2038
4112,No Holiday,287.3,0.0,0.0,90,Mist,mist,8,5819
4113,No Holiday,282.6,0.0,0.0,81,Clear,sky is clear,10,2603
4114,No Holiday,272.69,0.0,0.0,90,Clouds,overcast clouds,3,6111
4115,No Holiday,284.18,0.0,0.0,0,Mist,mist,9,391
4116,No Holiday,291.63,0.0,0.0,1,Clear,sky is clear,10,2962
4117,No Holiday,272.79,0.0,0.0,20,Clouds,few clouds,1,5751
4118,No Holiday,271.26,0.0,0.0,75,Snow,snow,12,765
4119,No Holiday,263.21,0.0,0.0,75,Clouds,broken clouds,11,322
4120,No Holiday,261.8,0.0,0.0,90,Snow,heavy snow,1,5761
4121,No Holiday,297.54,0.0,0.0,1,Clear,sky is clear,4,5916
4122,No Holiday,267.9,0.0,0.0,1,Clear,sky is clear,1,1284
4123,No Holiday,261.68,0.0,0.0,20,Clouds,few clouds,1,5136
4124,No Holiday,273.95,0.0,0.0,90,Mist,mist,11,903
4125,No Holiday,286.76,0.0,0.0,1,Clear,sky is clear,5,687
4126,No Holiday,264.53,0.0,0.0,75,Clouds,broken clouds,3,5096
4127,No Holiday,274.41,0.0,0.0,20,Clouds,few clouds,3,5147
4128,No Holiday,278.398,0.0,0.0,0,Clear,Sky is Clear,10,2233
4129,No Holiday,295.48,0.0,0.0,1,Clear,sky is clear,9,4603
4130,No Holiday,299.78,0.0,0.0,88,Rain,moderate rain,7,3551
4131,No Holiday,247.82,0.0,0.0,40,Clouds,scattered clouds,1,683
4132,No Holiday,285.86,0.0,0.0,1,Clear,sky is clear,3,5817
4133,No Holiday,263.77,0.0,0.0,64,Clouds,broken clouds,12,4703
4134,No Holiday,269.26,0.0,0.0,64,Clouds,broken clouds,1,4403
4135,No Holiday,286.65,0.0,0.0,80,Clouds,broken clouds,6,3133
4136,No Holiday,288.15,1.72,0.0,92,Drizzle,light intensity drizzle,6,1053
4137,No Holiday,297.01,0.0,0.0,1,Rain,light rain,8,6423
4138,No Holiday,292.06,0.0,0.0,20,Clouds,few clouds,7,940
4139,No Holiday,273.35,0.0,0.0,90,Clouds,overcast clouds,12,6020
4140,No Holiday,261.59,0.0,0.0,64,Snow,light snow,12,3363
4141,No Holiday,275.96,0.0,0.0,90,Clouds,overcast clouds,4,393
4142,No Holiday,275.91,0.0,0.0,90,Mist,mist,12,447
4143,No Holiday,289.58,0.0,0.0,1,Clear,sky is clear,5,364
4144,No Holiday,287.05,0.0,0.0,20,Clouds,few clouds,4,6258
4145,No Holiday,274.03,0.0,0.0,90,Mist,mist,4,261
4146,No Holiday,276.29,0.0,0.0,90,Rain,light rain,4,3439
4147,No Holiday,278.37,0.0,0.0,90,Clouds,overcast clouds,11,4723
4148,No Holiday,295.5,0.0,0.0,1,Mist,mist,8,5126
4149,No Holiday,295.7,0.0,0.0,1,Clear,sky is clear,5,5400
4150,No Holiday,257.81,0.0,0.0,1,Clear,sky is clear,11,1827
4151,No Holiday,270.22,0.0,0.0,1,Clear,sky is clear,4,4104
4152,No Holiday,300.25,1.78,0.0,90,Rain,moderate rain,8,4890
4153,No Holiday,281.85,0.0,0.0,75,Clouds,broken clouds,5,5046
4154,No Holiday,290.83,0.0,0.0,1,Clear,sky is clear,10,4492
4155,No Holiday,288.18,0.0,0.0,75,Clouds,broken clouds,6,788
4156,No Holiday,289.32,0.0,0.0,1,Clear,sky is clear,7,424
4157,No Holiday,298.07,0.0,0.0,75,Clouds,broken clouds,7,773
4158,No Holiday,262.18,0.0,0.0,90,Snow,heavy snow,12,2930
4159,No Holiday,293.75,0.0,0.0,90,Haze,haze,6,2072
4160,No Holiday,291.44,0.0,0.0,90,Rain,heavy intensity rain,6,4333
4161,No Holiday,283.32,0.25,0.0,76,Drizzle,light intensity drizzle,10,5351
4162,No Holiday,288.12,0.0,0.0,88,Clouds,overcast clouds,6,3254
4163,No Holiday,272.01,0.0,0.0,90,Mist,mist,12,339
4164,No Holiday,296.54,0.0,0.0,75,Rain,moderate rain,6,5718
4165,No Holiday,291.79,0.0,0.0,1,Mist,mist,8,376
4166,No Holiday,250.77,0.0,0.0,75,Clouds,broken clouds,3,1024
4167,No Holiday,292.43,0.0,0.0,90,Rain,moderate rain,8,250
4168,No Holiday,288.54,0.0,0.0,1,Clear,sky is clear,5,399
4169,No Holiday,281.33,0.0,0.0,1,Clear,sky is clear,4,4356
4170,No Holiday,297.55,0.0,0.0,90,Rain,moderate rain,5,4267
4171,No Holiday,285.22,0.0,0.0,90,Drizzle,light intensity drizzle,5,768
4172,No Holiday,279.57,0.0,0.0,64,Clouds,broken clouds,11,4677
4173,No Holiday,267.71,0.0,0.0,90,Clouds,overcast clouds,1,1596
4174,No Holiday,275.92,0.0,0.0,90,Mist,mist,1,4547
4175,No Holiday,269.64,0.0,0.0,90,Snow,light snow,12,2849
4176,No Holiday,284.34,4.06,0.0,90,Mist,mist,4,2907
4177,No Holiday,295.08,0.0,0.0,1,Clear,sky is clear,8,421
4178,No Holiday,290.64,0.0,0.0,0,Clear,Sky is Clear,6,5764
4179,No Holiday,268.62,0.0,0.0,1,Clear,sky is clear,12,3177
4180,No Holiday,272.96,0.0,0.0,1,Fog,fog,1,433
4181,No Holiday,296.15,0.0,0.0,0,Clear,Sky is Clear,8,4638
4182,No Holiday,267.73,0.0,0.0,40,Clouds,scattered clouds,11,2125
4183,No Holiday,286.96,0.0,0.0,90,Clouds,overcast clouds,10,5033
4184,No Holiday,293.29,0.51,0.0,90,Thunderstorm,proximity thunderstorm,5,2482
4185,No Holiday,289.11,0.0,0.0,1,Clear,sky is clear,8,871
4186,No Holiday,290.68,0.0,0.0,90,Mist,mist,6,4851
4187,No Holiday,247.13,0.0,0.0,1,Clear,sky is clear,2,744
4188,No Holiday,288.58,0.0,0.0,75,Thunderstorm,proximity thunderstorm with rain,5,5388
4189,No Holiday,276.67,0.0,0.0,40,Clouds,scattered clouds,3,5744
4190,No Holiday,256.73,0.0,0.0,90,Clouds,overcast clouds,12,1007
4191,No Holiday,296.69,0.0,0.0,1,Clear,sky is clear,8,4255
4192,No Holiday,282.74,0.0,0.0,98,Clear,sky is clear,11,341
4193,No Holiday,286.74,0.0,0.0,1,Clear,sky is clear,8,776
4194,No Holiday,261.94,0.0,0.0,75,Mist,mist,3,5636
4195,No Holiday,289.75,0.0,0.0,90,Mist,mist,5,832
4196,No Holiday,272.88,0.0,0.0,90,Clouds,overcast clouds,12,3748
4197,No Holiday,291.57,0.0,0.0,90,Rain,light rain,8,4963
4198,No Holiday,288.01,0.0,0.0,90,Drizzle,light intensity drizzle,9,5085
4199,No Holiday,269.87,0.0,0.0,90,Snow,snow,4,1703
4200,No Holiday,263.19,0.0,0.0,1,Clear,sky is clear,3,389
4201,No Holiday,277.21,0.0,0.0,90,Mist,mist,1,1807
4202,No Holiday,248.72,0.0,0.0,1,Clear,sky is clear,1,585
4203,No Holiday,275.29,0.0,0.0,90,Drizzle,light intensity drizzle,1,2642
4204,No Holiday,292.68,0.0,0.0,1,Clear,sky is clear,7,497
4205,No Holiday,293.28,0.0,0.0,40,Clouds,scattered clouds,7,3423
4206,No Holiday,290.37,0.0,0.0,1,Clear,sky is clear,8,3192
4207,No Holiday,293.76,0.0,0.0,75,Rain,moderate rain,6,4445
4208,No Holiday,252.35,0.0,0.0,1,Clear,sky is clear,1,5285
4209,No Holiday,281.48,0.0,0.0,1,Clear,sky is clear,9,6158
4210,No Holiday,302.34,0.0,0.0,40,Clouds,scattered clouds,7,4346
4211,No Holiday,299.69,0.0,0.0,64,Clouds,broken clouds,9,4911
4212,No Holiday,292.15,0.0,0.0,5,Mist,mist,8,1850
4213,No Holiday,279.02,0.0,0.0,1,Clear,sky is clear,5,6490
4214,No Holiday,252.15,0.0,0.0,1,Haze,haze,1,4275
4215,No Holiday,273.23,0.0,0.0,90,Clouds,overcast clouds,3,5530
4216,No Holiday,286.63,0.0,0.0,1,Clear,sky is clear,9,3364
4217,No Holiday,290.29,0.0,0.0,1,Clear,sky is clear,9,673
4218,No Holiday,262.44,0.0,0.0,1,Clear,sky is clear,12,1016
4219,No Holiday,261.77,0.0,0.0,20,Clouds,few clouds,2,3397
4220,No Holiday,275.93,0.0,0.0,90,Clouds,overcast clouds,2,2891
4221,No Holiday,271.51,0.0,0.0,90,Snow,light snow,3,1155
4222,No Holiday,280.62,0.0,0.0,90,Clouds,overcast clouds,3,3165
4223,No Holiday,299.001,0.0,0.0,68,Clouds,broken clouds,8,4107
4224,No Holiday,294.51,0.0,0.0,40,Drizzle,drizzle,6,3560
4225,No Holiday,295.37,0.0,0.0,75,Rain,light rain,6,4310
4226,No Holiday,289.26,0.0,0.0,0,Clear,sky is clear,10,368
4227,No Holiday,275.75,0.0,0.0,90,Clouds,overcast clouds,3,5574
4228,No Holiday,286.5,0.0,0.0,1,Clear,sky is clear,10,4551
4229,No Holiday,284.24,0.25,0.0,1,Rain,light rain,8,5902
4230,No Holiday,276.83,0.0,0.0,20,Clouds,few clouds,2,4663
4231,No Holiday,288.67,0.25,0.0,90,Rain,light rain,5,6217
4232,No Holiday,294.32,0.0,0.0,0,Clear,Sky is Clear,7,1708
4233,No Holiday,271.11,0.0,0.0,90,Snow,heavy snow,12,5327
4234,No Holiday,267.71,0.0,0.0,1,Clear,sky is clear,12,2449
4235,No Holiday,281.85,0.0,0.0,90,Drizzle,drizzle,4,315
4236,No Holiday,291.11,0.25,0.0,24,Rain,moderate rain,6,847
4237,No Holiday,289.79,0.0,0.0,90,Mist,mist,5,2134
4238,No Holiday,288.04,0.0,0.0,0,Clear,Sky is Clear,8,5770
4239,No Holiday,281.39,1.8,0.0,76,Rain,moderate rain,10,2688
4240,No Holiday,271.46,0.0,0.0,90,Clouds,overcast clouds,1,3252
4241,No Holiday,259.15,0.0,0.0,64,Snow,light snow,12,231
4242,No Holiday,251.38,0.0,0.0,1,Clear,sky is clear,1,316
4243,No Holiday,302.04,0.0,0.0,56,Clouds,broken clouds,7,4379
4244,No Holiday,252.14,0.0,0.0,1,Clear,sky is clear,12,3101
4245,No Holiday,270.42,0.0,0.0,1,Clear,sky is clear,11,6379
4246,No Holiday,251.29,0.0,0.0,1,Clear,sky is clear,12,213
4247,No Holiday,274.02,0.0,0.0,90,Mist,mist,11,867
4248,No Holiday,283.43,0.0,0.0,1,Clear,sky is clear,4,5020
4249,No Holiday,255.76,0.0,0.0,90,Snow,light snow,12,4474
4250,No Holiday,283.08,0.0,0.0,90,Rain,light rain,3,351
4251,No Holiday,294.4,0.0,0.0,1,Clear,sky is clear,9,999
4252,No Holiday,276.82,0.0,0.0,1,Clear,sky is clear,4,259
4253,No Holiday,270.47,0.0,0.0,6,Clear,sky is clear,11,2468
4254,No Holiday,258.8,0.0,0.0,75,Clouds,broken clouds,2,2432
4255,No Holiday,282.73,0.0,0.0,1,Clear,sky is clear,11,2920
4256,No Holiday,287.15,0.0,0.0,90,Drizzle,drizzle,5,1984
4257,No Holiday,296.76,0.0,0.0,1,Clear,sky is clear,9,5342
4258,No Holiday,276.15,0.0,0.0,90,Drizzle,drizzle,3,299
4259,No Holiday,286.267,0.0,0.0,88,Clouds,overcast clouds,2,4566
4260,No Holiday,278.32,0.25,0.0,90,Rain,moderate rain,4,3464
4261,No Holiday,274.95,0.0,0.0,90,Haze,haze,1,5145
4262,No Holiday,265.48,0.0,0.0,40,Clouds,scattered clouds,1,3237
4263,No Holiday,302.89,0.0,0.0,1,Clear,sky is clear,6,3223
4264,No Holiday,268.41,0.0,0.0,1,Clear,sky is clear,2,4374
4265,No Holiday,285.14,0.0,0.0,40,Clouds,scattered clouds,9,5838
4266,No Holiday,293.08,0.0,0.0,1,Clear,sky is clear,7,2484
4267,No Holiday,273.89,0.0,0.0,40,Clouds,scattered clouds,2,4629
4268,No Holiday,263.28,0.0,0.0,90,Snow,light snow,12,5525
4269,No Holiday,271.0,0.0,0.0,90,Clouds,overcast clouds,3,569
4270,No Holiday,280.92,0.0,0.0,90,Haze,haze,9,5320
4271,No Holiday,275.8,0.0,0.0,1,Clear,sky is clear,12,5514
4272,No Holiday,294.42,0.0,0.0,1,Thunderstorm,proximity thunderstorm,8,379
4273,No Holiday,284.18,0.0,0.0,90,Rain,light rain,5,5825
4274,No Holiday,264.7,0.25,0.0,90,Rain,light rain,1,4270
4275,No Holiday,275.46,0.0,0.0,90,Mist,mist,1,3538
4276,No Holiday,273.05,0.0,0.0,90,Mist,mist,1,370
4277,No Holiday,277.78,0.0,0.0,1,Clear,sky is clear,10,515
4278,No Holiday,295.74,0.0,0.0,90,Rain,light rain,8,2452
4279,No Holiday,279.72,0.0,0.0,1,Clear,sky is clear,10,2983
4280,No Holiday,270.27,0.0,0.0,90,Clouds,overcast clouds,11,3706
4281,No Holiday,293.9,0.0,0.0,1,Clear,sky is clear,7,616
4282,No Holiday,300.75,0.0,0.0,56,Clouds,broken clouds,7,4363
4283,No Holiday,299.41,0.0,0.0,90,Clouds,overcast clouds,8,4624
4284,No Holiday,291.56,0.0,0.0,80,Clouds,broken clouds,9,425
4285,No Holiday,260.15,0.0,0.0,1,Clear,sky is clear,2,4987
4286,No Holiday,284.02,0.0,0.0,20,Clouds,few clouds,9,2203
4287,No Holiday,287.69,0.0,0.0,1,Clear,sky is clear,4,4907
4288,No Holiday,265.08,0.0,0.0,1,Mist,mist,2,592
4289,No Holiday,299.67,0.0,0.0,40,Clouds,scattered clouds,7,2300
4290,No Holiday,303.25,0.0,0.0,12,Rain,moderate rain,6,6337
4291,No Holiday,250.41,0.0,0.0,3,Clear,sky is clear,2,3438
4292,No Holiday,281.26,0.0,0.0,75,Clouds,broken clouds,5,6952
4293,No Holiday,278.15,0.0,0.0,1,Clear,sky is clear,2,6370
4294,No Holiday,271.36,0.0,0.0,75,Clouds,broken clouds,11,5761
4295,No Holiday,281.03,0.0,0.0,1,Clear,sky is clear,11,2507
4296,No Holiday,272.36,0.0,0.0,75,Rain,light rain,3,1039
4297,No Holiday,301.38,0.0,0.0,1,Clear,sky is clear,5,5241
4298,No Holiday,260.61,0.0,0.0,90,Snow,light snow,2,389
4299,No Holiday,289.5,0.0,0.0,0,Clear,Sky is Clear,8,5151
4300,No Holiday,291.16,0.0,0.0,1,Mist,mist,8,984
4301,No Holiday,274.59,0.0,0.0,75,Clouds,broken clouds,4,549
4302,No Holiday,274.51,0.0,0.0,90,Clouds,overcast clouds,10,6258
4303,No Holiday,274.72,0.0,0.0,90,Snow,light snow,1,234
4304,No Holiday,296.29,0.0,0.0,90,Clouds,overcast clouds,6,5558
4305,No Holiday,286.15,0.0,0.0,75,Rain,moderate rain,4,6597
4306,No Holiday,283.04,0.0,0.0,1,Clear,sky is clear,6,256
4307,No Holiday,290.15,0.0,0.0,1,Clear,sky is clear,8,627
4308,No Holiday,294.72,0.0,0.0,1,Clear,sky is clear,8,4968
4309,No Holiday,284.09,0.0,0.0,93,Rain,light rain,10,4358
4310,No Holiday,285.49,0.0,0.0,56,Clouds,broken clouds,10,666
4311,No Holiday,292.58,0.0,0.0,90,Drizzle,drizzle,8,5094
4312,No Holiday,290.29,0.0,0.0,1,Clear,sky is clear,5,2548
4313,No Holiday,281.37,0.0,0.0,75,Clouds,broken clouds,4,531
4314,No Holiday,270.61,0.0,0.0,90,Clouds,overcast clouds,2,6005
4315,No Holiday,301.59,0.0,0.0,1,Clear,sky is clear,7,3749
4316,No Holiday,292.28,0.0,0.0,40,Rain,light rain,6,5585
4317,No Holiday,290.42,0.0,0.0,20,Clouds,few clouds,4,6257
4318,No Holiday,284.77,0.0,0.0,90,Drizzle,light intensity drizzle,3,4758
4319,No Holiday,279.77,0.0,0.0,75,Clouds,broken clouds,5,962
4320,No Holiday,293.49,0.0,0.0,20,Clouds,few clouds,9,3360
4321,No Holiday,276.15,0.0,0.0,90,Rain,light rain,4,2768
4322,No Holiday,256.65,0.0,0.0,75,Snow,light snow,1,888
4323,No Holiday,288.96,0.0,0.0,1,Clear,sky is clear,7,237
4324,No Holiday,298.05,0.0,0.0,80,Clouds,broken clouds,7,2534
4325,No Holiday,270.51,0.0,0.0,90,Snow,light snow,3,4057
4326,No Holiday,255.4,0.0,0.0,64,Clouds,broken clouds,12,3769
4327,No Holiday,295.99,0.0,0.0,40,Clouds,scattered clouds,6,3806
4328,No Holiday,292.61,0.0,0.0,90,Clouds,overcast clouds,6,464
4329,No Holiday,293.68,0.25,0.0,90,Mist,mist,9,3050
4330,No Holiday,262.53,0.0,0.0,1,Clear,sky is clear,2,3505
4331,No Holiday,263.69,0.0,0.0,75,Clouds,broken clouds,2,3541
4332,No Holiday,287.47,0.0,0.0,90,Rain,moderate rain,9,6055
4333,No Holiday,285.69,0.0,0.0,0,Clear,Sky is Clear,9,323
4334,No Holiday,292.59,1.95,0.0,36,Rain,moderate rain,8,442
4335,No Holiday,286.51,0.0,0.0,90,Drizzle,light intensity drizzle,10,4749
4336,No Holiday,291.46,0.0,0.0,20,Clouds,few clouds,6,1223
4337,No Holiday,292.36,0.0,0.0,90,Fog,fog,8,3022
4338,No Holiday,292.25,0.25,0.0,90,Drizzle,light intensity drizzle,9,3368
4339,No Holiday,293.12,0.0,0.0,1,Clear,sky is clear,8,4895
4340,No Holiday,286.46,0.0,0.0,92,Rain,moderate rain,10,369
4341,No Holiday,297.96,0.0,0.0,1,Clear,sky is clear,5,2494
4342,No Holiday,279.5,1.13,0.0,68,Rain,moderate rain,10,686
4343,No Holiday,270.11,0.0,0.0,64,Mist,mist,1,5073
4344,No Holiday,266.58,0.0,0.0,90,Snow,light snow,2,1821
4345,No Holiday,254.63,0.0,0.0,64,Clouds,broken clouds,12,3167
4346,No Holiday,285.03,0.0,0.0,90,Clouds,overcast clouds,4,4776
4347,No Holiday,270.15,0.0,0.0,90,Clouds,overcast clouds,1,4353
4348,No Holiday,300.56,0.0,0.0,40,Haze,haze,7,4178
4349,No Holiday,267.31,0.0,0.0,1,Mist,mist,12,5784
4350,No Holiday,262.52,0.0,0.0,90,Snow,light snow,12,4395
4351,No Holiday,289.62,0.0,0.0,90,Rain,light rain,8,270
4352,No Holiday,255.2,0.0,0.0,64,Clouds,broken clouds,12,5356
4353,No Holiday,290.05,0.0,0.0,1,Clear,sky is clear,9,6224
4354,No Holiday,270.82,0.0,0.0,90,Haze,haze,2,5032
4355,No Holiday,288.43,0.25,0.0,20,Rain,light rain,8,5467
4356,No Holiday,299.08,0.0,0.0,20,Clouds,few clouds,8,5151
4357,No Holiday,298.43,0.0,0.0,1,Clear,sky is clear,7,1275
4358,No Holiday,293.26,0.0,0.0,1,Clear,sky is clear,4,4444
4359,No Holiday,287.153,0.0,0.0,92,Rain,light rain,10,2147
4360,No Holiday,274.58,0.0,0.0,90,Rain,light rain,4,4793
4361,No Holiday,293.34,0.0,0.0,40,Clouds,scattered clouds,8,662
4362,No Holiday,291.56,0.0,0.0,90,Clouds,overcast clouds,7,660
4363,No Holiday,288.72,0.0,0.0,90,Rain,light rain,9,332
4364,No Holiday,255.95,0.0,0.0,40,Clouds,scattered clouds,1,1153
4365,No Holiday,259.53,0.0,0.0,90,Clouds,overcast clouds,3,2471
4366,No Holiday,295.95,0.0,0.0,90,Thunderstorm,proximity thunderstorm,8,2632
4367,No Holiday,287.84,0.0,0.0,1,Clear,sky is clear,11,6263
4368,No Holiday,274.86,0.0,0.0,1,Clear,sky is clear,1,327
4369,No Holiday,288.72,0.0,0.0,1,Clear,sky is clear,9,4704
4370,No Holiday,267.33,0.0,0.0,90,Snow,heavy snow,12,5014
4371,No Holiday,258.42,0.0,0.0,90,Mist,mist,1,4082
4372,No Holiday,291.62,0.0,0.0,40,Thunderstorm,thunderstorm with heavy rain,8,1142
4373,No Holiday,288.68,0.0,0.0,1,Clear,sky is clear,7,747
4374,No Holiday,293.9,0.0,0.0,40,Clouds,scattered clouds,9,432
4375,No Holiday,273.84,0.0,0.0,90,Clouds,overcast clouds,12,1173
4376,No Holiday,268.34,0.0,0.05,90,Snow,light snow,12,2236
4377,No Holiday,278.89,0.0,0.0,1,Clear,sky is clear,11,4478
4378,No Holiday,282.231,0.0,0.0,32,Clouds,scattered clouds,2,4871
4379,No Holiday,267.43,0.0,0.0,90,Clouds,overcast clouds,12,2972
4380,No Holiday,299.34,0.0,0.0,90,Clouds,overcast clouds,7,4448
4381,No Holiday,280.85,0.0,0.0,1,Clear,sky is clear,10,1713
4382,No Holiday,273.88,0.0,0.0,90,Rain,light rain,11,2584
4383,No Holiday,297.28,0.0,0.0,75,Clouds,broken clouds,6,5062
4384,No Holiday,274.49,0.0,0.0,90,Snow,light snow,3,5490
4385,No Holiday,279.76,0.0,0.0,90,Rain,moderate rain,4,592
4386,No Holiday,248.79,0.0,0.0,5,Clear,sky is clear,1,4742
4387,No Holiday,283.3,0.0,0.0,40,Clouds,scattered clouds,5,2464
4388,No Holiday,279.58,0.0,0.0,75,Clouds,broken clouds,3,2531
4389,No Holiday,291.44,0.0,0.0,1,Mist,mist,5,343
4390,No Holiday,275.34,0.0,0.0,90,Clouds,overcast clouds,11,4297
4391,No Holiday,293.79,0.0,0.0,90,Mist,mist,6,3940
4392,No Holiday,273.03,0.0,0.0,90,Clouds,overcast clouds,3,410
4393,No Holiday,290.72,0.0,0.0,90,Clouds,overcast clouds,7,4983
4394,No Holiday,288.93,0.0,0.0,1,Clear,sky is clear,9,5419
4395,No Holiday,272.93,0.0,0.0,1,Mist,mist,1,1025
4396,No Holiday,270.57,0.0,0.0,90,Mist,mist,3,5684
4397,No Holiday,297.73,0.0,0.0,12,Clouds,few clouds,8,4568
4398,No Holiday,291.95,0.0,0.0,75,Drizzle,light intensity drizzle,6,5538
4399,No Holiday,274.08,0.0,0.0,90,Mist,mist,1,291
4400,No Holiday,258.14,0.0,0.0,1,Clear,sky is clear,2,4072
4401,No Holiday,294.87,0.0,0.0,90,Mist,mist,6,4494
4402,No Holiday,286.75,0.0,0.0,90,Mist,mist,8,3564
4403,No Holiday,301.53,0.0,0.0,0,Clear,Sky is Clear,6,4212
4404,No Holiday,289.59,0.0,0.0,1,Clear,sky is clear,5,3335
4405,No Holiday,287.94,0.0,0.0,90,Drizzle,drizzle,9,4359
4406,No Holiday,254.48,0.0,0.0,1,Clear,sky is clear,1,845
4407,No Holiday,279.44,0.0,0.0,64,Clouds,broken clouds,11,3131
4408,No Holiday,281.62,0.0,0.0,20,Clouds,few clouds,9,6375
4409,No Holiday,285.3,0.0,0.0,1,Clear,sky is clear,5,264
4410,No Holiday,287.49,0.0,0.0,20,Clouds,few clouds,6,3160
4411,No Holiday,274.1,0.7,0.0,90,Rain,light rain,3,4676
4412,No Holiday,288.93,0.0,0.0,75,Clouds,broken clouds,10,1447
4413,No Holiday,299.47,0.0,0.0,40,Clouds,scattered clouds,5,5726
4414,No Holiday,296.93,0.0,0.0,1,Haze,haze,8,5388
4415,No Holiday,285.91,0.0,0.0,90,Clouds,overcast clouds,5,5754
4416,No Holiday,296.97,0.0,0.0,68,Clouds,broken clouds,6,3923
4417,No Holiday,284.62,0.0,0.0,90,Mist,mist,4,4678
4418,No Holiday,299.48,0.0,0.0,75,Clouds,broken clouds,7,4596
4419,No Holiday,291.58,0.0,0.0,5,Clear,sky is clear,7,1710
4420,No Holiday,299.57,0.0,0.0,40,Clouds,scattered clouds,7,4708
4421,No Holiday,251.72,0.0,0.0,1,Clear,sky is clear,12,4565
4422,No Holiday,301.15,0.0,0.0,1,Clear,sky is clear,9,5832
4423,No Holiday,297.91,0.0,0.0,1,Clear,sky is clear,9,4734
4424,No Holiday,270.93,0.0,0.0,90,Clouds,overcast clouds,11,604
4425,No Holiday,280.3,0.0,0.0,1,Clear,sky is clear,11,974
4426,No Holiday,268.46,0.0,0.0,1,Clear,sky is clear,4,4761
4427,No Holiday,264.75,0.0,0.0,1,Clear,sky is clear,12,2114
4428,No Holiday,270.58,0.0,0.0,75,Haze,haze,1,2817
4429,No Holiday,295.35,0.0,0.0,75,Clouds,broken clouds,6,3138
4430,No Holiday,287.0,0.0,0.0,1,Mist,mist,5,248
4431,No Holiday,290.88,0.0,0.0,0,Clear,Sky is Clear,6,444
4432,No Holiday,301.48,0.0,0.0,75,Clouds,broken clouds,7,4621
4433,No Holiday,265.3,0.0,0.0,90,Haze,haze,12,5026
4434,No Holiday,275.34,0.0,0.0,75,Clouds,broken clouds,11,5290
4435,No Holiday,270.62,0.0,0.0,1,Clear,sky is clear,3,5754
4436,No Holiday,290.57,0.0,0.0,20,Fog,fog,8,5994
4437,No Holiday,257.23,0.0,0.0,1,Clear,sky is clear,1,2162
4438,No Holiday,292.75,0.0,0.0,1,Mist,mist,9,377
4439,No Holiday,290.84,0.64,0.0,24,Mist,mist,6,809
4440,No Holiday,291.87,0.0,0.0,20,Clouds,few clouds,6,4307
4441,No Holiday,275.72,0.0,0.0,90,Mist,mist,1,4911
4442,No Holiday,288.765,0.0,0.0,64,Clouds,broken clouds,5,5179
4443,No Holiday,271.25,0.0,0.0,90,Clouds,overcast clouds,11,4755
4444,No Holiday,300.59,0.0,0.0,1,Clear,sky is clear,8,5088
4445,No Holiday,300.96,0.0,0.0,40,Clouds,scattered clouds,8,3944
4446,No Holiday,288.65,0.0,0.0,1,Clear,sky is clear,6,387
4447,No Holiday,282.08,0.0,0.0,20,Clouds,few clouds,4,6188
4448,No Holiday,273.45,0.0,0.0,90,Snow,snow,2,3814
4449,No Holiday,292.59,0.0,0.0,90,Thunderstorm,proximity thunderstorm with rain,6,5652
4450,No Holiday,295.48,0.0,0.0,1,Clear,sky is clear,9,871
4451,No Holiday,274.95,0.0,0.0,90,Mist,mist,1,408
4452,No Holiday,292.27,0.0,0.0,40,Clouds,scattered clouds,8,908
4453,No Holiday,274.44,0.0,0.0,64,Rain,light rain,12,272
4454,No Holiday,278.08,0.0,0.0,90,Clouds,overcast clouds,3,3148
4455,No Holiday,271.53,1.27,0.0,90,Snow,light snow,12,3876
4456,No Holiday,273.55,0.0,0.0,90,Clouds,overcast clouds,3,5260
4457,No Holiday,282.49,0.0,0.0,1,Clear,sky is clear,11,344
4458,No Holiday,300.47,0.0,0.0,40,Clouds,scattered clouds,7,3265
4459,No Holiday,262.77,0.0,0.0,64,Clouds,broken clouds,12,5906
4460,No Holiday,274.21,0.0,0.0,40,Clouds,scattered clouds,4,6030
4461,No Holiday,257.68,0.0,0.0,90,Mist,mist,1,331
4462,No Holiday,284.51,0.0,0.0,5,Clear,sky is clear,9,1973
4463,No Holiday,300.78,0.0,0.0,75,Clouds,broken clouds,7,4093
4464,No Holiday,296.51,0.0,0.0,75,Clouds,broken clouds,5,6075
4465,No Holiday,299.73,0.0,0.0,1,Clear,sky is clear,7,4730
4466,No Holiday,262.09,0.0,0.0,90,Snow,light snow,12,4848
4467,No Holiday,292.92,0.0,0.0,90,Mist,mist,5,527
4468,No Holiday,298.42,0.0,0.0,40,Clouds,scattered clouds,6,4944
4469,No Holiday,274.87,0.0,0.0,90,Rain,light rain,1,2946
4470,No Holiday,293.64,0.0,0.0,5,Clear,sky is clear,9,5395
4471,No Holiday,289.61,0.0,0.0,1,Mist,mist,8,890
4472,No Holiday,279.903,0.0,0.0,92,Rain,light rain,10,4372
4473,No Holiday,259.77,0.0,0.0,90,Clouds,overcast clouds,3,237
4474,No Holiday,281.42,0.0,0.0,40,Clouds,scattered clouds,4,3290
4475,No Holiday,261.8,0.0,0.0,1,Clear,sky is clear,1,4284
4476,No Holiday,277.29,0.0,0.0,1,Clear,sky is clear,4,374
4477,No Holiday,299.34,0.0,0.0,1,Clear,sky is clear,7,5832
4478,No Holiday,299.62,0.0,0.0,1,Clear,sky is clear,6,6238
4479,No Holiday,301.74,0.0,0.0,36,Clouds,scattered clouds,8,3512
4480,No Holiday,289.55,0.0,0.0,90,Rain,light rain,6,4039
4481,No Holiday,287.15,0.0,0.0,90,Rain,moderate rain,9,516
4482,No Holiday,289.81,0.0,0.0,90,Clouds,overcast clouds,9,5764
4483,No Holiday,287.4,0.0,0.0,68,Clouds,broken clouds,6,6699
4484,No Holiday,264.65,0.0,0.0,90,Haze,haze,3,800
4485,No Holiday,289.48,0.0,0.0,32,Clouds,scattered clouds,8,294
4486,No Holiday,269.22,0.0,0.0,40,Clouds,scattered clouds,12,4423
4487,No Holiday,277.41,0.0,0.0,90,Clouds,overcast clouds,3,4715
4488,No Holiday,298.25,0.0,0.0,0,Clear,Sky is Clear,8,6219
4489,No Holiday,285.53,0.0,0.0,90,Clouds,overcast clouds,5,243
4490,No Holiday,272.42,0.0,0.0,90,Fog,fog,11,2876
4491,No Holiday,293.01,0.0,0.0,1,Mist,mist,7,646
4492,No Holiday,288.99,0.0,0.0,90,Clouds,overcast clouds,5,3637
4493,No Holiday,284.15,0.0,0.0,90,Mist,mist,10,4558
4494,No Holiday,270.17,0.0,0.0,90,Clouds,overcast clouds,12,250
4495,No Holiday,270.29,0.0,0.0,1,Clear,sky is clear,4,1632
4496,No Holiday,289.51,0.25,0.0,1,Rain,light rain,5,474
4497,No Holiday,280.189,0.0,0.0,0,Clear,Sky is Clear,10,1086
4498,No Holiday,296.51,0.0,0.0,75,Clouds,broken clouds,9,2977
4499,No Holiday,272.15,0.0,0.0,75,Clouds,broken clouds,3,5967
4500,No Holiday,286.71,0.0,0.0,90,Mist,mist,4,409
4501,No Holiday,293.25,0.0,0.0,1,Clear,sky is clear,7,2583
4502,No Holiday,276.07,0.0,0.0,1,Mist,mist,11,5221
4503,No Holiday,273.67,0.0,0.0,90,Rain,light rain,12,1476
4504,No Holiday,293.87,0.0,0.0,90,Mist,mist,8,1092
4505,No Holiday,274.32,0.25,0.0,90,Snow,light snow,12,5651
4506,No Holiday,276.16,0.0,0.0,90,Rain,light rain,4,1550
4507,No Holiday,280.09,0.0,0.0,90,Clouds,overcast clouds,5,821
4508,No Holiday,295.77,0.0,0.0,5,Clear,sky is clear,9,1960
4509,No Holiday,270.02,0.0,0.0,90,Mist,mist,2,2736
4510,No Holiday,277.35,0.0,0.0,90,Clouds,overcast clouds,11,4575
4511,No Holiday,282.37,0.0,0.0,90,Clouds,overcast clouds,9,716
4512,No Holiday,290.15,0.0,0.0,1,Mist,mist,8,288
4513,No Holiday,306.07,0.0,0.0,0,Clear,Sky is Clear,7,6295
4514,No Holiday,281.82,0.0,0.0,1,Mist,mist,6,821
4515,No Holiday,283.77,0.0,0.0,90,Clouds,overcast clouds,3,3749
4516,No Holiday,291.86,0.0,0.0,1,Clear,sky is clear,9,5471
4517,No Holiday,277.29900000000004,0.0,0.0,8,Clear,sky is clear,10,3616
4518,No Holiday,286.08,0.0,0.0,90,Clouds,overcast clouds,5,2706
4519,No Holiday,289.66,0.0,0.0,1,Clear,sky is clear,8,4742
4520,No Holiday,291.15,0.0,0.0,1,Haze,haze,8,598
4521,No Holiday,268.79,0.0,0.0,90,Mist,mist,3,2935
4522,No Holiday,286.53,0.0,0.0,40,Clouds,scattered clouds,11,6521
4523,No Holiday,297.58,0.0,0.0,1,Clear,sky is clear,9,3079
4524,No Holiday,295.46,0.0,0.0,90,Mist,mist,8,4393
4525,No Holiday,284.05,0.0,0.0,0,Clear,Sky is Clear,10,5531
4526,No Holiday,279.07,0.0,0.0,64,Clouds,broken clouds,11,670
4527,No Holiday,290.43,0.0,0.0,20,Clouds,few clouds,9,4171
4528,No Holiday,298.15,0.0,0.0,92,Clouds,overcast clouds,7,4634
4529,No Holiday,284.34,0.0,0.0,90,Haze,haze,4,5392
4530,No Holiday,286.0,0.0,0.0,40,Clouds,scattered clouds,10,6630
4531,No Holiday,297.88,0.0,0.0,0,Clear,Sky is Clear,6,4628
4532,No Holiday,264.22,0.0,0.0,90,Snow,snow,12,435
4533,No Holiday,294.46,0.25,0.0,1,Rain,light rain,9,4107
4534,No Holiday,290.73,2.16,0.0,90,Mist,mist,5,4856
4535,No Holiday,294.62,0.0,0.0,0,Clear,Sky is Clear,5,3457
4536,No Holiday,295.22,0.0,0.0,40,Rain,moderate rain,7,4740
4537,No Holiday,275.43,0.0,0.0,90,Mist,mist,3,6115
4538,No Holiday,275.41,0.0,0.0,90,Clouds,overcast clouds,4,982
4539,No Holiday,274.19,0.0,0.0,90,Mist,mist,3,704
4540,No Holiday,291.61,0.0,0.0,5,Clear,sky is clear,9,4596
4541,No Holiday,277.68,0.0,0.0,90,Rain,light rain,4,6470
4542,No Holiday,273.44,0.0,0.0,1,Clear,sky is clear,10,3847
4543,No Holiday,292.8,0.0,0.0,1,Clear,sky is clear,4,2699
4544,No Holiday,283.01,0.0,0.0,90,Drizzle,drizzle,10,3120
4545,No Holiday,272.15,0.0,0.0,90,Mist,mist,1,5304
4546,No Holiday,298.93,0.0,0.0,8,Rain,light rain,6,4252
4547,No Holiday,277.82,0.0,0.0,90,Drizzle,drizzle,11,3732
4548,No Holiday,284.91,0.0,0.0,90,Clouds,overcast clouds,4,4798
4549,No Holiday,294.86,2.22,0.0,90,Thunderstorm,proximity thunderstorm,9,4647
4550,No Holiday,260.88,0.0,0.0,90,Clouds,overcast clouds,1,3174
4551,No Holiday,281.987,0.0,0.0,0,Clear,Sky is Clear,10,4065
4552,No Holiday,280.41,0.0,0.0,1,Clear,sky is clear,4,390
4553,No Holiday,292.03,0.0,0.0,40,Rain,heavy intensity rain,5,2767
4554,No Holiday,270.53,0.0,0.0,20,Clouds,few clouds,3,6849
4555,No Holiday,273.49,0.0,0.0,1,Clear,sky is clear,3,553
4556,No Holiday,288.47,0.0,0.0,0,Clear,Sky is Clear,8,6480
4557,No Holiday,299.04,0.0,0.0,12,Clouds,few clouds,8,4203
4558,No Holiday,274.01,0.0,0.0,90,Clouds,overcast clouds,1,672
4559,No Holiday,274.28,0.0,0.0,90,Fog,fog,11,4686
4560,No Holiday,268.08,0.0,0.0,75,Clouds,broken clouds,3,889
4561,No Holiday,272.36,0.0,0.0,40,Clouds,scattered clouds,1,455
4562,No Holiday,266.89,0.0,0.0,90,Clouds,overcast clouds,12,332
4563,No Holiday,274.65,0.0,0.0,90,Fog,fog,1,1488
4564,No Holiday,274.95,0.0,0.0,40,Clouds,scattered clouds,3,4562
4565,No Holiday,280.62,0.0,0.0,90,Clouds,overcast clouds,3,5215
4566,No Holiday,297.407,0.0,0.0,8,Clear,sky is clear,5,332
4567,No Holiday,281.77,0.0,0.0,90,Drizzle,drizzle,5,6530
4568,No Holiday,287.96,1.72,0.0,90,Thunderstorm,proximity thunderstorm,9,227
4569,No Holiday,273.28,0.0,0.0,90,Snow,light snow,11,2027
4570,No Holiday,269.35,0.0,0.0,90,Clouds,overcast clouds,1,3165
4571,No Holiday,285.5,0.0,0.0,90,Clouds,overcast clouds,9,5181
4572,No Holiday,270.55,0.0,0.0,90,Snow,light snow,1,1043
4573,No Holiday,284.37,0.0,0.0,40,Clouds,scattered clouds,4,4857
4574,No Holiday,293.71,0.0,0.0,0,Clear,Sky is Clear,8,294
4575,No Holiday,270.22,0.0,0.0,90,Snow,light snow,2,4627
4576,No Holiday,277.15,0.0,0.0,90,Haze,haze,12,5084
4577,No Holiday,271.15,0.0,0.0,90,Snow,light snow,11,6209
4578,No Holiday,292.58,0.0,0.0,1,Clear,sky is clear,4,5034
4579,No Holiday,268.37,0.0,0.0,5,Clear,sky is clear,2,4383
4580,No Holiday,301.72,0.0,0.0,24,Clouds,few clouds,8,4948
4581,No Holiday,263.69,0.0,0.0,75,Clouds,broken clouds,1,2398
4582,No Holiday,289.54,0.0,0.0,90,Mist,mist,9,397
4583,No Holiday,289.11,0.25,0.0,92,Rain,moderate rain,6,4756
4584,No Holiday,254.53,0.0,0.0,1,Clear,sky is clear,3,3838
4585,No Holiday,272.56,0.0,0.0,5,Clear,sky is clear,11,3463
4586,No Holiday,274.65,0.0,0.0,90,Fog,fog,1,591
4587,No Holiday,274.29,0.0,0.0,75,Clouds,broken clouds,2,4620
4588,No Holiday,288.18,0.0,0.0,1,Clear,sky is clear,5,299
4589,No Holiday,295.57,0.0,0.0,90,Thunderstorm,proximity thunderstorm,9,4828
4590,No Holiday,273.96,0.0,0.0,90,Clouds,overcast clouds,4,3115
4591,No Holiday,293.03,0.0,0.0,1,Clear,sky is clear,6,839
4592,No Holiday,287.68,0.0,0.0,90,Clouds,overcast clouds,5,292
4593,No Holiday,294.77,0.0,0.0,76,Rain,light rain,8,436
4594,No Holiday,267.57,0.0,0.0,90,Mist,mist,1,874
4595,No Holiday,309.29,0.0,0.0,40,Clouds,scattered clouds,6,5902
4596,No Holiday,292.97,0.0,0.0,75,Clouds,broken clouds,5,4956
4597,No Holiday,274.85,0.0,0.0,90,Drizzle,light intensity drizzle,12,3076
4598,No Holiday,278.75,0.0,0.0,90,Rain,light rain,3,581
4599,No Holiday,272.35,0.0,0.0,90,Mist,mist,12,4057
4600,No Holiday,274.55,0.0,0.0,90,Clouds,overcast clouds,11,1918
4601,No Holiday,273.15,0.0,0.0,90,Clouds,overcast clouds,3,5654
4602,No Holiday,279.62,0.0,0.0,40,Clouds,scattered clouds,4,6525
4603,No Holiday,262.77,0.0,0.0,20,Clouds,few clouds,2,3366
4604,No Holiday,290.41,2.29,0.0,76,Rain,moderate rain,9,4356
4605,No Holiday,290.79,0.0,0.0,40,Clouds,scattered clouds,9,4813
4606,No Holiday,296.09,0.0,0.0,5,Clear,sky is clear,5,2048
4607,No Holiday,283.0,0.0,0.0,75,Clouds,broken clouds,11,2364
4608,No Holiday,285.61,0.0,0.0,90,Clouds,overcast clouds,10,1021
4609,No Holiday,291.58,0.0,0.0,40,Clouds,scattered clouds,7,3206
4610,No Holiday,299.15,0.0,0.0,75,Clouds,broken clouds,7,3390
4611,No Holiday,302.84,0.0,0.0,75,Clouds,broken clouds,5,3685
4612,No Holiday,273.44,0.0,0.0,1,Clear,sky is clear,11,2930
4613,No Holiday,284.05,0.0,0.0,1,Clear,sky is clear,9,1932
4614,No Holiday,273.96,0.0,0.0,90,Clouds,overcast clouds,4,504
4615,No Holiday,290.78,0.0,0.0,1,Clear,sky is clear,6,2805
4616,No Holiday,291.39,0.0,0.0,44,Rain,moderate rain,7,353
4617,Independence Day,289.95,0.0,0.0,1,Clear,sky is clear,7,1115
4618,No Holiday,263.08,0.0,0.0,90,Clouds,overcast clouds,1,5866
4619,No Holiday,274.64,0.0,0.0,90,Clouds,overcast clouds,4,6255
4620,No Holiday,286.21,0.0,0.0,90,Mist,mist,10,4714
4621,No Holiday,274.42,0.0,0.0,90,Clouds,overcast clouds,3,4489
4622,No Holiday,291.17,0.0,0.0,20,Clouds,few clouds,5,3028
4623,No Holiday,289.42,0.0,0.0,90,Rain,light rain,10,3000
4624,No Holiday,280.02,0.0,0.0,1,Clear,sky is clear,4,1178
4625,No Holiday,259.7,0.0,0.0,1,Clear,sky is clear,12,3111
4626,No Holiday,270.88,0.0,0.0,40,Clouds,scattered clouds,3,1849
4627,No Holiday,288.15,0.0,0.0,1,Clear,sky is clear,10,2992
4628,No Holiday,287.46,0.0,0.0,90,Mist,mist,4,3101
4629,No Holiday,276.9,0.0,0.0,90,Haze,haze,3,6286
4630,No Holiday,284.056,0.0,0.0,0,Clear,Sky is Clear,10,5735
4631,No Holiday,300.74,0.0,0.0,75,Rain,moderate rain,9,4416
4632,No Holiday,267.96,0.0,0.0,20,Clouds,few clouds,3,3173
4633,No Holiday,250.9,0.0,0.0,20,Clouds,few clouds,1,405
4634,No Holiday,252.46,0.0,0.0,1,Clear,sky is clear,12,4893
4635,No Holiday,278.024,0.0,0.0,80,Clouds,broken clouds,10,1970
4636,No Holiday,293.34,0.0,0.0,20,Clouds,few clouds,6,635
4637,No Holiday,283.37,0.25,0.0,68,Rain,light rain,6,5119
4638,No Holiday,256.85,0.0,0.0,40,Clouds,scattered clouds,2,295
4639,No Holiday,302.6,0.0,0.0,0,Clear,Sky is Clear,8,2550
4640,No Holiday,283.66,0.0,0.0,90,Clouds,overcast clouds,4,3357
4641,No Holiday,275.62,0.0,0.0,90,Clouds,overcast clouds,1,4247
4642,No Holiday,295.39,0.0,0.0,40,Clouds,scattered clouds,8,5531
4643,No Holiday,287.43,0.0,0.0,1,Clear,sky is clear,9,5143
4644,No Holiday,293.12,0.0,0.0,1,Clear,sky is clear,9,5947
4645,No Holiday,297.79,0.0,0.0,1,Clear,sky is clear,7,5123
4646,No Holiday,273.15,0.0,0.0,90,Snow,light snow,11,4634
4647,No Holiday,290.36,0.0,0.0,0,Clear,Sky is Clear,8,270
4648,No Holiday,292.52,0.0,0.0,90,Mist,mist,7,2724
4649,No Holiday,258.52,0.0,0.0,1,Clear,sky is clear,2,647
4650,No Holiday,296.86,0.0,0.0,90,Thunderstorm,thunderstorm,7,1709
4651,No Holiday,284.98,0.0,0.0,90,Clouds,overcast clouds,5,1015
4652,No Holiday,276.88,0.0,0.0,20,Clouds,few clouds,3,6034
4653,No Holiday,294.65,0.0,0.0,75,Clouds,broken clouds,7,6361
4654,No Holiday,255.93,0.0,0.0,0,Clear,sky is clear,1,313
4655,No Holiday,291.67,0.0,0.0,20,Clouds,few clouds,9,3245
4656,No Holiday,269.06,0.0,0.0,90,Clouds,overcast clouds,11,6212
4657,No Holiday,291.78,0.38,0.0,90,Rain,light rain,8,5687
4658,No Holiday,276.15,0.0,0.0,1,Clear,sky is clear,4,839
4659,No Holiday,294.43,0.0,0.0,75,Rain,light rain,8,4255
4660,No Holiday,268.94,0.0,0.0,1,Clear,sky is clear,3,2872
4661,No Holiday,291.21,0.0,0.0,90,Rain,light rain,5,6369
4662,No Holiday,285.885,0.0,0.0,76,Rain,light rain,10,4727
4663,No Holiday,275.15,0.0,0.0,90,Rain,light rain,3,3719
4664,No Holiday,271.35,0.0,0.0,1,Clear,sky is clear,3,304
4665,No Holiday,299.21,0.0,0.0,40,Clouds,scattered clouds,9,4524
4666,No Holiday,267.45,0.0,0.0,90,Snow,heavy snow,12,5315
4667,No Holiday,285.54,0.0,0.0,90,Rain,moderate rain,5,5329
4668,No Holiday,265.78,0.0,0.0,90,Clouds,overcast clouds,12,4860
4669,No Holiday,291.17,0.0,0.0,68,Clouds,broken clouds,6,1389
4670,No Holiday,287.29,0.0,0.0,90,Rain,light rain,5,6507
4671,No Holiday,276.15,0.0,0.0,90,Clouds,overcast clouds,1,955
4672,No Holiday,294.49,0.0,0.0,40,Clouds,scattered clouds,8,941
4673,No Holiday,273.65,0.0,0.0,90,Clouds,overcast clouds,3,4671
4674,No Holiday,283.27,0.0,0.0,75,Clouds,broken clouds,11,4301
4675,No Holiday,263.87,0.0,0.0,90,Clouds,overcast clouds,12,3997
4676,No Holiday,284.07,0.0,0.0,1,Clear,sky is clear,9,1117
4677,No Holiday,273.94,0.0,0.0,90,Haze,haze,3,5088
4678,No Holiday,288.17,0.0,0.0,1,Clear,sky is clear,9,4039
4679,No Holiday,293.28,0.0,0.0,40,Haze,haze,9,5905
4680,No Holiday,286.22,0.0,0.0,40,Clouds,scattered clouds,4,5340
4681,No Holiday,306.33,0.0,0.0,0,Clear,Sky is Clear,7,6327
4682,No Holiday,273.57,0.0,0.0,90,Mist,mist,4,5522
4683,No Holiday,285.38,0.0,0.0,40,Clouds,scattered clouds,10,5062
4684,No Holiday,290.49,2.54,0.0,90,Mist,mist,6,520
4685,No Holiday,298.44,0.0,0.0,75,Thunderstorm,thunderstorm,5,4156
4686,No Holiday,297.81,0.0,0.0,44,Mist,mist,6,5572
4687,No Holiday,295.15,0.0,0.0,1,Clear,sky is clear,7,1920
4688,No Holiday,256.94,0.0,0.0,90,Haze,haze,1,3410
4689,No Holiday,281.43,0.0,0.0,1,Clear,sky is clear,9,1265
4690,No Holiday,257.94,0.0,0.0,1,Clear,sky is clear,2,349
4691,No Holiday,282.715,0.0,0.0,0,Clear,Sky is Clear,10,649
4692,No Holiday,270.09,0.0,0.0,40,Clouds,scattered clouds,12,1667
4693,No Holiday,273.02,0.0,0.0,90,Snow,light snow,1,815
4694,No Holiday,278.13,0.0,0.0,90,Clouds,overcast clouds,11,4200
4695,No Holiday,267.29,0.0,0.0,90,Clouds,overcast clouds,2,6344
4696,No Holiday,269.58,0.0,0.0,1,Clear,sky is clear,4,1682
4697,No Holiday,288.02,0.0,0.0,1,Clear,sky is clear,5,359
4698,No Holiday,275.61,0.0,0.0,1,Clear,sky is clear,4,900
4699,No Holiday,255.95,0.0,0.0,1,Snow,light snow,2,2830
4700,No Holiday,293.61,0.0,0.0,75,Rain,light rain,8,3840
4701,No Holiday,281.26,0.0,0.0,90,Clouds,overcast clouds,10,2908
4702,No Holiday,281.47,0.0,0.0,1,Clear,sky is clear,5,392
4703,No Holiday,273.58,0.0,0.0,90,Mist,mist,2,4360
4704,No Holiday,275.5,0.41,0.0,64,Rain,light rain,12,5012
4705,No Holiday,294.54,0.0,0.0,75,Clouds,broken clouds,6,4355
4706,No Holiday,300.0,0.0,0.0,1,Clear,sky is clear,7,4531
4707,No Holiday,282.0490000000001,0.0,0.0,92,Rain,light rain,10,801
4708,No Holiday,272.35,0.0,0.0,90,Clouds,overcast clouds,2,2101
4709,No Holiday,274.56,0.0,0.0,90,Clouds,overcast clouds,12,5231
4710,No Holiday,275.92,0.0,0.0,90,Drizzle,light intensity drizzle,1,4547
4711,No Holiday,284.53,0.0,0.0,1,Clear,sky is clear,10,4591
4712,No Holiday,275.85,0.0,0.0,90,Snow,heavy snow,10,6060
4713,No Holiday,286.08,0.0,0.0,1,Clear,sky is clear,6,458
4714,No Holiday,278.19,0.0,0.0,75,Clouds,broken clouds,4,793
4715,No Holiday,267.74,0.0,0.0,75,Clouds,broken clouds,4,355
4716,No Holiday,296.67,0.0,0.0,0,Clear,Sky is Clear,6,4481
4717,No Holiday,290.24,0.0,0.0,20,Clouds,few clouds,4,4695
4718,No Holiday,271.33,0.0,0.0,90,Mist,mist,12,5800
4719,No Holiday,289.11,0.0,0.0,0,Clear,Sky is Clear,10,4041
4720,No Holiday,265.14,0.0,0.0,1,Clear,sky is clear,2,6158
4721,No Holiday,270.57,0.0,0.0,75,Clouds,broken clouds,11,897
4722,No Holiday,266.09,0.0,0.0,90,Haze,haze,1,2046
4723,No Holiday,265.75,0.0,0.0,90,Mist,mist,2,4058
4724,No Holiday,283.53,0.0,0.0,1,Clear,sky is clear,4,3058
4725,No Holiday,300.79,0.0,0.0,1,Clear,sky is clear,9,5184
4726,No Holiday,268.22,0.0,0.0,1,Clear,sky is clear,3,4724
4727,No Holiday,291.47,0.0,0.0,92,Clouds,overcast clouds,6,4896
4728,No Holiday,289.42,0.0,0.0,1,Clear,sky is clear,8,5011
4729,No Holiday,282.34,0.0,0.0,90,Mist,mist,4,2898
4730,No Holiday,290.53,0.0,0.0,1,Haze,haze,6,5354
4731,No Holiday,300.52,0.0,0.0,0,Clear,Sky is Clear,7,4544
4732,No Holiday,293.32,0.0,0.0,1,Clear,sky is clear,7,5318
4733,No Holiday,272.81,0.0,0.0,90,Snow,snow,1,2066
4734,No Holiday,289.02,0.0,0.0,90,Rain,moderate rain,8,858
4735,No Holiday,299.12,0.0,0.0,1,Clear,sky is clear,7,4756
4736,No Holiday,299.01,0.0,0.0,0,Clear,Sky is Clear,8,4773
4737,No Holiday,274.88,0.0,0.0,90,Mist,mist,4,5813
4738,No Holiday,274.62,0.0,0.0,90,Snow,light snow,3,1556
4739,No Holiday,284.35,1.02,0.0,90,Rain,heavy intensity rain,4,3929
4740,No Holiday,274.01,0.0,0.0,90,Snow,snow,11,1714
4741,No Holiday,289.82,0.0,0.0,1,Clear,sky is clear,6,876
4742,No Holiday,261.93,0.0,0.0,90,Clouds,overcast clouds,2,631
4743,No Holiday,286.71,0.0,0.0,75,Clouds,broken clouds,5,1374
4744,No Holiday,276.793,0.0,0.0,64,Clouds,broken clouds,10,2789
4745,No Holiday,276.44,0.0,0.0,1,Clear,sky is clear,10,300
4746,No Holiday,292.9,0.0,0.0,1,Clear,sky is clear,7,389
4747,No Holiday,282.61,0.0,0.0,1,Clear,sky is clear,5,2248
4748,No Holiday,288.09,0.0,0.0,1,Thunderstorm,proximity thunderstorm,4,395
4749,No Holiday,275.23,0.0,0.0,40,Clouds,scattered clouds,11,1932
4750,No Holiday,275.43,0.0,0.0,75,Clouds,broken clouds,11,4442
4751,No Holiday,275.95,0.0,0.0,75,Clouds,broken clouds,12,4989
4752,No Holiday,270.26,0.0,0.0,90,Clouds,overcast clouds,3,289
4753,No Holiday,255.3,0.0,0.0,90,Snow,light snow,12,1413
4754,No Holiday,278.64,0.0,0.0,75,Clouds,broken clouds,4,337
4755,No Holiday,294.12,0.0,0.0,20,Clouds,few clouds,5,5073
4756,No Holiday,275.15,0.0,0.0,90,Snow,light shower snow,3,3719
4757,No Holiday,284.07,0.0,0.0,12,Clouds,few clouds,5,6108
4758,No Holiday,285.43,0.0,0.0,90,Mist,mist,5,5220
4759,No Holiday,254.93,0.0,0.0,64,Clouds,broken clouds,12,3430
4760,No Holiday,283.92,0.0,0.0,90,Rain,light rain,5,2542
4761,No Holiday,276.71,0.0,0.0,90,Rain,light rain,5,1051
4762,No Holiday,266.42,0.0,0.0,90,Snow,light snow,12,2304
4763,No Holiday,291.14,0.0,0.0,68,Clouds,broken clouds,6,3481
4764,No Holiday,267.02,0.0,0.0,90,Haze,haze,1,4269
4765,No Holiday,284.15,0.0,0.0,90,Drizzle,light intensity drizzle,3,2377
4766,No Holiday,261.23,0.0,0.0,1,Mist,mist,1,3716
4767,No Holiday,293.64,13.64,0.0,90,Thunderstorm,thunderstorm with heavy rain,7,696
4768,No Holiday,288.75,0.0,0.0,1,Clear,sky is clear,9,702
4769,No Holiday,301.98,0.25,0.0,1,Rain,light rain,9,4649
4770,No Holiday,278.64,2.8,0.0,90,Rain,moderate rain,4,4902
4771,No Holiday,299.18,0.0,0.0,1,Clear,sky is clear,7,3487
4772,No Holiday,264.38,0.0,0.0,90,Clouds,overcast clouds,1,586
4773,No Holiday,298.89,0.0,0.0,1,Thunderstorm,proximity thunderstorm,6,3709
4774,No Holiday,286.88,0.0,0.0,90,Mist,mist,4,1209
4775,No Holiday,277.75,0.0,0.0,75,Clouds,broken clouds,2,5036
4776,No Holiday,292.15,0.0,0.0,40,Rain,moderate rain,8,5457
4777,Labor Day,295.54,0.0,0.0,1,Clear,sky is clear,9,1026
4778,No Holiday,296.59,0.0,0.0,1,Clear,sky is clear,5,5199
4779,No Holiday,260.86,0.0,0.0,5,Clear,sky is clear,12,2008
4780,No Holiday,294.07,0.0,0.0,1,Clear,sky is clear,8,4906
4781,No Holiday,301.02,0.0,0.0,32,Rain,light rain,8,6056
4782,No Holiday,275.216,0.0,0.0,0,Clear,Sky is Clear,10,4077
4783,No Holiday,300.39,0.0,0.0,20,Clouds,few clouds,6,2094
4784,No Holiday,293.97,2.29,0.0,40,Rain,moderate rain,7,2672
4785,No Holiday,298.24,0.0,0.0,0,Clear,Sky is Clear,8,4187
4786,No Holiday,287.23,0.0,0.0,80,Mist,mist,5,4870
4787,No Holiday,275.08,0.0,0.0,90,Mist,mist,3,3571
4788,No Holiday,288.23,0.0,0.0,90,Rain,light rain,4,2785
4789,No Holiday,283.44,0.0,0.0,90,Mist,mist,10,2856
4790,No Holiday,275.04,0.0,0.0,90,Clouds,overcast clouds,4,600
4791,No Holiday,271.8,0.0,0.0,90,Fog,fog,2,4142
4792,No Holiday,299.69,0.0,0.0,1,Clear,sky is clear,5,4530
4793,No Holiday,284.938,0.0,0.0,76,Clouds,broken clouds,10,4380
4794,No Holiday,263.02,0.0,0.0,90,Mist,mist,12,1082
4795,No Holiday,270.34,0.0,0.0,90,Fog,fog,1,4151
4796,No Holiday,274.41,0.0,0.0,98,Clear,sky is clear,11,788
4797,No Holiday,299.29,0.0,0.0,75,Clouds,broken clouds,7,3461
4798,No Holiday,256.84,0.0,0.0,40,Snow,heavy snow,2,268
4799,No Holiday,306.15,0.0,0.0,40,Clouds,scattered clouds,5,3761
4800,No Holiday,284.83,0.51,0.0,90,Rain,moderate rain,5,343
4801,No Holiday,291.86,0.0,0.0,90,Mist,mist,8,4331
4802,No Holiday,288.21,0.0,0.0,1,Clear,sky is clear,4,745
4803,No Holiday,282.7,0.0,0.0,38,Clear,sky is clear,10,4324
4804,No Holiday,287.95,0.0,0.0,1,Clear,sky is clear,9,5447
4805,No Holiday,298.08,0.0,0.0,1,Clear,sky is clear,9,455
4806,No Holiday,274.4,0.54,0.0,90,Rain,light rain,3,4945
4807,No Holiday,271.178,0.0,0.0,0,Clear,Sky is Clear,10,308
4808,No Holiday,289.01,0.0,0.0,1,Clear,sky is clear,6,446
4809,No Holiday,273.36,0.0,0.0,90,Mist,mist,12,4442
4810,No Holiday,258.38,0.0,0.0,1,Clear,sky is clear,11,835
4811,No Holiday,300.57,0.0,0.0,1,Clear,sky is clear,10,2723
4812,No Holiday,284.26,0.0,0.0,40,Clouds,scattered clouds,10,3469
4813,No Holiday,281.05,0.65,0.0,90,Rain,light rain,4,1574
4814,No Holiday,298.7,0.0,0.0,1,Clear,sky is clear,6,3590
4815,No Holiday,300.58,0.0,0.0,1,Clear,sky is clear,4,6184
4816,No Holiday,291.29,0.0,0.0,90,Drizzle,drizzle,9,2786
4817,No Holiday,290.97,0.0,0.0,20,Haze,haze,6,4774
4818,No Holiday,250.56,0.0,0.0,75,Clouds,broken clouds,1,5549
4819,No Holiday,284.92,0.0,0.0,90,Mist,mist,4,5955
4820,No Holiday,267.43,0.0,0.0,90,Clouds,overcast clouds,2,1210
4821,No Holiday,288.79,0.51,0.0,68,Rain,light rain,6,3181
4822,No Holiday,257.89,0.0,0.0,90,Mist,mist,12,2205
4823,No Holiday,289.64,0.0,0.0,20,Clouds,few clouds,9,4201
4824,No Holiday,299.05,0.0,0.0,20,Clouds,few clouds,7,4430
4825,No Holiday,292.16,5.41,0.0,56,Rain,heavy intensity rain,8,526
4826,No Holiday,293.17,3.44,0.0,90,Rain,moderate rain,5,2609
4827,No Holiday,301.4,0.0,0.0,8,Clear,sky is clear,8,5382
4828,No Holiday,291.12,0.0,0.0,0,Clear,Sky is Clear,7,291
4829,No Holiday,287.246,0.0,0.0,80,Rain,light rain,10,5487
4830,No Holiday,267.64,0.0,0.0,75,Clouds,broken clouds,3,1057
4831,No Holiday,292.48,0.0,0.0,20,Clouds,few clouds,8,3839
4832,No Holiday,295.27,8.04,0.0,90,Thunderstorm,proximity thunderstorm,8,2619
4833,No Holiday,271.35,0.0,0.0,1,Clear,sky is clear,2,1789
4834,No Holiday,275.66,0.0,0.0,90,Rain,light rain,5,4978
4835,No Holiday,294.07,0.0,0.0,90,Clouds,overcast clouds,8,6461
4836,No Holiday,272.93,0.0,0.0,5,Clear,sky is clear,11,4168
4837,No Holiday,283.14,0.51,0.0,90,Drizzle,light intensity drizzle,5,4454
4838,No Holiday,275.22,0.0,0.0,90,Drizzle,light intensity drizzle,1,2342
4839,No Holiday,284.81,0.0,0.0,1,Clear,sky is clear,9,3043
4840,No Holiday,290.79,0.0,0.0,90,Thunderstorm,proximity thunderstorm,10,867
4841,No Holiday,271.15,0.0,0.0,20,Mist,mist,1,5736
4842,No Holiday,295.93,0.0,0.0,40,Mist,mist,8,4842
4843,No Holiday,263.32,0.0,0.0,90,Clouds,overcast clouds,12,436
4844,No Holiday,284.22,0.0,0.0,90,Clouds,overcast clouds,4,3226
4845,No Holiday,278.51,0.0,0.0,90,Clouds,overcast clouds,11,6809
4846,No Holiday,282.54,0.0,0.0,90,Clouds,overcast clouds,10,870
4847,No Holiday,272.52,0.0,0.0,90,Clouds,overcast clouds,3,582
4848,No Holiday,283.21,0.0,0.0,90,Thunderstorm,proximity thunderstorm,11,3832
4849,No Holiday,271.14,0.31,0.0,90,Rain,light rain,3,4481
4850,No Holiday,293.01,1.27,0.0,80,Rain,moderate rain,9,541
4851,No Holiday,280.33,0.0,0.0,64,Mist,mist,11,2881
4852,No Holiday,290.75,0.0,0.0,90,Rain,light rain,5,5667
4853,No Holiday,269.7,0.0,0.0,90,Clouds,overcast clouds,1,268
4854,No Holiday,290.35,0.0,0.0,1,Clear,sky is clear,8,400
4855,No Holiday,270.22,0.0,0.0,90,Snow,light snow,4,427
4856,No Holiday,296.62,0.0,0.0,40,Clouds,scattered clouds,9,3039
4857,No Holiday,297.69,1.02,0.0,92,Rain,moderate rain,6,4270
4858,No Holiday,295.53,0.25,0.0,1,Rain,light rain,9,4414
4859,No Holiday,303.84,0.0,0.0,8,Clear,sky is clear,7,4326
4860,No Holiday,287.17,0.84,0.0,24,Mist,mist,6,4919
4861,No Holiday,269.63,0.0,0.0,64,Clouds,broken clouds,11,5024
4862,No Holiday,292.38,0.0,0.0,40,Clouds,scattered clouds,7,274
4863,No Holiday,280.15,0.0,0.0,90,Rain,moderate rain,4,1083
4864,No Holiday,278.631,0.0,0.0,0,Clear,Sky is Clear,10,2401
4865,No Holiday,279.04,0.0,0.0,90,Clouds,overcast clouds,5,3865
4866,No Holiday,272.58,0.0,0.0,90,Clouds,overcast clouds,10,4910
4867,No Holiday,268.58,0.0,0.0,5,Clear,sky is clear,1,2848
4868,No Holiday,293.37,0.3,0.0,90,Rain,heavy intensity rain,8,354
4869,No Holiday,289.23,0.0,0.0,8,Clear,sky is clear,6,683
4870,No Holiday,273.08,0.0,0.0,90,Clouds,overcast clouds,11,448
4871,No Holiday,275.78,0.0,0.0,90,Clouds,overcast clouds,4,5210
4872,No Holiday,283.12,0.0,0.0,1,Clear,sky is clear,5,5952
4873,No Holiday,297.73,0.0,0.0,90,Rain,light rain,7,4273
4874,No Holiday,289.42,0.0,0.0,20,Clouds,few clouds,5,4837
4875,No Holiday,303.07,0.0,0.0,5,Clear,sky is clear,8,4281
4876,No Holiday,273.6,0.0,0.0,64,Mist,mist,11,1247
4877,No Holiday,285.99,0.0,0.0,90,Clouds,overcast clouds,5,514
4878,No Holiday,289.83,0.0,0.0,90,Clouds,overcast clouds,10,5369
4879,No Holiday,297.9,0.0,0.0,0,Clear,Sky is Clear,7,4276
4880,No Holiday,297.55,0.0,0.0,32,Clouds,scattered clouds,6,5245
4881,No Holiday,282.16,0.0,0.0,75,Clouds,broken clouds,11,5304
4882,No Holiday,285.53,0.0,0.0,75,Mist,mist,10,4957
4883,No Holiday,274.06,0.76,0.0,64,Mist,mist,12,2568
4884,No Holiday,268.71,0.0,0.0,90,Clouds,overcast clouds,3,5226
4885,No Holiday,292.73,0.0,0.0,40,Clouds,scattered clouds,6,5269
4886,No Holiday,284.37,3.08,0.0,92,Thunderstorm,proximity thunderstorm,5,5461
4887,No Holiday,296.0,0.0,0.0,90,Clouds,overcast clouds,5,6414
4888,No Holiday,253.86,0.0,0.0,75,Clouds,broken clouds,12,1879
4889,No Holiday,260.47,0.0,0.0,64,Snow,light snow,12,1835
4890,No Holiday,256.53,0.0,0.0,1,Clear,sky is clear,3,3607
4891,No Holiday,290.82,0.64,0.0,90,Drizzle,light intensity drizzle,5,5406
4892,No Holiday,276.79,0.0,0.0,90,Clouds,overcast clouds,3,2692
4893,No Holiday,293.15,0.0,0.0,90,Mist,mist,5,969
4894,No Holiday,293.99,0.0,0.0,1,Clear,sky is clear,8,3209
4895,No Holiday,274.58,0.0,0.0,1,Clear,sky is clear,4,5535
4896,No Holiday,268.91,0.0,0.05,90,Mist,mist,12,3568
4897,No Holiday,288.36,0.0,0.0,1,Mist,mist,7,541
4898,No Holiday,256.34,0.0,0.0,90,Clouds,overcast clouds,1,5427
4899,No Holiday,273.55,0.0,0.0,90,Snow,light snow,3,632
4900,No Holiday,283.01,0.0,0.0,90,Clouds,overcast clouds,11,476
4901,No Holiday,284.54,0.0,0.0,90,Rain,light rain,10,417
4902,No Holiday,288.23,0.0,0.0,1,Clear,sky is clear,6,435
4903,No Holiday,287.75,0.0,0.0,90,Clouds,overcast clouds,8,324
4904,No Holiday,275.93,0.0,0.0,90,Clouds,overcast clouds,11,2777
4905,No Holiday,278.95,0.0,0.0,90,Rain,light rain,4,5551
4906,No Holiday,274.54,0.0,0.0,1,Clear,sky is clear,1,1830
4907,No Holiday,272.2,0.0,0.0,90,Clouds,overcast clouds,3,2547
4908,No Holiday,279.95,0.0,0.0,90,Clouds,overcast clouds,5,2862
4909,No Holiday,269.93,0.0,0.0,93,Clouds,overcast clouds,12,458
4910,No Holiday,255.15,0.0,0.0,5,Clear,sky is clear,12,4561
4911,No Holiday,274.15,0.0,0.0,90,Mist,mist,10,4444
4912,No Holiday,284.45,0.0,0.0,90,Clouds,overcast clouds,5,1556
4913,No Holiday,288.3,0.0,0.0,1,Mist,mist,8,6386
4914,No Holiday,288.75,0.0,0.0,40,Clouds,scattered clouds,11,4608
4915,No Holiday,292.08,0.0,0.0,90,Thunderstorm,thunderstorm with light rain,5,6136
4916,No Holiday,268.97,0.0,0.0,90,Clouds,overcast clouds,12,6558
4917,No Holiday,292.6,0.0,0.0,90,Clouds,overcast clouds,5,4529
4918,No Holiday,298.28,0.0,0.0,90,Rain,light rain,7,2874
4919,No Holiday,299.51,0.0,0.0,92,Clouds,overcast clouds,7,5718
4920,No Holiday,271.44,0.0,0.0,1,Clear,sky is clear,4,4539
4921,No Holiday,289.56,0.0,0.0,75,Rain,moderate rain,8,3924
4922,No Holiday,286.66,0.76,0.0,92,Rain,moderate rain,6,4769
4923,No Holiday,290.77,4.15,0.0,90,Mist,mist,9,4517
4924,No Holiday,256.23,0.0,0.0,90,Clouds,overcast clouds,12,2273
4925,No Holiday,286.05,0.0,0.0,75,Clouds,broken clouds,6,3008
4926,No Holiday,277.68,0.0,0.0,5,Clear,sky is clear,11,2676
4927,No Holiday,288.6,0.0,0.0,0,Clear,Sky is Clear,10,2937
4928,No Holiday,303.608,0.0,0.0,44,Clouds,scattered clouds,7,1883
4929,No Holiday,298.19,0.51,0.0,75,Rain,light rain,5,3061
4930,No Holiday,275.01,0.0,0.0,90,Mist,mist,11,362
4931,No Holiday,289.48,0.0,0.0,20,Clouds,few clouds,6,441
4932,No Holiday,267.96,0.0,0.0,75,Clouds,broken clouds,3,2058
4933,No Holiday,276.48,0.0,0.0,1,Clear,sky is clear,3,4489
4934,No Holiday,294.31,0.0,0.0,90,Clouds,overcast clouds,9,4836
4935,No Holiday,290.83,0.0,0.0,0,Haze,haze,5,5308
4936,No Holiday,272.68,0.0,0.0,1,Fog,fog,12,234
4937,No Holiday,298.1,0.0,0.0,1,Clear,sky is clear,7,5403
4938,No Holiday,257.89,0.0,0.0,90,Haze,haze,12,2205
4939,No Holiday,268.33,0.0,0.0,90,Clouds,overcast clouds,2,5120
4940,No Holiday,257.15,0.0,0.0,5,Clear,sky is clear,2,2055
4941,No Holiday,274.94,0.3,0.0,75,Rain,light rain,3,3197
4942,No Holiday,289.35,0.0,0.0,40,Fog,fog,8,2609
4943,No Holiday,266.65,0.0,0.0,75,Clouds,broken clouds,12,4836
4944,No Holiday,247.15,0.0,0.0,1,Clear,sky is clear,1,3570
4945,No Holiday,303.03,0.0,0.0,1,Clear,sky is clear,7,5220
4946,No Holiday,268.71,0.0,0.0,90,Snow,heavy snow,3,2542
4947,No Holiday,284.22,0.0,0.0,5,Clear,sky is clear,10,2463
4948,No Holiday,275.96,0.0,0.0,1,Mist,mist,4,357
4949,No Holiday,285.93,0.0,0.0,40,Rain,light rain,10,5683
4950,No Holiday,282.09,0.25,0.0,90,Rain,light rain,5,5086
4951,No Holiday,283.9790000000001,0.0,0.0,0,Clear,Sky is Clear,10,4672
4952,No Holiday,293.68,0.0,0.0,90,Thunderstorm,proximity thunderstorm,8,3778
4953,No Holiday,288.82,0.0,0.0,1,Mist,mist,7,924
4954,No Holiday,267.55,0.0,0.0,1,Clear,sky is clear,11,834
4955,No Holiday,262.35,0.0,0.0,1,Clear,sky is clear,11,2838
4956,No Holiday,301.29,0.0,0.0,5,Clear,sky is clear,7,3139
4957,No Holiday,292.69,0.0,0.0,75,Clouds,broken clouds,8,4757
4958,No Holiday,294.28,0.0,0.0,90,Thunderstorm,thunderstorm with rain,5,5948
4959,No Holiday,247.48,0.0,0.0,1,Clear,sky is clear,1,337
4960,No Holiday,267.71,0.0,0.0,20,Clouds,few clouds,1,2279
4961,No Holiday,280.2,0.0,0.0,1,Clear,sky is clear,4,3521
4962,No Holiday,291.76,0.0,0.0,1,Clear,sky is clear,5,6653
4963,No Holiday,296.82,0.0,0.0,90,Thunderstorm,proximity thunderstorm,6,1185
4964,No Holiday,299.75,0.0,0.0,75,Thunderstorm,proximity thunderstorm,5,6357
4965,No Holiday,272.589,0.0,0.0,0,Clear,Sky is Clear,2,692
4966,No Holiday,293.54,0.42,0.0,90,Rain,light rain,9,5637
4967,No Holiday,268.84,0.0,0.0,40,Clouds,scattered clouds,3,4348
4968,No Holiday,270.3,0.0,0.0,90,Clouds,overcast clouds,3,6541
4969,No Holiday,279.01,0.64,0.0,20,Rain,light rain,3,5656
4970,No Holiday,287.41,0.0,0.0,75,Mist,mist,10,1701
4971,No Holiday,257.77,0.0,0.0,64,Snow,light snow,1,4143
4972,No Holiday,277.86,0.0,0.0,90,Clouds,overcast clouds,3,5586
4973,No Holiday,298.68,0.0,0.0,75,Clouds,broken clouds,9,4745
4974,No Holiday,300.92,0.0,0.0,90,Clouds,overcast clouds,7,5617
4975,No Holiday,295.09,5.04,0.0,90,Thunderstorm,proximity thunderstorm,8,2373
4976,No Holiday,283.81,0.0,0.0,75,Clouds,broken clouds,9,5486
4977,No Holiday,274.15,0.0,0.0,90,Snow,light snow,11,4056
4978,No Holiday,273.72,0.0,0.0,90,Snow,light snow,11,658
4979,No Holiday,299.33,0.0,0.0,75,Clouds,broken clouds,5,3610
4980,No Holiday,281.93,0.0,0.0,92,Mist,mist,10,5620
4981,No Holiday,293.16,0.0,0.0,75,Haze,haze,5,1519
4982,No Holiday,282.82,0.0,0.0,90,Mist,mist,11,3956
4983,No Holiday,281.93,0.0,0.0,90,Mist,mist,5,4525
4984,No Holiday,295.16,0.0,0.0,24,Clouds,few clouds,8,2197
4985,No Holiday,258.28,0.0,0.0,90,Snow,light snow,1,3651
4986,No Holiday,293.6,0.0,0.0,20,Clouds,few clouds,8,399
4987,No Holiday,269.53,0.0,0.0,1,Clear,sky is clear,4,956
4988,No Holiday,290.45,0.0,0.0,1,Clear,sky is clear,8,4368
4989,No Holiday,292.84,0.0,0.0,1,Clear,sky is clear,10,6401
4990,No Holiday,291.72,0.0,0.0,40,Clouds,scattered clouds,9,4200
4991,No Holiday,283.05,0.0,0.0,1,Clear,sky is clear,10,4495
4992,No Holiday,291.72,0.0,0.0,1,Drizzle,light intensity drizzle,8,4562
4993,No Holiday,291.03,1.27,0.0,75,Thunderstorm,proximity thunderstorm,5,4143
4994,No Holiday,286.55,0.0,0.0,90,Clouds,overcast clouds,5,1452
4995,No Holiday,279.29,0.0,0.0,90,Mist,mist,5,3998
4996,No Holiday,270.69,0.25,0.0,90,Rain,light rain,3,289
4997,No Holiday,282.04,0.0,0.0,1,Clear,sky is clear,10,367
4998,No Holiday,271.33,0.0,0.0,1,Clear,sky is clear,1,4296
4999,No Holiday,296.77,0.0,0.0,1,Clear,sky is clear,7,608
5000,No Holiday,267.99,0.0,0.0,90,Snow,heavy snow,12,318
5001,No Holiday,294.0,0.66,0.0,90,Drizzle,light intensity drizzle,7,4911
5002,No Holiday,288.17,0.25,0.0,90,Drizzle,heavy intensity drizzle,9,5331
5003,No Holiday,274.68,0.0,0.0,1,Clear,sky is clear,11,685
5004,No Holiday,279.22,0.0,0.0,90,Clouds,overcast clouds,3,4772
5005,No Holiday,281.78,0.0,0.0,1,Clear,sky is clear,10,3252
5006,No Holiday,277.22,0.0,0.0,90,Clouds,overcast clouds,3,4226
5007,No Holiday,293.29,0.0,0.0,90,Clouds,overcast clouds,7,1580
5008,No Holiday,288.95,0.0,0.0,1,Clear,sky is clear,7,436
5009,No Holiday,284.35,0.0,0.0,20,Clouds,few clouds,5,1696
5010,No Holiday,290.89,0.0,0.0,0,Clear,Sky is Clear,6,433
5011,No Holiday,275.65,0.0,0.0,90,Snow,light snow,12,5214
5012,No Holiday,293.43,0.0,0.0,40,Clouds,scattered clouds,10,6101
5013,No Holiday,270.14,0.0,0.0,1,Fog,fog,12,2663
5014,No Holiday,264.86,0.0,0.0,90,Snow,light snow,2,3716
5015,No Holiday,280.43,0.0,0.0,90,Rain,light rain,11,2687
5016,No Holiday,290.25,0.0,0.0,0,Clear,Sky is Clear,9,2821
5017,No Holiday,294.48,0.0,0.0,0,Clear,Sky is Clear,6,3923
5018,No Holiday,299.07,0.0,0.0,1,Clear,sky is clear,6,4582
5019,No Holiday,280.72,0.0,0.0,1,Clear,sky is clear,4,3485
5020,No Holiday,294.98,0.0,0.0,1,Clear,sky is clear,7,774
5021,No Holiday,298.58,0.0,0.0,75,Clouds,broken clouds,6,5864
5022,No Holiday,273.68,0.0,0.0,90,Snow,light snow,12,5783
5023,No Holiday,292.07,0.0,0.0,1,Clear,sky is clear,9,3155
5024,No Holiday,263.86,0.0,0.0,20,Clouds,few clouds,3,3289
5025,No Holiday,261.15,0.0,0.0,75,Clouds,broken clouds,2,5852
5026,No Holiday,279.76,0.0,0.0,40,Mist,mist,10,2198
5027,No Holiday,273.09,0.0,0.0,20,Clouds,few clouds,3,6837
5028,No Holiday,275.89,0.0,0.0,1,Clear,sky is clear,4,359
5029,No Holiday,276.22,0.0,0.0,90,Rain,light rain,5,5904
5030,No Holiday,270.49,0.0,0.0,90,Snow,snow,4,1978
5031,No Holiday,297.29,0.0,0.0,90,Thunderstorm,proximity thunderstorm,6,2349
5032,No Holiday,266.48,0.0,0.0,75,Snow,light snow,2,2402
5033,No Holiday,291.65,0.0,0.0,90,Rain,moderate rain,8,3205
5034,No Holiday,286.82,0.0,0.0,90,Clouds,overcast clouds,5,2361
5035,No Holiday,296.08,0.0,0.0,90,Clouds,overcast clouds,6,4911
5036,No Holiday,296.46,0.0,0.0,20,Clouds,few clouds,7,4314
5037,No Holiday,270.9,0.0,0.0,90,Mist,mist,1,322
5038,No Holiday,267.06,0.42,0.0,0,Rain,light rain,2,4779
5039,No Holiday,267.19,0.0,0.0,90,Snow,heavy snow,11,470
5040,No Holiday,286.65,0.0,0.0,90,Clouds,overcast clouds,7,639
5041,No Holiday,291.84,0.0,0.0,90,Mist,mist,6,4381
5042,No Holiday,290.54,0.0,0.0,90,Drizzle,light intensity drizzle,9,4945
5043,No Holiday,295.24,0.0,0.0,1,Clear,sky is clear,9,2744
5044,No Holiday,271.58,0.0,0.0,75,Mist,mist,4,5887
5045,No Holiday,272.08,0.0,0.0,90,Clouds,overcast clouds,3,3110
5046,No Holiday,283.79,0.0,0.0,90,Mist,mist,10,3500
5047,No Holiday,295.58,0.0,0.0,75,Clouds,broken clouds,6,4959
5048,No Holiday,258.96,0.0,0.0,64,Clouds,broken clouds,12,3326
5049,No Holiday,290.15,0.0,0.0,90,Clouds,overcast clouds,8,4977
5050,No Holiday,291.1,0.0,0.0,75,Mist,mist,5,387
5051,No Holiday,298.15,0.0,0.0,75,Clouds,broken clouds,9,5823
5052,No Holiday,264.0,0.0,0.0,1,Clear,sky is clear,2,517
5053,No Holiday,281.07,0.0,0.0,90,Rain,moderate rain,4,2422
5054,No Holiday,290.91,0.0,0.0,90,Drizzle,drizzle,6,3619
5055,No Holiday,285.62,0.0,0.0,90,Mist,mist,10,5203
5056,No Holiday,251.11,0.0,0.0,90,Snow,light snow,12,3792
5057,No Holiday,295.69,0.0,0.0,75,Clouds,broken clouds,9,6492
5058,No Holiday,296.61,0.0,0.0,75,Clouds,broken clouds,6,5399
5059,No Holiday,279.89,0.0,0.0,90,Clouds,overcast clouds,10,5606
5060,No Holiday,264.95,0.0,0.0,1,Haze,haze,1,601
5061,No Holiday,284.64,0.0,0.0,90,Clouds,overcast clouds,10,410
5062,No Holiday,303.55,0.0,0.0,75,Clouds,broken clouds,7,4332
5063,No Holiday,291.76,0.0,0.0,90,Drizzle,drizzle,7,5187
5064,No Holiday,276.49,0.0,0.0,90,Rain,light rain,11,538
5065,No Holiday,297.42,0.0,0.0,5,Clear,sky is clear,5,4693
5066,No Holiday,298.06,0.0,0.0,0,Clear,Sky is Clear,9,5500
5067,No Holiday,301.34,0.0,0.0,1,Clear,sky is clear,7,6021
5068,No Holiday,260.72,0.0,0.0,90,Snow,light snow,12,380
5069,No Holiday,295.29,0.0,0.0,1,Clear,sky is clear,9,1671
5070,No Holiday,273.26,0.0,0.0,90,Snow,snow,4,2846
5071,No Holiday,292.45,0.0,0.0,40,Clouds,scattered clouds,6,1241
5072,No Holiday,299.37,0.0,0.0,75,Clouds,broken clouds,5,3441
5073,No Holiday,297.15,0.0,0.0,0,Clear,Sky is Clear,7,1947
5074,No Holiday,257.16,0.0,0.0,1,Clear,sky is clear,2,325
5075,No Holiday,289.64,3.28,0.0,75,Rain,heavy intensity rain,9,1495
5076,No Holiday,262.29,0.0,0.0,1,Clear,sky is clear,4,441
5077,No Holiday,294.45,0.0,0.0,1,Rain,light rain,9,4183
5078,No Holiday,298.46,0.0,0.0,24,Clouds,few clouds,9,6356
5079,No Holiday,257.67,0.0,0.0,1,Clear,sky is clear,1,289
5080,No Holiday,300.71,0.0,0.0,40,Clouds,scattered clouds,8,3857
5081,No Holiday,263.93,0.0,0.0,90,Snow,heavy snow,1,4768
5082,No Holiday,294.88,0.0,0.0,40,Clouds,scattered clouds,7,3566
5083,No Holiday,269.7,0.0,0.0,40,Clouds,scattered clouds,2,5154
5084,No Holiday,295.3,0.0,0.0,75,Clouds,broken clouds,6,2777
5085,No Holiday,294.33,0.0,0.0,20,Mist,mist,8,894
5086,No Holiday,287.61,0.0,0.0,90,Clouds,overcast clouds,9,4787
5087,No Holiday,290.1,0.0,0.0,0,Clear,Sky is Clear,5,5160
5088,No Holiday,288.43,0.0,0.0,40,Clouds,scattered clouds,9,5693
5089,No Holiday,273.37,0.0,0.0,90,Snow,heavy snow,4,6683
5090,No Holiday,272.35,0.0,0.0,90,Snow,heavy snow,12,4265
5091,No Holiday,290.26,0.0,0.0,88,Clouds,overcast clouds,9,366
5092,No Holiday,262.88,0.0,0.0,1,Haze,haze,1,4524
5093,No Holiday,289.37,0.0,0.0,75,Clouds,broken clouds,7,4767
5094,No Holiday,270.8,0.0,0.0,90,Mist,mist,2,1242
5095,No Holiday,289.86,0.0,0.0,40,Clouds,scattered clouds,6,4857
5096,No Holiday,280.88,0.0,0.0,1,Mist,mist,5,5898
5097,No Holiday,279.68,0.0,0.0,1,Clear,sky is clear,11,3995
5098,No Holiday,270.93,0.0,0.0,90,Clouds,overcast clouds,2,2683
5099,No Holiday,272.9,0.0,0.0,1,Clear,sky is clear,3,4829
5100,No Holiday,275.0,0.0,0.0,90,Rain,light rain,11,4856
5101,No Holiday,282.81,0.0,0.0,75,Clouds,broken clouds,11,1825
5102,No Holiday,291.44,0.0,0.0,90,Rain,light rain,5,5332
5103,No Holiday,299.14,0.0,0.0,0,Clear,Sky is Clear,9,6145
5104,No Holiday,292.75,0.0,0.0,75,Clouds,broken clouds,5,4089
5105,No Holiday,262.94,0.0,0.0,75,Mist,mist,3,5228
5106,No Holiday,297.28,0.0,0.0,20,Clouds,few clouds,5,5117
5107,No Holiday,276.83,0.0,0.0,40,Clouds,scattered clouds,10,6681
5108,No Holiday,286.74,0.88,0.0,90,Rain,light rain,4,2609
5109,No Holiday,288.61,0.0,0.0,1,Clear,sky is clear,8,652
5110,No Holiday,263.02,0.0,0.0,75,Clouds,broken clouds,3,249
5111,No Holiday,289.4,0.0,0.0,0,Clear,Sky is Clear,6,5588
5112,No Holiday,297.68,0.0,0.0,20,Clouds,few clouds,8,4979
5113,No Holiday,273.61,0.0,0.0,90,Clouds,overcast clouds,3,228
5114,No Holiday,267.45,0.0,0.0,75,Snow,light snow,2,3426
5115,No Holiday,271.79,0.0,0.0,90,Mist,mist,1,4332
5116,No Holiday,270.86,0.0,0.0,90,Snow,light snow,4,4096
5117,No Holiday,270.28,0.0,0.0,75,Clouds,broken clouds,11,861
5118,No Holiday,295.62,0.0,0.0,90,Clouds,overcast clouds,7,291
5119,No Holiday,291.81,0.0,0.0,1,Clear,sky is clear,5,5868
5120,No Holiday,271.95,0.0,0.0,90,Snow,snow,12,794
5121,No Holiday,276.88,0.0,0.0,90,Rain,moderate rain,5,2308
5122,No Holiday,276.02,0.0,0.0,90,Mist,mist,1,4402
5123,No Holiday,276.83,0.0,0.0,20,Clouds,few clouds,2,3399
5124,No Holiday,292.07,0.0,0.0,75,Clouds,broken clouds,8,3349
5125,No Holiday,262.6,0.0,0.0,1,Clear,sky is clear,12,3610
5126,No Holiday,287.63,0.0,0.0,20,Clouds,few clouds,6,5979
5127,No Holiday,271.94,0.0,0.0,1,Clear,sky is clear,10,1622
5128,No Holiday,299.007,0.0,0.0,0,Clear,Sky is Clear,6,4681
5129,No Holiday,265.49,0.0,0.0,1,Clear,sky is clear,3,2751
5130,No Holiday,267.3,0.0,0.0,20,Clouds,few clouds,3,2172
5131,No Holiday,296.88,0.0,0.0,1,Rain,light rain,9,828
5132,No Holiday,273.68,0.0,0.0,90,Clouds,overcast clouds,3,5932
5133,No Holiday,292.089,0.0,0.0,8,Clear,sky is clear,10,4549
5134,No Holiday,267.62,0.0,0.0,75,Snow,light snow,12,4725
5135,No Holiday,291.3,0.0,0.0,1,Clear,sky is clear,8,5840
5136,No Holiday,298.24,0.0,0.0,24,Clouds,few clouds,7,3671
5137,No Holiday,274.68,0.0,0.0,90,Clouds,overcast clouds,2,1102
5138,No Holiday,297.84,0.0,0.0,1,Clear,sky is clear,6,2806
5139,No Holiday,277.99,0.0,0.0,90,Clouds,overcast clouds,4,786
5140,No Holiday,295.14,0.0,0.0,92,Rain,heavy intensity rain,6,5526
5141,No Holiday,290.51,0.0,0.0,75,Mist,mist,7,5182
5142,No Holiday,299.7,0.0,0.0,24,Clouds,few clouds,9,4928
5143,No Holiday,283.9,0.0,0.0,90,Clouds,overcast clouds,4,604
5144,No Holiday,294.3,0.0,0.0,0,Clear,Sky is Clear,8,3572
5145,No Holiday,282.75,0.0,0.0,90,Rain,light rain,5,4331
5146,No Holiday,284.78,0.0,0.0,40,Clouds,scattered clouds,4,1777
5147,No Holiday,275.86,0.0,0.0,90,Rain,moderate rain,3,3595
5148,No Holiday,277.34,0.0,0.0,90,Mist,mist,3,5614
5149,No Holiday,295.08,1.3,0.0,90,Thunderstorm,proximity thunderstorm,7,5530
5150,No Holiday,297.65,0.0,0.0,0,Clear,Sky is Clear,8,4484
5151,No Holiday,295.71,0.0,0.0,68,Clouds,broken clouds,6,6556
5152,No Holiday,291.07,0.0,0.0,90,Clouds,overcast clouds,9,1920
5153,No Holiday,290.51,0.0,0.0,1,Clear,sky is clear,5,599
5154,No Holiday,277.22,0.0,0.0,90,Clouds,overcast clouds,3,4947
5155,No Holiday,266.08,0.0,0.0,90,Snow,light snow,12,2936
5156,No Holiday,293.59,0.0,0.0,40,Clouds,scattered clouds,4,3316
5157,No Holiday,279.36,0.0,0.0,90,Drizzle,light intensity drizzle,4,5017
5158,No Holiday,280.94,0.0,0.0,75,Mist,mist,11,4262
5159,No Holiday,274.28,0.0,0.0,90,Drizzle,light intensity drizzle,11,2940
5160,No Holiday,259.81,0.0,0.0,1,Clear,sky is clear,2,5089
5161,No Holiday,276.793,0.0,0.0,64,Clouds,broken clouds,1,342
5162,No Holiday,296.28,0.0,0.0,5,Clear,sky is clear,7,4386
5163,No Holiday,290.65,0.76,0.0,64,Rain,moderate rain,7,402
5164,No Holiday,272.4,0.0,0.0,90,Snow,heavy snow,4,4619
5165,No Holiday,301.08,0.0,0.0,76,Rain,light rain,6,5330
5166,No Holiday,299.62,0.0,0.0,5,Clear,sky is clear,7,1930
5167,No Holiday,274.36,0.0,0.0,90,Rain,moderate rain,3,3000
5168,No Holiday,290.88,0.0,0.0,40,Clouds,scattered clouds,6,4424
5169,No Holiday,293.14,0.0,0.0,1,Clear,sky is clear,7,727
5170,No Holiday,273.24,0.0,0.0,1,Clear,sky is clear,4,1009
5171,No Holiday,295.72,0.0,0.0,1,Thunderstorm,proximity thunderstorm,9,414
5172,No Holiday,286.92,0.0,0.0,88,Mist,mist,7,702
5173,No Holiday,262.06,0.0,0.0,40,Clouds,scattered clouds,3,2405
5174,No Holiday,299.78,0.0,0.0,1,Clear,sky is clear,6,5252
5175,No Holiday,301.93,0.0,0.0,75,Thunderstorm,proximity thunderstorm,7,2687
5176,No Holiday,290.28,0.0,0.0,90,Thunderstorm,proximity thunderstorm,6,2747
5177,No Holiday,283.8,0.0,0.0,90,Drizzle,light intensity drizzle,4,4702
5178,No Holiday,256.32,0.0,0.0,64,Clouds,broken clouds,1,5469
5179,No Holiday,272.09,0.0,0.0,90,Fog,fog,1,4263
5180,No Holiday,297.43,0.0,0.0,1,Clear,sky is clear,6,740
5181,No Holiday,286.7,0.64,0.0,92,Rain,light rain,10,3250
5182,No Holiday,270.79,0.0,0.0,90,Mist,mist,4,1402
5183,No Holiday,271.89,0.0,0.0,40,Clouds,scattered clouds,11,4864
5184,No Holiday,290.24,0.0,0.0,1,Clear,sky is clear,7,312
5185,No Holiday,283.75,0.0,0.0,93,Rain,light rain,10,4128
5186,No Holiday,275.95,0.0,0.0,1,Clear,sky is clear,3,3351
5187,No Holiday,277.56,0.0,0.0,1,Clear,sky is clear,5,947
5188,No Holiday,262.61,0.0,0.0,1,Clear,sky is clear,2,2435
5189,No Holiday,253.58,0.0,0.0,75,Clouds,broken clouds,12,2653
5190,No Holiday,254.34,0.0,0.0,5,Clear,sky is clear,1,3959
5191,No Holiday,296.37,0.0,0.0,20,Clouds,few clouds,9,3618
5192,No Holiday,257.22,0.0,0.0,1,Clear,sky is clear,1,1341
5193,No Holiday,282.58,0.0,0.0,90,Rain,light rain,3,2401
5194,No Holiday,270.55,0.0,0.0,90,Snow,light snow,1,522
5195,No Holiday,281.47,0.0,0.0,75,Clouds,broken clouds,10,316
5196,No Holiday,271.391,0.0,0.0,92,Clouds,overcast clouds,1,2675
5197,No Holiday,300.1,0.0,0.0,0,Clear,Sky is Clear,6,5341
5198,No Holiday,260.07,0.0,0.0,1,Clear,sky is clear,2,3369
5199,No Holiday,265.35,0.0,0.0,1,Snow,light snow,3,3911
5200,No Holiday,284.06,0.0,0.0,75,Clouds,broken clouds,11,2069
5201,No Holiday,293.81,0.0,0.0,1,Mist,mist,9,5821
5202,No Holiday,274.38,0.0,0.0,75,Haze,haze,2,5162
5203,No Holiday,298.87,0.0,0.0,75,Clouds,broken clouds,7,3657
5204,No Holiday,293.51,0.0,0.0,1,Mist,mist,8,6077
5205,No Holiday,289.62,0.0,0.0,20,Clouds,few clouds,9,2850
5206,No Holiday,265.05,0.0,0.0,90,Haze,haze,1,442
5207,No Holiday,287.71,0.0,0.0,0,Mist,mist,7,2828
5208,No Holiday,276.29,0.0,0.0,40,Clouds,scattered clouds,11,4505
5209,No Holiday,270.05,0.0,0.0,40,Clouds,scattered clouds,2,6497
5210,No Holiday,279.15,0.0,0.0,90,Rain,light rain,11,3722
5211,No Holiday,297.49,0.0,0.0,12,Clouds,few clouds,6,3137
5212,No Holiday,281.08,0.0,0.0,75,Clouds,broken clouds,10,3496
5213,No Holiday,269.42,0.0,0.0,90,Mist,mist,2,572
5214,No Holiday,270.54,0.0,0.0,75,Snow,heavy snow,3,4628
5215,No Holiday,291.616,0.0,0.0,88,Rain,light rain,6,334
5216,No Holiday,256.33,0.0,0.0,75,Snow,light snow,12,4321
5217,No Holiday,268.02,0.0,0.0,1,Clear,sky is clear,4,5334
5218,No Holiday,277.22,0.0,0.0,90,Fog,fog,11,5841
5219,No Holiday,288.72,0.0,0.0,1,Clear,sky is clear,4,1734
5220,No Holiday,296.08,0.0,0.0,75,Clouds,broken clouds,6,2990
5221,No Holiday,298.86,0.0,0.0,40,Clouds,scattered clouds,6,4880
5222,No Holiday,268.39,0.0,0.0,90,Mist,mist,12,534
5223,No Holiday,291.613,0.0,0.0,12,Clouds,few clouds,10,3068
5224,No Holiday,292.89,0.0,0.0,36,Clouds,scattered clouds,9,2913
5225,No Holiday,281.1,0.0,0.0,90,Drizzle,light intensity drizzle,10,1571
5226,No Holiday,293.15,0.0,0.0,1,Clear,sky is clear,7,1855
5227,No Holiday,285.29,0.0,0.0,75,Clouds,broken clouds,10,3567
5228,No Holiday,283.63,0.0,0.0,40,Clouds,scattered clouds,9,2664
5229,No Holiday,291.86,0.0,0.0,1,Clear,sky is clear,8,5568
5230,No Holiday,273.82,0.0,0.0,75,Snow,light rain and snow,1,521
5231,No Holiday,269.24,0.0,0.0,90,Clouds,overcast clouds,11,6436
5232,No Holiday,286.76,0.0,0.0,48,Clouds,scattered clouds,9,2153
5233,No Holiday,293.55,0.0,0.0,40,Rain,light rain,8,5810
5234,No Holiday,272.7,0.0,0.0,75,Clouds,broken clouds,3,5874
5235,No Holiday,291.44,0.25,0.0,1,Rain,light rain,6,5968
5236,No Holiday,257.76,0.0,0.0,90,Clouds,overcast clouds,2,2862
5237,No Holiday,295.61,0.0,0.0,90,Mist,mist,7,2900
5238,No Holiday,296.63,0.0,0.0,76,Rain,light rain,7,6773
5239,No Holiday,263.96,0.0,0.0,89,Clouds,overcast clouds,12,5574
5240,No Holiday,293.11,0.3,0.0,88,Thunderstorm,proximity thunderstorm,7,6069
5241,No Holiday,287.71,0.0,0.0,90,Rain,heavy intensity rain,10,2396
5242,No Holiday,296.88,0.0,0.0,1,Rain,moderate rain,6,900
5243,No Holiday,257.75,0.0,0.0,75,Snow,light snow,12,1833
5244,No Holiday,274.56,0.0,0.0,64,Drizzle,light intensity drizzle,12,5551
5245,No Holiday,269.36,0.0,0.0,1,Clear,sky is clear,12,5510
5246,No Holiday,288.62,0.0,0.0,40,Clouds,scattered clouds,11,4292
5247,No Holiday,295.71,0.0,0.0,75,Clouds,broken clouds,9,5570
5248,No Holiday,281.64,0.0,0.0,1,Clear,sky is clear,9,393
5249,No Holiday,275.72,0.0,0.0,1,Drizzle,light intensity drizzle,2,334
5250,No Holiday,273.9,0.0,0.0,90,Snow,light snow,11,1752
5251,Veterans Day,261.68,0.0,0.0,1,Clear,sky is clear,11,812
5252,No Holiday,301.13,0.0,0.0,1,Clear,sky is clear,7,4932
5253,No Holiday,250.38,0.0,0.0,1,Clear,sky is clear,12,4197
5254,No Holiday,291.92,0.51,0.0,90,Mist,mist,9,2853
5255,No Holiday,279.95,0.0,0.0,1,Clear,sky is clear,11,4432
5256,No Holiday,289.95,0.0,0.0,1,Clear,sky is clear,8,2272
5257,No Holiday,291.71,0.0,0.0,20,Clouds,few clouds,11,4810
5258,No Holiday,286.14,0.0,0.0,40,Clouds,scattered clouds,10,4679
5259,No Holiday,273.09,0.0,0.0,40,Mist,mist,12,5038
5260,No Holiday,277.08,0.0,0.0,90,Mist,mist,11,5631
5261,No Holiday,285.75,0.0,0.0,1,Mist,mist,8,872
5262,No Holiday,265.93,0.0,0.0,90,Mist,mist,2,2487
5263,No Holiday,290.225,0.0,0.0,0,Clear,Sky is Clear,6,5834
5264,No Holiday,295.62,0.0,0.0,90,Rain,moderate rain,5,6591
5265,No Holiday,304.83,0.0,0.0,40,Clouds,scattered clouds,5,4878
5266,No Holiday,292.07,0.0,0.0,1,Clear,sky is clear,10,3688
5267,No Holiday,278.39,0.0,0.0,40,Clouds,scattered clouds,4,1715
5268,No Holiday,302.49,0.25,0.0,1,Rain,light rain,9,4622
5269,No Holiday,294.53,0.0,0.0,20,Clouds,few clouds,6,1658
5270,No Holiday,292.96,0.0,0.0,90,Rain,light rain,6,6044
5271,No Holiday,265.76,0.0,0.0,1,Clear,sky is clear,12,2537
5272,No Holiday,298.09,0.0,0.0,36,Clouds,scattered clouds,6,5192
5273,No Holiday,289.61,0.0,0.0,90,Mist,mist,10,4416
5274,No Holiday,247.15,0.0,0.0,40,Clouds,scattered clouds,1,2526
5275,No Holiday,271.58,0.0,0.0,40,Clouds,scattered clouds,1,2388
5276,No Holiday,251.29,0.0,0.0,75,Clouds,broken clouds,3,5309
5277,No Holiday,276.87,0.0,0.0,90,Mist,mist,12,2083
5278,No Holiday,296.69,0.0,0.0,1,Clear,sky is clear,6,5427
5279,No Holiday,275.09,0.0,0.0,90,Haze,haze,1,363
5280,No Holiday,288.31,0.0,0.0,75,Clouds,broken clouds,6,906
5281,No Holiday,294.85,0.0,0.0,90,Rain,moderate rain,6,4756
5282,No Holiday,288.21,0.0,0.0,75,Clouds,broken clouds,4,4957
5283,No Holiday,274.48,0.0,0.0,90,Rain,moderate rain,10,1225
5284,No Holiday,270.09,0.0,0.0,1,Clear,sky is clear,3,359
5285,No Holiday,285.74,0.0,0.0,1,Clear,sky is clear,10,4889
5286,No Holiday,291.62,1.02,0.0,90,Rain,light intensity shower rain,5,4507
5287,No Holiday,279.62,0.0,0.0,90,Drizzle,drizzle,11,608
5288,No Holiday,291.39,0.0,0.0,90,Mist,mist,5,741
5289,No Holiday,287.45,0.0,0.0,1,Clear,sky is clear,8,350
5290,No Holiday,289.06,0.0,0.0,1,Clear,sky is clear,6,787
5291,No Holiday,271.51,0.0,0.0,90,Clouds,overcast clouds,2,863
5292,No Holiday,289.82,0.0,0.0,90,Rain,heavy intensity rain,9,4588
5293,No Holiday,293.61,0.0,0.0,0,Clear,Sky is Clear,8,4668
5294,No Holiday,275.21,0.0,0.0,90,Mist,mist,12,775
5295,No Holiday,284.94,0.0,0.0,90,Mist,mist,11,4261
5296,No Holiday,267.44,0.0,0.0,90,Clouds,overcast clouds,12,3573
5297,No Holiday,262.97,0.0,0.0,40,Mist,mist,12,4589
5298,No Holiday,290.38,0.0,0.0,68,Clouds,broken clouds,9,4044
5299,No Holiday,294.01,0.0,0.0,1,Clear,sky is clear,7,357
5300,No Holiday,300.01,3.05,0.0,40,Rain,moderate rain,7,5268
5301,No Holiday,276.11,0.0,0.0,90,Haze,haze,3,4361
5302,No Holiday,298.5,0.0,0.0,1,Clear,sky is clear,8,5721
5303,No Holiday,302.1,0.0,0.0,90,Clouds,overcast clouds,7,2730
5304,No Holiday,297.89,0.0,0.0,40,Rain,light rain,7,5914
5305,No Holiday,296.05,0.0,0.0,40,Clouds,scattered clouds,9,5518
5306,No Holiday,275.29,0.0,0.0,90,Snow,light snow,12,1481
5307,No Holiday,288.48,0.0,0.0,92,Clouds,overcast clouds,6,5281
5308,No Holiday,251.33,0.0,0.0,1,Clear,sky is clear,1,2538
5309,No Holiday,281.29,0.0,0.0,1,Haze,haze,10,391
5310,No Holiday,251.36,0.0,0.0,1,Clear,sky is clear,12,3584
5311,No Holiday,259.6,0.0,0.0,1,Clear,sky is clear,3,306
5312,No Holiday,261.27,0.0,0.0,1,Clear,sky is clear,2,705
5313,No Holiday,276.793,0.0,0.0,64,Clouds,broken clouds,11,3990
5314,No Holiday,286.8,0.0,0.0,40,Haze,haze,6,2221
5315,No Holiday,290.3,0.0,0.0,36,Clouds,scattered clouds,6,301
5316,No Holiday,273.69,0.0,0.0,90,Clouds,overcast clouds,10,2468
5317,No Holiday,285.02,0.0,0.0,1,Mist,mist,8,1474
5318,No Holiday,271.62,0.0,0.0,90,Haze,haze,1,526
5319,No Holiday,291.95,0.0,0.0,90,Haze,haze,9,2597
5320,No Holiday,284.44,0.0,0.0,90,Mist,mist,5,356
5321,No Holiday,281.35,0.0,0.0,75,Clouds,broken clouds,3,4924
5322,No Holiday,291.7,0.0,0.0,1,Mist,mist,8,321
5323,No Holiday,293.55,0.0,0.0,90,Rain,moderate rain,6,3957
5324,No Holiday,289.21,0.0,0.0,1,Clear,sky is clear,5,4984
5325,No Holiday,287.9,0.0,0.0,1,Clear,sky is clear,5,4541
5326,No Holiday,266.74,0.0,0.0,90,Snow,heavy snow,2,612
5327,No Holiday,255.57,0.0,0.0,64,Snow,light snow,12,425
5328,No Holiday,305.29,0.0,0.0,32,Clouds,scattered clouds,7,6397
5329,No Holiday,276.16,0.0,0.0,1,Haze,haze,11,293
5330,No Holiday,304.15,0.0,0.0,40,Clouds,scattered clouds,7,4290
5331,No Holiday,286.548,0.0,0.0,92,Rain,light rain,2,4930
5332,No Holiday,288.34,0.0,0.0,90,Rain,light rain,9,5317
5333,No Holiday,275.26,0.0,0.0,90,Drizzle,drizzle,12,3021
5334,No Holiday,276.62,0.0,0.0,1,Clear,sky is clear,10,314
5335,No Holiday,290.97,1.52,0.0,90,Thunderstorm,proximity thunderstorm,5,301
5336,No Holiday,294.55,0.0,0.0,1,Mist,mist,8,962
5337,No Holiday,267.9,0.0,0.0,64,Clouds,broken clouds,1,706
5338,No Holiday,287.67,0.0,0.0,1,Mist,mist,8,281
5339,No Holiday,288.82,0.0,0.0,1,Clear,sky is clear,6,3976
5340,No Holiday,290.97,0.0,0.0,1,Clear,sky is clear,4,5426
5341,No Holiday,271.26,0.0,0.0,90,Snow,heavy snow,4,730
5342,No Holiday,292.11,0.0,0.0,1,Clear,sky is clear,7,3227
5343,No Holiday,265.75,0.0,0.0,90,Clouds,overcast clouds,12,4509
5344,No Holiday,275.65,0.0,0.0,1,Clear,sky is clear,3,1031
5345,No Holiday,283.4,0.25,0.0,90,Rain,light rain,5,5825
5346,No Holiday,286.57,0.0,0.0,75,Clouds,broken clouds,8,500
5347,No Holiday,246.15,0.0,0.0,1,Clear,sky is clear,1,3706
5348,No Holiday,267.68,0.0,0.0,90,Snow,light snow,2,4228
5349,No Holiday,276.02,0.0,0.0,5,Clear,sky is clear,12,5490
5350,No Holiday,297.07,0.0,0.0,90,Rain,moderate rain,7,5007
5351,No Holiday,278.82,0.0,0.0,75,Clouds,broken clouds,3,5970
5352,No Holiday,293.51,0.0,0.0,1,Mist,mist,6,3168
5353,No Holiday,260.62,0.0,0.0,75,Clouds,broken clouds,11,6768
5354,No Holiday,266.15,0.0,0.0,90,Snow,light snow,12,4881
5355,No Holiday,261.79,0.0,0.0,64,Clouds,broken clouds,12,2955
5356,No Holiday,286.29,0.0,0.0,90,Rain,light rain,4,6082
5357,No Holiday,276.31,0.0,0.0,20,Clouds,few clouds,5,562
5358,No Holiday,296.85,0.0,0.0,92,Clouds,overcast clouds,6,4472
5359,No Holiday,292.74,0.0,0.0,40,Clouds,scattered clouds,7,5631
5360,No Holiday,278.93,0.0,0.0,90,Drizzle,drizzle,10,705
5361,No Holiday,256.28,0.0,0.0,1,Clear,sky is clear,2,2676
5362,No Holiday,284.75,0.0,0.0,1,Clear,sky is clear,10,992
5363,No Holiday,265.55,0.0,0.0,1,Snow,light snow,2,2598
5364,No Holiday,292.07,0.0,0.0,75,Clouds,broken clouds,8,3793
5365,No Holiday,291.79,5.46,0.0,90,Rain,heavy intensity rain,7,1481
5366,No Holiday,290.16,0.0,0.0,1,Clear,sky is clear,8,1730
5367,No Holiday,287.86,0.0,0.0,0,Clear,Sky is Clear,10,4949
5368,No Holiday,291.64,0.0,0.0,75,Clouds,broken clouds,8,593
5369,No Holiday,254.93,0.0,0.0,5,Clear,sky is clear,2,3358
5370,No Holiday,291.24,1.91,0.0,90,Mist,mist,8,3221
5371,No Holiday,291.5,0.0,0.0,90,Clouds,overcast clouds,3,4780
5372,No Holiday,285.22,0.0,0.0,40,Clouds,scattered clouds,5,6352
5373,No Holiday,292.09,0.0,0.0,1,Mist,mist,8,404
5374,No Holiday,257.54,0.0,0.0,20,Mist,mist,12,3453
5375,No Holiday,286.77,2.03,0.0,92,Rain,moderate rain,10,5339
5376,No Holiday,272.69,0.0,0.0,75,Mist,mist,1,2534
5377,No Holiday,286.15,0.0,0.0,90,Mist,mist,10,1802
5378,No Holiday,302.23,0.0,0.0,1,Clear,sky is clear,9,3978
5379,No Holiday,249.88,0.0,0.0,1,Clear,sky is clear,12,1073
5380,No Holiday,298.15,0.0,0.0,20,Clouds,few clouds,8,5000
5381,No Holiday,265.94,0.0,0.0,90,Clouds,overcast clouds,12,393
5382,No Holiday,293.53,6.35,0.0,90,Mist,mist,7,1975
5383,No Holiday,290.488,0.0,0.0,68,Clouds,broken clouds,5,5913
5384,No Holiday,278.87,0.0,0.0,90,Clouds,overcast clouds,4,1331
5385,No Holiday,286.72,0.0,0.0,90,Rain,moderate rain,4,2161
5386,No Holiday,290.01,0.0,0.0,40,Thunderstorm,proximity thunderstorm,8,2589
5387,No Holiday,283.46,0.0,0.0,90,Clouds,overcast clouds,10,1846
5388,No Holiday,298.31,0.0,0.0,0,Clear,Sky is Clear,8,5773
5389,No Holiday,290.36,0.88,0.0,90,Thunderstorm,thunderstorm,6,489
5390,No Holiday,289.97,0.0,0.0,0,Clear,Sky is Clear,7,2994
5391,No Holiday,274.87,0.0,0.0,90,Drizzle,drizzle,12,5532
5392,No Holiday,277.87,0.0,0.0,90,Drizzle,drizzle,3,1797
5393,No Holiday,306.28,0.0,0.0,40,Clouds,scattered clouds,9,6103
5394,No Holiday,297.06,7.87,0.0,90,Thunderstorm,thunderstorm with heavy rain,8,4735
5395,No Holiday,284.65,0.0,0.0,1,Mist,mist,9,1140
5396,No Holiday,272.58,0.0,0.0,90,Clouds,overcast clouds,2,3594
5397,No Holiday,298.42,0.0,0.0,1,Clear,sky is clear,7,2586
5398,No Holiday,275.21,0.0,0.0,90,Mist,mist,1,4679
5399,No Holiday,285.59,0.0,0.0,92,Clouds,overcast clouds,10,5845
5400,No Holiday,293.95,0.0,0.0,90,Rain,light rain,7,4545
5401,No Holiday,276.36,0.0,0.0,90,Haze,haze,11,6629
5402,No Holiday,267.01,0.0,0.0,90,Clouds,overcast clouds,3,589
5403,No Holiday,274.31,0.0,0.0,64,Clouds,broken clouds,11,2405
5404,No Holiday,262.26,0.0,0.0,1,Clear,sky is clear,1,2463
5405,No Holiday,275.5,0.0,0.0,90,Clouds,overcast clouds,3,1798
5406,No Holiday,295.96,0.0,0.0,0,Clear,Sky is Clear,7,4821
5407,No Holiday,269.48,0.0,0.0,1,Clear,sky is clear,3,285
5408,No Holiday,293.35,0.0,0.0,40,Rain,light rain,6,480
5409,No Holiday,273.79,0.0,0.0,90,Snow,light snow,4,2158
5410,No Holiday,288.22,0.25,0.0,1,Mist,mist,6,811
5411,No Holiday,271.81,0.0,0.0,90,Mist,mist,12,5193
5412,No Holiday,299.35,0.0,0.0,1,Haze,haze,6,2850
5413,No Holiday,287.6,0.0,0.0,20,Clouds,few clouds,10,6246
5414,No Holiday,291.55,0.0,0.0,1,Mist,mist,7,395
5415,No Holiday,285.91,0.0,0.0,75,Haze,haze,10,1596
5416,No Holiday,271.72,0.0,0.0,90,Snow,light snow,3,4936
5417,No Holiday,280.4,0.0,0.0,90,Clouds,overcast clouds,4,2620
5418,No Holiday,299.97,0.0,0.0,20,Clouds,few clouds,5,3251
5419,No Holiday,287.15,0.0,0.0,90,Drizzle,drizzle,9,314
5420,No Holiday,293.57,0.0,0.0,90,Rain,moderate rain,6,4512
5421,No Holiday,262.86,0.0,0.0,1,Clear,sky is clear,12,376
5422,No Holiday,267.02,0.0,0.0,90,Mist,mist,12,501
5423,No Holiday,285.08,0.0,0.0,1,Clear,sky is clear,4,1446
5424,No Holiday,276.07,0.0,0.0,75,Snow,heavy snow,5,5155
5425,No Holiday,264.84,0.0,0.0,64,Snow,light snow,12,3464
5426,No Holiday,290.82,0.76,0.0,90,Mist,mist,5,5181
5427,No Holiday,261.68,0.0,0.0,75,Snow,heavy snow,12,2531
5428,No Holiday,272.814,0.0,0.0,24,Clouds,few clouds,10,5659
5429,No Holiday,296.08,0.0,0.0,40,Clouds,scattered clouds,4,4724
5430,No Holiday,258.24,0.0,0.0,64,Snow,light snow,1,4802
5431,No Holiday,275.04,0.0,0.0,90,Clouds,overcast clouds,4,4880
5432,No Holiday,258.67,0.0,0.0,1,Clear,sky is clear,2,3475
5433,No Holiday,293.79,2.62,0.0,40,Thunderstorm,proximity thunderstorm with rain,9,367
5434,No Holiday,294.42,0.0,0.0,1,Clear,sky is clear,7,3
5435,No Holiday,268.82,0.0,0.0,40,Clouds,scattered clouds,2,4557
5436,No Holiday,293.55,0.0,0.0,1,Clear,sky is clear,7,1397
5437,No Holiday,292.49,0.0,0.0,1,Clear,sky is clear,6,331
5438,No Holiday,293.37,0.0,0.0,92,Clouds,overcast clouds,8,6034
5439,No Holiday,295.3,9.42,0.0,90,Rain,heavy intensity rain,7,2
5440,No Holiday,261.79,0.0,0.0,1,Clear,sky is clear,3,843
5441,No Holiday,278.14,0.0,0.0,1,Clear,sky is clear,3,1554
5442,No Holiday,288.07,0.0,0.0,1,Clear,sky is clear,5,756
5443,No Holiday,256.15,0.0,0.0,1,Clear,sky is clear,1,4212
5444,No Holiday,294.32,0.0,0.0,1,Clear,sky is clear,8,4588
5445,No Holiday,285.85,0.0,0.0,8,Clear,sky is clear,8,3022
5446,No Holiday,270.37,0.0,0.0,1,Mist,mist,2,529
5447,No Holiday,274.62,0.0,0.0,1,Clear,sky is clear,3,4867
5448,No Holiday,276.07,0.0,0.0,90,Mist,mist,12,5310
5449,No Holiday,261.29,0.0,0.0,64,Clouds,broken clouds,1,4614
5450,No Holiday,273.28,0.0,0.0,90,Snow,light snow,1,2401
5451,No Holiday,269.38,0.0,0.0,90,Clouds,overcast clouds,12,5806
5452,No Holiday,268.86,0.0,0.0,64,Fog,fog,12,1092
5453,No Holiday,276.8,0.0,0.0,90,Mist,mist,3,240
5454,No Holiday,277.22,0.0,0.0,1,Clear,sky is clear,10,241
5455,No Holiday,288.84,0.0,0.0,1,Haze,haze,4,5705
5456,No Holiday,298.87,0.0,0.0,40,Clouds,scattered clouds,8,4575
5457,No Holiday,284.52,0.0,0.0,90,Drizzle,light intensity drizzle,5,4324
5458,No Holiday,289.07,0.0,0.0,0,Clear,Sky is Clear,8,2928
5459,No Holiday,297.58,0.0,0.0,40,Clouds,scattered clouds,8,1217
5460,No Holiday,289.17,0.0,0.0,1,Rain,light rain,9,747
5461,No Holiday,263.15,0.0,0.0,90,Clouds,overcast clouds,3,5959
5462,No Holiday,281.85,0.0,0.0,20,Clouds,few clouds,10,5790
5463,No Holiday,288.86,0.0,0.0,75,Clouds,broken clouds,2,6960
5464,No Holiday,258.02,0.0,0.0,64,Clouds,broken clouds,1,340
5465,No Holiday,286.399,0.0,0.0,88,Clouds,overcast clouds,2,4016
5466,No Holiday,273.46,0.0,0.0,90,Clouds,overcast clouds,4,855
5467,No Holiday,276.35,0.0,0.0,90,Haze,haze,11,1010
5468,No Holiday,271.41,0.0,0.0,75,Haze,haze,10,331
5469,No Holiday,274.16,0.0,0.0,90,Clouds,overcast clouds,3,5230
5470,No Holiday,281.77,0.0,0.0,1,Clear,sky is clear,5,1957
5471,No Holiday,277.69,0.0,0.0,1,Clear,sky is clear,5,868
5472,No Holiday,264.28,0.0,0.0,90,Snow,snow,12,721
5473,No Holiday,285.19,0.0,0.0,1,Mist,mist,9,2119
5474,No Holiday,272.3,0.0,0.0,90,Snow,light snow,4,309
5475,No Holiday,251.99,0.0,0.0,5,Clear,sky is clear,1,4288
5476,No Holiday,284.76,0.0,0.0,40,Rain,moderate rain,5,772
5477,No Holiday,292.08,0.0,0.0,0,Mist,mist,6,6405
5478,No Holiday,294.35,1.03,0.0,75,Rain,moderate rain,8,2296
5479,No Holiday,273.95,0.0,0.0,90,Snow,light snow,4,4804
5480,No Holiday,289.02,0.0,0.0,90,Mist,mist,8,858
5481,No Holiday,290.61,0.0,0.0,90,Rain,moderate rain,10,4472
5482,No Holiday,281.32,0.0,0.0,1,Clear,sky is clear,10,2726
5483,No Holiday,263.15,0.0,0.0,40,Clouds,scattered clouds,1,3503
5484,No Holiday,288.58,0.0,0.0,75,Clouds,broken clouds,9,497
5485,No Holiday,255.43,0.0,0.0,1,Clear,sky is clear,2,2459
5486,No Holiday,277.0,0.0,0.0,20,Clouds,few clouds,10,574
5487,No Holiday,272.43,0.0,0.0,20,Clouds,few clouds,2,5681
5488,No Holiday,275.15,0.0,0.0,40,Clouds,scattered clouds,1,848
5489,No Holiday,271.75,0.0,0.0,1,Mist,mist,3,5400
5490,No Holiday,279.71,0.0,0.0,1,Clear,sky is clear,9,968
5491,No Holiday,291.64,0.0,0.0,40,Clouds,scattered clouds,5,5476
5492,No Holiday,272.72,0.0,0.0,1,Mist,mist,12,890
5493,No Holiday,295.01,0.0,0.0,40,Clouds,scattered clouds,6,4808
5494,No Holiday,291.79,0.0,0.0,40,Clouds,scattered clouds,5,4091
5495,No Holiday,289.0,1.1,0.0,90,Drizzle,drizzle,9,4592
5496,No Holiday,271.56,0.0,0.0,90,Snow,light snow,12,434
5497,No Holiday,278.02,0.0,0.0,90,Mist,mist,11,3184
5498,No Holiday,269.5,0.0,0.0,20,Clouds,few clouds,3,5093
5499,No Holiday,267.73,0.0,0.0,90,Fog,fog,2,5156
5500,No Holiday,286.85,0.0,0.0,90,Drizzle,light intensity drizzle,5,340
5501,No Holiday,293.2,0.0,0.0,0,Clear,Sky is Clear,7,2872
5502,No Holiday,278.83,0.0,0.0,20,Clouds,few clouds,3,2727
5503,No Holiday,279.88,0.0,0.0,90,Mist,mist,5,4324
5504,No Holiday,266.36,0.0,0.0,90,Snow,light snow,12,3024
5505,No Holiday,260.14,0.0,0.0,1,Clear,sky is clear,3,283
5506,No Holiday,291.08,0.0,0.0,75,Mist,mist,6,6295
5507,No Holiday,285.0,0.0,0.0,12,Clouds,few clouds,9,4900
5508,No Holiday,275.43,0.0,0.0,90,Clouds,overcast clouds,1,2566
5509,No Holiday,284.86,0.0,0.0,1,Clear,sky is clear,10,1682
5510,No Holiday,272.55,0.0,0.0,90,Fog,fog,2,5526
5511,No Holiday,298.62,0.0,0.0,5,Clear,sky is clear,8,2711
5512,No Holiday,285.04,0.0,0.0,1,Clear,sky is clear,7,5722
5513,No Holiday,264.72,0.0,0.0,1,Clear,sky is clear,2,5695
5514,No Holiday,284.01,0.0,0.0,75,Mist,mist,2,5052
5515,No Holiday,272.57,0.0,0.0,1,Clear,sky is clear,1,4513
5516,No Holiday,292.22,0.0,0.0,75,Clouds,broken clouds,5,5895
5517,No Holiday,275.21,0.0,0.0,90,Mist,mist,1,811
5518,No Holiday,254.73,0.0,0.0,1,Clear,sky is clear,2,5024
5519,No Holiday,267.55,0.0,0.0,1,Clear,sky is clear,4,455
5520,No Holiday,274.75,0.0,0.0,90,Snow,light snow,3,5954
5521,No Holiday,288.14,0.0,0.0,75,Clouds,broken clouds,5,1582
5522,No Holiday,284.23,0.0,0.0,90,Mist,mist,5,6305
5523,No Holiday,273.56,0.0,0.0,1,Clear,sky is clear,3,4409
5524,No Holiday,264.42,0.0,0.0,90,Clouds,overcast clouds,12,352
5525,No Holiday,297.14,0.0,0.0,75,Clouds,broken clouds,8,6471
5526,No Holiday,293.94,0.0,0.0,90,Rain,moderate rain,7,5872
5527,No Holiday,270.5,0.0,0.0,90,Fog,fog,4,1834
5528,No Holiday,289.99,0.0,0.0,90,Drizzle,light intensity drizzle,10,5443
5529,No Holiday,289.48,0.0,0.0,75,Clouds,broken clouds,9,2678
5530,No Holiday,278.69,0.0,0.0,90,Clouds,overcast clouds,3,5665
5531,No Holiday,301.48,0.0,0.0,90,Haze,haze,8,4893
5532,No Holiday,285.45,0.0,0.0,40,Rain,moderate rain,10,327
5533,No Holiday,284.06,0.76,0.0,90,Drizzle,light intensity drizzle,9,4580
5534,No Holiday,276.89,0.0,0.0,75,Clouds,broken clouds,1,4885
5535,No Holiday,271.23,0.0,0.0,1,Haze,haze,3,1205
5536,No Holiday,290.7,0.0,0.0,24,Clouds,few clouds,8,1165
5537,No Holiday,274.48,0.0,0.0,90,Clouds,overcast clouds,11,5518
5538,No Holiday,285.62,0.0,0.0,40,Mist,mist,5,4556
5539,No Holiday,256.65,0.0,0.0,90,Haze,haze,1,1215
5540,No Holiday,273.35,0.0,0.0,90,Snow,heavy snow,2,1613
5541,No Holiday,280.75,0.0,0.0,40,Clouds,scattered clouds,4,5727
5542,No Holiday,276.9,0.0,0.0,90,Clouds,overcast clouds,4,6828
5543,No Holiday,274.21,1.02,0.0,64,Rain,moderate rain,11,4748
5544,No Holiday,250.36,0.0,0.0,1,Clear,sky is clear,1,2779
5545,No Holiday,290.91,0.0,0.0,90,Rain,moderate rain,6,3619
5546,No Holiday,297.29,0.0,0.0,1,Clear,sky is clear,6,3277
5547,No Holiday,265.15,0.0,0.0,90,Clouds,overcast clouds,3,5909
5548,No Holiday,274.28,0.0,0.0,90,Drizzle,light intensity drizzle,11,4686
5549,No Holiday,281.43,0.0,0.0,75,Clouds,broken clouds,10,5967
5550,No Holiday,261.26,0.0,0.0,1,Clear,sky is clear,1,792
5551,No Holiday,290.9,0.0,0.0,0,Clear,Sky is Clear,9,4828
5552,No Holiday,264.65,0.0,0.0,64,Snow,light snow,12,2789
5553,No Holiday,292.15,0.0,0.0,90,Mist,mist,8,5147
5554,No Holiday,286.53,0.0,0.0,92,Clouds,overcast clouds,10,5567
5555,No Holiday,272.61,0.0,0.0,90,Snow,heavy snow,4,2541
5556,No Holiday,280.29,0.0,0.0,75,Clouds,broken clouds,11,6629
5557,No Holiday,281.95,0.0,0.0,75,Clouds,broken clouds,4,6495
5558,No Holiday,272.04,0.0,0.0,90,Haze,haze,4,4079
5559,No Holiday,265.29,0.0,0.0,90,Haze,haze,12,5480
5560,No Holiday,277.35,0.0,0.0,90,Clouds,overcast clouds,3,237
5561,No Holiday,255.21,0.0,0.0,64,Clouds,broken clouds,12,5287
5562,No Holiday,287.37,0.0,0.0,90,Mist,mist,9,344
5563,No Holiday,291.94,0.0,0.0,40,Clouds,scattered clouds,8,1483
5564,No Holiday,281.78,0.0,0.0,20,Clouds,few clouds,3,6598
5565,No Holiday,275.01,0.0,0.0,90,Fog,fog,12,4810
5566,No Holiday,299.61,0.0,0.0,90,Thunderstorm,proximity thunderstorm,7,995
5567,No Holiday,271.32,0.0,0.0,90,Clouds,overcast clouds,11,4022
5568,No Holiday,283.47,0.0,0.0,1,Clear,sky is clear,10,3197
5569,No Holiday,270.08,0.0,0.0,20,Clouds,few clouds,2,5280
5570,No Holiday,298.88,0.0,0.0,1,Clear,sky is clear,6,6781
5571,No Holiday,298.28,0.0,0.0,1,Rain,proximity shower rain,7,4842
5572,No Holiday,254.53,0.0,0.0,90,Clouds,overcast clouds,12,3897
5573,No Holiday,291.64,0.0,0.0,64,Rain,heavy intensity rain,7,666
5574,No Holiday,300.85,0.0,0.0,40,Clouds,scattered clouds,7,463
5575,No Holiday,296.55,0.0,0.0,1,Clear,sky is clear,9,3626
5576,No Holiday,295.08,0.0,0.0,90,Clouds,overcast clouds,7,5632
5577,No Holiday,275.68,0.0,0.0,75,Haze,haze,11,2630
5578,No Holiday,292.47,0.0,0.0,1,Clear,sky is clear,5,1313
5579,No Holiday,295.44,0.0,0.0,40,Clouds,scattered clouds,7,5017
5580,No Holiday,295.82,0.0,0.0,1,Mist,mist,7,971
5581,No Holiday,269.43,0.0,0.0,1,Clear,sky is clear,1,3206
5582,No Holiday,270.77,0.0,0.0,90,Clouds,overcast clouds,3,382
5583,No Holiday,269.94,0.0,0.0,1,Clear,sky is clear,4,5082
5584,No Holiday,282.16,0.0,0.0,90,Clouds,overcast clouds,10,2094
5585,Columbus Day,284.62,0.0,0.0,1,Clear,sky is clear,10,549
5586,No Holiday,295.13,0.0,0.0,40,Clouds,scattered clouds,7,5015
5587,No Holiday,260.42,0.0,0.0,40,Clouds,scattered clouds,2,2819
5588,No Holiday,266.57,0.0,0.0,75,Clouds,broken clouds,2,5383
5589,No Holiday,292.75,0.0,0.0,90,Drizzle,light intensity drizzle,6,4891
5590,No Holiday,253.55,0.0,0.0,5,Mist,mist,2,4915
5591,No Holiday,260.69,0.0,0.0,90,Snow,light snow,12,1744
5592,No Holiday,275.75,0.0,0.0,90,Rain,moderate rain,2,2489
5593,No Holiday,289.55,0.0,0.0,90,Clouds,overcast clouds,7,4925
5594,No Holiday,262.09,0.0,0.0,1,Clear,sky is clear,3,2576
5595,No Holiday,288.22,0.0,0.0,90,Clouds,overcast clouds,5,4742
5596,No Holiday,277.28,0.0,0.0,90,Rain,moderate rain,3,1896
5597,No Holiday,290.63,0.0,0.0,68,Clouds,broken clouds,9,3283
5598,No Holiday,255.86,0.0,0.0,1,Clear,sky is clear,2,2838
5599,No Holiday,274.19,0.0,0.0,90,Clouds,overcast clouds,4,764
5600,No Holiday,275.64,0.25,0.0,1,Rain,light rain,4,5803
5601,No Holiday,263.9,0.0,0.0,1,Fog,fog,2,296
5602,No Holiday,293.32,0.0,0.0,75,Mist,mist,8,5736
5603,No Holiday,291.35,0.25,0.0,48,Drizzle,light intensity drizzle,6,292
5604,No Holiday,292.87,21.42,0.0,90,Thunderstorm,proximity thunderstorm,7,1745
5605,No Holiday,279.98,0.0,0.0,1,Clear,sky is clear,5,149
5606,No Holiday,276.29,0.0,0.0,90,Haze,haze,4,5029
5607,No Holiday,266.9,0.0,0.0,1,Clear,sky is clear,2,2750
5608,No Holiday,279.62,0.54,0.0,90,Rain,light rain,4,731
5609,No Holiday,292.56,5.08,0.0,90,Thunderstorm,proximity thunderstorm,8,1657
5610,No Holiday,294.58,0.0,0.0,1,Fog,fog,8,2511
5611,No Holiday,300.44,0.0,0.0,1,Clear,sky is clear,7,4673
5612,No Holiday,295.73,0.0,0.0,75,Clouds,broken clouds,5,6126
5613,No Holiday,289.28,0.0,0.0,90,Rain,moderate rain,8,472
5614,No Holiday,288.86,0.0,0.0,40,Rain,light rain,6,826
5615,No Holiday,291.49,0.0,0.0,92,Drizzle,light intensity drizzle,7,4888
5616,No Holiday,272.58,0.0,0.0,90,Clouds,overcast clouds,3,385
5617,No Holiday,291.19,0.0,0.0,1,Clear,sky is clear,8,5350
5618,No Holiday,288.32,7.11,0.0,0,Rain,heavy intensity rain,7,4916
5619,No Holiday,288.26,0.0,0.0,0,Clear,Sky is Clear,9,5246
5620,No Holiday,276.02,0.0,0.0,90,Mist,mist,11,3077
5621,No Holiday,257.55,0.0,0.0,64,Clouds,broken clouds,1,3347
5622,No Holiday,281.95,0.0,0.0,1,Clear,sky is clear,4,526
5623,No Holiday,286.42,0.0,0.0,90,Haze,haze,4,5038
5624,No Holiday,274.79,0.0,0.0,90,Clouds,overcast clouds,4,429
5625,No Holiday,292.34,0.0,0.0,1,Clear,sky is clear,7,5024
5626,No Holiday,273.72,0.0,0.0,90,Clouds,overcast clouds,2,1100
5627,No Holiday,261.49,0.0,0.0,1,Haze,haze,1,6026
5628,No Holiday,275.35,0.0,0.0,90,Rain,moderate rain,3,4112
5629,No Holiday,286.06,0.0,0.0,90,Clouds,overcast clouds,5,2206
5630,No Holiday,295.61,0.0,0.0,90,Rain,moderate rain,7,2900
5631,No Holiday,298.3,0.0,0.0,1,Clear,sky is clear,7,4287
5632,No Holiday,296.1,0.0,0.0,0,Clear,Sky is Clear,6,2440
5633,No Holiday,260.94,0.0,0.0,1,Clear,sky is clear,3,595
5634,No Holiday,273.58,0.0,0.0,90,Clouds,overcast clouds,10,5033
5635,No Holiday,273.02,0.0,0.0,90,Mist,mist,12,1989
5636,No Holiday,268.4,0.0,0.0,64,Clouds,broken clouds,11,4015
5637,No Holiday,279.36,0.0,0.0,1,Clear,sky is clear,3,4520
5638,No Holiday,301.06,0.0,0.0,0,Clear,Sky is Clear,6,3737
5639,No Holiday,295.21,0.0,0.0,90,Clouds,overcast clouds,7,4338
5640,No Holiday,266.48,0.0,0.0,90,Mist,mist,2,342
5641,No Holiday,288.17,0.0,0.0,1,Clear,sky is clear,9,1503
5642,No Holiday,266.63,0.0,0.0,90,Snow,heavy snow,2,1943
5643,No Holiday,294.01,0.0,0.0,48,Clouds,scattered clouds,7,865
5644,No Holiday,292.9,0.0,0.0,5,Clear,sky is clear,6,4429
5645,No Holiday,296.44,0.0,0.0,20,Clouds,few clouds,8,5976
5646,No Holiday,288.62,0.25,0.0,90,Mist,mist,5,4979
5647,No Holiday,279.55,0.0,0.0,1,Clear,sky is clear,11,4740
5648,No Holiday,301.62,0.0,0.0,1,Clear,sky is clear,7,5750
5649,No Holiday,248.26,0.0,0.0,1,Clear,sky is clear,2,5506
5650,No Holiday,290.63,0.0,0.0,12,Clouds,few clouds,8,4815
5651,No Holiday,299.78,0.0,0.0,1,Clear,sky is clear,8,5137
5652,No Holiday,294.07,0.0,0.0,90,Rain,moderate rain,6,4175
5653,No Holiday,267.23,0.0,0.0,40,Clouds,scattered clouds,2,3334
5654,No Holiday,282.75,0.0,0.0,5,Clear,sky is clear,4,6368
5655,No Holiday,266.47,0.0,0.0,64,Clouds,broken clouds,12,3134
5656,No Holiday,269.43,0.0,0.0,64,Fog,fog,12,338
5657,No Holiday,275.68,0.0,0.0,1,Clear,sky is clear,4,5086
5658,No Holiday,295.72,0.0,0.0,1,Clear,sky is clear,6,4555
5659,No Holiday,284.58,0.0,0.0,90,Drizzle,light intensity drizzle,3,4516
5660,No Holiday,285.14,3.05,0.0,1,Mist,mist,9,281
5661,No Holiday,295.9,0.0,0.0,40,Clouds,scattered clouds,5,3168
5662,No Holiday,284.65,0.0,0.0,1,Clear,sky is clear,4,3815
5663,No Holiday,275.28,0.0,0.0,75,Mist,mist,11,5995
5664,No Holiday,290.01,0.25,0.0,20,Rain,light rain,9,4654
5665,No Holiday,289.1,55.63,0.0,68,Rain,very heavy rain,8,315
5666,No Holiday,277.94,1.4,0.0,92,Mist,mist,4,2934
5667,No Holiday,298.38,0.0,0.0,1,Clear,sky is clear,8,4335
5668,No Holiday,284.08,0.0,0.0,90,Mist,mist,3,4802
5669,No Holiday,295.49,0.0,0.0,40,Clouds,scattered clouds,9,3547
5670,No Holiday,264.3,0.0,0.0,1,Clear,sky is clear,11,380
5671,No Holiday,294.61,0.0,0.0,75,Drizzle,drizzle,7,529
5672,No Holiday,282.04,0.0,0.0,48,Clouds,scattered clouds,9,500
5673,No Holiday,298.21,0.0,0.0,40,Clouds,scattered clouds,7,2805
5674,No Holiday,285.71,0.0,0.0,90,Mist,mist,4,4537
5675,No Holiday,258.71,0.0,0.0,75,Haze,haze,1,1718
5676,No Holiday,277.99,1.69,0.0,90,Rain,moderate rain,5,5101
5677,No Holiday,290.38,0.0,0.0,1,Clear,sky is clear,10,817
5678,No Holiday,300.15,0.0,0.0,1,Clear,sky is clear,5,4658
5679,No Holiday,271.09,0.0,0.0,90,Snow,light snow,12,2649
5680,No Holiday,292.68,0.0,0.0,90,Clouds,overcast clouds,8,3362
5681,No Holiday,279.37,0.0,0.0,90,Clouds,overcast clouds,11,2499
5682,No Holiday,257.49,0.0,0.0,40,Clouds,scattered clouds,1,5790
5683,No Holiday,290.94,0.0,0.0,1,Haze,haze,9,1022
5684,No Holiday,294.8,0.0,0.0,12,Clouds,few clouds,10,4289
5685,No Holiday,293.72,0.0,0.0,5,Mist,mist,8,5146
5686,No Holiday,295.42,0.0,0.0,90,Rain,proximity shower rain,7,4543
5687,No Holiday,294.58,0.0,0.0,40,Clouds,scattered clouds,7,4217
5688,No Holiday,278.16,0.0,0.0,90,Snow,snow,12,3092
5689,No Holiday,288.99,0.0,0.0,20,Clouds,few clouds,4,3979
5690,No Holiday,294.41,0.0,0.0,90,Clouds,overcast clouds,6,642
5691,No Holiday,283.5,0.0,0.0,5,Clear,sky is clear,10,5848
5692,No Holiday,274.33,0.0,0.0,90,Mist,mist,12,2186
5693,No Holiday,270.72,0.0,0.0,90,Snow,heavy snow,1,1086
5694,No Holiday,284.58,0.0,0.0,40,Clouds,scattered clouds,5,4815
5695,No Holiday,267.93,0.0,0.0,40,Mist,mist,12,2868
5696,No Holiday,285.0,0.0,0.0,75,Haze,haze,12,4918
5697,No Holiday,289.59,1.16,0.0,100,Rain,moderate rain,10,1138
5698,No Holiday,271.18,0.0,0.0,90,Mist,mist,11,5379
5699,No Holiday,291.58,0.0,0.0,24,Mist,mist,7,6247
5700,No Holiday,264.62,0.0,0.0,90,Clouds,overcast clouds,12,2829
5701,No Holiday,274.98,0.25,0.0,90,Rain,light rain,3,5974
5702,No Holiday,268.98,0.0,0.0,1,Mist,mist,2,2818
5703,No Holiday,298.15,0.0,0.0,75,Haze,haze,8,5240
5704,No Holiday,267.65,0.0,0.0,75,Clouds,broken clouds,1,4610
5705,No Holiday,293.82,0.0,0.0,40,Clouds,scattered clouds,6,6255
5706,No Holiday,271.31,0.0,0.0,1,Clear,sky is clear,11,1383
5707,No Holiday,289.4,0.0,0.0,90,Drizzle,drizzle,6,754
5708,No Holiday,296.58,0.0,0.0,1,Clear,sky is clear,7,4537
5709,No Holiday,290.22,0.0,0.0,1,Clear,sky is clear,7,2117
5710,No Holiday,271.17,0.0,0.21,90,Snow,light snow,12,2013
5711,No Holiday,288.15,0.0,0.0,0,Clear,Sky is Clear,8,373
5712,No Holiday,295.82,0.0,0.0,1,Clear,sky is clear,7,1212
5713,No Holiday,291.36,0.0,0.0,75,Clouds,broken clouds,6,4166
5714,No Holiday,284.29,0.0,0.0,1,Mist,mist,5,2800
5715,No Holiday,254.14,0.0,0.0,1,Clear,sky is clear,12,1187
5716,No Holiday,275.95,0.0,0.0,1,Clear,sky is clear,4,1273
5717,No Holiday,288.8,0.0,0.0,90,Clouds,overcast clouds,9,4223
5718,No Holiday,275.92,0.0,0.0,90,Drizzle,drizzle,11,5105
5719,No Holiday,271.47,0.0,0.0,75,Clouds,broken clouds,2,4073
5720,No Holiday,275.21,0.0,0.0,90,Snow,light snow,11,352
5721,No Holiday,272.23,0.0,0.0,90,Clouds,overcast clouds,1,3096
5722,No Holiday,276.96,0.0,0.0,90,Drizzle,light intensity drizzle,3,4094
5723,No Holiday,290.7,0.0,0.0,12,Clouds,few clouds,7,705
5724,No Holiday,275.87,0.0,0.0,90,Rain,moderate rain,5,4760
5725,No Holiday,265.92,0.0,0.0,90,Snow,heavy snow,12,2637
5726,No Holiday,271.15,0.0,0.0,90,Mist,mist,3,4848
5727,No Holiday,250.79,0.0,0.0,20,Clouds,few clouds,1,4303
5728,No Holiday,295.42,2.16,0.0,90,Mist,mist,6,4317
5729,No Holiday,248.77,0.0,0.0,1,Clear,sky is clear,2,2542
5730,No Holiday,268.62,0.0,0.0,90,Clouds,overcast clouds,3,565
5731,No Holiday,269.65,0.0,0.0,90,Clouds,overcast clouds,12,3143
5732,No Holiday,274.35,0.0,0.0,90,Snow,light snow,2,5142
5733,No Holiday,296.84,0.0,0.0,40,Clouds,scattered clouds,7,5263
5734,No Holiday,261.1,0.0,0.0,20,Clouds,few clouds,1,2588
5735,No Holiday,275.02,0.0,0.0,90,Mist,mist,11,4207
5736,No Holiday,263.41,0.0,0.0,20,Clouds,few clouds,12,2795
5737,No Holiday,264.41,0.0,0.0,5,Clear,sky is clear,1,4327
5738,No Holiday,279.83,1.27,0.0,90,Rain,moderate rain,4,1893
5739,No Holiday,274.01,0.0,0.0,90,Rain,light rain,2,3330
5740,No Holiday,273.88,0.0,0.0,90,Snow,heavy snow,3,380
5741,No Holiday,260.81,0.0,0.0,1,Clear,sky is clear,11,1089
5742,No Holiday,269.18,0.0,0.0,40,Clouds,scattered clouds,4,4969
5743,No Holiday,261.26,0.0,0.0,1,Clear,sky is clear,2,3567
5744,No Holiday,275.95,0.0,0.0,90,Clouds,overcast clouds,2,302
5745,No Holiday,296.79,0.0,0.0,1,Clear,sky is clear,5,6263
5746,No Holiday,280.02,0.0,0.0,1,Clear,sky is clear,5,4402
5747,No Holiday,275.01,0.0,0.0,90,Snow,heavy snow,10,5874
5748,No Holiday,291.14,0.0,0.0,44,Clouds,scattered clouds,10,4570
5749,No Holiday,281.28,0.0,0.0,40,Clouds,scattered clouds,4,4914
5750,No Holiday,286.34,6.45,0.0,75,Rain,heavy intensity rain,6,2274
5751,No Holiday,267.72,0.0,0.06,90,Snow,light snow,12,2988
5752,No Holiday,272.71,0.0,0.0,90,Clouds,overcast clouds,11,505
5753,No Holiday,290.51,0.0,0.0,40,Clouds,scattered clouds,6,2947
5754,No Holiday,271.72,0.0,0.0,90,Clouds,overcast clouds,2,1135
5755,No Holiday,290.17,0.38,0.0,90,Rain,moderate rain,8,2896
5756,No Holiday,274.08,0.0,0.0,90,Fog,fog,1,291
5757,No Holiday,273.42,0.0,0.0,90,Clouds,overcast clouds,11,6923
5758,No Holiday,293.5,0.0,0.0,40,Clouds,scattered clouds,9,4687
5759,No Holiday,285.33,0.25,0.0,1,Rain,light rain,8,388
5760,No Holiday,272.76,0.0,0.0,1,Mist,mist,3,5355
5761,No Holiday,296.52,0.0,0.0,20,Mist,mist,7,733
5762,No Holiday,296.04,1.78,0.0,1,Rain,moderate rain,8,4394
5763,No Holiday,295.35,0.0,0.0,40,Clouds,scattered clouds,7,1096
5764,No Holiday,279.92,0.0,0.0,75,Clouds,broken clouds,11,6685
5765,No Holiday,284.84,0.0,0.0,90,Clouds,overcast clouds,5,4893
5766,No Holiday,294.08,0.0,0.0,40,Mist,mist,8,327
5767,No Holiday,293.996,0.0,0.0,100,Rain,light rain,9,4654
5768,No Holiday,291.39,0.0,0.0,90,Rain,light rain,8,4275
5769,No Holiday,254.35,0.0,0.0,90,Clouds,overcast clouds,1,5215
5770,No Holiday,286.71,0.0,0.0,1,Clear,sky is clear,9,372
5771,No Holiday,291.95,0.29,0.0,75,Drizzle,light intensity drizzle,9,3013
5772,No Holiday,294.29,3.56,0.0,92,Rain,moderate rain,6,3667
5773,No Holiday,292.48,0.0,0.0,75,Rain,moderate rain,8,4368
5774,No Holiday,260.44,0.0,0.0,75,Mist,mist,2,1536
5775,No Holiday,263.22,0.0,0.0,90,Mist,mist,2,3572
5776,No Holiday,271.81,0.0,0.0,90,Clouds,overcast clouds,12,4370
5777,No Holiday,293.51,0.0,0.0,1,Clear,sky is clear,8,3114
5778,No Holiday,293.86,0.0,0.0,1,Clear,sky is clear,10,6015
5779,No Holiday,256.95,0.0,0.0,1,Clear,sky is clear,12,666
5780,No Holiday,268.72,0.0,0.0,90,Mist,mist,3,994
5781,No Holiday,256.95,0.0,0.0,75,Clouds,broken clouds,1,504
5782,No Holiday,270.14,0.0,0.0,64,Clouds,broken clouds,1,4768
5783,No Holiday,271.08,0.0,0.0,1,Clear,sky is clear,3,357
5784,No Holiday,269.94,0.0,0.0,40,Clouds,scattered clouds,4,5078
5785,No Holiday,283.8,0.0,0.0,40,Drizzle,drizzle,5,317
5786,No Holiday,273.43,1.71,0.0,90,Rain,moderate rain,4,4330
5787,No Holiday,276.36,0.0,0.0,64,Clouds,broken clouds,11,5340
5788,No Holiday,279.568,0.0,0.0,0,Clear,Sky is Clear,10,4524
5789,No Holiday,285.4,0.0,0.0,75,Clouds,broken clouds,9,1609
5790,No Holiday,259.11,0.0,0.0,90,Mist,mist,12,371
5791,No Holiday,284.22,0.0,0.0,90,Drizzle,light intensity drizzle,4,4352
5792,No Holiday,259.48,0.0,0.0,1,Clear,sky is clear,2,5152
5793,No Holiday,276.51,0.0,0.0,64,Clouds,broken clouds,11,4187
5794,No Holiday,298.86,0.0,0.0,75,Clouds,broken clouds,6,4926
5795,No Holiday,298.36,0.3,0.0,1,Rain,light rain,9,4150
5796,No Holiday,278.43,0.0,0.0,90,Drizzle,light intensity drizzle,10,4514
5797,No Holiday,278.1,2.21,0.0,90,Rain,moderate rain,4,3544
5798,No Holiday,285.79,0.0,0.0,1,Clear,sky is clear,3,5731
5799,No Holiday,296.44,0.0,0.0,1,Drizzle,light intensity drizzle,6,1218
5800,No Holiday,287.1,4.32,0.0,92,Rain,heavy intensity rain,10,721
5801,No Holiday,285.15,0.0,0.0,75,Clouds,broken clouds,3,903
5802,No Holiday,273.33,0.0,0.0,90,Mist,mist,4,2881
5803,No Holiday,270.83,0.0,0.0,1,Clear,sky is clear,11,5153
5804,No Holiday,290.42,0.0,0.0,1,Clear,sky is clear,9,3471
5805,No Holiday,291.03,0.0,0.0,32,Clouds,scattered clouds,5,6493
5806,No Holiday,277.53,0.0,0.0,90,Rain,light rain,10,6499
5807,No Holiday,246.47,0.0,0.0,13,Clouds,few clouds,1,312
5808,No Holiday,269.33,0.0,0.0,75,Mist,mist,11,2874
5809,No Holiday,252.09,0.0,0.0,1,Clear,sky is clear,1,2141
5810,No Holiday,293.74,0.0,0.0,0,Clear,Sky is Clear,7,1952
5811,No Holiday,263.19,0.0,0.0,100,Clouds,overcast clouds,2,526
5812,No Holiday,273.2,0.0,0.0,90,Snow,snow,4,1179
5813,No Holiday,297.91,0.0,0.0,0,Clear,Sky is Clear,8,3470
5814,No Holiday,258.45,0.0,0.0,20,Clouds,few clouds,1,1274
5815,No Holiday,270.91,0.0,0.0,90,Snow,snow,12,2520
5816,No Holiday,271.6,0.0,0.0,90,Mist,mist,2,1021
5817,No Holiday,304.01,0.0,0.0,90,Thunderstorm,proximity thunderstorm,5,3749
5818,No Holiday,299.69,0.0,0.0,1,Clear,sky is clear,4,2673
5819,No Holiday,298.24,0.0,0.0,20,Clouds,few clouds,5,6274
5820,No Holiday,279.55,0.0,0.0,1,Clear,sky is clear,2,6124
5821,No Holiday,293.08,0.0,0.0,90,Drizzle,drizzle,6,6085
5822,No Holiday,276.42,0.0,0.0,90,Mist,mist,3,1354
5823,No Holiday,296.24,0.25,0.0,92,Rain,light rain,6,4261
5824,No Holiday,306.07,0.0,0.0,40,Clouds,scattered clouds,9,4219
5825,No Holiday,291.81,0.0,0.0,90,Rain,light rain,5,5855
5826,No Holiday,289.0,0.0,0.0,40,Clouds,scattered clouds,9,5427
5827,No Holiday,265.49,0.0,0.0,90,Mist,mist,2,4062
5828,No Holiday,292.55,0.0,0.0,44,Haze,haze,6,4994
5829,No Holiday,272.51,0.0,0.0,90,Mist,mist,1,2597
5830,No Holiday,297.67,0.0,0.0,75,Clouds,broken clouds,5,4669
5831,No Holiday,279.61,0.0,0.0,99,Rain,light rain,10,5680
5832,No Holiday,300.36,0.0,0.0,20,Clouds,few clouds,7,2438
5833,No Holiday,272.36,0.0,0.0,90,Snow,light snow,12,4198
5834,Thanksgiving Day,278.54,0.0,0.0,20,Mist,mist,11,919
5835,No Holiday,290.72,0.0,0.0,1,Clear,sky is clear,7,478
5836,No Holiday,273.7,0.0,0.0,20,Clouds,few clouds,4,4836
5837,No Holiday,280.69,0.0,0.0,90,Mist,mist,5,3986
5838,No Holiday,276.88,0.0,0.0,1,Clear,sky is clear,11,1263
5839,No Holiday,265.22,0.0,0.0,90,Snow,light snow,12,3080
5840,No Holiday,292.95,0.0,0.0,80,Clouds,broken clouds,9,3608
5841,No Holiday,289.68,0.0,0.0,75,Clouds,broken clouds,8,4155
5842,No Holiday,275.85,0.0,0.0,90,Mist,mist,5,5556
5843,No Holiday,284.15,0.0,0.0,1,Clear,sky is clear,9,3320
5844,No Holiday,302.03,0.0,0.0,0,Clear,Sky is Clear,8,5140
5845,No Holiday,271.28,0.0,0.0,90,Clouds,overcast clouds,11,5942
5846,No Holiday,271.78,0.0,0.0,1,Clear,sky is clear,10,265
5847,No Holiday,274.73,0.64,0.0,90,Rain,moderate rain,12,4619
5848,No Holiday,276.89,0.0,0.0,1,Clear,sky is clear,9,3021
5849,No Holiday,278.49,0.0,0.0,1,Clear,sky is clear,11,3859
5850,No Holiday,272.77,0.0,0.0,1,Clear,sky is clear,4,3416
5851,No Holiday,281.55,0.0,0.0,40,Rain,light rain,3,1091
5852,No Holiday,296.09,0.0,0.0,1,Clear,sky is clear,5,1215
5853,No Holiday,296.15,0.0,0.0,1,Clear,sky is clear,7,4669
5854,No Holiday,291.32,0.0,0.0,75,Clouds,broken clouds,9,4347
5855,No Holiday,298.75,0.0,0.0,75,Clouds,broken clouds,7,3360
5856,No Holiday,277.67,0.0,0.0,1,Clear,sky is clear,10,4909
5857,No Holiday,249.69,0.0,0.0,1,Clear,sky is clear,12,339
5858,No Holiday,273.42,0.0,0.0,90,Haze,haze,1,2982
5859,No Holiday,274.77,0.0,0.0,75,Clouds,broken clouds,10,2232
5860,No Holiday,301.73,0.0,0.0,0,Clear,Sky is Clear,6,5662
5861,No Holiday,273.42,0.0,0.0,1,Clear,sky is clear,2,353
5862,No Holiday,270.93,0.0,0.0,90,Snow,light snow,12,5707
5863,No Holiday,287.65,0.0,0.0,75,Clouds,broken clouds,5,827
5864,No Holiday,285.45,0.0,0.0,90,Mist,mist,10,4778
5865,No Holiday,273.26,0.0,0.0,1,Clear,sky is clear,11,5101
5866,No Holiday,288.59,0.0,0.0,1,Clear,sky is clear,5,628
5867,No Holiday,266.01,0.0,0.0,1,Clear,sky is clear,11,3432
5868,No Holiday,281.65,0.0,0.0,90,Clouds,overcast clouds,4,746
5869,No Holiday,271.18,0.0,0.0,64,Snow,light snow,12,4540
5870,No Holiday,274.77,0.0,0.0,90,Clouds,overcast clouds,10,1539
5871,No Holiday,301.82,0.0,0.0,1,Clear,sky is clear,6,3541
5872,No Holiday,280.61,0.0,0.0,1,Fog,fog,9,196
5873,No Holiday,295.89,0.0,0.0,1,Clear,sky is clear,9,3719
5874,No Holiday,298.06,0.0,0.0,90,Clouds,overcast clouds,9,3866
5875,No Holiday,302.36,0.0,0.0,75,Clouds,broken clouds,7,5188
5876,No Holiday,279.64,0.0,0.0,1,Clear,sky is clear,11,5669
5877,No Holiday,297.49,0.0,0.0,1,Clear,sky is clear,7,5768
5878,No Holiday,293.72,0.0,0.0,90,Mist,mist,8,286
5879,No Holiday,274.88,0.0,0.0,1,Clear,sky is clear,4,2917
5880,No Holiday,275.28,0.0,0.0,75,Clouds,broken clouds,4,5755
5881,No Holiday,264.38,0.0,0.0,64,Mist,mist,1,406
5882,No Holiday,267.58,0.0,0.0,90,Haze,haze,1,6227
5883,No Holiday,279.15,0.0,0.0,1,Clear,sky is clear,4,4524
5884,No Holiday,293.8,0.0,0.0,75,Rain,light rain,7,1242
5885,No Holiday,260.35,0.0,0.0,40,Clouds,scattered clouds,2,1518
5886,No Holiday,277.46,0.0,0.0,75,Mist,mist,11,5325
5887,No Holiday,247.29,0.0,0.0,1,Clear,sky is clear,12,472
5888,No Holiday,267.15,0.0,0.0,90,Clouds,overcast clouds,1,3349
5889,No Holiday,289.89,0.0,0.0,90,Mist,mist,5,6186
5890,No Holiday,277.01,0.0,0.0,90,Rain,moderate rain,12,289
5891,No Holiday,276.0,0.0,0.0,90,Mist,mist,5,6293
5892,No Holiday,297.48,4.06,0.0,75,Mist,mist,8,3629
5893,No Holiday,289.67,0.0,0.0,1,Clear,sky is clear,7,2356
5894,No Holiday,284.47,0.0,0.0,1,Clear,sky is clear,4,4939
5895,No Holiday,285.63,0.0,0.0,1,Clear,sky is clear,9,843
5896,No Holiday,294.45,0.0,0.0,75,Rain,light rain,7,4441
5897,No Holiday,267.87,0.0,0.0,75,Haze,haze,12,4357
5898,No Holiday,287.65,0.0,0.0,90,Rain,proximity shower rain,5,5762
5899,No Holiday,270.77,0.0,0.0,64,Clouds,broken clouds,11,6753
5900,No Holiday,285.29,0.0,0.0,40,Mist,mist,8,5602
5901,No Holiday,272.52,0.0,0.0,90,Drizzle,light intensity drizzle,1,391
5902,No Holiday,251.07,0.0,0.0,1,Mist,mist,1,279
5903,No Holiday,269.23,0.0,0.0,90,Snow,heavy snow,2,3394
5904,No Holiday,298.4,0.0,0.0,75,Rain,light rain,9,633
5905,No Holiday,265.62,0.0,0.0,1,Mist,mist,2,2837
5906,No Holiday,269.71,0.0,0.0,0,Clear,sky is clear,12,1824
5907,No Holiday,294.2,0.0,0.0,75,Clouds,broken clouds,9,3324
5908,No Holiday,275.88,0.0,0.0,90,Mist,mist,11,4563
5909,No Holiday,283.75,0.0,0.0,1,Clear,sky is clear,11,2427
5910,No Holiday,269.92,0.0,0.0,90,Haze,haze,2,5134
5911,No Holiday,286.63,0.0,0.0,92,Rain,light rain,10,273
5912,No Holiday,272.59,0.0,0.0,90,Haze,haze,1,3933
5913,No Holiday,247.43,0.0,0.0,1,Clear,sky is clear,1,1122
5914,No Holiday,280.76,0.0,0.0,1,Clear,sky is clear,11,2443
5915,No Holiday,304.13,0.0,0.0,32,Clouds,scattered clouds,7,5849
5916,No Holiday,277.41,0.3,0.0,90,Rain,moderate rain,4,4697
5917,No Holiday,265.41,0.0,0.0,75,Mist,mist,12,699
5918,No Holiday,289.93,0.0,0.0,20,Clouds,few clouds,4,4713
5919,No Holiday,293.85,3.13,0.0,90,Rain,heavy intensity rain,7,5199
5920,No Holiday,271.94,0.0,0.0,90,Fog,fog,12,5064
5921,No Holiday,278.29,0.0,0.0,75,Drizzle,light intensity drizzle,3,5656
5922,No Holiday,255.8,0.0,0.0,90,Snow,light snow,12,3781
5923,No Holiday,275.72,0.0,0.0,20,Clouds,few clouds,3,4490
5924,No Holiday,286.21,0.0,0.0,40,Clouds,scattered clouds,5,6642
5925,No Holiday,266.15,0.0,0.0,1,Snow,light snow,12,4748
5926,No Holiday,283.63,0.0,0.0,0,Clear,Sky is Clear,6,414
5927,No Holiday,281.04,0.0,0.0,64,Clouds,broken clouds,5,6647
5928,No Holiday,292.22,0.0,0.0,90,Mist,mist,7,340
5929,No Holiday,270.35,0.0,0.0,90,Haze,haze,2,5611
5930,No Holiday,267.65,0.0,0.0,90,Snow,light snow,12,3397
5931,No Holiday,283.18,0.0,0.0,72,Drizzle,light intensity drizzle,10,372
5932,No Holiday,276.02,0.0,0.0,92,Mist,mist,3,6222
5933,No Holiday,254.14,0.0,0.0,1,Clear,sky is clear,1,4456
5934,No Holiday,260.75,0.0,0.0,1,Clear,sky is clear,2,2231
5935,No Holiday,250.14,0.0,0.0,90,Clouds,overcast clouds,3,604
5936,No Holiday,294.45,0.0,0.0,20,Clouds,few clouds,5,5306
5937,No Holiday,261.6,0.0,0.0,90,Snow,light snow,12,6049
5938,No Holiday,272.79,0.0,0.0,1,Clear,sky is clear,3,658
5939,No Holiday,261.72,0.0,0.0,1,Clear,sky is clear,12,1227
5940,No Holiday,250.36,0.0,0.0,1,Clear,sky is clear,12,303
5941,No Holiday,289.57,0.0,0.0,20,Clouds,few clouds,4,6182
5942,No Holiday,273.47,0.0,0.0,75,Clouds,broken clouds,4,5141
5943,No Holiday,250.15,0.0,0.0,1,Clear,sky is clear,1,1065
5944,No Holiday,286.26,0.0,0.0,1,Clear,sky is clear,4,2265
5945,No Holiday,248.15,0.0,0.0,1,Clear,sky is clear,1,686
5946,No Holiday,287.09,0.0,0.0,40,Clouds,scattered clouds,5,2729
5947,No Holiday,284.08,0.0,0.0,90,Drizzle,light intensity drizzle,3,4802
5948,No Holiday,260.84,0.0,0.0,75,Clouds,broken clouds,12,1940
5949,No Holiday,274.87,0.0,0.0,75,Clouds,broken clouds,11,1640
5950,No Holiday,296.3,0.0,0.0,75,Clouds,broken clouds,8,5462
5951,No Holiday,272.49,0.0,0.0,75,Clouds,broken clouds,12,2995
5952,No Holiday,267.72,0.0,0.0,1,Clear,sky is clear,2,389
5953,No Holiday,289.56,0.38,0.0,90,Rain,light rain,9,5647
5954,No Holiday,272.64,0.0,0.0,64,Clouds,broken clouds,11,4453
5955,No Holiday,298.94,0.0,0.0,1,Clear,sky is clear,6,4256
5956,No Holiday,287.8,0.0,0.0,20,Clouds,few clouds,6,6442
5957,No Holiday,256.15,0.0,0.0,90,Snow,light snow,12,4750
5958,No Holiday,295.02,0.0,0.0,1,Clear,sky is clear,5,239
5959,No Holiday,267.81,0.0,0.0,90,Clouds,overcast clouds,12,386
5960,No Holiday,284.905,0.0,0.0,0,Clear,Sky is Clear,5,1721
5961,No Holiday,269.08,0.0,0.0,75,Clouds,broken clouds,11,4992
5962,No Holiday,264.66,0.0,0.0,75,Clouds,broken clouds,2,5002
5963,No Holiday,271.65,0.0,0.0,90,Fog,fog,2,2118
5964,No Holiday,292.42,0.0,0.0,1,Clear,sky is clear,5,4544
5965,No Holiday,285.68,5.02,0.0,90,Rain,heavy intensity rain,6,3124
5966,No Holiday,302.68,0.0,0.0,75,Clouds,broken clouds,7,3688
5967,No Holiday,287.39,0.0,0.0,0,Clear,Sky is Clear,6,840
5968,No Holiday,290.724,0.0,0.0,12,Clouds,few clouds,10,4064
5969,No Holiday,299.82,0.0,0.0,1,Clear,sky is clear,5,5314
5970,No Holiday,275.42,0.0,0.0,1,Clear,sky is clear,2,4247
5971,No Holiday,272.92,0.0,0.0,90,Mist,mist,1,2132
5972,No Holiday,260.72,0.0,0.0,90,Clouds,overcast clouds,12,5832
5973,No Holiday,296.02,0.0,0.0,75,Clouds,broken clouds,7,4245
5974,No Holiday,249.96,0.0,0.0,1,Clear,sky is clear,1,756
5975,No Holiday,295.01,0.0,0.0,1,Rain,light rain,7,1971
5976,No Holiday,295.89,0.0,0.0,40,Rain,light rain,7,348
5977,No Holiday,296.08,0.0,0.0,5,Clear,sky is clear,6,4687
5978,No Holiday,284.881,0.0,0.0,12,Clouds,few clouds,10,4299
5979,No Holiday,273.68,0.0,0.0,40,Clouds,scattered clouds,11,4046
5980,No Holiday,285.94,0.0,0.0,90,Mist,mist,3,5721
5981,No Holiday,260.15,0.0,0.0,1,Clear,sky is clear,1,5725
5982,No Holiday,282.33,0.0,0.0,75,Clouds,broken clouds,10,927
5983,No Holiday,261.0,0.0,0.0,64,Clouds,broken clouds,12,282
5984,No Holiday,292.43,0.0,0.0,40,Clouds,scattered clouds,6,4547
5985,No Holiday,295.3,0.0,0.0,75,Clouds,broken clouds,9,850
5986,No Holiday,285.8,0.0,0.0,1,Clear,sky is clear,8,911
5987,No Holiday,285.84,0.0,0.0,90,Rain,moderate rain,10,2894
5988,No Holiday,255.79,0.0,0.0,20,Mist,mist,12,3733
5989,No Holiday,278.04,0.0,0.0,75,Clouds,broken clouds,4,1095
5990,No Holiday,258.01,0.0,0.0,1,Clear,sky is clear,2,567
5991,No Holiday,253.4,0.0,0.0,90,Clouds,overcast clouds,1,2768
5992,No Holiday,296.43,0.0,0.0,75,Rain,proximity shower rain,9,6778
5993,No Holiday,299.22,0.0,0.0,1,Clear,sky is clear,6,2886
5994,No Holiday,298.09,0.0,0.0,0,Clear,Sky is Clear,6,5162
5995,No Holiday,282.05,0.0,0.0,90,Mist,mist,11,4086
5996,No Holiday,267.61,0.0,0.0,90,Snow,light snow,2,338
5997,No Holiday,287.724,0.0,0.0,36,Clouds,scattered clouds,10,5998
5998,No Holiday,292.46,0.0,0.0,20,Clouds,few clouds,7,4956
5999,No Holiday,266.5,0.0,0.0,75,Clouds,broken clouds,12,3282
6000,No Holiday,263.46,0.0,0.0,90,Clouds,overcast clouds,2,4500
6001,No Holiday,273.88,0.0,0.0,75,Clouds,broken clouds,1,2746
6002,No Holiday,286.95,0.0,0.0,90,Mist,mist,5,2194
6003,No Holiday,301.89,0.0,0.0,5,Clear,sky is clear,5,2956
6004,No Holiday,293.24,0.0,0.0,0,Clear,Sky is Clear,9,6299
6005,No Holiday,271.5,0.0,0.0,90,Snow,heavy snow,1,6857
6006,No Holiday,274.4,0.0,0.0,90,Clouds,overcast clouds,4,4558
6007,No Holiday,294.23,2.61,0.0,75,Rain,moderate rain,8,4175
6008,No Holiday,283.54,0.0,0.0,20,Clouds,few clouds,10,1380
6009,No Holiday,296.09,0.0,0.0,8,Haze,haze,9,4865
6010,No Holiday,264.61,0.0,0.0,1,Clear,sky is clear,11,1498
6011,No Holiday,271.37,0.0,0.0,64,Clouds,broken clouds,11,3358
6012,No Holiday,267.95,0.0,0.0,90,Clouds,overcast clouds,3,4470
6013,No Holiday,293.83,0.0,0.0,1,Clear,sky is clear,10,4807
6014,No Holiday,296.15,0.0,0.0,75,Mist,mist,7,2497
6015,No Holiday,295.67,0.0,0.0,1,Haze,haze,10,2875
6016,No Holiday,256.32,0.0,0.0,64,Clouds,broken clouds,1,594
6017,No Holiday,277.57,0.0,0.0,75,Clouds,broken clouds,4,4743
6018,No Holiday,274.28,0.0,0.0,1,Mist,mist,4,6251
6019,No Holiday,272.02,0.0,0.0,90,Rain,light rain,3,3781
6020,No Holiday,276.88,0.0,0.0,90,Rain,light rain,4,5174
6021,No Holiday,294.21,0.0,0.0,90,Rain,heavy intensity rain,7,1682
6022,No Holiday,282.67,0.0,0.0,75,Clouds,broken clouds,5,3601
6023,No Holiday,277.26,0.0,0.0,90,Clouds,overcast clouds,5,1257
6024,No Holiday,292.81,0.0,0.0,40,Rain,light rain,6,4013
6025,No Holiday,276.56,0.0,0.0,1,Clear,sky is clear,4,5129
6026,No Holiday,282.22,0.0,0.0,1,Rain,proximity shower rain,3,4758
6027,No Holiday,279.15,0.0,0.0,1,Clear,sky is clear,10,1129
6028,No Holiday,281.76,0.0,0.0,75,Clouds,broken clouds,10,5825
6029,No Holiday,291.19,0.0,0.0,0,Clear,Sky is Clear,6,4995
6030,No Holiday,290.46,0.0,0.0,1,Clear,sky is clear,7,5926
6031,No Holiday,282.69,0.0,0.0,40,Clouds,scattered clouds,5,5930
6032,No Holiday,279.51,0.0,0.0,90,Drizzle,light intensity drizzle,12,4743
6033,No Holiday,289.56,0.0,0.0,1,Fog,fog,8,2316
6034,No Holiday,278.56,0.0,0.0,90,Haze,haze,11,1671
6035,No Holiday,273.21,0.0,0.0,75,Clouds,broken clouds,3,6235
6036,No Holiday,271.57,0.0,0.0,90,Snow,snow,2,3866
6037,No Holiday,287.91,0.0,0.0,90,Mist,mist,9,1693
6038,No Holiday,286.75,0.0,0.0,1,Clear,sky is clear,10,2690
6039,No Holiday,281.74,0.0,0.0,40,Clouds,scattered clouds,5,4400
6040,No Holiday,269.17,0.0,0.0,20,Clouds,few clouds,12,3459
6041,No Holiday,260.86,0.0,0.0,90,Snow,light snow,12,432
6042,No Holiday,291.32,0.61,0.0,32,Thunderstorm,proximity thunderstorm,6,328
6043,No Holiday,281.22,0.0,0.0,40,Rain,light rain,11,683
6044,No Holiday,295.38,0.0,0.0,48,Clouds,scattered clouds,10,5749
6045,No Holiday,293.56,0.0,0.0,1,Clear,sky is clear,6,3637
6046,No Holiday,299.36,0.0,0.0,80,Mist,mist,8,5323
6047,No Holiday,280.23,0.0,0.0,90,Clouds,overcast clouds,11,3288
6048,No Holiday,273.08,0.0,0.0,90,Clouds,overcast clouds,1,3653
6049,No Holiday,283.27,0.0,0.0,1,Clear,sky is clear,10,3674
6050,No Holiday,267.88,0.0,0.0,1,Clear,sky is clear,3,5593
6051,No Holiday,258.03,0.0,0.0,1,Clear,sky is clear,12,2365
6052,No Holiday,280.82,0.0,0.0,75,Clouds,broken clouds,5,2996
6053,No Holiday,298.25,0.0,0.0,92,Rain,moderate rain,7,3864
6054,No Holiday,297.32,0.0,0.0,1,Clear,sky is clear,8,5752
6055,No Holiday,278.69,0.0,0.0,64,Clouds,broken clouds,11,4054
6056,No Holiday,266.41,0.0,0.0,75,Clouds,broken clouds,2,2020
6057,No Holiday,296.83,0.0,0.0,40,Clouds,scattered clouds,8,4506
6058,No Holiday,299.08,0.0,0.0,75,Rain,proximity shower rain,7,5625
6059,No Holiday,301.41,0.25,0.0,12,Rain,light rain,6,3767
6060,No Holiday,275.08,0.0,0.0,90,Clouds,overcast clouds,2,5169
6061,No Holiday,290.32,0.0,0.0,1,Clear,sky is clear,7,698
6062,No Holiday,279.55,0.0,0.0,90,Drizzle,drizzle,11,2381
6063,No Holiday,295.58,0.0,0.0,92,Clouds,overcast clouds,6,4974
6064,No Holiday,291.8,0.0,0.0,75,Clouds,broken clouds,6,6473
6065,No Holiday,291.75,0.0,0.0,90,Rain,moderate rain,8,1778
6066,No Holiday,272.41,0.0,0.0,20,Clouds,few clouds,2,6353
6067,No Holiday,299.01,0.0,0.0,1,Clear,sky is clear,8,4878
6068,No Holiday,305.1,0.0,0.0,40,Clouds,scattered clouds,5,5833
6069,No Holiday,292.0,0.0,0.0,20,Clouds,few clouds,6,606
6070,No Holiday,286.34,0.25,0.0,90,Rain,light rain,5,5181
6071,No Holiday,292.63,0.0,0.0,12,Mist,mist,7,3017
6072,No Holiday,291.47,0.25,0.0,48,Mist,mist,6,368
6073,No Holiday,294.84,0.0,0.0,32,Clouds,scattered clouds,6,2515
6074,No Holiday,292.6,0.0,0.0,80,Clouds,broken clouds,9,3135
6075,No Holiday,293.15,0.0,0.0,75,Clouds,broken clouds,8,3148
6076,No Holiday,269.4,0.0,0.0,90,Clouds,overcast clouds,3,3216
6077,No Holiday,263.26,0.0,0.0,90,Clouds,overcast clouds,2,4457
6078,No Holiday,275.75,0.0,0.0,1,Clear,sky is clear,10,253
6079,No Holiday,277.11,0.0,0.0,64,Clouds,broken clouds,11,4264
6080,No Holiday,287.57,0.0,0.0,12,Mist,mist,6,360
6081,No Holiday,286.557,0.0,0.0,92,Rain,moderate rain,2,5107
6082,No Holiday,291.15,0.0,0.0,1,Clear,sky is clear,8,5724
6083,No Holiday,259.63,0.0,0.0,1,Clear,sky is clear,11,530
6084,No Holiday,266.99,0.0,0.0,90,Clouds,overcast clouds,2,2759
6085,No Holiday,290.42,0.0,0.0,1,Clear,sky is clear,8,4892
6086,No Holiday,296.15,0.0,0.0,90,Clouds,overcast clouds,8,3509
6087,No Holiday,272.55,0.0,0.0,90,Snow,light snow,11,3232
6088,No Holiday,290.61,0.0,0.0,40,Clouds,scattered clouds,6,1012
6089,No Holiday,282.28,0.0,0.0,1,Clear,sky is clear,10,982
6090,No Holiday,298.94,0.0,0.0,1,Clear,sky is clear,5,2491
6091,No Holiday,290.94,0.38,0.0,75,Smoke,smoke,7,4307
6092,No Holiday,291.616,0.0,0.0,88,Rain,light rain,6,762
6093,No Holiday,301.31,0.0,0.0,1,Clear,sky is clear,7,5143
6094,No Holiday,299.28,0.0,0.0,1,Clear,sky is clear,7,5182
6095,No Holiday,279.84,0.44,0.0,90,Rain,light rain,4,5789
6096,No Holiday,268.77,0.0,0.0,90,Haze,haze,2,808
6097,No Holiday,290.77,0.0,0.0,90,Mist,mist,5,2598
6098,No Holiday,285.01,0.0,0.0,1,Mist,mist,3,335
6099,No Holiday,291.65,0.0,0.0,90,Clouds,overcast clouds,5,4938
6100,No Holiday,270.68,0.0,0.0,1,Mist,mist,3,2545
6101,No Holiday,262.55,0.0,0.0,20,Clouds,few clouds,2,6117
6102,No Holiday,299.15,0.0,0.0,1,Clear,sky is clear,7,5154
6103,No Holiday,280.19,0.0,0.0,90,Clouds,overcast clouds,10,5837
6104,No Holiday,271.49,0.0,0.0,90,Snow,light snow,2,5900
6105,No Holiday,271.95,0.0,0.0,90,Mist,mist,12,5276
6106,No Holiday,268.62,0.0,0.0,90,Mist,mist,2,4321
6107,No Holiday,291.88,0.0,0.0,90,Clouds,overcast clouds,9,1327
6108,No Holiday,270.08,0.0,0.0,1,Mist,mist,12,310
6109,No Holiday,301.68,0.0,0.0,75,Clouds,broken clouds,7,4174
6110,No Holiday,264.95,0.0,0.0,64,Clouds,broken clouds,11,3294
6111,No Holiday,294.23,0.0,0.0,90,Rain,moderate rain,7,1016
6112,No Holiday,254.58,0.0,0.0,1,Clear,sky is clear,2,1483
6113,No Holiday,273.42,0.0,0.0,90,Snow,heavy snow,4,4950
6114,No Holiday,295.72,0.0,0.0,40,Clouds,scattered clouds,8,3268
6115,No Holiday,286.26,0.25,0.0,92,Drizzle,light intensity drizzle,6,1922
6116,No Holiday,290.43,0.0,0.0,75,Clouds,broken clouds,8,5397
6117,No Holiday,295.15,0.0,0.0,1,Clear,sky is clear,7,4123
6118,No Holiday,271.55,0.0,0.0,75,Clouds,broken clouds,12,5196
6119,No Holiday,282.26,0.0,0.0,75,Clouds,broken clouds,5,297
6120,No Holiday,268.35,0.0,0.0,1,Clear,sky is clear,11,302
6121,No Holiday,267.65,0.0,0.0,40,Clouds,scattered clouds,2,3972
6122,No Holiday,269.95,0.0,0.0,90,Clouds,overcast clouds,12,2316
6123,No Holiday,287.32,0.25,0.0,90,Rain,light rain,6,5188
6124,No Holiday,291.32,0.0,0.0,0,Clear,Sky is Clear,9,4388
6125,No Holiday,280.22,0.0,0.0,1,Clear,sky is clear,4,551
6126,No Holiday,259.24,0.0,0.0,0,Clear,sky is clear,1,5724
6127,No Holiday,285.22,0.0,0.0,90,Clouds,overcast clouds,10,2900
6128,No Holiday,266.99,0.0,0.0,90,Clouds,overcast clouds,2,2566
6129,No Holiday,290.72,0.0,0.0,40,Clouds,scattered clouds,4,5745
6130,No Holiday,302.95,0.0,0.0,40,Clouds,scattered clouds,7,5853
6131,No Holiday,268.83,0.0,0.0,90,Mist,mist,2,5044
6132,No Holiday,276.75,0.0,0.0,1,Clear,sky is clear,2,5020
6133,No Holiday,278.19,0.0,0.0,1,Clear,sky is clear,10,548
6134,No Holiday,292.79,0.0,0.0,1,Clear,sky is clear,9,4506
6135,No Holiday,263.88,0.0,0.0,90,Haze,haze,12,5052
6136,No Holiday,268.77,0.0,0.0,64,Clouds,broken clouds,12,2229
6137,No Holiday,267.73,0.0,0.0,90,Haze,haze,2,5156
6138,No Holiday,280.43,0.0,0.0,20,Clouds,few clouds,3,3068
6139,No Holiday,290.62,0.0,0.0,1,Clear,sky is clear,4,6372
6140,No Holiday,291.75,0.0,0.0,90,Haze,haze,5,5912
6141,No Holiday,265.28,0.0,0.0,90,Snow,light snow,3,2334
6142,No Holiday,276.69,0.0,0.0,90,Mist,mist,3,4531
6143,No Holiday,269.43,0.0,0.0,90,Mist,mist,4,251
6144,No Holiday,292.92,0.0,0.0,75,Rain,light rain,9,3018
6145,No Holiday,259.15,0.0,0.0,5,Clear,sky is clear,12,5928
6146,No Holiday,284.454,0.0,0.0,80,Clouds,broken clouds,10,580
6147,No Holiday,291.14,0.0,0.0,5,Clear,sky is clear,9,4982
6148,No Holiday,299.63,0.0,0.0,20,Clouds,few clouds,8,4446
6149,No Holiday,295.41,0.0,0.0,1,Clear,sky is clear,9,709
6150,No Holiday,293.5,0.0,0.0,1,Clear,sky is clear,9,4723
6151,No Holiday,274.48,0.0,0.0,90,Clouds,overcast clouds,1,4739
6152,No Holiday,247.8,0.0,0.0,1,Clear,sky is clear,1,784
6153,No Holiday,296.01,0.0,0.0,1,Rain,light rain,6,1136
6154,No Holiday,284.65,0.0,0.0,64,Clouds,broken clouds,11,5382
6155,No Holiday,282.9,0.0,0.0,90,Clouds,overcast clouds,11,6103
6156,No Holiday,303.45,0.0,0.0,56,Clouds,broken clouds,8,4723
6157,No Holiday,287.35,0.0,0.0,90,Drizzle,light intensity drizzle,5,3504
6158,No Holiday,294.15,0.0,0.0,1,Mist,mist,7,2322
6159,No Holiday,273.71,0.0,0.0,40,Clouds,scattered clouds,10,2791
6160,No Holiday,271.21,0.0,0.0,90,Snow,light snow,11,4285
6161,No Holiday,266.36,0.0,0.0,90,Mist,mist,4,327
6162,No Holiday,273.51,0.0,0.0,90,Rain,light rain,12,113
6163,No Holiday,273.44,0.0,0.0,40,Clouds,scattered clouds,4,2797
6164,No Holiday,266.58,0.0,0.0,1,Clear,sky is clear,11,5025
6165,No Holiday,278.03,0.0,0.0,90,Clouds,overcast clouds,4,6252
6166,No Holiday,293.71,0.0,0.0,0,Clear,Sky is Clear,6,6266
6167,No Holiday,267.16,0.0,0.0,20,Clouds,few clouds,1,5105
6168,No Holiday,286.02,0.0,0.0,40,Drizzle,light intensity drizzle,5,442
6169,No Holiday,290.32,0.71,0.0,90,Rain,moderate rain,8,5032
6170,No Holiday,278.398,0.0,0.0,0,Clear,Sky is Clear,10,1024
6171,No Holiday,271.78,0.0,0.0,1,Fog,fog,11,300
6172,No Holiday,276.54200000000003,0.0,0.0,0,Clear,Sky is Clear,4,418
6173,No Holiday,280.6,0.0,0.0,40,Clouds,scattered clouds,4,5287
6174,No Holiday,288.35,0.0,0.0,40,Thunderstorm,proximity thunderstorm,5,347
6175,No Holiday,293.675,0.0,0.0,92,Clouds,overcast clouds,7,3827
6176,No Holiday,294.08,0.0,0.0,75,Rain,light rain,8,1078
6177,No Holiday,283.41,0.0,0.0,1,Clear,sky is clear,4,4809
6178,No Holiday,281.34,0.0,0.0,0,Clear,Sky is Clear,9,841
6179,No Holiday,281.22,0.0,0.0,1,Rain,light rain,5,5561
6180,No Holiday,278.15,0.0,0.0,90,Mist,mist,4,5226
6181,No Holiday,259.56,0.0,0.0,64,Clouds,broken clouds,12,2645
6182,No Holiday,268.61,0.0,0.0,90,Clouds,overcast clouds,12,1953
6183,No Holiday,283.63,0.0,0.0,1,Clear,sky is clear,4,872
6184,No Holiday,294.63,0.25,0.0,90,Rain,light rain,7,5067
6185,No Holiday,268.64,0.0,0.0,40,Clouds,scattered clouds,3,786
6186,No Holiday,297.15,0.0,0.0,0,Clear,Sky is Clear,10,5179
6187,No Holiday,291.79,0.0,0.0,90,Drizzle,drizzle,8,3472
6188,No Holiday,283.55,0.0,0.0,90,Rain,moderate rain,4,5330
6189,No Holiday,291.37,0.0,0.0,36,Clouds,scattered clouds,8,392
6190,No Holiday,289.94,0.0,0.0,100,Rain,light rain,9,4557
6191,No Holiday,274.79,0.0,0.0,90,Snow,heavy snow,4,1532
6192,No Holiday,288.49,0.0,0.0,1,Clear,sky is clear,5,6591
6193,No Holiday,292.31,0.0,0.0,1,Clear,sky is clear,7,410
6194,No Holiday,295.84,0.0,0.0,40,Clouds,scattered clouds,9,1649
6195,No Holiday,295.1,0.0,0.0,1,Clear,sky is clear,9,932
6196,No Holiday,274.57,0.0,0.0,90,Haze,haze,12,4986
6197,No Holiday,288.92,0.0,0.0,1,Clear,sky is clear,8,1112
6198,No Holiday,293.15,0.0,0.0,1,Clear,sky is clear,8,3677
6199,No Holiday,301.2,0.0,0.0,20,Clouds,few clouds,9,4668
6200,No Holiday,299.47,0.25,0.0,75,Thunderstorm,proximity thunderstorm,8,3945
6201,No Holiday,290.93,0.0,0.0,1,Clear,sky is clear,5,2922
6202,No Holiday,272.97,0.0,0.0,90,Clouds,overcast clouds,3,1054
6203,No Holiday,300.16,0.0,0.0,75,Clouds,broken clouds,7,6279
6204,No Holiday,275.74,0.0,0.0,1,Clear,sky is clear,3,5546
6205,No Holiday,286.35,0.0,0.0,90,Rain,light rain,8,6060
6206,No Holiday,279.008,0.0,0.0,0,Clear,Sky is Clear,10,2531
6207,No Holiday,281.69,0.0,0.0,24,Clouds,few clouds,5,591
6208,No Holiday,289.71,0.0,0.0,1,Clear,sky is clear,5,4789
6209,No Holiday,282.35,0.0,0.0,90,Rain,light rain,3,4669
6210,No Holiday,279.74,0.0,0.0,75,Clouds,broken clouds,11,6604
6211,No Holiday,302.15,0.0,0.0,75,Clouds,broken clouds,7,5466
6212,No Holiday,264.82,0.0,0.0,1,Clear,sky is clear,12,4678
6213,No Holiday,269.9,0.0,0.0,20,Clouds,few clouds,11,383
6214,No Holiday,286.51,0.0,0.0,1,Clear,sky is clear,6,5767
6215,No Holiday,292.44,0.0,0.0,75,Clouds,broken clouds,8,4762
6216,No Holiday,284.08,0.0,0.0,75,Clouds,broken clouds,3,4745
6217,No Holiday,256.28,0.0,0.0,1,Snow,light snow,1,321
6218,No Holiday,290.08,0.0,0.0,1,Clear,sky is clear,4,5101
6219,No Holiday,272.46,0.0,0.0,90,Snow,light snow,11,5323
6220,No Holiday,288.59,0.0,0.0,32,Clouds,scattered clouds,8,271
6221,No Holiday,278.68,0.0,0.0,40,Clouds,scattered clouds,3,4356
6222,No Holiday,287.52,0.0,0.0,90,Mist,mist,10,1028
6223,No Holiday,283.19,0.0,0.0,40,Clouds,scattered clouds,4,5232
6224,No Holiday,287.15,0.0,0.0,90,Rain,moderate rain,9,314
6225,No Holiday,284.15,0.0,0.0,90,Clouds,overcast clouds,10,4874
6226,No Holiday,287.65,0.0,0.0,1,Clear,sky is clear,5,4695
6227,No Holiday,285.37,0.0,0.0,20,Clouds,few clouds,11,341
6228,No Holiday,291.35,0.0,0.0,90,Rain,heavy intensity rain,6,872
6229,No Holiday,272.41,0.0,0.0,90,Snow,heavy snow,12,3882
6230,No Holiday,293.48,0.0,0.0,1,Clear,sky is clear,9,4451
6231,No Holiday,255.56,0.0,0.0,64,Snow,light snow,12,532
6232,No Holiday,284.6,0.0,0.0,40,Fog,fog,5,1798
6233,No Holiday,272.29,0.0,0.0,1,Fog,fog,11,1298
6234,No Holiday,262.54,0.0,0.0,90,Clouds,overcast clouds,12,5405
6235,No Holiday,268.43,0.51,0.0,64,Rain,light rain,12,2666
6236,No Holiday,280.01,0.0,0.0,40,Clouds,scattered clouds,11,3212
6237,No Holiday,269.35,0.0,0.0,1,Clear,sky is clear,4,2885
6238,No Holiday,291.7,1.52,0.0,90,Drizzle,light intensity drizzle,6,1264
6239,No Holiday,288.59,0.0,0.0,0,Clear,Sky is Clear,9,4321
6240,No Holiday,257.15,0.0,0.0,1,Clear,sky is clear,2,365
6241,No Holiday,286.84,0.0,0.0,1,Clear,sky is clear,10,4802
6242,No Holiday,291.87,0.9,0.0,1,Rain,light rain,7,337
6243,No Holiday,265.6,0.0,0.0,1,Clear,sky is clear,3,970
6244,No Holiday,297.87,0.0,0.0,1,Clear,sky is clear,8,4459
6245,No Holiday,277.15,0.0,0.0,90,Rain,light rain,11,790
6246,No Holiday,276.29,0.0,0.0,1,Clear,sky is clear,3,352
6247,No Holiday,266.22,0.0,0.0,5,Clear,sky is clear,3,6240
6248,No Holiday,279.3,0.0,0.0,90,Clouds,overcast clouds,10,5138
6249,No Holiday,286.36,0.0,0.0,90,Thunderstorm,proximity thunderstorm with rain,5,2802
6250,No Holiday,274.08,0.0,0.0,90,Clouds,overcast clouds,11,3592
6251,No Holiday,284.881,0.0,0.0,12,Clouds,few clouds,10,4313
6252,No Holiday,297.35,0.0,0.0,1,Rain,light rain,6,1724
6253,No Holiday,291.31,0.0,0.0,1,Mist,mist,8,471
6254,No Holiday,295.33,0.0,0.0,1,Haze,haze,7,5324
6255,No Holiday,278.39,1.02,0.0,90,Rain,moderate rain,4,6048
6256,No Holiday,285.03,0.0,0.0,90,Drizzle,light intensity drizzle,5,757
6257,No Holiday,281.62,0.0,0.0,75,Mist,mist,3,1693
6258,No Holiday,268.33,0.0,0.0,75,Clouds,broken clouds,3,2536
6259,No Holiday,270.36,0.0,0.0,1,Clear,sky is clear,2,1907
6260,No Holiday,251.79,0.0,0.0,1,Clear,sky is clear,12,666
6261,No Holiday,282.21,0.0,0.0,40,Clouds,scattered clouds,10,4861
6262,No Holiday,262.18,0.0,0.0,90,Haze,haze,1,5597
6263,No Holiday,290.56,1.14,0.0,75,Mist,mist,8,4008
6264,No Holiday,278.58,0.0,0.0,90,Drizzle,drizzle,3,1328
6265,No Holiday,269.97900000000004,0.0,0.0,0,Clear,Sky is Clear,2,2577
6266,No Holiday,273.89,0.0,0.0,90,Mist,mist,4,313
6267,No Holiday,265.29,0.0,0.0,1,Clear,sky is clear,3,340
6268,No Holiday,291.22,0.0,0.0,20,Clouds,few clouds,9,2803
6269,No Holiday,289.13,0.0,0.0,1,Clear,sky is clear,9,4477
6270,No Holiday,258.52,0.0,0.0,40,Clouds,scattered clouds,2,1153
6271,No Holiday,259.55,0.0,0.0,20,Clouds,few clouds,2,379
6272,No Holiday,293.89,0.0,0.0,12,Clouds,few clouds,9,4220
6273,No Holiday,283.79,0.64,0.0,0,Rain,light rain,5,2917
6274,No Holiday,279.21,0.0,0.0,90,Clouds,overcast clouds,5,477
6275,No Holiday,280.07,0.0,0.0,1,Clear,sky is clear,11,403
6276,No Holiday,278.39,0.0,0.0,90,Rain,moderate rain,4,1124
6277,No Holiday,283.62,0.0,0.0,75,Drizzle,light intensity drizzle,3,5673
6278,No Holiday,259.96,0.0,0.0,1,Clear,sky is clear,3,2918
6279,No Holiday,272.99,0.0,0.0,1,Clear,sky is clear,10,1956
6280,No Holiday,261.59,0.0,0.0,40,Haze,haze,1,4863
6281,No Holiday,279.032,0.0,0.0,24,Clouds,few clouds,10,4286
6282,No Holiday,291.37,0.0,0.0,75,Clouds,broken clouds,7,5436
6283,No Holiday,289.45,0.0,0.0,1,Mist,mist,9,257
6284,No Holiday,279.0,0.0,0.0,1,Clear,sky is clear,4,5035
6285,No Holiday,275.86,0.0,0.0,90,Haze,haze,11,5308
6286,No Holiday,286.78,0.0,0.0,92,Clouds,overcast clouds,7,6587
6287,No Holiday,276.42,0.0,0.0,20,Haze,haze,2,708
6288,No Holiday,265.68,0.0,0.0,90,Clouds,overcast clouds,12,5092
6289,No Holiday,287.67,0.0,0.0,1,Mist,mist,9,3102
6290,No Holiday,255.91,0.0,0.0,20,Clouds,few clouds,2,4146
6291,No Holiday,291.85,0.0,0.0,1,Clear,sky is clear,9,1658
6292,No Holiday,274.99,0.0,0.0,1,Clear,sky is clear,5,1391
6293,No Holiday,280.95,0.0,0.0,90,Clouds,overcast clouds,3,5533
6294,No Holiday,266.58,0.0,0.0,90,Clouds,overcast clouds,3,4926
6295,No Holiday,298.3,0.0,0.0,1,Clear,sky is clear,7,2582
6296,No Holiday,294.27,0.0,0.0,40,Clouds,scattered clouds,6,2626
6297,No Holiday,289.48,0.0,0.0,75,Clouds,broken clouds,6,4379
6298,No Holiday,256.54,0.0,0.0,20,Clouds,few clouds,1,1031
6299,No Holiday,292.99,0.0,0.0,90,Thunderstorm,proximity thunderstorm,8,4332
6300,No Holiday,303.92,0.0,0.0,90,Clouds,overcast clouds,8,5868
6301,No Holiday,275.88,0.0,0.0,90,Snow,light snow,3,4241
6302,No Holiday,292.49,0.0,0.0,1,Clear,sky is clear,7,5637
6303,No Holiday,275.88,0.0,0.0,40,Clouds,scattered clouds,3,4912
6304,No Holiday,301.55,0.0,0.0,90,Clouds,overcast clouds,6,6262
6305,No Holiday,259.65,0.0,0.0,40,Mist,mist,4,6297
6306,No Holiday,287.73,1.1,0.0,90,Rain,moderate rain,6,1598
6307,No Holiday,288.494,0.0,0.0,92,Clouds,overcast clouds,7,5812
6308,No Holiday,268.41,0.0,0.0,90,Clouds,overcast clouds,2,6079
6309,No Holiday,279.525,0.0,0.0,0,Clear,Sky is Clear,10,3235
6310,No Holiday,270.77,0.0,0.0,90,Clouds,overcast clouds,11,6752
6311,No Holiday,282.45,0.0,0.0,56,Rain,light rain,9,3382
6312,No Holiday,260.22,0.0,0.0,20,Clouds,few clouds,2,5044
6313,No Holiday,299.15,0.0,0.0,1,Clear,sky is clear,8,5528
6314,No Holiday,274.08,0.0,0.0,75,Clouds,broken clouds,12,4347
6315,No Holiday,267.82,0.0,0.0,1,Clear,sky is clear,4,6456
6316,No Holiday,291.79,0.0,0.0,40,Clouds,scattered clouds,6,4737
6317,No Holiday,272.28,0.0,0.0,90,Clouds,overcast clouds,3,3153
6318,No Holiday,296.87,0.0,0.0,1,Clear,sky is clear,6,453
6319,No Holiday,259.34,0.0,0.0,90,Snow,light snow,1,2183
6320,No Holiday,269.71,0.0,0.0,90,Clouds,overcast clouds,12,208
6321,No Holiday,275.21,0.0,0.0,90,Mist,mist,11,2933
6322,No Holiday,270.71,0.0,0.0,90,Haze,haze,1,4497
6323,No Holiday,271.23,0.0,0.0,64,Clouds,broken clouds,11,4385
6324,No Holiday,281.72,0.0,0.0,75,Clouds,broken clouds,4,6811
6325,No Holiday,272.68,0.0,0.0,90,Clouds,overcast clouds,12,2438
6326,No Holiday,289.08,0.0,0.0,90,Clouds,overcast clouds,6,4563
6327,No Holiday,284.938,0.0,0.0,76,Clouds,broken clouds,10,4399
6328,No Holiday,266.44,0.0,0.0,90,Clouds,overcast clouds,2,3905
6329,No Holiday,271.93,0.0,0.0,90,Clouds,overcast clouds,11,2919
6330,No Holiday,291.952,0.0,0.0,44,Clouds,scattered clouds,7,5394
6331,No Holiday,285.82,0.0,0.0,20,Clouds,few clouds,5,5884
6332,No Holiday,282.66,0.0,0.0,1,Clear,sky is clear,5,372
6333,No Holiday,299.94,0.0,0.0,90,Clouds,overcast clouds,8,4229
6334,No Holiday,297.62,0.0,0.0,75,Clouds,broken clouds,8,4948
6335,No Holiday,264.97,0.0,0.0,90,Haze,haze,1,4729
6336,No Holiday,303.15,0.0,0.0,40,Clouds,scattered clouds,7,4109
6337,No Holiday,300.9,1.2,0.0,20,Rain,moderate rain,7,2619
6338,No Holiday,256.59,0.0,0.0,90,Snow,light snow,12,4301
6339,No Holiday,289.771,0.0,0.0,44,Rain,light rain,10,2805
6340,No Holiday,291.08,0.0,0.0,1,Rain,heavy intensity rain,8,298
6341,No Holiday,286.35,0.0,0.0,90,Clouds,overcast clouds,8,281
6342,No Holiday,291.42,0.0,0.0,36,Mist,mist,7,5063
6343,No Holiday,274.15,0.0,0.0,90,Rain,light rain,12,587
6344,No Holiday,292.83,0.0,0.0,1,Clear,sky is clear,7,3193
6345,No Holiday,270.82,0.0,0.0,20,Clouds,few clouds,11,3842
6346,No Holiday,278.91,0.0,0.0,75,Clouds,broken clouds,10,4294
6347,No Holiday,268.7,0.0,0.0,40,Clouds,scattered clouds,2,6660
6348,No Holiday,290.9,9.62,0.0,90,Thunderstorm,proximity thunderstorm,9,3898
6349,No Holiday,269.48,0.0,0.0,5,Clear,sky is clear,2,2604
6350,No Holiday,274.08,0.0,0.0,90,Rain,moderate rain,3,2012
6351,No Holiday,266.02,0.0,0.0,90,Clouds,overcast clouds,1,5154
6352,No Holiday,274.58,0.0,0.0,90,Clouds,overcast clouds,4,477
6353,No Holiday,274.63,0.0,0.0,20,Clouds,few clouds,4,2620
6354,No Holiday,294.68,3.27,0.0,75,Drizzle,drizzle,9,4335
6355,No Holiday,274.29,0.0,0.0,90,Clouds,overcast clouds,10,5234
6356,No Holiday,291.54,0.0,0.0,40,Clouds,scattered clouds,6,1116
6357,No Holiday,278.29,0.0,0.0,1,Clear,sky is clear,11,5746
6358,No Holiday,298.87,0.0,0.0,1,Clear,sky is clear,8,4567
6359,No Holiday,249.35,0.0,0.0,1,Clear,sky is clear,1,345
6360,No Holiday,287.62,0.0,0.0,90,Clouds,overcast clouds,8,403
6361,No Holiday,292.51,0.0,0.0,1,Mist,mist,7,333
6362,No Holiday,295.04,0.0,0.0,1,Clear,sky is clear,7,2513
6363,No Holiday,287.32,0.51,0.0,90,Mist,mist,9,3695
6364,No Holiday,293.42,0.0,0.0,90,Clouds,overcast clouds,7,1118
6365,No Holiday,277.57,0.0,0.0,75,Clouds,broken clouds,3,394
6366,No Holiday,297.79,0.0,0.0,1,Clear,sky is clear,6,4621
6367,No Holiday,272.36,0.0,0.0,90,Rain,light rain,4,540
6368,No Holiday,294.16,0.0,0.0,1,Clear,sky is clear,7,363
6369,No Holiday,294.02,0.0,0.0,40,Clouds,scattered clouds,6,3432
6370,No Holiday,264.73,0.0,0.0,1,Clear,sky is clear,2,4637
6371,No Holiday,269.28,0.0,0.0,90,Haze,haze,2,4108
6372,No Holiday,265.02,0.0,0.0,1,Clear,sky is clear,11,1874
6373,No Holiday,267.19,0.0,0.0,90,Snow,light snow,12,421
6374,No Holiday,289.75,0.0,0.0,1,Clear,sky is clear,8,3135
6375,No Holiday,288.82,0.0,0.0,90,Haze,haze,8,4911
6376,No Holiday,275.55,0.0,0.0,90,Mist,mist,11,4511
6377,No Holiday,292.68,0.0,0.0,75,Clouds,broken clouds,9,5022
6378,No Holiday,271.87,0.0,0.0,90,Snow,light snow,12,1525
6379,No Holiday,300.27,0.25,0.0,75,Rain,light rain,8,5998
6380,No Holiday,289.42,0.0,0.0,90,Thunderstorm,thunderstorm with light drizzle,8,381
6381,No Holiday,280.62,0.0,0.0,90,Clouds,overcast clouds,4,5949
6382,No Holiday,286.92,0.89,0.0,90,Rain,moderate rain,9,2901
6383,No Holiday,276.02,0.0,0.0,1,Clear,sky is clear,4,382
6384,No Holiday,265.72,0.0,0.0,90,Mist,mist,2,828
6385,No Holiday,293.96,0.0,0.0,75,Clouds,broken clouds,5,1292
6386,No Holiday,283.15,0.0,0.0,75,Clouds,broken clouds,11,1733
6387,No Holiday,275.28,0.0,0.0,90,Rain,moderate rain,12,319
6388,No Holiday,277.93,0.0,0.0,1,Clear,sky is clear,3,6786
6389,No Holiday,279.42,0.0,0.0,90,Clouds,overcast clouds,3,4453
6390,No Holiday,274.59,0.0,0.0,90,Rain,moderate rain,3,362
6391,No Holiday,288.07,0.0,0.0,1,Mist,mist,8,651
6392,No Holiday,271.39,0.0,0.0,64,Clouds,broken clouds,11,574
6393,No Holiday,258.13,0.0,0.0,40,Clouds,scattered clouds,2,3675
6394,No Holiday,287.82,0.0,0.0,90,Clouds,overcast clouds,4,6901
6395,No Holiday,282.87,0.25,0.0,90,Rain,light rain,4,235
6396,No Holiday,281.62,0.0,0.0,90,Rain,light rain,3,3355
6397,No Holiday,264.16,0.0,0.0,64,Mist,mist,12,1174
6398,No Holiday,297.09,0.0,0.0,1,Thunderstorm,proximity thunderstorm,7,3344
6399,No Holiday,288.29,0.0,0.0,40,Clouds,scattered clouds,8,5433
6400,No Holiday,260.74,0.0,0.0,99,Clouds,overcast clouds,2,2519
6401,No Holiday,281.29,0.0,0.0,20,Clouds,few clouds,5,5840
6402,No Holiday,272.44,0.0,0.0,90,Fog,fog,11,3494
6403,No Holiday,291.36,0.0,0.0,0,Mist,mist,6,6483
6404,No Holiday,295.95,0.0,0.0,90,Rain,moderate rain,8,2632
6405,No Holiday,298.02,0.0,0.0,0,Clear,Sky is Clear,7,2935
6406,No Holiday,263.02,0.0,0.0,90,Snow,heavy snow,1,5263
6407,No Holiday,285.75,0.0,0.0,1,Clear,sky is clear,8,6585
6408,No Holiday,294.14,0.0,0.0,1,Clear,sky is clear,5,5151
6409,No Holiday,272.53,0.0,0.0,90,Snow,heavy snow,4,4816
6410,No Holiday,276.793,0.0,0.0,64,Clouds,broken clouds,1,4226
6411,No Holiday,259.77,0.0,0.0,90,Clouds,overcast clouds,1,2167
6412,No Holiday,273.64,0.0,0.0,90,Clouds,overcast clouds,4,4018
6413,No Holiday,279.11,0.0,0.0,1,Clear,sky is clear,4,678
6414,No Holiday,274.58,0.0,0.0,1,Clear,sky is clear,3,3436
6415,No Holiday,273.56,0.0,0.0,75,Clouds,broken clouds,1,5217
6416,No Holiday,278.09,0.0,0.0,1,Clear,sky is clear,4,328
6417,No Holiday,290.62,0.0,0.0,90,Rain,light rain,5,347
6418,No Holiday,302.69,0.0,0.0,20,Clouds,few clouds,8,4426
6419,No Holiday,271.9,0.0,0.0,90,Clouds,overcast clouds,12,402
6420,No Holiday,279.22,0.0,0.0,90,Mist,mist,11,4910
6421,No Holiday,298.0,0.0,0.0,12,Clouds,few clouds,6,3202
6422,No Holiday,287.37,0.0,0.0,90,Haze,haze,9,344
6423,No Holiday,271.51,0.0,0.0,90,Mist,mist,2,289
6424,No Holiday,282.58,0.0,0.0,20,Clouds,few clouds,4,3992
6425,No Holiday,285.31,0.0,0.0,1,Clear,sky is clear,5,5501
6426,No Holiday,292.08,0.0,0.0,90,Rain,proximity shower rain,7,6827
6427,No Holiday,263.76,0.0,0.0,90,Clouds,overcast clouds,12,330
6428,No Holiday,274.07,1.02,0.0,64,Mist,mist,12,3611
6429,No Holiday,274.78,0.0,0.0,1,Rain,light rain,3,719
6430,No Holiday,297.14,0.0,0.0,1,Clear,sky is clear,9,514
6431,No Holiday,282.891,0.0,0.0,0,Clear,Sky is Clear,10,413
6432,No Holiday,291.91,2.22,0.0,40,Rain,heavy intensity rain,9,1050
6433,No Holiday,300.97,0.0,0.0,1,Clear,sky is clear,7,4868
6434,No Holiday,287.56,0.0,0.0,75,Drizzle,light intensity drizzle,6,999
6435,No Holiday,281.78,0.0,0.0,1,Rain,light rain,3,1514
6436,No Holiday,277.55,0.0,0.0,90,Rain,light rain,11,5531
6437,No Holiday,294.08,0.0,0.0,75,Clouds,broken clouds,6,4482
6438,No Holiday,267.22,0.0,0.0,90,Fog,fog,1,4404
6439,No Holiday,298.74,0.0,0.0,1,Clear,sky is clear,5,4473
6440,No Holiday,294.94,0.0,0.0,1,Mist,mist,8,455
6441,No Holiday,257.08,0.0,0.0,75,Clouds,broken clouds,2,4367
6442,No Holiday,288.567,0.0,0.0,0,Clear,Sky is Clear,2,5955
6443,No Holiday,299.15,0.0,0.0,1,Clear,sky is clear,7,5440
6444,No Holiday,301.01,0.0,0.0,0,Clear,Sky is Clear,6,6642
6445,No Holiday,275.42,0.0,0.0,1,Clear,sky is clear,10,5837
6446,No Holiday,289.8,0.0,0.0,40,Mist,mist,6,327
6447,No Holiday,292.28,0.0,0.0,1,Clear,sky is clear,6,4961
6448,No Holiday,260.61,0.0,0.0,40,Clouds,scattered clouds,2,295
6449,No Holiday,277.62,0.0,0.0,1,Mist,mist,11,348
6450,No Holiday,282.82,0.0,0.0,90,Rain,moderate rain,11,3956
6451,No Holiday,297.27,0.0,0.0,40,Thunderstorm,proximity thunderstorm,6,4451
6452,No Holiday,265.69,0.0,0.0,90,Snow,light snow,1,4784
6453,No Holiday,269.51,0.0,0.0,75,Clouds,broken clouds,11,5664
6454,No Holiday,273.77,0.0,0.0,90,Mist,mist,2,2909
6455,No Holiday,266.74,0.0,0.0,20,Clouds,few clouds,2,1946
6456,No Holiday,282.94,0.0,0.0,1,Clear,sky is clear,3,5061
6457,No Holiday,274.72,0.0,0.0,90,Rain,light rain,12,2176
6458,No Holiday,294.76,0.0,0.0,1,Clear,sky is clear,8,5395
6459,No Holiday,278.94,0.0,0.0,40,Clouds,scattered clouds,5,1037
6460,Thanksgiving Day,277.22,0.0,0.0,90,Haze,haze,11,833
6461,No Holiday,253.27,0.0,0.0,1,Clear,sky is clear,1,2147
6462,No Holiday,287.586,0.0,0.0,92,Rain,light rain,6,2886
6463,No Holiday,299.71,0.0,0.0,1,Clear,sky is clear,7,2432
6464,No Holiday,277.34,0.0,0.0,90,Clouds,overcast clouds,3,6299
6465,No Holiday,272.4,0.0,0.0,90,Snow,snow,3,3572
6466,No Holiday,287.36,0.0,0.0,1,Clear,sky is clear,6,461
6467,No Holiday,284.41,0.51,0.0,40,Rain,light rain,4,830
6468,No Holiday,270.72,0.0,0.0,90,Mist,mist,12,3270
6469,No Holiday,284.32,0.0,0.0,90,Fog,fog,5,573
6470,No Holiday,298.15,0.51,0.0,75,Rain,light rain,7,4928
6471,No Holiday,271.79,0.0,0.0,90,Mist,mist,1,2463
6472,No Holiday,300.01,0.0,0.0,75,Clouds,broken clouds,6,5227
6473,No Holiday,274.81,0.0,0.0,90,Clouds,overcast clouds,3,819
6474,No Holiday,274.08,0.0,0.0,90,Mist,mist,3,1413
6475,No Holiday,268.94,0.0,0.0,40,Clouds,scattered clouds,1,3719
6476,No Holiday,288.41,0.0,0.0,5,Clear,sky is clear,11,3933
6477,No Holiday,283.29,0.0,0.0,90,Drizzle,light intensity drizzle,11,5236
6478,No Holiday,291.2,0.0,0.0,88,Clouds,overcast clouds,6,5654
6479,No Holiday,265.62,0.0,0.0,1,Clear,sky is clear,3,752
6480,No Holiday,293.41,0.0,0.0,68,Thunderstorm,thunderstorm with light drizzle,6,1338
6481,No Holiday,286.72,0.0,0.0,92,Rain,light rain,6,2112
6482,No Holiday,298.89,0.0,0.0,90,Clouds,overcast clouds,6,6439
6483,No Holiday,298.52,0.0,0.0,0,Clear,Sky is Clear,6,5595
6484,No Holiday,301.92,0.0,0.0,75,Clouds,broken clouds,7,4233
6485,No Holiday,278.66,0.0,0.0,1,Clear,sky is clear,11,4719
6486,No Holiday,300.0,0.25,0.0,40,Rain,light rain,9,3833
6487,No Holiday,285.88,0.0,0.0,90,Mist,mist,10,805
6488,No Holiday,286.65,0.0,0.0,75,Rain,moderate rain,9,4329
6489,No Holiday,289.58,0.0,0.0,75,Rain,moderate rain,8,2344
6490,No Holiday,256.58,0.0,0.0,90,Haze,haze,12,4564
6491,No Holiday,294.38,0.0,0.0,75,Clouds,broken clouds,5,1645
6492,No Holiday,267.92,0.0,0.0,90,Snow,light snow,4,198
6493,No Holiday,293.49,0.0,0.0,1,Clear,sky is clear,9,5334
6494,No Holiday,291.14,0.0,0.0,1,Clear,sky is clear,9,2453
6495,No Holiday,289.08,0.0,0.0,1,Thunderstorm,thunderstorm,6,424
6496,No Holiday,256.94,0.0,0.0,90,Snow,light snow,1,3410
6497,No Holiday,276.94,0.0,0.0,90,Drizzle,light intensity drizzle,3,4639
6498,No Holiday,272.72,0.0,0.0,40,Clouds,scattered clouds,10,395
6499,No Holiday,273.93,0.0,0.0,90,Rain,light rain,1,2511
6500,No Holiday,273.02,0.0,0.0,1,Clear,sky is clear,3,2592
6501,No Holiday,292.21,0.0,0.0,75,Clouds,broken clouds,5,2918
6502,No Holiday,270.28,0.0,0.0,90,Mist,mist,1,855
6503,No Holiday,287.3,0.0,0.0,1,Rain,light rain,4,629
6504,No Holiday,280.94,0.0,0.0,5,Clear,sky is clear,11,5700
6505,No Holiday,292.03,0.0,0.0,40,Thunderstorm,proximity thunderstorm,5,2767
6506,No Holiday,265.33,0.0,0.0,1,Clear,sky is clear,12,4332
6507,No Holiday,294.92,0.0,0.0,90,Rain,moderate rain,7,6013
6508,No Holiday,275.01,0.0,0.0,90,Rain,light rain,4,4350
6509,No Holiday,276.55,0.0,0.0,90,Mist,mist,12,2350
6510,No Holiday,288.04,0.0,0.0,1,Clear,sky is clear,9,4708
6511,No Holiday,292.22,0.0,0.0,75,Clouds,broken clouds,10,5191
6512,No Holiday,299.52,0.0,0.0,1,Clear,sky is clear,7,2764
6513,No Holiday,287.59,0.0,0.0,90,Clouds,overcast clouds,10,3180
6514,No Holiday,279.24,0.0,0.0,1,Clear,sky is clear,11,1766
6515,No Holiday,277.06,0.0,0.0,90,Rain,moderate rain,11,671
6516,No Holiday,268.96,0.0,0.0,1,Clear,sky is clear,12,4716
6517,No Holiday,295.08,0.0,0.0,90,Mist,mist,6,3017
6518,No Holiday,296.3,0.0,0.0,75,Thunderstorm,proximity thunderstorm,9,4598
6519,No Holiday,265.29,0.0,0.0,40,Clouds,scattered clouds,12,2955
6520,No Holiday,281.52,0.0,0.0,1,Clear,sky is clear,5,5850
6521,No Holiday,260.38,0.0,0.0,1,Clear,sky is clear,12,382
6522,No Holiday,287.09,0.0,0.0,1,Clear,sky is clear,9,336
6523,No Holiday,269.55,0.0,0.0,75,Clouds,broken clouds,12,1080
6524,No Holiday,291.15,0.0,0.0,1,Clear,sky is clear,5,4736
6525,No Holiday,282.51,0.0,0.0,40,Clouds,scattered clouds,9,4523
6526,No Holiday,276.88,0.0,0.0,1,Clear,sky is clear,4,2757
6527,No Holiday,291.65,0.0,0.0,44,Haze,haze,6,5173
6528,No Holiday,286.65,0.0,0.0,1,Clear,sky is clear,4,451
6529,No Holiday,294.94,1.02,0.0,75,Rain,moderate rain,8,4585
6530,No Holiday,250.44,0.0,0.0,40,Haze,haze,1,4031
6531,No Holiday,289.55,0.0,0.0,1,Clear,sky is clear,5,695
6532,No Holiday,277.54,0.0,0.0,1,Clear,sky is clear,4,778
6533,No Holiday,280.83,0.0,0.0,1,Clear,sky is clear,6,6057
6534,No Holiday,265.21,0.0,0.0,75,Clouds,broken clouds,1,2685
6535,No Holiday,274.69,0.0,0.0,90,Rain,light rain,4,1007
6536,No Holiday,293.69,0.0,0.0,90,Clouds,overcast clouds,8,2636
6537,No Holiday,275.62,0.0,0.0,1,Clear,sky is clear,11,323
6538,No Holiday,293.82,5.92,0.0,90,Thunderstorm,proximity thunderstorm,8,2336
6539,No Holiday,297.8,0.0,0.0,1,Clear,sky is clear,7,1075
6540,No Holiday,301.85,0.0,0.0,75,Clouds,broken clouds,8,5940
6541,No Holiday,286.01,0.0,0.0,5,Clear,sky is clear,4,6002
6542,No Holiday,262.63,0.0,0.0,64,Clouds,broken clouds,11,206
6543,No Holiday,282.22,0.0,0.0,75,Clouds,broken clouds,4,4792
6544,No Holiday,276.15,0.0,0.0,1,Clear,sky is clear,3,4803
6545,No Holiday,290.0,0.0,0.0,1,Fog,fog,7,387
6546,No Holiday,268.81,0.0,0.0,90,Mist,mist,12,278
6547,No Holiday,273.1,0.0,0.0,1,Clear,sky is clear,4,622
6548,No Holiday,278.27,0.0,0.0,90,Thunderstorm,proximity thunderstorm with rain,10,2430
6549,No Holiday,269.19,0.0,0.0,1,Clear,sky is clear,3,3166
6550,No Holiday,289.93,0.0,0.0,1,Haze,haze,9,616
6551,No Holiday,252.22,0.0,0.0,1,Clear,sky is clear,2,422
6552,No Holiday,276.74,0.0,0.0,48,Clouds,scattered clouds,10,4998
6553,No Holiday,291.65,4.29,0.0,88,Thunderstorm,proximity thunderstorm,6,5675
6554,No Holiday,291.95,0.0,0.0,5,Clear,sky is clear,9,3262
6555,No Holiday,273.49,0.0,0.0,90,Mist,mist,12,1564
6556,No Holiday,265.08,0.0,0.0,40,Clouds,scattered clouds,12,5865
6557,No Holiday,294.21,0.0,0.0,75,Clouds,broken clouds,7,384
6558,No Holiday,267.68,0.0,0.0,40,Clouds,scattered clouds,12,4105
6559,No Holiday,257.28,0.0,0.0,20,Clouds,few clouds,12,1842
6560,No Holiday,283.09,0.0,0.0,90,Clouds,overcast clouds,5,795
6561,No Holiday,276.173,0.0,0.0,0,Clear,Sky is Clear,10,486
6562,No Holiday,296.26,0.0,0.0,24,Clouds,few clouds,7,3004
6563,No Holiday,275.78,0.0,0.0,90,Mist,mist,12,5914
6564,No Holiday,283.0,0.0,0.0,90,Rain,light rain,10,2880
6565,No Holiday,256.82,0.0,0.0,1,Clear,sky is clear,2,2731
6566,No Holiday,284.96,4.45,0.0,90,Rain,heavy intensity rain,5,4170
6567,No Holiday,296.22,0.0,0.0,20,Clouds,few clouds,6,3505
6568,No Holiday,296.08,0.0,0.0,1,Clear,sky is clear,5,4484
6569,No Holiday,277.74,0.0,0.0,12,Mist,mist,5,1395
6570,No Holiday,273.58,0.0,0.0,1,Clear,sky is clear,4,372
6571,No Holiday,300.73,0.0,0.0,20,Clouds,few clouds,5,5619
6572,No Holiday,275.01,0.0,0.0,90,Mist,mist,1,657
6573,No Holiday,279.03,0.0,0.0,90,Rain,heavy intensity rain,11,4540
6574,No Holiday,261.08,0.0,0.0,1,Clear,sky is clear,11,419
6575,No Holiday,284.15,0.0,0.0,90,Clouds,overcast clouds,4,3676
6576,No Holiday,282.32,0.0,0.0,90,Drizzle,drizzle,10,4465
6577,No Holiday,285.52,0.0,0.0,1,Clear,sky is clear,5,255
6578,No Holiday,263.47,0.0,0.0,0,Clear,sky is clear,2,559
6579,No Holiday,296.65,0.0,0.0,40,Clouds,scattered clouds,7,317
6580,No Holiday,269.11,0.0,0.0,64,Mist,mist,12,323
6581,No Holiday,297.94,0.0,0.0,75,Clouds,broken clouds,4,4722
6582,No Holiday,266.62,0.0,0.0,90,Mist,mist,12,3215
6583,No Holiday,289.64,0.0,0.0,1,Clear,sky is clear,9,428
6584,No Holiday,293.12,5.06,0.0,80,Rain,heavy intensity rain,8,1089
6585,No Holiday,288.95,0.25,0.0,90,Mist,mist,8,912
6586,No Holiday,268.52,0.0,0.0,90,Mist,mist,2,414
6587,No Holiday,285.45,2.79,0.0,1,Fog,fog,10,5884
6588,No Holiday,270.22,0.0,0.0,40,Clouds,scattered clouds,11,6513
6589,No Holiday,279.96,0.0,0.0,90,Clouds,overcast clouds,9,444
6590,No Holiday,279.96,0.0,0.0,1,Clear,sky is clear,4,2709
6591,No Holiday,291.46,0.0,0.0,20,Clouds,few clouds,7,1985
6592,No Holiday,258.22,0.0,0.0,20,Clouds,few clouds,2,5028
6593,No Holiday,293.76,0.0,0.0,75,Clouds,broken clouds,9,4610
6594,No Holiday,296.56,0.0,0.0,92,Clouds,overcast clouds,8,3828
6595,No Holiday,300.98,0.0,0.0,75,Clouds,broken clouds,8,4970
6596,No Holiday,303.34,0.0,0.0,90,Thunderstorm,thunderstorm,6,3808
6597,No Holiday,299.12,0.25,0.0,1,Rain,light rain,9,3196
6598,No Holiday,294.55,0.0,0.0,90,Rain,moderate rain,8,4515
6599,No Holiday,270.86,0.0,0.0,75,Clouds,broken clouds,11,4488
6600,No Holiday,280.93,0.0,0.0,90,Clouds,overcast clouds,4,1753
6601,No Holiday,266.81,0.0,0.0,90,Snow,light snow,12,4526
6602,No Holiday,266.7,0.0,0.0,90,Mist,mist,12,5814
6603,No Holiday,291.15,0.0,0.0,1,Rain,moderate rain,6,2793
6604,No Holiday,286.72,0.0,0.0,1,Clear,sky is clear,9,4548
6605,No Holiday,295.51,0.0,0.0,1,Clear,sky is clear,5,6103
6606,No Holiday,292.45,0.0,0.0,0,Clear,Sky is Clear,6,308
6607,No Holiday,275.07,0.0,0.0,90,Clouds,overcast clouds,4,7150
6608,No Holiday,269.69,0.0,0.0,20,Clouds,few clouds,11,561
6609,No Holiday,299.97,0.0,0.0,1,Clear,sky is clear,9,5161
6610,No Holiday,271.79,0.0,0.0,90,Snow,snow,4,4207
6611,No Holiday,262.65,0.0,0.0,90,Mist,mist,1,5122
6612,No Holiday,286.67,0.0,0.0,20,Clouds,few clouds,11,482
6613,No Holiday,281.27,0.0,0.0,90,Clouds,overcast clouds,4,4196
6614,No Holiday,290.53,0.0,0.0,40,Mist,mist,7,341
6615,No Holiday,293.84,0.0,0.0,0,Clear,Sky is Clear,6,5187
6616,No Holiday,294.69,1.52,0.0,1,Mist,mist,8,2298
6617,No Holiday,274.21,0.0,0.0,90,Snow,light snow,12,4651
6618,No Holiday,302.96,0.0,0.0,1,Clear,sky is clear,6,3679
6619,No Holiday,282.37,0.0,0.0,75,Clouds,broken clouds,11,775
6620,No Holiday,291.08,0.0,0.0,1,Haze,haze,7,785
6621,No Holiday,299.63,0.0,0.0,20,Clouds,few clouds,8,3031
6622,No Holiday,286.19,0.0,0.0,90,Haze,haze,5,6620
6623,No Holiday,275.15,0.0,0.0,90,Fog,fog,1,5984
6624,No Holiday,263.31,0.0,0.0,64,Mist,mist,1,5258
6625,No Holiday,295.52,0.0,0.0,40,Clouds,scattered clouds,9,4934
6626,No Holiday,286.48,0.0,0.0,1,Clear,sky is clear,9,3271
6627,No Holiday,285.48,0.3,0.0,90,Rain,moderate rain,6,812
6628,No Holiday,276.94,0.0,0.0,90,Rain,light rain,12,311
6629,No Holiday,286.77,2.03,0.0,92,Thunderstorm,proximity thunderstorm,10,5339
6630,No Holiday,289.37,0.0,0.0,40,Rain,light rain,10,326
6631,No Holiday,275.34,0.0,0.0,90,Snow,light snow,11,2915
6632,No Holiday,274.74,0.0,0.0,90,Fog,fog,3,508
6633,No Holiday,281.65,0.0,0.0,1,Clear,sky is clear,4,6137
6634,No Holiday,294.19,0.0,0.0,80,Rain,light rain,6,4174
6635,No Holiday,284.31,11.58,0.0,92,Thunderstorm,proximity thunderstorm,5,4388
6636,No Holiday,275.18,0.0,0.0,40,Clouds,scattered clouds,4,5044
6637,No Holiday,282.565,0.0,0.0,0,Clear,Sky is Clear,10,6172
6638,No Holiday,261.94,0.0,0.0,90,Mist,mist,1,341
6639,No Holiday,273.53,0.9,0.0,90,Snow,light snow,4,5418
6640,No Holiday,294.88,0.0,0.0,1,Drizzle,light intensity drizzle,9,1410
6641,No Holiday,291.72,0.0,0.0,90,Rain,light rain,8,3845
6642,No Holiday,270.08,0.0,0.0,1,Clear,sky is clear,1,2914
6643,No Holiday,255.87,0.0,0.0,75,Haze,haze,1,4632
6644,No Holiday,285.83,0.0,0.0,1,Clear,sky is clear,3,4188
6645,No Holiday,269.0,0.0,0.0,90,Clouds,overcast clouds,1,833
6646,No Holiday,295.62,0.0,0.0,1,Clear,sky is clear,5,3393
6647,No Holiday,271.57,0.0,0.0,90,Snow,heavy snow,2,3866
6648,No Holiday,293.3,0.0,0.0,80,Clouds,broken clouds,9,4150
6649,No Holiday,288.29,0.0,0.0,1,Clear,sky is clear,11,1584
6650,No Holiday,303.43,0.0,0.0,8,Clear,sky is clear,7,3470
6651,No Holiday,269.84,0.0,0.0,20,Clouds,few clouds,12,5595
6652,No Holiday,274.95,0.0,0.0,75,Mist,mist,3,3036
6653,No Holiday,267.51,0.0,0.0,75,Clouds,broken clouds,2,6111
6654,No Holiday,288.94,0.0,0.0,75,Rain,moderate rain,8,864
6655,No Holiday,277.16,0.0,0.0,90,Snow,snow,11,4658
6656,No Holiday,280.22,0.0,0.0,90,Mist,mist,12,4378
6657,No Holiday,277.37,0.0,0.0,0,Clear,Sky is Clear,5,5577
6658,No Holiday,282.57,0.0,0.0,20,Clouds,few clouds,4,3535
6659,No Holiday,269.93,0.0,0.0,90,Snow,light snow,3,2289
6660,No Holiday,291.15,0.0,0.0,90,Mist,mist,7,873
6661,No Holiday,288.94,0.0,0.0,1,Clear,sky is clear,8,370
6662,No Holiday,294.3,0.0,0.0,1,Clear,sky is clear,6,1339
6663,No Holiday,285.82,0.0,0.0,90,Clouds,overcast clouds,11,5705
6664,No Holiday,261.15,0.0,0.0,1,Clear,sky is clear,11,4439
6665,No Holiday,273.35,0.0,0.0,90,Fog,fog,11,5779
6666,No Holiday,276.86,0.0,0.0,1,Clear,sky is clear,10,484
6667,No Holiday,272.65,0.0,0.0,90,Snow,heavy snow,4,728
6668,No Holiday,267.6,0.0,0.0,90,Snow,heavy snow,3,371
6669,No Holiday,279.82,0.0,0.0,20,Clouds,few clouds,4,242
6670,No Holiday,299.01,0.0,0.0,20,Clouds,few clouds,7,2026
6671,No Holiday,291.43,0.0,0.0,40,Clouds,scattered clouds,4,4321
6672,No Holiday,300.96,0.0,0.0,40,Clouds,scattered clouds,7,3408
6673,No Holiday,285.15,0.0,0.0,1,Mist,mist,5,5792
6674,No Holiday,284.14,0.0,0.0,1,Clear,sky is clear,10,213
6675,No Holiday,270.53,0.0,0.0,1,Clear,sky is clear,3,221
6676,No Holiday,270.84,0.0,0.0,75,Haze,haze,12,4743
6677,No Holiday,273.79,0.0,0.0,90,Mist,mist,3,5979
6678,No Holiday,275.65,0.0,0.0,75,Clouds,broken clouds,4,1152
6679,No Holiday,261.67,0.0,0.0,1,Clear,sky is clear,1,2951
6680,No Holiday,291.74,0.0,0.0,90,Mist,mist,5,4197
6681,No Holiday,290.89,0.0,0.0,40,Clouds,scattered clouds,8,3301
6682,No Holiday,284.62,0.0,0.0,90,Clouds,overcast clouds,3,3065
6683,No Holiday,290.43,0.0,0.0,1,Mist,mist,8,448
6684,No Holiday,261.15,0.0,0.0,1,Clear,sky is clear,2,4837
6685,No Holiday,286.72,0.0,0.0,75,Haze,haze,5,5875
6686,No Holiday,296.5,0.0,0.0,56,Rain,moderate rain,7,6705
6687,No Holiday,293.46,0.0,0.0,0,Clear,Sky is Clear,8,5242
6688,No Holiday,286.88,0.0,0.0,90,Drizzle,drizzle,4,367
6689,No Holiday,282.32,0.0,0.0,90,Mist,mist,10,4465
6690,No Holiday,283.29,0.0,0.0,90,Rain,moderate rain,10,5375
6691,No Holiday,259.65,0.0,0.0,1,Clear,sky is clear,12,5981
6692,No Holiday,285.75,0.0,0.0,90,Mist,mist,10,5278
6693,No Holiday,252.08,0.0,0.0,1,Clear,sky is clear,12,357
6694,No Holiday,275.77,0.0,0.0,75,Clouds,broken clouds,2,3621
6695,No Holiday,284.72,0.0,0.0,75,Mist,mist,9,5950
6696,No Holiday,291.13,0.0,0.0,90,Clouds,overcast clouds,6,4872
6697,No Holiday,263.86,0.0,0.0,40,Clouds,scattered clouds,1,442
6698,No Holiday,267.37,0.0,0.0,5,Clear,sky is clear,3,3225
6699,No Holiday,289.62,0.0,0.0,40,Clouds,scattered clouds,6,5328
6700,No Holiday,304.698,0.0,0.0,0,Clear,Sky is Clear,7,4483
6701,No Holiday,291.08,0.76,0.0,90,Fog,fog,8,3503
6702,No Holiday,279.75,0.0,0.0,90,Drizzle,light intensity drizzle,11,454
6703,No Holiday,294.93,0.25,0.0,75,Rain,light rain,8,1396
6704,No Holiday,256.49,0.0,0.0,64,Clouds,broken clouds,1,5415
6705,No Holiday,260.04,0.0,0.0,64,Clouds,broken clouds,1,279
6706,No Holiday,273.9,0.0,0.0,90,Haze,haze,4,5393
6707,No Holiday,255.09,0.0,0.0,40,Clouds,scattered clouds,2,6115
6708,No Holiday,272.44,0.0,0.0,90,Snow,light snow,11,5253
6709,No Holiday,301.86,0.0,0.0,0,Clear,Sky is Clear,7,4514
6710,No Holiday,275.45,0.0,0.0,1,Clear,sky is clear,10,2539
6711,No Holiday,291.22,0.0,0.0,1,Clear,sky is clear,7,5097
6712,No Holiday,303.83,0.0,0.0,0,Clear,Sky is Clear,8,5604
6713,No Holiday,293.22,0.0,0.0,20,Clouds,few clouds,6,2886
6714,No Holiday,281.15,0.0,0.0,1,Clear,sky is clear,12,5565
6715,No Holiday,283.23,0.0,0.0,1,Clear,sky is clear,9,270
6716,No Holiday,293.15,0.0,0.0,75,Mist,mist,7,6317
6717,No Holiday,290.84,0.0,0.0,40,Mist,mist,5,6409
6718,No Holiday,274.41,0.0,0.0,1,Clear,sky is clear,2,377
6719,No Holiday,282.38,0.0,0.0,1,Clear,sky is clear,10,4606
6720,No Holiday,276.72,0.0,0.0,1,Clear,sky is clear,4,1977
6721,No Holiday,268.81,0.0,0.0,1,Mist,mist,4,4933
6722,No Holiday,287.27,0.0,0.0,75,Clouds,broken clouds,3,3915
6723,No Holiday,286.06,0.0,0.0,90,Clouds,overcast clouds,5,6671
6724,No Holiday,271.75,0.0,0.0,90,Snow,snow,12,4349
6725,No Holiday,275.16,0.0,0.0,75,Clouds,broken clouds,11,6866
6726,No Holiday,275.62,0.0,0.0,75,Clouds,broken clouds,11,2550
6727,No Holiday,269.55,0.0,0.0,90,Clouds,overcast clouds,1,298
6728,No Holiday,291.68,0.38,0.0,90,Drizzle,drizzle,9,984
6729,No Holiday,297.55,0.0,0.0,64,Clouds,broken clouds,8,5845
6730,No Holiday,262.57,0.0,0.0,1,Clear,sky is clear,12,4164
6731,No Holiday,300.48,0.0,0.0,36,Clouds,scattered clouds,8,4693
6732,No Holiday,293.14,0.3,0.0,40,Rain,light rain,9,291
6733,No Holiday,275.62,0.0,0.0,90,Clouds,overcast clouds,11,3094
6734,No Holiday,278.61,0.0,0.0,90,Clouds,overcast clouds,3,5474
6735,No Holiday,296.02,0.0,0.0,1,Haze,haze,6,5846
6736,No Holiday,267.25,0.0,0.0,64,Clouds,broken clouds,11,6366
6737,No Holiday,285.65,0.25,0.0,92,Rain,light rain,6,655
6738,No Holiday,290.42,0.0,0.0,1,Clear,sky is clear,11,5818
6739,No Holiday,293.6,0.0,0.0,80,Clouds,broken clouds,7,2657
6740,No Holiday,275.72,0.0,0.0,90,Mist,mist,11,272
6741,No Holiday,287.48,0.0,0.0,90,Rain,moderate rain,5,517
6742,No Holiday,294.07,2.16,0.0,40,Thunderstorm,proximity thunderstorm with drizzle,7,847
6743,No Holiday,283.19,0.0,0.0,80,Clouds,broken clouds,9,6049
6744,No Holiday,268.99,0.0,0.0,40,Clouds,scattered clouds,11,3246
6745,No Holiday,249.35,0.0,0.0,1,Clear,sky is clear,1,335
6746,No Holiday,277.21,0.0,0.0,1,Clear,sky is clear,9,4059
6747,No Holiday,266.43,0.0,0.0,90,Mist,mist,2,434
6748,No Holiday,286.15,0.0,0.0,90,Mist,mist,9,2379
6749,No Holiday,287.61,0.0,0.0,90,Mist,mist,9,4506
6750,No Holiday,273.62,0.0,0.0,1,Clear,sky is clear,11,552
6751,No Holiday,301.94,0.0,0.0,1,Clear,sky is clear,7,4457
6752,No Holiday,291.54,0.0,0.0,1,Fog,fog,8,4350
6753,No Holiday,276.11,0.0,0.0,1,Fog,fog,10,6054
6754,No Holiday,276.3,0.0,0.0,5,Clear,sky is clear,11,4643
6755,No Holiday,284.29,0.0,0.0,1,Clear,sky is clear,5,6264
6756,No Holiday,272.22,0.0,0.0,90,Fog,fog,1,376
6757,No Holiday,298.33,0.0,0.0,1,Clear,sky is clear,8,3974
6758,No Holiday,275.09,0.0,0.0,90,Mist,mist,1,4718
6759,No Holiday,294.69,0.0,0.0,90,Clouds,overcast clouds,8,3414
6760,No Holiday,300.51,0.25,0.0,40,Haze,haze,9,5056
6761,No Holiday,286.92,0.51,0.0,76,Rain,light rain,10,4759
6762,No Holiday,271.22,0.0,0.0,59,Clouds,broken clouds,11,5171
6763,No Holiday,295.7,1.56,0.0,90,Drizzle,light intensity drizzle,8,3034
6764,No Holiday,280.04,0.0,0.0,75,Clouds,broken clouds,4,1924
6765,No Holiday,262.35,0.0,0.0,40,Clouds,scattered clouds,2,2741
6766,No Holiday,298.55,0.0,0.0,90,Clouds,overcast clouds,7,4859
6767,No Holiday,299.51,0.0,0.0,75,Clouds,broken clouds,6,4022
6768,Washingtons Birthday,258.96,0.0,0.0,20,Clouds,few clouds,2,556
6769,No Holiday,281.89,0.0,0.0,1,Clear,sky is clear,11,839
6770,No Holiday,297.77,0.0,0.0,40,Clouds,scattered clouds,9,5141
6771,No Holiday,265.69,0.0,0.0,75,Clouds,broken clouds,2,1130
6772,No Holiday,265.15,0.0,0.0,75,Clouds,broken clouds,3,4756
6773,No Holiday,297.888,0.0,0.0,0,Clear,Sky is Clear,7,2987
6774,No Holiday,290.49,0.0,0.0,1,Mist,mist,6,330
6775,No Holiday,283.14,0.51,0.0,90,Rain,light rain,5,4454
6776,No Holiday,270.01,0.0,0.0,20,Clouds,few clouds,3,4579
6777,No Holiday,279.61,0.0,0.0,75,Rain,moderate rain,5,5592
6778,No Holiday,288.92,0.25,0.0,90,Rain,light rain,9,6180
6779,No Holiday,266.99,0.0,0.0,90,Clouds,overcast clouds,12,248
6780,No Holiday,291.37,0.0,0.0,1,Clear,sky is clear,7,899
6781,No Holiday,279.55,0.0,0.0,1,Clear,sky is clear,11,5226
6782,No Holiday,280.65,0.0,0.0,90,Mist,mist,12,3938
6783,No Holiday,294.21,0.0,0.0,40,Mist,mist,5,4531
6784,No Holiday,296.54,0.0,0.0,75,Thunderstorm,proximity thunderstorm,6,5718
6785,No Holiday,291.44,0.0,0.0,90,Clouds,overcast clouds,5,4983
6786,No Holiday,300.35,0.0,0.0,75,Clouds,broken clouds,8,5581
6787,No Holiday,290.97,1.78,0.0,90,Rain,moderate rain,8,1089
6788,No Holiday,273.61,0.0,0.0,1,Clear,sky is clear,4,521
6789,No Holiday,288.26,0.0,0.0,90,Mist,mist,6,483
6790,No Holiday,282.91,0.0,0.0,56,Clouds,broken clouds,9,5900
6791,No Holiday,276.1,0.0,0.0,1,Mist,mist,4,331
6792,No Holiday,279.88,0.0,0.0,1,Clear,sky is clear,4,634
6793,No Holiday,295.34,0.0,0.0,0,Mist,mist,8,6823
6794,No Holiday,295.05,0.0,0.0,40,Clouds,scattered clouds,7,4597
6795,No Holiday,272.02,0.0,0.0,90,Clouds,overcast clouds,1,6309
6796,No Holiday,260.79,0.0,0.0,90,Clouds,overcast clouds,2,821
6797,No Holiday,275.21,0.0,0.0,90,Drizzle,light intensity drizzle,1,4679
6798,No Holiday,271.3,0.0,0.0,64,Mist,mist,12,4025
6799,No Holiday,286.76,0.0,0.0,0,Clear,Sky is Clear,8,1283
6800,No Holiday,288.75,0.0,0.0,1,Mist,mist,5,919
6801,No Holiday,281.696,0.0,0.0,92,Clouds,overcast clouds,10,4002
6802,No Holiday,277.01,0.0,0.0,90,Drizzle,light intensity drizzle,12,4212
6803,No Holiday,291.75,0.0,0.0,0,Clear,Sky is Clear,9,5551
6804,No Holiday,293.81,0.0,0.0,1,Clear,sky is clear,7,2524
6805,No Holiday,277.01,0.0,0.0,90,Mist,mist,12,707
6806,No Holiday,276.81,0.0,0.0,1,Clear,sky is clear,9,5814
6807,No Holiday,269.89,0.0,0.0,90,Clouds,overcast clouds,2,2931
6808,No Holiday,291.58,0.0,0.0,1,Clear,sky is clear,5,4681
6809,No Holiday,296.83,0.0,0.0,32,Clouds,scattered clouds,7,5943
6810,No Holiday,267.42,0.0,0.0,1,Clear,sky is clear,11,5277
6811,No Holiday,280.42,0.0,0.0,1,Clear,sky is clear,10,900
6812,No Holiday,270.71,0.0,0.0,90,Mist,mist,12,462
6813,No Holiday,296.65,0.0,0.0,1,Drizzle,light intensity drizzle,7,355
6814,No Holiday,272.71,0.0,0.0,90,Snow,heavy snow,1,5708
6815,No Holiday,276.33,0.0,0.0,75,Clouds,broken clouds,11,5805
6816,No Holiday,287.75,0.0,0.0,75,Clouds,broken clouds,5,4521
6817,No Holiday,295.7,0.0,0.0,1,Clear,sky is clear,8,4588
6818,No Holiday,288.5,0.0,0.0,1,Clear,sky is clear,8,5059
6819,No Holiday,278.88,0.0,0.0,90,Rain,moderate rain,4,2118
6820,No Holiday,266.21,0.0,0.0,90,Snow,light snow,1,4716
6821,No Holiday,268.92,0.0,0.0,1,Clear,sky is clear,1,394
6822,No Holiday,280.73,0.0,0.0,1,Clear,sky is clear,5,6454
6823,No Holiday,272.43,0.0,0.0,75,Clouds,broken clouds,2,889
6824,No Holiday,257.57,0.0,0.0,90,Snow,light snow,1,3528
6825,No Holiday,281.4,0.25,0.0,90,Rain,light rain,4,4682
6826,No Holiday,267.15,0.0,0.0,90,Clouds,overcast clouds,11,1081
6827,No Holiday,274.15,0.0,0.0,90,Snow,snow,10,6061
6828,No Holiday,286.84,0.0,0.0,1,Clear,sky is clear,5,4345
6829,No Holiday,274.82,0.0,0.0,90,Drizzle,drizzle,5,3228
6830,No Holiday,286.27,0.0,0.0,75,Clouds,broken clouds,3,4198
6831,No Holiday,290.31,0.0,0.0,90,Clouds,overcast clouds,9,4599
6832,No Holiday,273.96,0.3,0.0,90,Mist,mist,3,3606
6833,No Holiday,274.62,0.0,0.0,90,Fog,fog,1,657
6834,No Holiday,272.55,0.0,0.0,1,Clear,sky is clear,12,6317
6835,No Holiday,273.15,0.0,0.0,90,Mist,mist,1,845
6836,No Holiday,296.15,0.0,0.0,1,Rain,light rain,7,703
6837,No Holiday,300.62,0.0,0.0,1,Clear,sky is clear,7,3191
6838,No Holiday,281.49,0.0,0.0,20,Clouds,few clouds,4,5092
6839,No Holiday,271.51,0.0,0.0,90,Snow,light snow,1,347
6840,No Holiday,298.63,0.0,0.0,1,Clear,sky is clear,7,5710
6841,No Holiday,274.8,0.0,0.0,90,Drizzle,light intensity drizzle,1,1142
6842,No Holiday,269.82,0.0,0.0,1,Clear,sky is clear,2,5868
6843,No Holiday,290.51,0.0,0.0,1,Mist,mist,8,912
6844,No Holiday,281.43,0.0,0.0,90,Drizzle,drizzle,10,507
6845,No Holiday,298.97,0.0,0.0,75,Clouds,broken clouds,8,6586
6846,No Holiday,288.28,0.0,0.0,1,Clear,sky is clear,10,2188
6847,No Holiday,278.762,0.0,0.0,36,Clouds,scattered clouds,10,4432
6848,No Holiday,284.83,0.51,0.0,90,Drizzle,drizzle,5,343
6849,No Holiday,258.36,0.0,0.0,90,Clouds,overcast clouds,2,4558
6850,No Holiday,273.51,0.0,0.0,90,Clouds,overcast clouds,4,1521
6851,No Holiday,276.65,0.0,0.0,5,Clear,sky is clear,1,6188
6852,No Holiday,293.78,0.0,0.0,90,Clouds,overcast clouds,7,4068
6853,No Holiday,306.66,0.0,0.0,0,Clear,Sky is Clear,7,6180
6854,No Holiday,274.95,0.0,0.0,40,Clouds,scattered clouds,1,1267
6855,No Holiday,279.68,0.0,0.0,1,Clear,sky is clear,11,317
6856,No Holiday,294.0,0.0,0.0,20,Clouds,few clouds,9,6646
6857,No Holiday,304.82,0.0,0.0,20,Clouds,few clouds,8,4077
6858,No Holiday,278.48,0.0,0.0,1,Clear,sky is clear,10,382
6859,No Holiday,299.68,0.0,0.0,40,Clouds,scattered clouds,8,5395
6860,No Holiday,295.55,0.0,0.0,1,Clear,sky is clear,6,1402
6861,No Holiday,274.09,0.0,0.0,90,Clouds,overcast clouds,4,6015
6862,No Holiday,273.02,0.0,0.0,75,Clouds,broken clouds,12,5072
6863,No Holiday,278.89,0.0,0.0,90,Rain,heavy intensity rain,4,826
6864,No Holiday,274.12,0.0,0.0,90,Clouds,overcast clouds,1,4462
6865,No Holiday,251.27,0.0,0.0,1,Clear,sky is clear,2,5156
6866,No Holiday,281.42,0.0,0.0,90,Rain,moderate rain,10,3083
6867,No Holiday,297.15,0.0,0.0,40,Clouds,scattered clouds,7,4576
6868,No Holiday,270.75,0.0,0.0,1,Haze,haze,12,1939
6869,No Holiday,270.88,0.25,0.0,64,Rain,light rain,12,3126
6870,No Holiday,275.62,0.0,0.0,90,Clouds,overcast clouds,3,1006
6871,No Holiday,271.087,0.0,0.0,0,Clear,Sky is Clear,2,3376
6872,No Holiday,275.43,0.0,0.0,90,Mist,mist,2,428
6873,No Holiday,287.8,0.0,0.0,90,Clouds,overcast clouds,5,4598
6874,No Holiday,295.58,0.0,0.0,90,Rain,heavy intensity rain,6,627
6875,No Holiday,295.09,0.0,0.0,75,Clouds,broken clouds,7,5832
6876,No Holiday,273.72,0.0,0.0,90,Snow,snow,10,5214
6877,No Holiday,280.42,0.0,0.0,90,Clouds,overcast clouds,4,3697
6878,No Holiday,275.03,0.0,0.0,64,Clouds,broken clouds,11,6617
6879,No Holiday,293.53,6.35,0.0,90,Thunderstorm,proximity thunderstorm,7,1975
6880,No Holiday,271.28,0.0,0.0,90,Mist,mist,1,461
6881,No Holiday,281.35,0.0,0.0,90,Mist,mist,4,1424
6882,No Holiday,285.62,0.0,0.0,75,Clouds,broken clouds,3,4503
6883,No Holiday,269.03,0.0,0.0,64,Clouds,broken clouds,1,2872
6884,No Holiday,288.14,0.0,0.0,90,Rain,light rain,6,3707
6885,No Holiday,291.65,0.0,0.0,90,Rain,moderate rain,6,1190
6886,No Holiday,291.51,0.0,0.0,90,Rain,heavy intensity rain,7,360
6887,No Holiday,290.46,0.0,0.0,90,Drizzle,drizzle,6,4585
6888,No Holiday,286.39,0.0,0.0,40,Clouds,scattered clouds,8,4671
6889,No Holiday,272.08,0.0,0.0,90,Fog,fog,4,5197
6890,No Holiday,276.46,0.0,0.0,75,Clouds,broken clouds,12,5622
6891,No Holiday,281.165,0.0,0.0,12,Clouds,few clouds,10,4532
6892,No Holiday,282.62,0.0,0.0,90,Rain,light rain,5,1190
6893,No Holiday,264.17,0.0,0.0,64,Clouds,broken clouds,11,913
6894,No Holiday,269.18,0.25,0.0,64,Haze,haze,12,2683
6895,No Holiday,276.12,0.0,0.0,90,Clouds,overcast clouds,12,6132
6896,No Holiday,279.29,0.0,0.0,90,Rain,heavy intensity rain,5,3998
6897,No Holiday,291.67,0.0,0.0,88,Clouds,overcast clouds,6,6356
6898,No Holiday,287.4890000000001,0.0,0.0,32,Clouds,scattered clouds,10,5288
6899,No Holiday,277.11,0.51,0.0,90,Rain,light rain,4,2772
6900,No Holiday,278.59,0.0,0.0,1,Clear,sky is clear,5,3253
6901,No Holiday,298.29,0.0,0.0,40,Clouds,scattered clouds,5,2871
6902,No Holiday,283.85,1.52,0.0,90,Rain,moderate rain,5,300
6903,No Holiday,269.46,0.0,0.0,1,Clear,sky is clear,4,5516
6904,No Holiday,275.56,0.0,0.0,90,Mist,mist,3,336
6905,No Holiday,287.46,0.0,0.0,90,Rain,moderate rain,4,3101
6906,No Holiday,268.08,0.0,0.0,75,Clouds,broken clouds,3,586
6907,No Holiday,298.79,0.0,0.0,40,Clouds,scattered clouds,7,4451
6908,No Holiday,292.39,0.25,0.0,1,Rain,light rain,9,369
6909,No Holiday,273.1,0.0,0.0,1,Clear,sky is clear,11,4654
6910,No Holiday,293.318,0.0,0.0,92,Clouds,overcast clouds,7,4702
6911,Columbus Day,282.341,0.0,0.0,0,Clear,Sky is Clear,10,484
6912,No Holiday,267.89,0.0,0.0,90,Clouds,overcast clouds,3,4457
6913,No Holiday,275.02,0.0,0.0,90,Snow,light snow,11,2706
6914,No Holiday,265.37,0.0,0.0,1,Mist,mist,2,2981
6915,No Holiday,278.28,0.0,0.0,90,Drizzle,light intensity drizzle,11,2042
6916,No Holiday,249.88,0.0,0.0,1,Clear,sky is clear,2,1606
6917,No Holiday,302.98,0.0,0.0,20,Clouds,few clouds,6,4271
6918,No Holiday,291.86,0.0,0.0,92,Rain,light rain,9,4671
6919,No Holiday,274.09,0.0,0.0,90,Snow,light snow,4,872
6920,No Holiday,296.03,0.0,0.0,40,Clouds,scattered clouds,6,4813
6921,No Holiday,293.94,0.0,0.0,90,Mist,mist,7,1228
6922,No Holiday,257.33,0.0,0.0,5,Clear,sky is clear,2,4741
6923,No Holiday,260.36,0.0,0.0,40,Clouds,scattered clouds,1,2736
6924,No Holiday,269.81,0.0,0.0,90,Clouds,overcast clouds,1,3770
6925,No Holiday,278.14,2.84,0.0,90,Rain,moderate rain,4,4126
6926,No Holiday,281.55,0.0,0.0,75,Clouds,broken clouds,3,5518
6927,Independence Day,290.08,0.0,0.0,1,Clear,sky is clear,7,1060
6928,No Holiday,276.76,0.79,0.0,64,Rain,light rain,12,5224
6929,No Holiday,271.79,0.0,0.0,90,Clouds,overcast clouds,11,3216
6930,No Holiday,272.28,0.0,0.0,1,Mist,mist,3,533
6931,No Holiday,274.15,0.0,0.0,90,Drizzle,drizzle,11,4219
6932,No Holiday,280.36,0.0,0.0,0,Clear,Sky is Clear,9,6307
6933,No Holiday,294.24,0.38,0.0,75,Drizzle,light intensity drizzle,9,5280
6934,No Holiday,285.58,0.0,0.0,1,Mist,mist,10,6251
6935,No Holiday,291.86,0.0,0.0,0,Clear,Sky is Clear,7,5601
6936,No Holiday,297.44,0.25,0.0,75,Rain,light rain,8,2910
6937,No Holiday,275.1,0.0,0.0,40,Mist,mist,11,1301
6938,No Holiday,254.83,0.0,0.0,20,Clouds,few clouds,1,1303
6939,No Holiday,275.53,0.0,0.0,20,Clouds,few clouds,12,1158
6940,No Holiday,284.8,0.0,0.0,92,Clouds,overcast clouds,6,2138
6941,No Holiday,270.8,0.0,0.0,90,Clouds,overcast clouds,12,1698
6942,No Holiday,280.29,0.0,0.0,1,Clear,sky is clear,3,4775
6943,No Holiday,294.18,0.0,0.0,1,Clear,sky is clear,7,3721
6944,No Holiday,293.65,5.59,0.0,8,Rain,heavy intensity rain,7,2260
6945,No Holiday,253.0,0.0,0.0,5,Clear,sky is clear,12,2404
6946,No Holiday,262.44,0.0,0.0,90,Snow,light snow,2,2454
6947,No Holiday,261.62,0.0,0.0,90,Snow,light snow,12,1589
6948,No Holiday,290.22,0.0,0.0,90,Drizzle,light intensity drizzle,5,4517
6949,No Holiday,274.08,0.0,0.0,90,Snow,light snow,11,582
6950,No Holiday,271.94,0.0,0.0,90,Clouds,overcast clouds,4,5050
6951,No Holiday,292.22,0.0,0.0,1,Clear,sky is clear,5,6653
6952,No Holiday,300.84,0.0,0.0,36,Clouds,scattered clouds,7,2811
6953,No Holiday,289.77,0.0,0.0,1,Drizzle,light intensity drizzle,6,1999
6954,No Holiday,292.66,0.0,0.0,90,Clouds,overcast clouds,5,6134
6955,No Holiday,261.95,0.0,0.0,1,Clear,sky is clear,11,1471
6956,No Holiday,273.8,0.0,0.25,90,Snow,light snow,1,4933
6957,No Holiday,267.73,0.0,0.0,90,Mist,mist,2,5156
6958,No Holiday,278.65,0.0,0.0,90,Mist,mist,11,5453
6959,No Holiday,275.95,0.0,0.0,90,Clouds,overcast clouds,1,4668
6960,No Holiday,265.21,0.0,0.0,20,Haze,haze,4,5022
6961,No Holiday,260.82,0.0,0.0,90,Clouds,overcast clouds,2,2374
6962,No Holiday,272.22,0.0,0.0,1,Clear,sky is clear,3,2075
6963,No Holiday,300.18,0.0,0.0,40,Clouds,scattered clouds,7,4191
6964,No Holiday,289.54,0.0,0.0,90,Mist,mist,9,331
6965,No Holiday,288.37,0.0,0.0,5,Clear,sky is clear,6,5972
6966,No Holiday,267.28,0.0,0.0,90,Mist,mist,2,3585
6967,No Holiday,263.34,0.0,0.0,40,Clouds,scattered clouds,1,3508
6968,No Holiday,270.15,0.0,0.0,40,Snow,light snow,12,3040
6969,No Holiday,262.08,0.0,0.0,40,Clouds,scattered clouds,2,2959
6970,No Holiday,297.68,0.0,0.0,5,Clear,sky is clear,6,5189
6971,No Holiday,295.33,2.03,0.0,90,Rain,heavy intensity rain,9,5515
6972,No Holiday,275.0,0.25,0.0,90,Rain,light rain,3,5968
6973,No Holiday,287.05,0.0,0.0,90,Drizzle,light intensity drizzle,5,4895
6974,No Holiday,269.47,0.0,0.0,90,Haze,haze,2,4140
6975,No Holiday,270.87,0.0,0.0,1,Clear,sky is clear,12,435
6976,No Holiday,276.62,0.0,0.0,90,Clouds,overcast clouds,3,5264
6977,No Holiday,259.16,0.51,0.0,64,Snow,light snow,1,303
6978,No Holiday,284.79,0.0,0.0,0,Clear,Sky is Clear,9,3176
6979,No Holiday,283.66,0.0,0.0,1,Clear,sky is clear,9,1369
6980,No Holiday,269.71,0.0,0.0,0,Clear,sky is clear,12,1438
6981,No Holiday,294.62,0.0,0.0,0,Clear,Sky is Clear,8,3046
6982,No Holiday,290.76,0.0,0.0,90,Rain,light rain,6,2583
6983,No Holiday,262.0,0.0,0.0,40,Snow,light snow,12,4001
6984,No Holiday,291.38,0.0,0.0,90,Clouds,overcast clouds,9,5797
6985,No Holiday,300.35,0.0,0.0,1,Clear,sky is clear,8,4549
6986,No Holiday,284.08,0.0,0.0,90,Rain,moderate rain,5,915
6987,No Holiday,298.55,0.0,0.0,1,Clear,sky is clear,6,4555
6988,No Holiday,289.64,0.25,0.0,40,Mist,mist,8,303
6989,No Holiday,276.29,0.0,0.0,90,Rain,moderate rain,1,5668
6990,No Holiday,273.95,0.0,0.0,75,Clouds,broken clouds,3,2844
6991,No Holiday,283.394,0.0,0.0,0,Clear,Sky is Clear,10,3590
6992,No Holiday,277.39,0.0,0.0,90,Clouds,overcast clouds,4,5340
6993,No Holiday,270.28,0.0,0.0,90,Snow,light snow,1,855
6994,No Holiday,256.4,0.0,0.0,20,Clouds,few clouds,2,4692
6995,No Holiday,287.01,3.9,0.0,92,Drizzle,light intensity drizzle,6,1673
6996,No Holiday,261.02,0.0,0.0,90,Snow,heavy snow,1,4813
6997,No Holiday,293.05,0.0,0.0,1,Clear,sky is clear,9,3118
6998,No Holiday,297.85,0.0,0.0,1,Clear,sky is clear,9,6740
6999,No Holiday,275.95,0.0,0.0,90,Fog,fog,1,4501
7000,No Holiday,289.22,0.0,0.0,1,Clear,sky is clear,6,3056
7001,No Holiday,269.46,0.0,0.0,64,Clouds,broken clouds,1,286
7002,No Holiday,273.8,0.0,0.0,1,Clear,sky is clear,3,2104
7003,No Holiday,261.77,0.0,0.0,1,Clear,sky is clear,2,1165
7004,No Holiday,274.22,0.0,0.0,40,Clouds,scattered clouds,3,365
7005,No Holiday,277.54,0.0,0.0,64,Clouds,broken clouds,11,4319
7006,No Holiday,299.67,0.0,0.0,40,Clouds,scattered clouds,7,6518
7007,No Holiday,264.42,0.0,0.0,1,Clear,sky is clear,2,6117
7008,No Holiday,298.61,0.0,0.0,75,Clouds,broken clouds,7,4987
7009,No Holiday,273.61,0.0,0.0,1,Mist,mist,10,6174
7010,No Holiday,264.93,0.0,0.0,90,Snow,light snow,12,908
7011,No Holiday,270.55,0.0,0.0,90,Clouds,overcast clouds,2,4039
7012,No Holiday,284.78,0.25,0.0,40,Rain,light rain,8,981
7013,No Holiday,278.36,0.0,0.0,75,Clouds,broken clouds,3,5925
7014,No Holiday,283.77,0.0,0.0,90,Mist,mist,4,7192
7015,No Holiday,266.24,0.0,0.0,40,Clouds,scattered clouds,12,536
7016,No Holiday,270.95,0.0,0.0,90,Snow,light snow,12,4875
7017,No Holiday,275.14,0.0,0.0,1,Mist,mist,2,1033
7018,No Holiday,264.21,0.0,0.0,20,Clouds,few clouds,11,342
7019,No Holiday,273.42,2.86,0.0,90,Rain,moderate rain,4,1813
7020,No Holiday,292.14,0.0,0.0,90,Clouds,overcast clouds,9,698
7021,No Holiday,255.63,0.0,0.0,20,Clouds,few clouds,1,331
7022,No Holiday,273.15,0.0,0.0,90,Snow,light snow,11,2012
7023,No Holiday,301.61,0.0,0.0,68,Clouds,broken clouds,7,5962
7024,No Holiday,307.68,0.0,0.0,40,Clouds,scattered clouds,6,3705
7025,No Holiday,268.62,0.0,0.0,75,Clouds,broken clouds,3,3714
7026,No Holiday,270.96,0.0,0.0,75,Clouds,broken clouds,11,4566
7027,No Holiday,303.5,0.0,0.0,75,Clouds,broken clouds,7,4346
7028,No Holiday,296.49,0.0,0.0,0,Clear,Sky is Clear,6,4851
7029,No Holiday,270.08,0.0,0.0,40,Clouds,scattered clouds,12,852
7030,No Holiday,255.08,0.0,0.0,64,Clouds,broken clouds,12,4726
7031,No Holiday,291.16,0.0,0.0,75,Clouds,broken clouds,8,5107
7032,No Holiday,286.6,0.0,0.0,90,Clouds,overcast clouds,10,4786
7033,No Holiday,281.09,0.0,0.0,20,Clouds,few clouds,5,2053
7034,No Holiday,287.65,0.0,0.0,90,Clouds,overcast clouds,6,3350
7035,No Holiday,290.94,0.0,0.0,5,Clear,sky is clear,6,5108
7036,No Holiday,288.35,0.0,0.0,1,Thunderstorm,thunderstorm,4,822
7037,No Holiday,265.72,0.0,0.0,90,Clouds,overcast clouds,1,5802
7038,No Holiday,274.788,0.0,0.0,20,Clouds,few clouds,10,6170
7039,No Holiday,297.26,0.0,0.0,40,Rain,light rain,9,2725
7040,No Holiday,267.08,0.0,0.0,90,Clouds,overcast clouds,3,4465
7041,No Holiday,302.57,0.0,0.0,20,Clouds,few clouds,9,4990
7042,No Holiday,259.3,0.0,0.0,1,Clear,sky is clear,12,4935
7043,No Holiday,273.28,0.0,0.0,90,Clouds,overcast clouds,3,4843
7044,No Holiday,277.6,0.0,0.0,1,Clear,sky is clear,4,1194
7045,No Holiday,291.8,1.78,0.0,90,Rain,moderate rain,8,551
7046,No Holiday,292.9,0.0,0.0,1,Clear,sky is clear,6,750
7047,No Holiday,293.15,0.0,0.0,90,Thunderstorm,thunderstorm,7,4883
7048,No Holiday,295.4,0.0,0.0,90,Mist,mist,9,5556
7049,No Holiday,278.68,0.0,0.0,5,Clear,sky is clear,10,6405
7050,No Holiday,264.89,0.0,0.0,5,Clear,sky is clear,12,3226
7051,No Holiday,287.87,0.3,0.0,64,Rain,light rain,10,4089
7052,No Holiday,304.51,0.0,0.0,1,Clear,sky is clear,6,4421
7053,No Holiday,270.471,0.0,0.0,20,Clouds,few clouds,2,5040
7054,No Holiday,297.5,0.0,0.0,1,Clear,sky is clear,8,4602
7055,No Holiday,285.29,0.0,0.0,1,Clear,sky is clear,10,2583
7056,No Holiday,268.4,0.0,0.0,90,Haze,haze,2,3924
7057,No Holiday,285.26,0.0,0.0,90,Clouds,overcast clouds,10,5084
7058,No Holiday,251.15,0.0,0.0,1,Clear,sky is clear,1,2627
7059,No Holiday,289.55,0.0,0.0,40,Mist,mist,8,3119
7060,No Holiday,283.55,0.0,0.0,75,Clouds,broken clouds,10,349
7061,No Holiday,295.66,0.0,0.0,8,Clear,sky is clear,6,792
7062,No Holiday,299.65,0.0,0.0,90,Mist,mist,7,3195
7063,No Holiday,277.86,0.0,0.0,100,Rain,light rain,12,3179
7064,No Holiday,279.22,0.0,0.0,91,Rain,light rain,10,5235
7065,No Holiday,286.51,0.0,0.0,20,Clouds,few clouds,7,4281
7066,No Holiday,288.37,0.0,0.0,75,Clouds,broken clouds,5,5813
7067,No Holiday,273.5,0.0,0.0,1,Clear,sky is clear,2,4975
7068,No Holiday,267.254,0.0,0.0,0,Clear,Sky is Clear,2,368
7069,No Holiday,299.0,0.0,0.0,0,Clear,Sky is Clear,6,5457
7070,No Holiday,288.41,0.0,0.0,75,Clouds,broken clouds,8,594
7071,No Holiday,281.24,0.0,0.0,1,Clear,sky is clear,5,4477
7072,No Holiday,259.77,0.0,0.0,1,Clear,sky is clear,2,740
7073,No Holiday,264.02,0.0,0.0,90,Clouds,overcast clouds,1,2669
7074,No Holiday,260.42,0.0,0.0,1,Clear,sky is clear,1,5854
7075,No Holiday,295.58,0.0,0.0,90,Rain,light rain,7,4467
7076,No Holiday,270.94,0.0,0.0,90,Mist,mist,4,4790
7077,No Holiday,262.42,0.0,0.0,1,Clear,sky is clear,3,795
7078,No Holiday,262.61,0.0,0.0,5,Clear,sky is clear,2,4841
7079,No Holiday,294.21,0.0,0.0,40,Clouds,scattered clouds,9,5235
7080,No Holiday,288.23,0.0,0.0,90,Thunderstorm,proximity thunderstorm,4,2785
7081,No Holiday,268.75,0.0,0.0,1,Clear,sky is clear,12,3263
7082,No Holiday,274.15,0.0,0.0,90,Mist,mist,1,6339
7083,No Holiday,292.17,0.0,0.0,1,Clear,sky is clear,7,4462
7084,No Holiday,294.02,0.0,0.0,1,Clear,sky is clear,5,5763
7085,No Holiday,284.38,0.0,0.0,90,Drizzle,drizzle,11,6368
7086,No Holiday,284.14,0.0,0.0,40,Rain,light rain,4,2776
7087,No Holiday,288.56,0.0,0.0,1,Clear,sky is clear,6,782
7088,No Holiday,290.7,0.0,0.0,1,Fog,fog,7,735
7089,No Holiday,282.74,0.0,0.0,1,Clear,sky is clear,11,4252
7090,No Holiday,270.471,0.0,0.0,20,Clouds,few clouds,2,6137
7091,No Holiday,248.86,0.0,0.0,1,Clear,sky is clear,12,3666
7092,No Holiday,294.95,0.0,0.0,75,Rain,light rain,6,3636
7093,No Holiday,298.61,0.0,0.0,0,Clear,Sky is Clear,7,5583
7094,No Holiday,272.62,0.0,0.0,90,Snow,light snow,12,4846
7095,No Holiday,299.88,0.0,0.0,90,Clouds,overcast clouds,8,4489
7096,No Holiday,298.74,0.0,0.0,90,Clouds,overcast clouds,8,3046
7097,No Holiday,292.08,0.0,0.0,75,Clouds,broken clouds,5,5931
7098,No Holiday,278.39,0.0,0.0,90,Clouds,overcast clouds,10,4362
7099,No Holiday,291.37,0.0,0.0,40,Clouds,scattered clouds,4,370
7100,No Holiday,291.41,0.0,0.0,75,Clouds,broken clouds,10,5081
7101,No Holiday,285.46,0.0,0.0,0,Clear,Sky is Clear,9,391
7102,No Holiday,292.04,0.0,0.0,75,Clouds,broken clouds,7,4125
7103,No Holiday,294.64,0.0,0.0,80,Clouds,broken clouds,8,719
7104,No Holiday,269.53,0.0,0.0,1,Clear,sky is clear,1,5765
7105,No Holiday,290.55,0.0,0.0,90,Mist,mist,6,5203
7106,No Holiday,270.27,0.0,0.0,40,Clouds,scattered clouds,3,3356
7107,No Holiday,273.67,0.0,0.13,90,Mist,mist,1,5548
7108,No Holiday,277.06,0.0,0.0,1,Clear,sky is clear,4,4542
7109,No Holiday,257.34,0.0,0.0,90,Clouds,overcast clouds,1,843
7110,No Holiday,288.865,0.0,0.0,0,Clear,Sky is Clear,10,5482
7111,No Holiday,253.48,0.0,0.0,1,Clear,sky is clear,2,789
7112,No Holiday,276.95,0.0,0.0,90,Drizzle,light intensity drizzle,5,4535
7113,No Holiday,279.5,0.65,0.0,90,Rain,light rain,4,4092
7114,No Holiday,255.9,0.0,0.0,1,Clear,sky is clear,12,275
7115,No Holiday,266.21,0.0,0.0,75,Snow,light snow,12,4383
7116,No Holiday,304.15,0.0,0.0,1,Clear,sky is clear,7,4397
7117,No Holiday,283.28,0.0,0.0,75,Clouds,broken clouds,11,4858
7118,No Holiday,277.9,0.0,0.0,75,Clouds,broken clouds,4,4619
7119,No Holiday,278.46,0.0,0.0,40,Clouds,scattered clouds,4,413
7120,No Holiday,287.96,0.0,0.0,1,Clear,sky is clear,5,4830
7121,No Holiday,277.08,0.0,0.0,90,Drizzle,light intensity drizzle,12,4440
7122,No Holiday,0.0,0.0,0.0,0,Clear,sky is clear,2,434
7123,No Holiday,284.72,0.0,0.0,20,Clouds,few clouds,5,5177
7124,No Holiday,290.08,0.0,0.0,5,Clear,sky is clear,4,2367
7125,No Holiday,295.06,0.0,0.0,75,Clouds,broken clouds,5,3192
7126,No Holiday,295.95,0.0,0.0,1,Clear,sky is clear,9,5948
7127,No Holiday,292.32,0.0,0.0,75,Rain,proximity shower rain,6,5058
7128,No Holiday,270.15,0.0,0.0,90,Mist,mist,1,401
7129,No Holiday,272.22,0.0,0.0,90,Snow,light snow,3,4569
7130,No Holiday,291.42,0.0,0.0,90,Mist,mist,7,4444
7131,No Holiday,273.65,0.54,0.0,90,Rain,light rain,3,4518
7132,No Holiday,293.89,0.0,0.0,40,Clouds,scattered clouds,5,1871
7133,No Holiday,290.48,0.0,0.0,90,Rain,moderate rain,9,745
7134,No Holiday,290.53,0.51,0.0,90,Mist,mist,9,2514
7135,No Holiday,291.03,0.0,0.0,1,Mist,mist,7,898
7136,No Holiday,294.68,0.0,0.0,92,Clouds,overcast clouds,9,1676
7137,No Holiday,294.38,0.0,0.0,56,Rain,moderate rain,7,642
7138,No Holiday,258.95,0.0,0.0,1,Clear,sky is clear,2,6153
7139,No Holiday,274.02,0.0,0.0,90,Rain,light rain,12,4524
7140,No Holiday,292.86,0.51,0.0,90,Drizzle,drizzle,8,337
7141,No Holiday,293.65,0.0,0.0,75,Rain,moderate rain,8,4708
7142,No Holiday,276.09,0.0,0.0,90,Clouds,overcast clouds,12,829
7143,No Holiday,301.77,0.0,0.0,44,Clouds,scattered clouds,8,4691
7144,No Holiday,292.94,0.0,0.0,0,Clear,Sky is Clear,6,877
7145,No Holiday,266.87,0.0,0.0,90,Snow,light snow,1,2010
7146,No Holiday,281.65,0.0,0.0,40,Clouds,scattered clouds,3,4362
7147,No Holiday,266.5,0.0,0.0,75,Mist,mist,12,3169
7148,No Holiday,269.79,0.0,0.0,90,Mist,mist,2,390
7149,No Holiday,300.41,0.0,0.0,0,Rain,light rain,6,3346
7150,No Holiday,291.8,0.0,0.0,1,Clear,sky is clear,7,382
7151,No Holiday,281.84,0.0,0.0,75,Clouds,broken clouds,5,337
7152,No Holiday,298.04,0.0,0.0,90,Clouds,overcast clouds,5,3724
7153,No Holiday,305.01,0.0,0.0,20,Clouds,few clouds,7,4297
7154,No Holiday,264.33,0.0,0.0,20,Clouds,few clouds,3,534
7155,No Holiday,296.18,0.0,0.0,0,Clear,Sky is Clear,8,4634
7156,No Holiday,260.92,0.0,0.0,1,Clear,sky is clear,1,3135
7157,No Holiday,289.53,0.0,0.0,1,Clear,sky is clear,3,3468
7158,No Holiday,264.4,0.0,0.0,1,Clear,sky is clear,11,4799
7159,No Holiday,285.68,0.0,0.0,1,Clear,sky is clear,10,365
7160,No Holiday,267.21,0.0,0.0,90,Mist,mist,12,779
7161,No Holiday,294.61,0.0,0.0,8,Clear,sky is clear,7,4918
7162,No Holiday,276.15,0.0,0.0,90,Mist,mist,4,2768
7163,No Holiday,301.23,0.0,0.0,1,Clear,sky is clear,8,4441
7164,No Holiday,263.07,0.0,0.0,90,Snow,light snow,1,2669
7165,No Holiday,290.9,0.0,0.0,90,Rain,heavy intensity rain,5,3487
7166,No Holiday,261.87,0.0,0.0,90,Snow,light snow,12,5073
7167,No Holiday,283.29,0.0,0.0,90,Rain,light rain,5,2660
7168,No Holiday,258.01,0.0,0.0,90,Mist,mist,1,4101
7169,No Holiday,294.15,0.0,0.0,75,Thunderstorm,proximity thunderstorm,9,6300
7170,No Holiday,287.58,0.0,0.0,40,Clouds,scattered clouds,5,3242
7171,No Holiday,286.04,0.0,0.0,1,Clear,sky is clear,9,4986
7172,No Holiday,297.86,0.0,0.0,75,Clouds,broken clouds,7,5026
7173,No Holiday,281.15,0.0,0.0,1,Clear,sky is clear,3,3902
7174,No Holiday,275.58,0.0,0.0,90,Clouds,overcast clouds,3,6310
7175,No Holiday,301.9,0.0,0.0,68,Clouds,broken clouds,7,3774
7176,No Holiday,260.48,0.0,0.0,5,Clear,sky is clear,3,6042
7177,No Holiday,273.8,0.0,0.0,5,Clear,sky is clear,12,4140
7178,No Holiday,264.45,0.0,0.0,90,Clouds,overcast clouds,12,752
7179,No Holiday,287.8,0.0,0.0,1,Clear,sky is clear,5,243
7180,No Holiday,278.89,0.0,0.0,1,Clear,sky is clear,11,856
7181,No Holiday,301.41,0.0,0.0,75,Clouds,broken clouds,7,4699
7182,No Holiday,288.3,0.0,0.0,1,Clear,sky is clear,4,4232
7183,No Holiday,271.28,0.0,0.0,90,Snow,light snow,3,2537
7184,No Holiday,300.88,0.0,0.0,75,Clouds,broken clouds,6,5802
7185,No Holiday,271.97,0.0,0.0,90,Clouds,overcast clouds,3,997
7186,No Holiday,274.47,0.0,0.0,90,Mist,mist,5,4881
7187,No Holiday,272.35,0.0,0.0,90,Snow,light snow,1,821
7188,No Holiday,290.9,9.62,0.0,90,Haze,haze,9,3898
7189,No Holiday,278.04,0.25,0.0,75,Rain,light rain,4,1822
7190,No Holiday,282.75,0.0,0.0,1,Clear,sky is clear,3,3505
7191,No Holiday,293.72,0.0,0.0,1,Rain,proximity shower rain,5,5703
7192,No Holiday,269.63,0.0,0.0,20,Clouds,few clouds,4,5221
7193,No Holiday,264.72,0.0,0.0,20,Clouds,few clouds,2,5921
7194,No Holiday,278.5,0.0,0.0,90,Haze,haze,11,1472
7195,No Holiday,275.93,0.0,0.0,1,Clear,sky is clear,4,4569
7196,No Holiday,300.88,0.0,0.0,40,Clouds,scattered clouds,7,44
7197,No Holiday,288.51,0.0,0.0,1,Clear,sky is clear,8,1472
7198,No Holiday,294.67,0.0,0.0,1,Clear,sky is clear,9,4426
7199,No Holiday,292.65,0.0,0.0,75,Rain,light rain,8,5068
7200,No Holiday,298.47,0.0,0.0,40,Haze,haze,7,3402
7201,No Holiday,251.56,0.0,0.0,20,Clouds,few clouds,1,376
7202,No Holiday,273.09,0.0,0.0,90,Fog,fog,12,909
7203,No Holiday,293.43,0.0,0.0,40,Mist,mist,7,1195
7204,No Holiday,266.4,0.0,0.0,1,Clear,sky is clear,12,599
7205,No Holiday,280.49,0.0,0.0,1,Clear,sky is clear,3,3512
7206,No Holiday,290.68,0.0,0.0,20,Haze,haze,5,6007
7207,No Holiday,269.43,0.0,0.0,64,Mist,mist,1,3147
7208,No Holiday,267.35,0.0,0.0,90,Snow,light snow,2,3450
7209,No Holiday,291.08,0.0,0.0,75,Clouds,broken clouds,7,648
7210,No Holiday,285.46,0.0,0.0,92,Rain,light rain,6,715
7211,No Holiday,296.97,0.0,0.0,0,Clear,Sky is Clear,7,4438
7212,No Holiday,276.35,0.0,0.0,90,Clouds,overcast clouds,4,725
7213,No Holiday,273.15,0.25,0.0,64,Mist,mist,1,2888
7214,No Holiday,264.85,0.0,0.0,90,Mist,mist,1,326
7215,No Holiday,274.55,0.0,0.0,90,Clouds,overcast clouds,4,5099
7216,No Holiday,297.82,0.0,0.0,1,Clear,sky is clear,8,3194
7217,No Holiday,265.92,0.0,0.0,64,Clouds,broken clouds,1,2368
7218,No Holiday,297.54,0.0,0.0,40,Haze,haze,8,5848
7219,No Holiday,274.15,0.0,0.0,90,Mist,mist,12,587
7220,No Holiday,291.37,0.0,0.0,20,Clouds,few clouds,6,5448
7221,No Holiday,272.55,0.0,0.0,90,Clouds,overcast clouds,11,6147
7222,No Holiday,263.79,0.0,0.0,90,Clouds,overcast clouds,3,4554
7223,No Holiday,295.28,0.0,0.0,40,Clouds,scattered clouds,8,4417
7224,No Holiday,263.21,0.0,0.0,90,Clouds,overcast clouds,12,826
7225,No Holiday,269.34,0.0,0.0,90,Snow,light snow,2,643
7226,No Holiday,256.16,0.0,0.0,1,Mist,mist,1,962
7227,No Holiday,261.9,0.0,0.0,90,Mist,mist,1,4844
7228,No Holiday,294.89,0.0,0.0,5,Clear,sky is clear,7,2869
7229,No Holiday,246.15,0.0,0.0,1,Clear,sky is clear,12,2384
7230,No Holiday,298.81,0.0,0.0,0,Clear,Sky is Clear,6,6077
7231,No Holiday,276.08,0.0,0.0,1,Fog,fog,11,5225
7232,No Holiday,290.19,0.0,0.0,1,Clear,sky is clear,8,2603
7233,No Holiday,291.62,0.0,0.0,1,Clear,sky is clear,6,371
7234,No Holiday,286.69,0.0,0.0,1,Clear,sky is clear,8,1635
7235,No Holiday,295.01,0.0,0.0,40,Haze,haze,9,4840
7236,No Holiday,253.9,0.0,0.0,75,Clouds,broken clouds,3,2971
7237,No Holiday,291.58,0.0,0.0,90,Mist,mist,7,330
7238,No Holiday,276.08,0.0,0.0,90,Mist,mist,11,4606
7239,No Holiday,287.61,0.0,0.0,0,Clear,Sky is Clear,7,870
7240,No Holiday,274.86,0.0,0.0,75,Fog,fog,4,2665
7241,No Holiday,261.15,0.0,0.0,90,Mist,mist,12,2627
7242,No Holiday,273.23,0.0,0.0,90,Mist,mist,12,1066
7243,No Holiday,289.02,0.0,0.0,1,Clear,sky is clear,7,1769
7244,No Holiday,281.32,0.25,0.0,64,Mist,mist,11,4402
7245,No Holiday,272.71,0.0,0.0,75,Clouds,broken clouds,2,5941
7246,No Holiday,284.29,0.0,0.0,1,Clear,sky is clear,5,392
7247,No Holiday,282.68,4.39,0.0,92,Rain,heavy intensity rain,10,477
7248,No Holiday,263.03,0.0,0.0,64,Haze,haze,1,6252
7249,No Holiday,274.08,0.0,0.0,90,Rain,light rain,11,5605
7250,No Holiday,295.39,0.0,0.0,20,Clouds,few clouds,7,3699
7251,No Holiday,277.06,0.0,0.0,40,Clouds,scattered clouds,11,4987
7252,No Holiday,285.46,0.0,0.0,1,Clear,sky is clear,10,6182
7253,No Holiday,300.83,0.0,0.0,0,Clear,Sky is Clear,6,4925
7254,No Holiday,270.34,0.0,0.0,5,Clear,sky is clear,11,4974
7255,No Holiday,272.46,0.0,0.0,90,Haze,haze,3,6609
7256,No Holiday,282.78,0.0,0.0,90,Mist,mist,5,2867
7257,No Holiday,293.996,0.0,0.0,100,Rain,light rain,9,4499
7258,No Holiday,300.25,0.0,0.0,1,Clear,sky is clear,8,3903
7259,No Holiday,269.22,0.0,0.0,75,Clouds,broken clouds,1,2838
7260,No Holiday,300.64,0.0,0.0,1,Clear,sky is clear,8,5474
7261,No Holiday,267.15,0.0,0.0,90,Haze,haze,1,539
7262,No Holiday,262.44,0.0,0.0,90,Snow,light snow,2,1839
7263,No Holiday,282.08,0.0,0.0,90,Rain,light rain,5,4978
7264,No Holiday,260.36,0.0,0.0,75,Snow,light snow,2,4450
7265,No Holiday,280.5,0.0,0.0,75,Clouds,broken clouds,4,600
7266,No Holiday,272.55,0.0,0.0,1,Clear,sky is clear,11,310
7267,No Holiday,285.18,0.0,0.0,92,Clouds,overcast clouds,6,453
7268,No Holiday,285.69,0.0,0.0,0,Clear,Sky is Clear,10,552
7269,No Holiday,260.91,0.0,0.0,64,Clouds,broken clouds,1,392
7270,No Holiday,291.86,0.0,0.0,40,Thunderstorm,thunderstorm,5,6075
7271,No Holiday,292.82,0.51,0.0,90,Rain,light rain,9,4634
7272,No Holiday,291.72,0.0,0.0,90,Mist,mist,8,4627
7273,No Holiday,291.22,0.0,0.0,90,Clouds,overcast clouds,8,1876
7274,No Holiday,275.09,0.0,0.0,90,Rain,light rain,11,4694
7275,No Holiday,270.35,0.0,0.0,90,Clouds,overcast clouds,11,5319
7276,No Holiday,292.15,0.0,0.0,90,Fog,fog,7,3696
7277,No Holiday,290.62,0.0,0.0,40,Clouds,scattered clouds,6,4666
7278,No Holiday,287.4,0.0,0.0,1,Clear,sky is clear,7,623
7279,No Holiday,276.15,0.0,0.0,90,Clouds,overcast clouds,10,5379
7280,No Holiday,283.35,0.0,0.0,90,Clouds,overcast clouds,9,871
7281,No Holiday,275.88,0.0,0.0,1,Clear,sky is clear,2,4538
7282,No Holiday,264.35,0.0,0.0,90,Clouds,overcast clouds,2,305
7283,No Holiday,276.15,0.0,0.0,90,Rain,light rain,3,805
7284,No Holiday,294.78,0.69,0.0,90,Rain,moderate rain,9,4403
7285,No Holiday,271.09,0.0,0.0,5,Clear,sky is clear,12,3323
7286,No Holiday,294.36,0.0,0.0,32,Clouds,scattered clouds,6,497
7287,No Holiday,294.63,0.9,0.0,1,Rain,light rain,6,4634
7288,No Holiday,284.29,0.0,0.0,1,Clear,sky is clear,3,2038
7289,No Holiday,293.41,0.0,0.0,40,Clouds,scattered clouds,7,1536
7290,No Holiday,256.79,0.0,0.0,20,Clouds,few clouds,1,4715
7291,No Holiday,286.36,0.0,0.0,90,Mist,mist,10,6017
7292,No Holiday,295.0,0.0,0.0,90,Clouds,overcast clouds,8,3096
7293,No Holiday,282.01,0.0,0.0,75,Mist,mist,5,790
7294,No Holiday,296.49,0.0,0.0,1,Mist,mist,8,1259
7295,No Holiday,293.95,0.0,0.0,5,Clear,sky is clear,7,4813
7296,No Holiday,270.97,0.0,0.0,90,Clouds,overcast clouds,11,4271
7297,No Holiday,282.93,0.0,0.0,75,Clouds,broken clouds,11,1395
7298,No Holiday,276.02,0.0,0.0,90,Clouds,overcast clouds,3,329
7299,No Holiday,270.536,0.0,0.0,0,Clear,Sky is Clear,2,831
7300,No Holiday,261.17,0.0,0.0,1,Clear,sky is clear,12,741
7301,No Holiday,283.29,0.0,0.0,20,Clouds,few clouds,4,4637
7302,No Holiday,302.79,0.0,0.0,0,Clear,Sky is Clear,7,3001
7303,No Holiday,273.54,0.0,0.0,90,Clouds,overcast clouds,3,330
7304,No Holiday,287.87,0.0,0.0,1,Clear,sky is clear,7,2886
7305,No Holiday,270.94,0.0,0.0,90,Haze,haze,12,4255
7306,No Holiday,294.43,0.0,0.0,1,Clear,sky is clear,4,5147
7307,No Holiday,274.91,0.0,0.0,20,Clouds,few clouds,5,2748
7308,No Holiday,259.86,0.0,0.0,90,Clouds,overcast clouds,2,6404
7309,No Holiday,273.94,0.0,0.0,40,Clouds,scattered clouds,4,4930
7310,No Holiday,292.0,0.0,0.0,1,Clear,sky is clear,8,5793
7311,No Holiday,275.45,0.25,0.0,64,Mist,mist,12,4334
7312,No Holiday,272.61,0.0,0.0,1,Clear,sky is clear,3,5062
7313,No Holiday,290.38,0.0,0.0,100,Rain,moderate rain,9,4258
7314,No Holiday,270.93,0.0,0.0,90,Clouds,overcast clouds,3,2581
7315,No Holiday,287.19,0.0,0.0,1,Fog,fog,9,782
7316,No Holiday,273.48,0.0,0.0,90,Mist,mist,12,1834
7317,No Holiday,277.268,0.0,0.0,0,Clear,Sky is Clear,10,4182
7318,No Holiday,287.89,0.0,0.0,90,Mist,mist,5,4875
7319,No Holiday,291.32,0.0,0.0,1,Mist,mist,8,2872
7320,No Holiday,292.09,0.0,0.0,20,Clouds,few clouds,7,2370
7321,No Holiday,292.65,0.0,0.0,20,Clouds,few clouds,7,664
7322,No Holiday,271.97,0.0,0.0,1,Clear,sky is clear,4,353
7323,No Holiday,274.74,1.02,0.0,90,Rain,moderate rain,12,4674
7324,No Holiday,293.45,0.0,0.0,90,Rain,light rain,4,4757
7325,No Holiday,287.3,0.0,0.0,75,Clouds,broken clouds,10,5056
7326,No Holiday,294.3,0.0,0.0,92,Clouds,overcast clouds,6,2724
7327,No Holiday,291.15,0.0,0.0,90,Rain,light rain,9,5653
7328,No Holiday,297.35,0.0,0.0,75,Drizzle,drizzle,6,4235
7329,No Holiday,270.35,0.0,0.0,40,Clouds,scattered clouds,4,564
7330,No Holiday,294.33,0.0,0.0,0,Clear,Sky is Clear,9,1283
7331,No Holiday,285.69,0.0,0.0,1,Clear,sky is clear,4,1840
7332,No Holiday,271.58,0.0,0.0,64,Snow,light snow,12,2744
7333,No Holiday,262.95,0.0,0.0,40,Haze,haze,2,5441
7334,No Holiday,291.04,0.0,0.0,0,Clear,Sky is Clear,7,329
7335,No Holiday,280.35,0.0,0.0,1,Clear,sky is clear,9,1620
7336,No Holiday,265.08,0.0,0.0,1,Clear,sky is clear,11,1862
7337,No Holiday,272.38,0.0,0.0,90,Clouds,overcast clouds,3,1717
7338,No Holiday,270.78,0.0,0.0,90,Clouds,overcast clouds,3,5929
7339,No Holiday,260.62,0.0,0.0,1,Clear,sky is clear,11,271
7340,No Holiday,293.65,0.0,0.0,40,Clouds,scattered clouds,8,3997
7341,No Holiday,295.4,0.0,0.0,90,Haze,haze,9,5556
7342,No Holiday,265.41,0.0,0.0,40,Clouds,scattered clouds,2,1054
7343,No Holiday,255.33,0.0,0.0,64,Clouds,broken clouds,1,1137
7344,No Holiday,297.57,0.0,0.0,75,Clouds,broken clouds,7,4263
7345,No Holiday,299.02,0.0,0.0,75,Clouds,broken clouds,7,6086
7346,No Holiday,285.12,0.0,0.0,1,Clear,sky is clear,9,4465
7347,No Holiday,292.87,0.0,0.0,40,Rain,light rain,7,1377
7348,No Holiday,296.75,0.0,0.0,1,Clear,sky is clear,6,641
7349,No Holiday,294.58,0.0,0.0,75,Rain,light rain,6,4743
7350,No Holiday,267.21,0.0,0.0,1,Mist,mist,2,5649
7351,No Holiday,291.51,0.0,0.0,90,Fog,fog,8,3047
7352,No Holiday,281.08,0.0,0.0,40,Clouds,scattered clouds,4,2912
7353,No Holiday,264.79,0.0,0.0,90,Mist,mist,2,3924
7354,No Holiday,296.89,0.0,0.0,75,Clouds,broken clouds,5,2028
7355,No Holiday,297.54,0.0,0.0,1,Rain,light rain,9,3201
7356,No Holiday,285.72,0.0,0.0,90,Rain,moderate rain,5,1208
7357,No Holiday,291.55,0.0,0.0,1,Mist,mist,8,2821
7358,No Holiday,292.22,0.0,0.0,1,Clear,sky is clear,6,346
7359,No Holiday,292.9,0.0,0.0,1,Clear,sky is clear,6,297
7360,No Holiday,279.55,0.0,0.0,90,Rain,light rain,11,2381
7361,No Holiday,268.77,0.0,0.0,90,Snow,light snow,4,4463
7362,No Holiday,286.28,0.0,0.0,1,Fog,fog,9,432
7363,No Holiday,278.01,0.0,0.0,90,Drizzle,light intensity drizzle,11,3515
7364,No Holiday,272.55,0.0,0.0,90,Clouds,overcast clouds,11,6325
7365,No Holiday,299.47,0.25,0.0,75,Rain,light rain,8,3945
7366,No Holiday,268.79,0.0,0.0,1,Clear,sky is clear,3,304
7367,No Holiday,287.77,0.0,0.0,40,Clouds,scattered clouds,10,5353
7368,No Holiday,273.9,0.0,0.0,90,Mist,mist,1,5840
7369,No Holiday,274.21,0.0,0.0,90,Snow,light snow,11,4317
7370,No Holiday,262.22,0.0,0.0,90,Clouds,overcast clouds,2,471
7371,No Holiday,286.2,0.89,0.0,90,Drizzle,light intensity drizzle,9,2490
7372,No Holiday,285.58,0.0,0.0,90,Clouds,overcast clouds,8,2953
7373,No Holiday,294.94,0.0,0.0,1,Clear,sky is clear,8,4899
7374,No Holiday,272.41,0.0,0.0,90,Haze,haze,4,4930
7375,No Holiday,279.88,0.0,0.0,90,Clouds,overcast clouds,9,335
7376,No Holiday,260.0,0.0,0.0,90,Mist,mist,12,1916
7377,No Holiday,291.59,0.0,0.0,90,Clouds,overcast clouds,7,284
7378,No Holiday,280.92,0.0,0.0,20,Clouds,few clouds,4,1632
7379,No Holiday,301.91,0.0,0.0,48,Clouds,scattered clouds,6,6400
7380,No Holiday,276.8,0.0,0.0,90,Rain,moderate rain,3,240
7381,No Holiday,291.88,0.0,0.0,40,Clouds,scattered clouds,7,700
7382,No Holiday,267.89,0.0,0.0,90,Mist,mist,12,5318
7383,No Holiday,276.44,0.96,0.0,90,Drizzle,light intensity drizzle,4,4894
7384,No Holiday,269.78,0.0,0.0,64,Clouds,broken clouds,12,5005
7385,No Holiday,273.02,0.0,0.0,90,Clouds,overcast clouds,2,6551
7386,No Holiday,287.12,0.0,0.0,40,Clouds,scattered clouds,9,2017
7387,No Holiday,281.39,1.8,0.0,76,Mist,mist,10,2688
7388,No Holiday,293.45,0.0,0.0,75,Thunderstorm,proximity thunderstorm,7,680
7389,No Holiday,263.62,0.0,0.0,90,Snow,light snow,2,315
7390,No Holiday,278.22,0.0,0.0,90,Rain,moderate rain,3,2704
7391,No Holiday,295.54,0.0,0.0,20,Clouds,few clouds,5,4944
7392,No Holiday,284.05,0.0,0.0,40,Clouds,scattered clouds,5,1316
7393,No Holiday,288.28,0.0,0.0,1,Drizzle,light intensity drizzle,9,5892
7394,No Holiday,278.57,0.0,0.0,1,Clear,sky is clear,9,611
7395,No Holiday,295.38,0.0,0.0,80,Thunderstorm,proximity thunderstorm,10,6038
7396,No Holiday,291.65,0.0,0.0,1,Clear,sky is clear,9,1674
7397,No Holiday,285.67,0.29,0.0,92,Drizzle,light intensity drizzle,6,5050
7398,No Holiday,287.81,0.25,0.0,90,Rain,light rain,5,306
7399,No Holiday,301.15,0.0,0.0,1,Clear,sky is clear,7,2843
7400,No Holiday,258.81,0.0,0.0,1,Clear,sky is clear,11,2719
7401,No Holiday,274.9,0.0,0.0,90,Snow,light snow,12,4956
7402,No Holiday,296.35,0.0,0.0,1,Clear,sky is clear,5,565
7403,No Holiday,294.46,0.0,0.0,90,Rain,moderate rain,9,935
7404,No Holiday,272.69,0.0,0.0,90,Clouds,overcast clouds,10,774
7405,No Holiday,272.67,0.64,0.0,90,Rain,light rain,4,2004
7406,No Holiday,299.72,0.0,0.0,90,Rain,proximity shower rain,8,6265
7407,No Holiday,276.9,0.0,0.0,90,Mist,mist,5,4287
7408,No Holiday,280.75,0.0,0.0,40,Clouds,scattered clouds,11,4934
7409,No Holiday,274.36,0.0,0.0,90,Rain,light rain,4,516
7410,No Holiday,288.91,0.0,0.0,90,Mist,mist,8,383
7411,No Holiday,290.12,0.0,0.0,90,Rain,moderate rain,8,307
7412,No Holiday,290.2,0.0,0.0,1,Clear,sky is clear,8,357
7413,No Holiday,291.88,0.0,0.0,75,Haze,haze,5,4760
7414,No Holiday,266.15,0.0,0.0,90,Snow,light snow,2,4368
7415,No Holiday,253.33,0.0,0.0,85,Clouds,overcast clouds,2,5246
7416,No Holiday,282.58,0.0,0.0,75,Rain,moderate rain,3,2831
7417,No Holiday,284.15,0.0,0.0,90,Clouds,overcast clouds,4,353
7418,No Holiday,286.28,0.0,0.0,1,Clear,sky is clear,10,5705
7419,No Holiday,290.93,0.0,0.0,20,Clouds,few clouds,7,716
7420,No Holiday,273.08,0.0,0.0,90,Clouds,overcast clouds,3,2903
7421,No Holiday,273.37,0.0,0.0,90,Fog,fog,4,6160
7422,No Holiday,264.15,0.0,0.0,75,Clouds,broken clouds,1,5693
7423,No Holiday,264.22,0.0,0.0,1,Clear,sky is clear,2,2903
7424,No Holiday,289.28,0.0,0.0,75,Clouds,broken clouds,5,2878
7425,No Holiday,257.21,0.0,0.0,20,Clouds,few clouds,12,5250
7426,No Holiday,287.91,0.0,0.0,1,Mist,mist,8,5869
7427,No Holiday,277.21,0.0,0.0,90,Clouds,overcast clouds,12,5176
7428,No Holiday,300.21,0.0,0.0,75,Clouds,broken clouds,7,3932
7429,No Holiday,285.33,0.0,0.0,90,Clouds,overcast clouds,10,959
7430,No Holiday,251.46,0.0,0.0,90,Clouds,overcast clouds,12,3576
7431,No Holiday,271.46,0.0,0.0,40,Clouds,scattered clouds,10,6642
7432,No Holiday,275.42,0.0,0.0,90,Drizzle,drizzle,3,479
7433,No Holiday,255.01,0.0,0.0,40,Clouds,scattered clouds,1,4968
7434,No Holiday,289.73,1.52,0.0,75,Rain,moderate rain,8,6053
7435,No Holiday,296.26,16.0,0.0,32,Rain,heavy intensity rain,7,6298
7436,No Holiday,286.86,0.0,0.0,1,Clear,sky is clear,7,886
7437,No Holiday,287.23,0.0,0.0,75,Clouds,broken clouds,9,2684
7438,No Holiday,278.97,0.0,0.0,1,Clear,sky is clear,9,933
7439,No Holiday,293.12,0.27,0.0,90,Haze,haze,7,5306
7440,No Holiday,258.92,0.0,0.0,90,Clouds,overcast clouds,2,4909
7441,No Holiday,288.06,0.0,0.0,1,Clear,sky is clear,9,1131
7442,No Holiday,288.02,0.0,0.0,1,Clear,sky is clear,8,1117
7443,No Holiday,271.97,0.0,0.0,64,Mist,mist,12,6076
7444,No Holiday,300.51,0.0,0.0,1,Clear,sky is clear,8,3362
7445,No Holiday,286.95,0.0,0.0,90,Clouds,overcast clouds,5,2242
7446,No Holiday,281.02,0.0,0.0,85,Fog,fog,10,810
7447,No Holiday,291.79,0.25,0.0,75,Drizzle,drizzle,9,5633
7448,No Holiday,279.52,0.0,0.0,20,Clouds,few clouds,10,2929
7449,No Holiday,302.36,0.0,0.0,40,Clouds,scattered clouds,6,5331
7450,No Holiday,287.29,0.0,0.0,90,Drizzle,drizzle,4,1908
7451,No Holiday,275.15,0.0,0.0,90,Drizzle,light intensity drizzle,10,3218
7452,No Holiday,285.49,0.0,0.0,1,Clear,sky is clear,4,5934
7453,No Holiday,269.37,0.0,0.0,90,Clouds,overcast clouds,1,1227
7454,No Holiday,269.47,0.0,0.0,90,Clouds,overcast clouds,2,2861
7455,No Holiday,291.56,0.25,0.0,40,Rain,light rain,5,4945
7456,No Holiday,250.55,0.0,0.0,75,Clouds,broken clouds,1,309
7457,No Holiday,276.955,0.0,0.0,0,Clear,Sky is Clear,10,447
7458,No Holiday,297.51,0.0,0.0,1,Clear,sky is clear,7,2151
7459,No Holiday,294.07,20.07,0.0,40,Rain,very heavy rain,8,1520
7460,No Holiday,282.58,0.0,0.0,1,Clear,sky is clear,10,4549
7461,No Holiday,279.73,0.0,0.0,75,Clouds,broken clouds,10,5772
7462,No Holiday,271.95,0.0,0.0,90,Clouds,overcast clouds,11,4660
7463,No Holiday,278.64,0.0,0.0,1,Clear,sky is clear,5,366
7464,No Holiday,272.42,0.0,0.0,90,Snow,heavy snow,11,2876
7465,No Holiday,273.78,0.0,0.0,90,Mist,mist,4,765
7466,No Holiday,268.04,0.0,0.0,90,Clouds,overcast clouds,3,2098
7467,No Holiday,272.77,0.51,0.0,90,Rain,light rain,4,2472
7468,No Holiday,298.11,0.0,0.0,40,Clouds,scattered clouds,7,4357
7469,No Holiday,289.38,0.0,0.0,1,Clear,sky is clear,4,3075
7470,No Holiday,275.89,0.0,0.0,1,Clear,sky is clear,12,5006
7471,No Holiday,279.568,0.0,0.0,0,Clear,Sky is Clear,10,4424
7472,No Holiday,302.28,0.0,0.0,92,Rain,light rain,8,5786
7473,No Holiday,291.65,0.0,0.0,1,Clear,sky is clear,7,6759
7474,No Holiday,285.584,0.0,0.0,0,Clear,Sky is Clear,10,3093
7475,No Holiday,295.28,1.21,0.0,90,Rain,heavy intensity rain,9,4477
7476,No Holiday,305.6,0.0,0.0,75,Thunderstorm,thunderstorm,5,6018
7477,No Holiday,269.82,0.0,0.0,90,Haze,haze,2,4825
7478,No Holiday,297.82,0.0,0.0,1,Rain,light rain,6,1538
7479,No Holiday,279.34,0.0,0.0,1,Clear,sky is clear,9,2445
7480,No Holiday,276.72,0.0,0.0,1,Clear,sky is clear,12,1151
7481,No Holiday,266.15,0.0,0.0,90,Clouds,overcast clouds,3,389
7482,No Holiday,272.55,0.0,0.0,90,Snow,light snow,2,325
7483,No Holiday,278.73,0.0,0.0,1,Clear,sky is clear,11,3515
7484,No Holiday,263.22,0.0,0.0,75,Mist,mist,1,1587
7485,No Holiday,299.19,0.0,0.0,0,Clear,Sky is Clear,6,3688
7486,No Holiday,264.55,0.0,0.0,90,Snow,light snow,2,5406
7487,No Holiday,279.07,0.0,0.0,90,Clouds,overcast clouds,4,1968
7488,No Holiday,279.07,0.0,0.0,90,Clouds,overcast clouds,4,5651
7489,No Holiday,298.41,0.0,0.0,1,Clear,sky is clear,7,4707
7490,No Holiday,301.73,0.0,0.0,1,Clear,sky is clear,10,2855
7491,No Holiday,272.5,0.0,0.0,90,Snow,light snow,3,740
7492,No Holiday,299.0,0.0,0.0,20,Clouds,few clouds,5,5146
7493,No Holiday,283.61,0.0,0.0,40,Clouds,scattered clouds,11,6047
7494,No Holiday,266.86,0.0,0.0,90,Snow,light snow,12,2156
7495,No Holiday,301.68,0.0,0.0,90,Clouds,overcast clouds,8,4989
7496,No Holiday,260.55,0.0,0.0,90,Haze,haze,12,3983
7497,No Holiday,274.08,0.0,0.0,90,Snow,light snow,1,5619
7498,No Holiday,291.21,0.0,0.0,90,Rain,moderate rain,5,440
7499,No Holiday,281.4,0.0,0.0,40,Clouds,scattered clouds,10,3644
7500,No Holiday,283.21,0.0,0.0,90,Rain,light rain,11,3832
7501,No Holiday,294.79,0.0,0.0,1,Clear,sky is clear,9,5938
7502,No Holiday,289.72,0.0,0.0,90,Mist,mist,5,6641
7503,No Holiday,285.08,0.0,0.0,1,Mist,mist,6,915
7504,No Holiday,275.03,0.0,0.0,90,Rain,light rain,12,257
7505,No Holiday,291.35,0.0,0.0,8,Clear,sky is clear,6,639
7506,No Holiday,301.05,0.0,0.0,1,Clear,sky is clear,7,5416
7507,No Holiday,297.06,7.87,0.0,90,Rain,heavy intensity rain,8,4735
7508,No Holiday,287.22,0.0,0.0,1,Clear,sky is clear,2,4939
7509,No Holiday,285.72,0.0,0.0,1,Clear,sky is clear,5,699
7510,No Holiday,289.89,0.0,0.0,40,Rain,light rain,5,6326
7511,No Holiday,278.49,0.0,0.0,90,Rain,moderate rain,11,2045
7512,No Holiday,286.81,0.47,0.0,92,Drizzle,drizzle,6,4245
7513,No Holiday,298.37,0.0,0.0,1,Clear,sky is clear,9,4339
7514,No Holiday,288.11,0.0,0.0,1,Clear,sky is clear,9,2910
7515,No Holiday,295.93,0.0,0.0,1,Clear,sky is clear,7,5176
7516,No Holiday,258.75,0.0,0.0,99,Clouds,overcast clouds,1,6485
7517,No Holiday,298.35,0.0,0.0,90,Clouds,overcast clouds,8,5780
7518,No Holiday,283.22,0.0,0.0,90,Clouds,overcast clouds,5,5530
7519,No Holiday,275.15,0.0,0.0,1,Clear,sky is clear,11,5933
7520,No Holiday,269.59,0.0,0.0,75,Clouds,broken clouds,11,3649
7521,No Holiday,286.15,0.0,0.0,75,Rain,moderate rain,10,2904
7522,No Holiday,276.44,0.0,0.0,75,Mist,mist,12,2478
7523,No Holiday,275.44,0.0,0.0,90,Mist,mist,12,5882
7524,No Holiday,272.6,0.0,0.0,90,Mist,mist,2,2460
7525,No Holiday,276.15,0.0,0.0,90,Clouds,overcast clouds,3,2582
7526,No Holiday,292.09,6.89,0.0,44,Mist,mist,6,1256
7527,No Holiday,274.35,0.0,0.0,90,Mist,mist,11,3900
7528,No Holiday,283.74,0.0,0.0,90,Drizzle,light intensity drizzle,12,5388
7529,No Holiday,271.09,0.0,0.0,90,Snow,light snow,12,3296
7530,No Holiday,287.08,0.0,0.0,1,Clear,sky is clear,10,4452
7531,No Holiday,271.55,0.0,0.0,90,Snow,light snow,12,500
7532,No Holiday,264.15,0.0,0.0,75,Snow,light snow,12,2339
7533,No Holiday,280.49,0.0,0.0,90,Mist,mist,2,2826
7534,No Holiday,275.39,0.0,0.0,90,Rain,light rain,4,4377
7535,No Holiday,294.99,0.0,0.0,20,Clouds,few clouds,7,6025
7536,No Holiday,296.03,0.0,0.0,0,Clear,Sky is Clear,8,6599
7537,No Holiday,258.03,0.0,0.0,64,Clouds,broken clouds,12,5417
7538,No Holiday,294.82,0.0,0.0,1,Clear,sky is clear,6,3529
7539,No Holiday,270.08,0.0,0.0,90,Mist,mist,1,3637
7540,No Holiday,277.22,0.0,0.0,1,Clear,sky is clear,4,3490
7541,No Holiday,277.09,0.0,0.0,1,Clear,sky is clear,5,1231
7542,No Holiday,286.78,0.0,0.0,90,Mist,mist,5,1475
7543,No Holiday,274.81,0.0,0.0,20,Clouds,few clouds,10,7055
7544,No Holiday,266.2,0.0,0.0,1,Clear,sky is clear,3,2742
7545,No Holiday,273.73,0.0,0.0,90,Snow,heavy snow,4,3096
7546,No Holiday,293.15,0.0,0.0,1,Clear,sky is clear,7,757
7547,No Holiday,274.57,0.0,0.0,90,Clouds,overcast clouds,3,4773
7548,No Holiday,284.19,0.0,0.0,90,Mist,mist,5,4786
7549,No Holiday,277.96,0.0,0.0,64,Mist,mist,11,333
7550,No Holiday,257.72,0.0,0.0,1,Clear,sky is clear,1,246
7551,No Holiday,249.07,0.0,0.0,1,Clear,sky is clear,12,601
7552,No Holiday,291.21,0.65,0.0,75,Rain,moderate rain,8,3113
7553,No Holiday,281.821,0.0,0.0,12,Clouds,few clouds,10,4507
7554,No Holiday,288.77,0.25,0.0,68,Mist,mist,6,378
7555,No Holiday,287.86,0.0,0.0,40,Clouds,scattered clouds,7,5661
7556,No Holiday,271.37,0.0,0.0,75,Clouds,broken clouds,3,1158
7557,No Holiday,272.08,0.0,0.0,1,Clear,sky is clear,11,480
7558,No Holiday,268.82,0.0,0.0,90,Mist,mist,2,3229
7559,No Holiday,272.78,0.0,0.0,1,Clear,sky is clear,3,381
7560,No Holiday,294.88,0.0,0.0,1,Clear,sky is clear,6,5073
7561,No Holiday,275.58,0.0,0.0,90,Snow,light snow,3,3434
7562,No Holiday,289.95,0.0,0.0,90,Clouds,overcast clouds,7,5346
7563,No Holiday,274.768,0.0,0.0,0,Clear,Sky is Clear,10,375
7564,No Holiday,288.33,0.0,0.0,1,Clear,sky is clear,5,5550
7565,No Holiday,285.75,0.0,0.0,20,Clouds,few clouds,9,2856
7566,No Holiday,289.48,0.0,0.0,90,Thunderstorm,proximity thunderstorm with rain,9,5527
7567,No Holiday,282.62,0.0,0.0,90,Drizzle,light intensity drizzle,3,586
7568,No Holiday,258.15,0.0,0.0,1,Snow,light snow,12,5058
7569,No Holiday,273.75,0.0,0.0,90,Clouds,overcast clouds,12,370
7570,No Holiday,273.09,0.0,0.0,90,Snow,heavy snow,4,5001
7571,No Holiday,287.24,3.45,0.0,90,Rain,moderate rain,9,4567
7572,No Holiday,298.95,0.0,0.0,20,Clouds,few clouds,9,2851
7573,No Holiday,287.62,0.0,0.0,88,Clouds,overcast clouds,7,2635
7574,No Holiday,275.69,0.0,0.0,90,Snow,snow,5,792
7575,No Holiday,282.89,0.0,0.0,75,Rain,proximity shower rain,3,6789
7576,No Holiday,290.84,0.0,0.0,1,Clear,sky is clear,10,453
7577,No Holiday,296.72,0.0,0.0,1,Clear,sky is clear,9,4831
7578,No Holiday,288.58,0.0,0.0,88,Clouds,overcast clouds,9,5719
7579,No Holiday,279.44,0.0,0.0,90,Clouds,overcast clouds,11,284
7580,No Holiday,281.95,0.0,0.0,90,Rain,light rain,4,3849
7581,No Holiday,250.88,0.0,0.0,90,Clouds,overcast clouds,12,3648
7582,No Holiday,272.86,0.0,0.0,1,Clear,sky is clear,12,5346
7583,No Holiday,295.67,0.0,0.0,8,Clear,sky is clear,7,1164
7584,No Holiday,270.54,0.76,0.0,64,Snow,light snow,1,812
7585,No Holiday,274.65,0.0,0.0,90,Rain,light rain,4,6595
7586,No Holiday,280.3,0.0,0.0,90,Mist,mist,3,4205
7587,No Holiday,274.15,0.0,0.0,90,Mist,mist,3,313
7588,No Holiday,282.22,0.0,0.0,1,Clear,sky is clear,11,3975
7589,No Holiday,262.93,0.0,0.0,75,Clouds,broken clouds,1,3907
7590,No Holiday,289.58,0.0,0.0,1,Rain,moderate rain,8,5655
7591,No Holiday,274.91,0.0,0.0,40,Clouds,scattered clouds,4,3142
7592,No Holiday,280.74,0.0,0.0,90,Clouds,overcast clouds,4,2094
7593,No Holiday,285.64,0.0,0.0,1,Clear,sky is clear,10,4724
7594,No Holiday,298.5,0.0,0.0,80,Clouds,broken clouds,7,3138
7595,No Holiday,272.5,0.0,0.0,90,Mist,mist,2,349
7596,No Holiday,261.9,0.0,0.0,90,Clouds,overcast clouds,2,5269
7597,No Holiday,294.79,0.0,0.0,1,Clear,sky is clear,8,3631
7598,No Holiday,267.22,0.0,0.0,90,Snow,light snow,3,5027
7599,No Holiday,284.54,0.0,0.0,90,Clouds,overcast clouds,10,2228
7600,No Holiday,298.96,0.0,0.0,12,Clouds,few clouds,6,3004
7601,No Holiday,292.59,1.59,0.0,90,Rain,moderate rain,6,543
7602,No Holiday,294.55,0.0,0.0,75,Thunderstorm,proximity thunderstorm,6,514
7603,No Holiday,264.95,0.0,0.0,90,Snow,light snow,12,3683
7604,No Holiday,277.21,0.0,0.0,1,Clear,sky is clear,2,5696
7605,No Holiday,302.37,0.0,0.0,1,Clear,sky is clear,6,4527
7606,No Holiday,271.58,0.0,0.0,1,Clear,sky is clear,3,5983
7607,No Holiday,274.35,0.0,0.0,40,Clouds,scattered clouds,2,2962
7608,No Holiday,274.97,0.0,0.0,90,Rain,light rain,2,6098
7609,No Holiday,275.5,0.0,0.0,1,Haze,haze,1,4862
7610,No Holiday,282.55,0.0,0.0,90,Mist,mist,10,4164
7611,No Holiday,286.42,0.0,0.0,90,Rain,light rain,8,3123
7612,No Holiday,274.66,0.0,0.0,90,Mist,mist,3,2177
7613,No Holiday,278.52,1.13,0.0,90,Rain,moderate rain,4,255
7614,No Holiday,264.53,0.0,0.0,1,Clear,sky is clear,12,5480
7615,No Holiday,257.22,0.0,0.0,5,Clear,sky is clear,1,3025
7616,No Holiday,267.22,0.0,0.0,90,Mist,mist,3,5538
7617,No Holiday,260.01,0.0,0.0,1,Clear,sky is clear,3,612
7618,No Holiday,284.97,0.0,0.0,90,Clouds,overcast clouds,4,3085
7619,No Holiday,274.08,0.0,0.0,90,Mist,mist,12,990
7620,No Holiday,294.11,0.25,0.0,5,Rain,light rain,8,5308
7621,No Holiday,275.77,0.0,0.0,90,Drizzle,drizzle,11,2980
7622,No Holiday,288.71,0.0,0.0,1,Clear,sky is clear,8,3014
7623,No Holiday,289.44,0.0,0.0,1,Rain,heavy intensity rain,6,5219
7624,No Holiday,283.4,0.0,0.0,90,Clouds,overcast clouds,5,2984
7625,No Holiday,277.51,4.53,0.0,90,Rain,heavy intensity rain,4,3451
7626,No Holiday,272.35,0.0,0.0,90,Clouds,overcast clouds,11,4021
7627,No Holiday,283.82,0.0,0.0,90,Rain,light rain,4,280
7628,No Holiday,274.34,0.0,0.0,1,Clear,sky is clear,11,4331
7629,No Holiday,265.21,0.0,0.0,90,Clouds,overcast clouds,12,5372
7630,No Holiday,256.92,0.25,0.0,64,Snow,light snow,12,1539
7631,No Holiday,294.48,0.0,0.0,90,Drizzle,light intensity drizzle,5,4823
7632,No Holiday,273.0,0.0,0.0,78,Clouds,broken clouds,12,5007
7633,No Holiday,304.08,0.0,0.0,20,Clouds,few clouds,7,3282
7634,No Holiday,280.22,0.0,0.0,90,Clouds,overcast clouds,12,4035
7635,No Holiday,281.79,0.0,0.0,40,Clouds,scattered clouds,11,4490
7636,No Holiday,296.494,0.0,0.0,68,Clouds,broken clouds,7,3144
7637,No Holiday,291.87,0.0,0.0,90,Rain,heavy intensity rain,8,5434
7638,No Holiday,264.62,0.0,0.0,90,Snow,snow,12,1190
7639,No Holiday,272.08,0.0,0.0,90,Snow,light snow,4,5038
7640,No Holiday,260.02,0.0,0.0,1,Clear,sky is clear,2,4789
7641,No Holiday,281.15,0.0,0.0,90,Rain,moderate rain,10,1531
7642,No Holiday,284.418,0.0,0.0,44,Clouds,scattered clouds,5,4929
7643,No Holiday,299.83,0.0,0.0,1,Clear,sky is clear,8,6122
7644,No Holiday,293.32,0.0,0.0,1,Clear,sky is clear,5,4493
7645,No Holiday,301.51,0.0,0.0,75,Clouds,broken clouds,7,4771
7646,No Holiday,270.62,0.0,0.0,90,Haze,haze,12,4785
7647,No Holiday,275.22,0.0,0.0,90,Drizzle,drizzle,3,1670
7648,No Holiday,272.42,0.0,0.0,90,Clouds,overcast clouds,3,1077
7649,No Holiday,291.35,0.0,0.0,1,Mist,mist,8,818
7650,No Holiday,289.91,0.0,0.0,40,Clouds,scattered clouds,9,4582
7651,No Holiday,289.06,0.0,0.0,8,Mist,mist,6,377
7652,No Holiday,290.53,0.0,0.0,75,Clouds,broken clouds,5,4184
7653,No Holiday,285.69,0.0,0.0,90,Clouds,overcast clouds,9,5973
7654,No Holiday,293.75,0.0,0.0,36,Clouds,scattered clouds,9,2755
7655,No Holiday,269.51,0.0,0.0,90,Snow,heavy snow,4,1461
7656,No Holiday,291.15,0.0,0.0,90,Rain,light rain,7,376
7657,No Holiday,274.22,0.0,0.0,90,Rain,moderate rain,10,5159
7658,No Holiday,273.47,0.0,0.0,90,Fog,fog,3,3870
7659,No Holiday,276.48,0.0,0.0,90,Mist,mist,11,361
7660,No Holiday,274.79,0.0,0.0,90,Mist,mist,3,2919
7661,No Holiday,301.75,0.0,0.0,75,Rain,light rain,7,4200
7662,No Holiday,272.15,0.0,0.0,1,Clear,sky is clear,12,1350
7663,No Holiday,279.36,0.0,0.0,75,Clouds,broken clouds,2,5442
7664,No Holiday,298.3,0.0,0.0,0,Clear,Sky is Clear,8,1618
7665,No Holiday,290.576,0.0,0.0,88,Clouds,overcast clouds,5,6143
7666,No Holiday,268.19,0.0,0.0,75,Clouds,broken clouds,3,1868
7667,No Holiday,272.22,0.0,0.0,1,Clear,sky is clear,12,1441
7668,No Holiday,294.99,0.0,0.0,90,Clouds,overcast clouds,9,4930
7669,No Holiday,295.28,6.47,0.0,90,Thunderstorm,thunderstorm with rain,8,4171
7670,No Holiday,269.68,0.0,0.0,40,Clouds,scattered clouds,1,519
7671,No Holiday,265.34,0.0,0.0,40,Snow,light snow,12,4447
7672,No Holiday,280.81,0.0,0.0,90,Clouds,overcast clouds,5,2726
7673,No Holiday,255.82,0.0,0.0,90,Clouds,overcast clouds,2,3087
7674,No Holiday,279.02,0.0,0.0,90,Clouds,overcast clouds,11,1266
7675,No Holiday,269.86,0.0,0.0,90,Snow,light snow,12,279
7676,No Holiday,283.91,0.0,0.0,20,Clouds,few clouds,4,5008
7677,No Holiday,292.29,0.0,0.0,5,Clear,sky is clear,6,5157
7678,No Holiday,269.37,0.0,0.0,90,Clouds,overcast clouds,3,3929
7679,No Holiday,274.86,0.0,0.0,90,Haze,haze,3,5059
7680,No Holiday,275.76,0.0,0.0,90,Haze,haze,1,6602
7681,No Holiday,281.27,0.0,0.0,1,Clear,sky is clear,5,3006
7682,No Holiday,289.82,0.0,0.0,1,Clear,sky is clear,9,896
7683,No Holiday,287.03,0.0,0.0,1,Clear,sky is clear,5,1107
7684,No Holiday,291.63,0.0,0.0,90,Clouds,overcast clouds,5,4586
7685,No Holiday,289.81,0.0,0.0,75,Clouds,broken clouds,9,1739
7686,No Holiday,292.08,0.0,0.0,75,Clouds,broken clouds,7,204
7687,No Holiday,290.73,0.0,0.0,1,Clear,sky is clear,7,425
7688,No Holiday,281.26,0.0,0.0,90,Clouds,overcast clouds,10,959
7689,No Holiday,298.51,0.28,0.0,40,Rain,proximity shower rain,9,3275
7690,No Holiday,295.35,0.25,0.0,75,Rain,moderate rain,9,6223
7691,No Holiday,265.09,0.0,0.0,64,Clouds,broken clouds,12,1042
7692,No Holiday,273.99,0.0,0.0,90,Clouds,overcast clouds,4,4751
7693,No Holiday,273.01,0.0,0.0,90,Drizzle,light intensity drizzle,12,6376
7694,No Holiday,274.19,0.0,0.0,90,Snow,heavy snow,4,338
7695,No Holiday,273.9,0.0,0.0,90,Clouds,overcast clouds,4,6246
7696,No Holiday,287.62,0.0,0.0,75,Clouds,broken clouds,8,268
7697,No Holiday,303.5,0.0,0.0,75,Clouds,broken clouds,8,5672
7698,No Holiday,292.69,0.0,0.0,0,Clear,Sky is Clear,5,2672
7699,No Holiday,292.6,0.0,0.0,1,Clear,sky is clear,6,2907
7700,No Holiday,291.09,0.0,0.0,1,Clear,sky is clear,7,798
7701,No Holiday,277.15,0.0,0.0,90,Clouds,overcast clouds,3,4542
7702,No Holiday,298.15,0.0,0.0,40,Clouds,scattered clouds,5,4927
7703,No Holiday,274.28,0.0,0.0,90,Rain,light rain,12,4665
7704,No Holiday,276.49,0.0,0.0,90,Mist,mist,12,2669
7705,No Holiday,294.14,0.0,0.0,1,Clear,sky is clear,8,2205
7706,No Holiday,286.724,0.0,0.0,20,Clouds,few clouds,2,4821
7707,No Holiday,284.73,0.0,0.0,1,Clear,sky is clear,6,375
7708,No Holiday,268.9,0.0,0.0,64,Fog,fog,12,688
7709,No Holiday,274.48,0.0,0.0,90,Snow,light snow,10,935
7710,No Holiday,269.57,0.0,0.0,90,Mist,mist,12,5179
7711,No Holiday,272.65,0.0,0.0,90,Clouds,overcast clouds,12,3341
7712,No Holiday,297.25,0.0,0.0,0,Clear,Sky is Clear,6,5651
7713,No Holiday,287.87,0.0,0.0,90,Clouds,overcast clouds,8,351
7714,No Holiday,276.1,0.0,0.0,1,Clear,sky is clear,3,4502
7715,No Holiday,296.29,0.25,0.0,1,Rain,light rain,5,2804
7716,No Holiday,294.28,0.0,0.0,90,Rain,light rain,5,5948
7717,No Holiday,283.01,0.0,0.0,90,Mist,mist,5,4238
7718,No Holiday,262.47,0.0,0.0,1,Clear,sky is clear,11,1708
7719,No Holiday,258.53,0.0,0.0,90,Clouds,overcast clouds,12,4096
7720,No Holiday,276.07,0.0,0.0,90,Clouds,overcast clouds,11,1720
7721,No Holiday,275.02,0.0,0.0,90,Mist,mist,1,2624
7722,No Holiday,271.48,0.0,0.0,75,Clouds,broken clouds,1,1430
7723,No Holiday,303.18,0.0,0.0,0,Clear,Sky is Clear,7,5931
7724,No Holiday,271.51,0.0,0.0,1,Fog,fog,1,2231
7725,No Holiday,298.27,0.25,0.0,90,Rain,light rain,7,2603
7726,No Holiday,273.22,0.0,0.0,1,Mist,mist,12,849
7727,No Holiday,290.9,0.89,0.0,90,Rain,light rain,5,5095
7728,No Holiday,268.3,0.0,0.0,20,Haze,haze,1,4074
7729,No Holiday,269.95,0.0,0.0,1,Clear,sky is clear,11,4298
7730,No Holiday,305.13,0.0,0.0,40,Clouds,scattered clouds,7,5893
7731,No Holiday,299.1,0.0,0.0,32,Clouds,scattered clouds,7,2792
7732,No Holiday,275.66,0.0,0.0,1,Clear,sky is clear,5,693
7733,No Holiday,267.48,0.0,0.0,90,Mist,mist,1,3998
7734,No Holiday,283.35,0.0,0.0,90,Clouds,overcast clouds,5,5323
7735,No Holiday,259.15,0.0,0.0,64,Mist,mist,12,231
7736,No Holiday,286.29,0.0,0.0,75,Clouds,broken clouds,4,6253
7737,No Holiday,275.62,0.0,0.0,90,Rain,moderate rain,11,2227
7738,No Holiday,276.71,0.0,0.0,90,Drizzle,heavy intensity drizzle,5,1051
7739,No Holiday,294.12,2.92,0.0,75,Drizzle,drizzle,9,4383
7740,No Holiday,299.81,0.0,0.0,1,Clear,sky is clear,8,3233
7741,No Holiday,270.02,0.0,0.0,75,Clouds,broken clouds,3,5339
7742,No Holiday,264.68,0.0,0.0,90,Snow,light snow,1,1666
7743,No Holiday,268.81,0.0,0.0,90,Snow,light snow,12,5386
7744,No Holiday,295.65,0.0,0.0,40,Rain,light rain,7,903
7745,No Holiday,281.38,0.0,0.0,90,Rain,light rain,3,4319
7746,No Holiday,285.3,0.0,0.0,20,Clouds,few clouds,4,5746
7747,No Holiday,262.35,0.0,0.0,5,Snow,light snow,1,5287
7748,No Holiday,301.15,0.0,0.0,1,Clear,sky is clear,7,4794
7749,No Holiday,272.29,0.0,0.0,90,Rain,light rain,3,5690
7750,No Holiday,274.61,0.0,0.0,90,Mist,mist,10,435
7751,No Holiday,289.97,0.0,0.0,90,Clouds,overcast clouds,5,4048
7752,No Holiday,274.69,0.0,0.0,90,Mist,mist,4,1007
7753,No Holiday,266.09,0.0,0.0,1,Clear,sky is clear,3,1305
7754,No Holiday,274.29,0.0,0.0,1,Clear,sky is clear,11,381
7755,No Holiday,276.01,0.0,0.0,20,Clouds,few clouds,10,4567
7756,No Holiday,272.09,0.0,0.0,90,Clouds,overcast clouds,12,4726
7757,No Holiday,298.38,0.0,0.0,75,Thunderstorm,proximity thunderstorm,7,729
7758,No Holiday,291.36,0.0,0.0,24,Rain,moderate rain,6,401
7759,No Holiday,266.86,0.0,0.0,90,Mist,mist,11,6242
7760,No Holiday,270.68,0.0,0.0,90,Snow,light snow,12,1814
7761,No Holiday,261.5,0.0,0.0,64,Clouds,broken clouds,11,6874
7762,No Holiday,282.55,0.0,0.0,1,Clear,sky is clear,10,365
7763,No Holiday,291.09,0.0,0.0,1,Clear,sky is clear,4,4697
7764,No Holiday,270.55,0.0,0.0,1,Mist,mist,1,366
7765,No Holiday,298.31,0.0,0.0,40,Clouds,scattered clouds,8,4071
7766,No Holiday,277.25,0.0,0.0,20,Clouds,few clouds,11,1707
7767,No Holiday,277.08,0.0,0.0,75,Clouds,broken clouds,4,4606
7768,No Holiday,298.48,0.0,0.0,75,Clouds,broken clouds,6,2760
7769,No Holiday,297.42,0.0,0.0,1,Rain,light rain,9,466
7770,No Holiday,288.48,0.0,0.0,0,Clear,Sky is Clear,9,6011
7771,No Holiday,271.89,0.0,0.0,90,Mist,mist,1,4329
7772,No Holiday,282.49,0.0,0.0,90,Mist,mist,5,1970
7773,No Holiday,284.17,0.0,0.0,90,Clouds,overcast clouds,11,3504
7774,No Holiday,291.55,0.25,0.0,48,Rain,light rain,6,616
7775,No Holiday,299.71,0.0,0.0,1,Clear,sky is clear,9,5829
7776,No Holiday,293.82,0.0,0.0,40,Clouds,scattered clouds,8,5189
7777,No Holiday,273.64,0.0,0.0,75,Mist,mist,11,4543
7778,No Holiday,292.77,0.0,0.0,1,Mist,mist,8,593
7779,No Holiday,300.35,0.0,0.0,36,Clouds,scattered clouds,7,5227
7780,No Holiday,300.82,0.0,0.0,1,Clear,sky is clear,7,1294
7781,No Holiday,290.46,0.0,0.0,40,Rain,light rain,6,438
7782,No Holiday,269.15,0.0,0.0,1,Clear,sky is clear,3,335
7783,No Holiday,271.22,0.0,0.0,1,Haze,haze,1,421
7784,No Holiday,274.94,0.0,0.0,40,Clouds,scattered clouds,1,486
7785,No Holiday,286.71,0.0,0.0,92,Rain,light rain,7,312
7786,No Holiday,298.02,0.0,0.0,75,Rain,light rain,8,3275
7787,No Holiday,270.68,0.0,0.0,75,Clouds,broken clouds,12,855
7788,No Holiday,300.44,0.0,0.0,1,Clear,sky is clear,9,4782
7789,No Holiday,287.28,0.0,0.0,90,Thunderstorm,proximity thunderstorm,10,5545
7790,No Holiday,291.35,0.25,0.0,90,Drizzle,drizzle,9,2356
7791,No Holiday,251.07,0.0,0.0,1,Clear,sky is clear,1,2728
7792,No Holiday,283.86,0.0,0.0,1,Clear,sky is clear,4,6851
7793,No Holiday,250.86,0.0,0.0,1,Clear,sky is clear,2,298
7794,No Holiday,291.35,0.0,0.0,90,Rain,light rain,7,2822
7795,No Holiday,280.68,0.0,0.0,90,Clouds,overcast clouds,9,3818
7796,No Holiday,291.35,0.0,0.0,90,Drizzle,light intensity drizzle,5,4864
7797,No Holiday,265.06,0.0,0.0,1,Clear,sky is clear,4,6310
7798,No Holiday,255.65,0.0,0.0,90,Clouds,overcast clouds,1,4911
7799,No Holiday,273.79,0.0,0.0,1,Clear,sky is clear,12,5335
7800,No Holiday,291.7,0.0,0.0,1,Clear,sky is clear,9,2924
7801,No Holiday,290.84,4.79,0.0,90,Mist,mist,9,5257
7802,No Holiday,275.08,0.0,0.0,90,Mist,mist,1,3351
7803,No Holiday,268.01,0.0,0.0,75,Clouds,broken clouds,12,5072
7804,No Holiday,279.08,0.0,0.0,1,Fog,fog,11,6110
7805,No Holiday,282.04,0.0,0.0,56,Clouds,broken clouds,9,5691
7806,No Holiday,260.14,0.0,0.0,90,Clouds,overcast clouds,12,5160
7807,No Holiday,256.86,0.0,0.0,1,Clear,sky is clear,2,5062
7808,No Holiday,277.01,0.0,0.0,90,Rain,light rain,3,1303
7809,No Holiday,282.9,0.0,0.0,90,Drizzle,light intensity drizzle,5,1125
7810,No Holiday,304.45,0.0,0.0,24,Clouds,few clouds,6,5055
7811,No Holiday,297.57,0.0,0.0,8,Clear,sky is clear,6,4447
7812,No Holiday,271.52,0.28,0.0,75,Rain,light rain,3,5068
7813,No Holiday,269.35,0.0,0.0,90,Haze,haze,2,3927
7814,No Holiday,276.5,0.0,0.0,75,Clouds,broken clouds,11,6968
7815,No Holiday,273.82,0.0,0.0,90,Clouds,overcast clouds,1,4389
7816,No Holiday,291.08,0.0,0.0,1,Clear,sky is clear,5,486
7817,No Holiday,273.68,0.0,0.0,1,Fog,fog,11,242
7818,No Holiday,287.92,0.0,0.0,12,Rain,light rain,6,449
7819,No Holiday,274.91,0.0,0.0,99,Clear,sky is clear,11,6182
7820,No Holiday,266.35,0.0,0.0,90,Snow,light snow,12,1757
7821,No Holiday,280.69,0.0,0.0,40,Drizzle,light intensity drizzle,4,1283
7822,No Holiday,270.37,0.0,0.0,0,Clear,sky is clear,4,887
7823,No Holiday,297.62,0.0,0.0,75,Thunderstorm,thunderstorm with rain,7,4465
7824,No Holiday,291.11,0.0,0.0,40,Thunderstorm,proximity thunderstorm,5,373
7825,No Holiday,252.02,0.0,0.0,75,Clouds,broken clouds,3,2666
7826,No Holiday,287.47,0.0,0.0,40,Clouds,scattered clouds,10,5880
7827,No Holiday,268.33,0.0,0.0,75,Clouds,broken clouds,3,4784
7828,No Holiday,260.43,0.0,0.0,1,Clear,sky is clear,1,230
7829,No Holiday,284.93,0.0,0.0,1,Clear,sky is clear,9,1708
7830,No Holiday,284.75,0.0,0.0,1,Clear,sky is clear,9,432
7831,No Holiday,270.94,0.0,0.0,1,Clear,sky is clear,11,601
7832,No Holiday,288.3,0.0,0.0,8,Clear,sky is clear,6,486
7833,No Holiday,268.39,0.0,0.0,90,Haze,haze,12,4985
7834,No Holiday,274.15,0.0,0.0,1,Mist,mist,11,5695
7835,No Holiday,274.02,0.0,0.0,90,Clouds,overcast clouds,3,349
7836,No Holiday,270.82,0.0,0.0,90,Snow,heavy snow,2,5325
7837,No Holiday,267.16,0.0,0.0,90,Clouds,overcast clouds,1,4660
7838,No Holiday,299.88,0.0,0.0,0,Clear,Sky is Clear,8,406
7839,No Holiday,272.67,0.0,0.0,75,Clouds,broken clouds,3,4681
7840,No Holiday,266.69,0.0,0.0,90,Clouds,overcast clouds,12,2018
7841,No Holiday,254.9,0.0,0.0,1,Clear,sky is clear,1,1757
7842,No Holiday,277.22,0.0,0.0,1,Clear,sky is clear,4,745
7843,No Holiday,300.8,0.0,0.0,1,Clear,sky is clear,6,5344
7844,No Holiday,278.89,0.0,0.0,90,Mist,mist,11,5719
7845,No Holiday,260.28,0.0,0.0,75,Clouds,broken clouds,12,4958
7846,No Holiday,298.62,0.0,0.0,20,Clouds,few clouds,7,3135
7847,No Holiday,259.22,0.0,0.0,1,Clear,sky is clear,2,394
7848,No Holiday,292.35,0.0,0.0,75,Mist,mist,7,2862
7849,No Holiday,289.86,0.3,0.0,1,Rain,light rain,9,6022
7850,No Holiday,295.06,0.6,0.0,20,Rain,light rain,8,434
7851,No Holiday,292.8,3.3,0.0,90,Rain,moderate rain,5,4506
7852,No Holiday,284.4,0.0,0.0,20,Clouds,few clouds,5,5902
7853,No Holiday,291.5,0.0,0.0,0,Clear,Sky is Clear,8,2805
7854,No Holiday,287.15,0.0,0.0,90,Drizzle,drizzle,9,2894
7855,No Holiday,296.15,0.0,0.0,90,Drizzle,light intensity drizzle,7,4941
7856,No Holiday,292.15,0.0,0.0,1,Clear,sky is clear,8,4690
7857,No Holiday,290.08,0.0,0.0,75,Clouds,broken clouds,6,4750
7858,No Holiday,297.71,0.0,0.0,64,Clouds,broken clouds,7,4758
7859,No Holiday,296.59,0.0,0.0,1,Haze,haze,9,4807
7860,No Holiday,295.95,0.51,0.0,75,Rain,light rain,8,2665
7861,No Holiday,289.35,0.0,0.0,90,Thunderstorm,proximity thunderstorm with rain,6,6083
7862,No Holiday,293.9,0.0,0.0,90,Fog,fog,9,5453
7863,No Holiday,264.72,0.0,0.0,20,Clouds,few clouds,12,1596
7864,No Holiday,298.96,0.0,0.0,1,Thunderstorm,proximity thunderstorm,5,5990
7865,No Holiday,299.66,0.0,0.0,40,Clouds,scattered clouds,8,5856
7866,No Holiday,274.84,0.0,0.0,90,Rain,light rain,12,2693
7867,No Holiday,301.28,0.0,0.0,40,Clouds,scattered clouds,7,4745
7868,No Holiday,295.21,0.0,0.0,0,Clear,Sky is Clear,7,5353
7869,No Holiday,253.33,0.0,0.0,85,Clouds,overcast clouds,2,5518
7870,No Holiday,291.94,0.0,0.0,90,Mist,mist,5,2680
7871,No Holiday,272.64,0.0,0.0,90,Clouds,overcast clouds,12,4178
7872,No Holiday,289.88,1.35,0.0,90,Drizzle,light intensity drizzle,6,905
7873,No Holiday,289.5,0.0,0.0,1,Rain,light rain,8,410
7874,No Holiday,286.19,0.0,0.0,12,Clouds,few clouds,9,4281
7875,No Holiday,276.17,0.0,0.0,64,Clouds,broken clouds,11,2844
7876,No Holiday,298.6,0.0,0.0,1,Thunderstorm,thunderstorm,8,2465
7877,No Holiday,292.36,0.0,0.0,90,Mist,mist,8,3022
7878,No Holiday,284.45,0.0,0.0,90,Drizzle,drizzle,7,318
7879,No Holiday,302.28,0.0,0.0,0,Clear,Sky is Clear,8,6005
7880,No Holiday,290.43,0.0,0.0,90,Clouds,overcast clouds,4,4488
7881,No Holiday,293.25,1.27,0.0,75,Rain,moderate rain,6,2527
7882,No Holiday,279.65,0.0,0.0,87,Drizzle,light intensity drizzle,10,5162
7883,No Holiday,289.92,0.0,0.0,20,Mist,mist,6,4509
7884,No Holiday,271.69,0.0,0.0,1,Clear,sky is clear,4,3892
7885,No Holiday,261.46,0.0,0.0,75,Snow,light snow,12,521
7886,No Holiday,298.08,0.0,0.0,90,Clouds,overcast clouds,6,5997
7887,No Holiday,256.08,0.0,0.0,20,Clouds,few clouds,2,4141
7888,No Holiday,271.15,0.0,0.0,90,Clouds,overcast clouds,11,2461
7889,No Holiday,281.43,0.0,0.0,1,Clear,sky is clear,11,850
7890,No Holiday,291.48,1.78,0.0,90,Mist,mist,8,4100
7891,No Holiday,278.03,0.0,0.0,90,Mist,mist,11,792
7892,No Holiday,269.22,0.0,0.0,75,Mist,mist,12,2839
7893,No Holiday,250.14,0.0,0.0,89,Clouds,overcast clouds,2,580
7894,No Holiday,270.74,0.0,0.0,40,Clouds,scattered clouds,1,5674
7895,No Holiday,288.6,0.0,0.0,90,Clouds,overcast clouds,5,2912
7896,No Holiday,269.21,0.0,0.0,20,Clouds,few clouds,3,4410
7897,No Holiday,300.69,0.0,0.0,0,Clear,Sky is Clear,6,5954
7898,No Holiday,280.16,0.0,0.0,90,Rain,light rain,4,418
7899,No Holiday,297.01,0.0,0.0,1,Clear,sky is clear,7,1141
7900,No Holiday,285.49,0.0,0.0,1,Clear,sky is clear,5,5368
7901,No Holiday,295.5,0.0,0.0,1,Clear,sky is clear,9,3128
7902,No Holiday,282.45,0.0,0.0,90,Mist,mist,5,592
7903,No Holiday,277.41,0.3,0.0,90,Drizzle,light intensity drizzle,4,4697
7904,No Holiday,294.83,0.0,0.0,40,Clouds,scattered clouds,8,296
7905,No Holiday,288.35,0.0,0.0,40,Clouds,scattered clouds,10,3435
7906,No Holiday,287.66,0.25,0.0,1,Rain,light rain,5,1036
7907,No Holiday,262.28,0.0,0.0,64,Fog,fog,12,417
7908,No Holiday,296.85,0.0,0.0,1,Clear,sky is clear,8,3928
7909,No Holiday,294.53,0.0,0.0,75,Clouds,broken clouds,9,5934
7910,No Holiday,293.33,0.0,0.0,1,Clear,sky is clear,9,4291
7911,No Holiday,284.637,0.0,0.0,92,Clouds,overcast clouds,10,3807
7912,No Holiday,290.08,0.0,0.0,12,Thunderstorm,thunderstorm,5,3283
7913,No Holiday,294.36,0.0,0.0,75,Clouds,broken clouds,7,1752
7914,No Holiday,283.08,0.0,0.0,1,Drizzle,light intensity drizzle,12,247
7915,No Holiday,274.02,0.0,0.0,90,Snow,light snow,12,4524
7916,No Holiday,253.01,0.0,0.0,20,Clouds,few clouds,2,4519
7917,No Holiday,274.93,0.51,0.0,64,Rain,light rain,1,3752
7918,No Holiday,289.16,0.25,0.0,90,Mist,mist,5,379
7919,No Holiday,291.47,0.0,0.0,1,Clear,sky is clear,8,5190
7920,No Holiday,274.79,0.0,0.0,1,Clear,sky is clear,3,600
7921,No Holiday,294.22,0.0,0.0,1,Haze,haze,7,1433
7922,No Holiday,298.85,0.0,0.0,40,Clouds,scattered clouds,5,3551
7923,No Holiday,270.84,0.0,0.0,64,Clouds,broken clouds,1,5592
7924,No Holiday,255.55,0.0,0.0,1,Snow,light snow,1,354
7925,No Holiday,284.94,0.0,0.0,1,Clear,sky is clear,4,5191
7926,No Holiday,305.52,0.0,0.0,0,Clear,Sky is Clear,7,3807
7927,No Holiday,290.44,0.0,0.0,90,Thunderstorm,thunderstorm with heavy rain,8,392
7928,No Holiday,291.55,0.0,0.0,1,Clear,sky is clear,6,305
7929,No Holiday,276.8,0.0,0.0,0,Clear,sky is clear,11,6517
7930,No Holiday,264.46,0.0,0.0,40,Clouds,scattered clouds,11,3029
7931,No Holiday,296.57,0.25,0.0,90,Rain,heavy intensity rain,8,2969
7932,No Holiday,256.08,0.0,0.0,90,Clouds,overcast clouds,2,3495
7933,No Holiday,301.13,0.0,0.0,0,Clear,Sky is Clear,7,6146
7934,No Holiday,296.31,0.0,0.0,44,Clouds,scattered clouds,6,4761
7935,No Holiday,286.65,0.0,0.0,75,Clouds,broken clouds,7,6610
7936,No Holiday,298.09,0.0,0.0,75,Thunderstorm,proximity thunderstorm,7,2623
7937,No Holiday,280.72,0.0,0.0,90,Mist,mist,11,956
7938,No Holiday,285.64,0.0,0.0,44,Clouds,scattered clouds,8,337
7939,No Holiday,281.44,0.25,0.0,90,Rain,light rain,5,2871
7940,No Holiday,297.02,0.0,0.0,40,Clouds,scattered clouds,5,5941
7941,No Holiday,274.94,0.0,0.0,90,Rain,moderate rain,3,1150
7942,No Holiday,279.48,0.0,0.0,90,Snow,light snow,11,858
7943,No Holiday,284.88,0.0,0.0,75,Clouds,broken clouds,5,268
7944,No Holiday,256.67,0.0,0.0,85,Clouds,overcast clouds,2,2768
7945,No Holiday,250.38,0.0,0.0,1,Clear,sky is clear,1,4801
7946,No Holiday,291.05,0.0,0.0,0,Clear,Sky is Clear,8,5069
7947,No Holiday,271.08,0.0,0.0,40,Haze,haze,1,1216
7948,No Holiday,294.11,0.0,0.0,1,Rain,light rain,8,5537
7949,No Holiday,266.01,0.0,0.0,1,Clear,sky is clear,4,6637
7950,No Holiday,271.58,0.0,0.0,64,Mist,mist,12,2744
7951,No Holiday,271.8,0.0,0.0,40,Clouds,scattered clouds,1,3096
7952,No Holiday,265.17,0.0,0.0,90,Snow,heavy snow,12,450
7953,No Holiday,302.52,0.0,0.0,40,Clouds,scattered clouds,7,3398
7954,No Holiday,305.01,0.0,0.0,40,Clouds,scattered clouds,7,4401
7955,No Holiday,279.95,0.0,0.0,1,Clear,sky is clear,11,2635
7956,No Holiday,272.29,0.0,0.0,75,Clouds,broken clouds,3,5441
7957,No Holiday,272.52,0.0,0.0,90,Mist,mist,4,238
7958,No Holiday,278.87,0.0,0.0,90,Haze,haze,11,2835
7959,No Holiday,261.02,0.0,0.0,90,Clouds,overcast clouds,2,611
7960,No Holiday,264.17,0.0,0.0,64,Snow,light snow,12,364
7961,No Holiday,292.15,0.0,0.0,90,Mist,mist,8,5982
7962,No Holiday,282.96,0.0,0.0,1,Clear,sky is clear,3,3100
7963,No Holiday,298.88,0.0,0.0,75,Clouds,broken clouds,6,4801
7964,No Holiday,270.22,0.0,0.0,75,Clouds,broken clouds,1,6094
7965,No Holiday,286.65,0.0,0.0,1,Clear,sky is clear,11,4674
7966,No Holiday,275.86,0.0,0.0,90,Drizzle,light intensity drizzle,3,3595
7967,No Holiday,294.16,0.81,0.0,92,Rain,moderate rain,6,3378
7968,No Holiday,282.37,0.0,0.0,40,Clouds,scattered clouds,10,915
7969,No Holiday,290.26,1.52,0.0,90,Mist,mist,8,986
7970,No Holiday,290.22,0.0,0.0,1,Rain,light rain,10,788
7971,No Holiday,259.74,0.0,0.0,1,Clear,sky is clear,12,651
7972,No Holiday,290.62,0.0,0.0,32,Clouds,scattered clouds,6,4076
7973,No Holiday,272.6,0.0,0.0,5,Clear,sky is clear,1,4706
7974,No Holiday,271.36,0.0,0.0,90,Snow,light snow,3,4600
7975,No Holiday,284.01,0.0,0.0,0,Clear,Sky is Clear,10,2825
7976,No Holiday,267.94,0.0,0.0,5,Clear,sky is clear,3,3333
7977,No Holiday,295.41,0.0,0.0,90,Mist,mist,8,6485
7978,No Holiday,287.29,0.0,0.0,75,Clouds,broken clouds,5,6364
7979,No Holiday,273.22,0.0,0.0,90,Clouds,overcast clouds,11,6647
7980,No Holiday,291.252,0.0,0.0,56,Clouds,broken clouds,10,1372
7981,No Holiday,278.29,0.0,0.0,75,Clouds,broken clouds,1,5810
7982,No Holiday,284.31,11.58,0.0,92,Mist,mist,5,4388
7983,No Holiday,273.85,0.0,0.0,64,Snow,light snow,11,859
7984,No Holiday,286.72,0.0,0.0,40,Thunderstorm,proximity thunderstorm,9,662
7985,No Holiday,295.58,0.0,0.0,1,Clear,sky is clear,7,4009
7986,No Holiday,284.65,0.0,0.0,75,Clouds,broken clouds,5,374
7987,No Holiday,294.58,0.0,0.0,40,Clouds,scattered clouds,10,4569
7988,No Holiday,298.88,0.0,0.0,90,Rain,light rain,7,589
7989,No Holiday,280.72,0.0,0.0,90,Rain,moderate rain,11,956
7990,No Holiday,284.64,0.0,0.0,93,Mist,mist,10,4271
7991,No Holiday,275.46,0.0,0.0,90,Mist,mist,11,233
7992,No Holiday,266.08,0.0,0.0,90,Mist,mist,1,4297
7993,No Holiday,270.08,0.0,0.0,90,Clouds,overcast clouds,2,5855
7994,No Holiday,296.53,0.0,0.0,1,Clear,sky is clear,6,4983
7995,No Holiday,293.36,0.0,0.0,5,Clear,sky is clear,6,4876
7996,No Holiday,277.57,0.0,0.0,90,Mist,mist,4,365
7997,No Holiday,282.13,0.0,0.0,90,Clouds,overcast clouds,10,1284
7998,No Holiday,290.8,0.0,0.0,0,Clear,Sky is Clear,6,878
7999,No Holiday,266.86,0.0,0.0,90,Snow,light snow,1,3183
8000,No Holiday,280.37,0.0,0.0,90,Mist,mist,10,3356
8001,No Holiday,271.22,0.0,0.0,90,Snow,heavy snow,4,982
8002,No Holiday,285.62,0.0,0.0,75,Clouds,broken clouds,5,5043
8003,No Holiday,275.51,0.0,0.0,1,Clear,sky is clear,10,6508
8004,No Holiday,295.07,0.0,0.0,1,Clear,sky is clear,7,6210
8005,No Holiday,271.75,0.0,0.0,75,Clouds,broken clouds,11,4077
8006,No Holiday,284.22,0.0,0.0,1,Clear,sky is clear,6,5528
8007,No Holiday,261.72,0.0,0.0,90,Mist,mist,12,1543
8008,No Holiday,281.43,0.0,0.0,1,Clear,sky is clear,2,3237
8009,No Holiday,275.86,0.0,0.0,90,Clouds,overcast clouds,1,347
8010,No Holiday,272.65,0.0,0.0,90,Fog,fog,3,5361
8011,No Holiday,291.79,0.51,0.0,40,Thunderstorm,thunderstorm,5,2616
8012,No Holiday,280.21,0.0,0.0,90,Clouds,overcast clouds,10,2847
8013,No Holiday,257.0,0.0,0.0,1,Clear,sky is clear,2,290
8014,No Holiday,274.02,0.0,0.0,90,Mist,mist,11,2010
8015,No Holiday,291.93,0.0,0.0,90,Drizzle,light intensity drizzle,8,394
8016,No Holiday,257.35,0.0,0.0,1,Clear,sky is clear,2,337
8017,No Holiday,292.58,0.0,0.0,0,Clear,Sky is Clear,9,853
8018,No Holiday,288.2,0.52,0.0,75,Mist,mist,9,904
8019,No Holiday,253.36,0.0,0.0,1,Clear,sky is clear,2,5965
8020,No Holiday,294.54,0.0,0.0,40,Clouds,scattered clouds,6,6367
8021,No Holiday,276.9,0.0,0.0,90,Clouds,overcast clouds,3,4092
8022,No Holiday,254.59,0.0,0.0,1,Mist,mist,1,922
8023,No Holiday,296.34,0.0,0.0,75,Clouds,broken clouds,9,4683
8024,No Holiday,263.78,0.0,0.0,5,Clear,sky is clear,2,5224
8025,No Holiday,268.0,0.0,0.0,40,Mist,mist,4,5192
8026,No Holiday,268.44,0.0,0.0,75,Clouds,broken clouds,11,4026
8027,No Holiday,295.95,0.51,0.0,75,Thunderstorm,proximity thunderstorm,8,2665
8028,No Holiday,269.822,0.0,0.0,0,Clear,Sky is Clear,2,2746
8029,No Holiday,299.46,0.0,0.0,40,Clouds,scattered clouds,9,5116
8030,No Holiday,276.793,0.0,0.0,64,Clouds,broken clouds,1,3001
8031,No Holiday,304.36,0.0,0.0,40,Rain,proximity shower rain,6,4175
8032,No Holiday,259.58,0.0,0.0,40,Fog,fog,3,2366
8033,No Holiday,266.68,0.0,0.0,75,Mist,mist,12,320
8034,No Holiday,288.37,0.25,0.0,90,Mist,mist,9,6510
8035,No Holiday,290.271,0.0,0.0,76,Clouds,broken clouds,10,3926
8036,No Holiday,289.11,0.0,0.0,90,Rain,moderate rain,5,566
8037,No Holiday,293.9,0.0,0.0,90,Mist,mist,9,5453
8038,No Holiday,290.58,0.0,0.0,1,Mist,mist,8,6440
8039,No Holiday,273.51,0.0,0.0,1,Clear,sky is clear,3,1324
8040,No Holiday,293.53,0.0,0.0,90,Clouds,overcast clouds,5,3160
8041,No Holiday,276.08,0.0,0.0,1,Clear,sky is clear,3,260
8042,No Holiday,251.95,0.0,0.0,1,Clear,sky is clear,1,5207
8043,No Holiday,255.15,0.0,0.0,1,Clear,sky is clear,2,1367
8044,No Holiday,290.9,1.78,0.0,90,Rain,moderate rain,8,366
8045,No Holiday,288.87,0.0,0.0,75,Clouds,broken clouds,4,4881
8046,No Holiday,270.15,0.0,0.0,5,Clear,sky is clear,11,1919
8047,No Holiday,289.01,0.0,0.0,75,Clouds,broken clouds,8,455
8048,No Holiday,297.48,0.0,0.0,1,Rain,light rain,7,2424
8049,No Holiday,274.72,0.0,0.0,90,Mist,mist,1,5675
8050,No Holiday,286.42,0.0,0.0,1,Clear,sky is clear,9,5337
8051,No Holiday,289.92,0.0,0.0,40,Rain,light rain,5,3044
8052,No Holiday,292.67,9.9,0.0,92,Rain,heavy intensity rain,7,4792
8053,No Holiday,274.85,0.0,0.0,1,Mist,mist,4,6574
8054,No Holiday,284.84,0.0,0.0,90,Mist,mist,3,4820
8055,No Holiday,302.1,1.78,0.0,40,Rain,moderate rain,8,3998
8056,No Holiday,298.76,0.0,0.0,20,Clouds,few clouds,5,5490
8057,No Holiday,282.74,0.0,0.0,98,Clear,sky is clear,11,761
8058,No Holiday,266.94,0.0,0.0,40,Clouds,scattered clouds,11,5151
8059,No Holiday,298.2,0.25,0.0,32,Rain,light rain,9,6045
8060,No Holiday,276.62,0.0,0.0,90,Rain,moderate rain,5,4853
8061,No Holiday,286.96,0.0,0.0,1,Fog,fog,8,2951
8062,No Holiday,295.31,0.0,0.0,40,Rain,light rain,8,308
8063,No Holiday,269.29,0.0,0.0,90,Snow,light snow,1,279
8064,No Holiday,287.464,0.0,0.0,0,Clear,Sky is Clear,10,4662
8065,No Holiday,290.79,0.0,0.0,0,Clear,Sky is Clear,6,3019
8066,No Holiday,293.86,0.0,0.0,1,Clear,sky is clear,5,5062
8067,No Holiday,297.5,0.0,0.0,40,Clouds,scattered clouds,6,4798
8068,No Holiday,267.58,0.0,0.0,90,Snow,light snow,12,5430
8069,No Holiday,286.22,0.0,0.0,90,Rain,moderate rain,8,5009
8070,No Holiday,266.08,0.0,0.0,40,Snow,light snow,12,5934
8071,No Holiday,277.88,0.0,0.0,1,Clear,sky is clear,11,2948
8072,No Holiday,249.15,0.0,0.0,64,Clouds,broken clouds,12,5339
8073,No Holiday,291.09,0.0,0.0,90,Drizzle,drizzle,8,4250
8074,No Holiday,271.16,0.0,0.0,1,Clear,sky is clear,11,1583
8075,No Holiday,275.36,0.0,0.0,90,Clouds,overcast clouds,10,822
8076,No Holiday,276.79,0.0,0.0,90,Clouds,overcast clouds,4,1052
8077,No Holiday,268.72,0.0,0.0,90,Mist,mist,3,1770
8078,No Holiday,261.3,0.0,0.0,90,Fog,fog,12,2425
8079,No Holiday,287.15,0.0,0.0,5,Clear,sky is clear,3,3086
8080,No Holiday,293.51,0.0,0.0,90,Clouds,overcast clouds,5,6410
8081,No Holiday,274.9,0.0,0.0,75,Clouds,broken clouds,2,279
8082,No Holiday,291.15,0.0,0.0,1,Clear,sky is clear,10,4441
8083,No Holiday,289.89,0.0,0.0,90,Drizzle,heavy intensity drizzle,5,6186
8084,No Holiday,270.22,0.0,0.0,90,Mist,mist,1,3404
8085,No Holiday,288.62,0.0,0.0,1,Mist,mist,7,5814
8086,No Holiday,301.42,0.0,0.0,12,Clouds,few clouds,7,2856
8087,No Holiday,269.41,0.0,0.0,90,Clouds,overcast clouds,11,4729
8088,No Holiday,278.26,0.0,0.0,64,Clouds,broken clouds,11,373
8089,No Holiday,271.09,0.0,0.0,1,Clear,sky is clear,12,705
8090,No Holiday,289.64,0.0,0.0,100,Rain,heavy intensity rain,10,4048
8091,No Holiday,261.84,0.0,0.0,5,Haze,haze,1,4734
8092,No Holiday,256.45,0.0,0.0,0,Clear,sky is clear,1,2930
8093,No Holiday,257.28,0.0,0.0,1,Snow,light snow,1,2867
8094,No Holiday,278.15,0.0,0.0,1,Mist,mist,11,1239
8095,No Holiday,279.54,0.0,0.0,40,Clouds,scattered clouds,12,4603
8096,No Holiday,292.35,0.0,0.0,20,Clouds,few clouds,7,305
8097,No Holiday,294.63,0.0,0.0,1,Clear,sky is clear,8,4277
8098,No Holiday,276.49,0.0,0.0,1,Clear,sky is clear,3,6218
8099,No Holiday,289.75,0.0,0.0,1,Clear,sky is clear,9,6123
8100,No Holiday,273.39,0.0,0.0,90,Fog,fog,4,4871
8101,No Holiday,282.14,0.0,0.0,1,Clear,sky is clear,9,1785
8102,No Holiday,279.22,0.0,0.0,1,Clear,sky is clear,12,5456
8103,No Holiday,265.01,0.0,0.0,1,Mist,mist,2,1203
8104,No Holiday,282.45,0.0,0.0,90,Mist,mist,12,7051
8105,No Holiday,262.88,0.0,0.0,1,Clear,sky is clear,12,395
8106,No Holiday,274.44,0.0,0.0,64,Fog,fog,12,5945
8107,No Holiday,258.33,0.0,0.0,64,Mist,mist,1,300
8108,No Holiday,288.56,0.0,0.0,1,Clear,sky is clear,8,2685
8109,No Holiday,284.02,0.0,0.0,90,Drizzle,drizzle,10,4564
8110,No Holiday,297.3,0.0,0.0,1,Clear,sky is clear,9,4844
8111,No Holiday,283.13,0.0,0.0,1,Clear,sky is clear,11,6317
8112,No Holiday,286.22,0.0,0.0,90,Drizzle,drizzle,4,4734
8113,No Holiday,288.68,0.0,0.0,40,Clouds,scattered clouds,9,5536
8114,No Holiday,265.42,0.0,0.0,1,Clear,sky is clear,12,4049
8115,No Holiday,284.82,1.33,0.0,90,Mist,mist,5,2527
8116,No Holiday,273.02,0.0,0.0,1,Fog,fog,11,849
8117,No Holiday,282.8,0.0,0.0,1,Clear,sky is clear,9,882
8118,No Holiday,254.917,0.0,0.0,0,Clear,Sky is Clear,12,4165
8119,No Holiday,299.2,0.0,0.0,75,Clouds,broken clouds,6,3038
8120,No Holiday,293.77,0.0,0.0,75,Mist,mist,8,5100
8121,No Holiday,293.69,0.0,0.0,75,Clouds,broken clouds,8,4602
8122,No Holiday,266.01,0.0,0.0,90,Snow,light snow,12,639
8123,No Holiday,275.75,0.0,0.0,90,Rain,light rain,1,3245
8124,No Holiday,298.63,0.0,0.0,1,Clear,sky is clear,9,3964
8125,No Holiday,276.22,0.0,0.0,90,Clouds,overcast clouds,3,5283
8126,No Holiday,260.82,0.0,0.0,5,Clear,sky is clear,2,2863
8127,No Holiday,295.18,0.0,0.0,75,Clouds,broken clouds,5,5155
8128,No Holiday,288.14,0.0,0.0,1,Clear,sky is clear,9,869
8129,No Holiday,299.15,0.0,0.0,75,Thunderstorm,proximity thunderstorm,7,4475
8130,No Holiday,283.55,0.0,0.0,75,Drizzle,drizzle,3,865
8131,No Holiday,291.44,0.0,0.0,90,Rain,moderate rain,6,5852
8132,No Holiday,292.43,0.0,0.0,90,Drizzle,light intensity drizzle,6,5011
8133,No Holiday,295.44,0.0,0.0,1,Mist,mist,7,338
8134,No Holiday,273.03,0.0,0.0,1,Clear,sky is clear,10,360
8135,No Holiday,271.88,0.0,0.0,90,Clouds,overcast clouds,2,3140
8136,No Holiday,280.08,0.0,0.0,90,Rain,moderate rain,11,293
8137,No Holiday,272.65,0.0,0.0,5,Fog,fog,3,6214
8138,No Holiday,274.82,0.0,0.0,1,Clear,sky is clear,12,5420
8139,No Holiday,286.64,0.38,0.0,90,Drizzle,drizzle,10,4853
8140,No Holiday,299.35,0.0,0.0,75,Clouds,broken clouds,6,3660
8141,No Holiday,296.15,0.0,0.0,90,Rain,light rain,7,6182
8142,No Holiday,270.15,0.0,0.0,1,Snow,light snow,2,6215
8143,No Holiday,280.77,0.0,0.0,40,Clouds,scattered clouds,3,4366
8144,No Holiday,285.8,0.0,0.0,90,Rain,moderate rain,10,5888
8145,No Holiday,274.75,0.0,0.0,90,Rain,light rain,3,5954
8146,No Holiday,265.42,0.0,0.0,1,Clear,sky is clear,11,2782
8147,No Holiday,294.67,0.0,0.0,1,Clear,sky is clear,9,2667
8148,No Holiday,285.12,0.0,0.0,1,Clear,sky is clear,8,608
8149,No Holiday,296.92,0.25,0.0,1,Rain,light rain,9,4967
8150,No Holiday,258.35,0.0,0.0,1,Clear,sky is clear,12,5500
8151,No Holiday,289.65,0.0,0.0,1,Clear,sky is clear,7,409
8152,No Holiday,278.06,0.0,0.0,90,Snow,heavy snow,4,4719
8153,No Holiday,273.15,0.25,0.0,64,Rain,light rain,1,2888
8154,No Holiday,286.53,0.0,0.0,0,Clear,Sky is Clear,9,2325
8155,No Holiday,288.55,0.0,0.0,90,Drizzle,light intensity drizzle,9,4827
8156,No Holiday,299.08,0.0,0.0,40,Clouds,scattered clouds,7,4489
8157,No Holiday,254.58,0.0,0.0,5,Clear,sky is clear,2,1911
8158,No Holiday,282.87,0.0,0.0,90,Clouds,overcast clouds,9,6302
8159,No Holiday,287.23,0.76,0.0,64,Rain,light rain,10,4967
8160,No Holiday,277.22,0.0,0.0,1,Drizzle,light intensity drizzle,12,4866
8161,No Holiday,267.65,0.0,0.0,90,Clouds,overcast clouds,3,6840
8162,No Holiday,278.36,0.0,0.0,64,Fog,fog,11,1092
8163,No Holiday,283.09,0.0,0.0,90,Drizzle,drizzle,5,333
8164,No Holiday,283.35,0.0,0.0,1,Clear,sky is clear,3,652
8165,No Holiday,298.15,0.0,0.0,75,Clouds,broken clouds,8,3255
8166,No Holiday,296.69,0.0,0.0,44,Clouds,scattered clouds,6,5966
8167,No Holiday,266.48,0.0,0.0,75,Mist,mist,1,4145
8168,No Holiday,270.2,0.25,0.0,64,Rain,light rain,12,5403
8169,No Holiday,261.21,0.0,0.0,1,Clear,sky is clear,12,3705
8170,No Holiday,271.01,0.0,0.0,75,Clouds,broken clouds,1,2261
8171,No Holiday,274.57,0.0,0.0,75,Clouds,broken clouds,2,2985
8172,No Holiday,268.15,0.0,0.0,90,Mist,mist,12,378
8173,No Holiday,293.69,0.0,0.0,75,Rain,light rain,6,5267
8174,No Holiday,292.089,0.0,0.0,8,Clear,sky is clear,10,3577
8175,No Holiday,290.35,0.0,0.0,75,Clouds,broken clouds,9,5735
8176,No Holiday,298.08,0.0,0.0,75,Mist,mist,8,4163
8177,No Holiday,280.29,0.0,0.0,90,Drizzle,drizzle,4,1693
8178,No Holiday,262.87,0.0,0.0,64,Snow,light snow,12,3273
8179,No Holiday,274.62,0.0,0.0,90,Mist,mist,11,2769
8180,No Holiday,293.89,0.0,0.0,1,Clear,sky is clear,7,361
8181,No Holiday,288.28,0.0,0.0,1,Mist,mist,8,405
8182,No Holiday,259.68,0.0,0.0,1,Clear,sky is clear,2,853
8183,No Holiday,281.33,0.0,0.0,1,Clear,sky is clear,10,265
8184,No Holiday,257.2,0.0,0.0,1,Clear,sky is clear,2,1748
8185,No Holiday,274.15,0.0,0.0,90,Mist,mist,11,316
8186,No Holiday,255.37,0.0,0.0,64,Clouds,broken clouds,12,4624
8187,No Holiday,293.22,0.0,0.0,20,Clouds,few clouds,6,2667
8188,No Holiday,291.35,0.0,0.0,90,Drizzle,drizzle,7,460
8189,No Holiday,278.02,0.0,0.0,90,Rain,light rain,3,1242
8190,No Holiday,292.34,0.0,0.0,90,Clouds,overcast clouds,5,3621
8191,No Holiday,293.34,0.0,0.0,5,Clear,sky is clear,9,4690
8192,No Holiday,280.95,0.0,0.0,1,Fog,fog,5,5868
8193,No Holiday,278.27,0.0,0.0,90,Rain,heavy intensity rain,10,2430
8194,No Holiday,292.69,0.0,0.0,90,Clouds,overcast clouds,7,466
8195,No Holiday,288.23,0.0,0.0,75,Clouds,broken clouds,11,1958
8196,No Holiday,286.53,0.0,0.0,75,Clouds,broken clouds,5,4579
8197,No Holiday,299.39,0.0,0.0,1,Clear,sky is clear,7,901
8198,No Holiday,267.96,0.0,0.0,1,Clear,sky is clear,3,6784
8199,No Holiday,295.01,0.0,0.0,40,Clouds,scattered clouds,6,4274
8200,No Holiday,296.44,0.0,0.0,75,Clouds,broken clouds,7,3166
8201,No Holiday,289.4,0.0,0.0,36,Mist,mist,6,6171
8202,No Holiday,289.15,0.0,0.0,90,Clouds,overcast clouds,11,1702
8203,No Holiday,269.0,0.0,0.0,64,Clouds,broken clouds,1,321
8204,No Holiday,284.49,5.27,0.0,92,Rain,heavy intensity rain,5,4463
8205,No Holiday,302.54,0.0,0.0,75,Thunderstorm,proximity thunderstorm,7,3900
8206,No Holiday,275.22,0.0,0.0,40,Clouds,scattered clouds,11,4729
8207,No Holiday,294.87,0.0,0.0,0,Clear,Sky is Clear,6,3342
8208,No Holiday,283.45,0.0,0.0,1,Clear,sky is clear,3,4576
8209,No Holiday,259.33,0.0,0.0,1,Clear,sky is clear,3,6761
8210,No Holiday,270.22,0.0,0.0,90,Snow,light snow,3,3960
8211,No Holiday,290.62,0.0,0.0,90,Mist,mist,5,347
8212,No Holiday,292.71,0.0,0.0,90,Clouds,overcast clouds,5,5870
8213,No Holiday,289.69,0.0,0.0,90,Clouds,overcast clouds,3,4758
8214,No Holiday,266.25,0.0,0.0,59,Clouds,broken clouds,1,5611
8215,No Holiday,281.68,0.0,0.0,90,Mist,mist,5,3062
8216,No Holiday,293.16,1.91,0.0,1,Rain,moderate rain,9,4579
8217,No Holiday,287.12,0.25,0.0,92,Rain,light rain,6,5666
8218,No Holiday,273.75,0.0,0.0,90,Mist,mist,12,1823
8219,No Holiday,291.22,0.0,0.0,1,Clear,sky is clear,7,997
8220,No Holiday,295.7,0.0,0.0,0,Clear,Sky is Clear,8,5686
8221,No Holiday,274.19,0.0,0.0,90,Rain,light rain,4,338
8222,No Holiday,292.31,1.85,0.0,90,Rain,moderate rain,5,741
8223,No Holiday,265.22,0.0,0.0,1,Clear,sky is clear,4,3193
8224,No Holiday,273.55,0.0,0.0,40,Clouds,scattered clouds,11,4939
8225,No Holiday,280.87,0.0,0.0,64,Clouds,broken clouds,11,5039
8226,No Holiday,296.89,0.0,0.0,0,Clear,Sky is Clear,8,374
8227,No Holiday,295.49,0.0,0.0,24,Clouds,few clouds,9,4536
8228,No Holiday,295.75,0.25,0.0,24,Rain,light rain,6,3174
8229,No Holiday,295.28,0.0,0.0,90,Rain,light rain,7,4677
8230,No Holiday,288.65,0.0,0.0,90,Mist,mist,5,1106
8231,No Holiday,287.93,0.0,0.0,1,Clear,sky is clear,9,5917
8232,No Holiday,276.82,0.0,0.0,90,Clouds,overcast clouds,3,6371
8233,No Holiday,289.02,0.0,0.0,1,Clear,sky is clear,9,219
8234,No Holiday,294.65,0.0,0.0,90,Rain,light rain,7,5135
8235,No Holiday,272.71,0.0,0.0,90,Mist,mist,1,3762
8236,No Holiday,269.24,0.0,0.0,1,Clear,sky is clear,11,4494
8237,No Holiday,286.14,0.0,0.0,75,Clouds,broken clouds,4,4540
8238,No Holiday,299.42,0.0,0.0,1,Clear,sky is clear,8,5694
8239,No Holiday,279.02,0.0,0.0,90,Clouds,overcast clouds,5,395
8240,No Holiday,276.09,0.0,0.0,1,Clear,sky is clear,3,334
8241,No Holiday,284.55,0.0,0.0,1,Clear,sky is clear,11,1974
8242,No Holiday,256.46,0.0,0.0,1,Snow,light snow,2,323
8243,No Holiday,283.56,0.0,0.0,1,Clear,sky is clear,9,514
8244,No Holiday,255.53,0.0,0.0,1,Haze,haze,1,740
8245,No Holiday,271.08,0.0,0.0,90,Mist,mist,11,300
8246,No Holiday,286.22,0.0,0.0,40,Rain,light rain,9,2725
8247,No Holiday,268.381,0.0,0.0,24,Clouds,few clouds,2,2755
8248,No Holiday,298.93,0.0,0.0,0,Clear,Sky is Clear,8,3838
8249,No Holiday,256.53,0.0,0.0,5,Clear,sky is clear,12,5237
8250,No Holiday,275.72,0.0,0.0,75,Clouds,broken clouds,4,5426
8251,No Holiday,255.9,0.0,0.0,1,Clear,sky is clear,1,324
8252,No Holiday,275.15,0.0,0.0,90,Rain,light rain,4,6345
8253,No Holiday,294.0,0.0,0.0,75,Thunderstorm,proximity thunderstorm,5,2466
8254,No Holiday,294.54,0.25,0.0,90,Thunderstorm,proximity thunderstorm,8,358
8255,No Holiday,296.81,0.0,0.0,0,Clear,Sky is Clear,7,680
8256,No Holiday,284.93,1.02,0.0,92,Rain,moderate rain,5,258
8257,No Holiday,283.33,0.0,0.0,56,Clouds,broken clouds,10,6277
8258,No Holiday,274.26,0.0,0.0,90,Clouds,overcast clouds,11,4999
8259,No Holiday,270.98,0.0,0.0,20,Clouds,few clouds,1,2528
8260,No Holiday,265.47,0.0,0.0,75,Clouds,broken clouds,12,4032
8261,No Holiday,300.28,0.0,0.0,5,Clear,sky is clear,6,4362
8262,No Holiday,283.74,0.0,0.0,90,Clouds,overcast clouds,9,4898
8263,No Holiday,280.13,0.0,0.0,1,Clear,sky is clear,9,870
8264,No Holiday,279.91,0.0,0.0,64,Clouds,broken clouds,11,4732
8265,No Holiday,265.16,0.0,0.0,90,Mist,mist,2,6128
8266,No Holiday,274.35,0.0,0.0,90,Mist,mist,1,4902
8267,No Holiday,292.82,1.49,0.0,36,Rain,moderate rain,8,814
8268,No Holiday,293.0,1.02,0.0,75,Drizzle,drizzle,8,558
8269,No Holiday,259.46,0.0,0.0,90,Clouds,overcast clouds,1,4383
8270,No Holiday,297.62,0.0,0.0,75,Rain,moderate rain,7,4465
8271,No Holiday,260.36,0.0,0.0,92,Clouds,overcast clouds,12,3860
8272,No Holiday,281.8,0.0,0.0,90,Clouds,overcast clouds,11,789
8273,No Holiday,301.88,0.0,0.0,40,Thunderstorm,proximity thunderstorm,6,3154
8274,No Holiday,266.78,0.0,0.0,90,Mist,mist,1,1079
8275,No Holiday,271.39,0.0,0.0,90,Mist,mist,12,4983
8276,No Holiday,271.64,0.0,0.0,1,Clear,sky is clear,4,280
8277,No Holiday,275.66,0.0,0.0,90,Fog,fog,1,4538
8278,No Holiday,255.01,0.0,0.0,1,Clear,sky is clear,2,4893
8279,No Holiday,257.42,0.0,0.0,40,Fog,fog,2,425
8280,No Holiday,251.15,0.0,0.0,1,Clear,sky is clear,3,3177
8281,No Holiday,254.22,0.0,0.0,1,Clear,sky is clear,1,664
8282,No Holiday,265.58,0.0,0.0,75,Clouds,broken clouds,12,6789
8283,No Holiday,263.23,0.0,0.0,1,Clear,sky is clear,3,985
8284,No Holiday,287.23,0.0,0.0,90,Rain,moderate rain,9,229
8285,No Holiday,286.3,0.0,0.0,20,Clouds,few clouds,5,4693
8286,No Holiday,276.08,0.0,0.0,90,Clouds,overcast clouds,1,544
8287,No Holiday,295.03,0.0,0.0,1,Clear,sky is clear,8,295
8288,No Holiday,284.056,0.0,0.0,0,Clear,Sky is Clear,10,6252
8289,No Holiday,273.1,0.0,0.0,90,Clouds,overcast clouds,3,1571
8290,No Holiday,260.77,0.0,0.0,75,Clouds,broken clouds,3,5992
8291,No Holiday,266.73,0.0,0.0,1,Clear,sky is clear,3,5540
8292,No Holiday,294.04,0.0,0.0,0,Clear,Sky is Clear,8,4455
8293,No Holiday,301.13,0.0,0.0,88,Clouds,overcast clouds,7,5077
8294,No Holiday,281.469,0.0,0.0,80,Clouds,broken clouds,10,4772
8295,No Holiday,267.8,0.0,0.0,90,Mist,mist,12,5316
8296,No Holiday,271.28,0.0,0.0,90,Clouds,overcast clouds,2,2000
8297,No Holiday,251.08,0.0,0.0,5,Clear,sky is clear,12,5670
8298,No Holiday,273.95,0.0,0.0,90,Clouds,overcast clouds,3,4320
8299,No Holiday,264.03,0.0,0.0,75,Haze,haze,1,4454
8300,No Holiday,266.08,0.0,0.0,90,Snow,light snow,1,4895
8301,No Holiday,291.72,0.0,0.0,5,Fog,fog,8,3922
8302,No Holiday,292.94,0.0,0.0,40,Clouds,scattered clouds,6,5043
8303,No Holiday,294.15,0.0,0.0,1,Clear,sky is clear,8,731
8304,No Holiday,293.49,0.0,0.0,1,Clear,sky is clear,5,2350
8305,No Holiday,271.58,0.0,0.0,64,Clouds,broken clouds,11,5773
8306,No Holiday,302.39,0.0,0.0,0,Clear,Sky is Clear,6,6020
8307,No Holiday,298.76,0.0,0.0,1,Clear,sky is clear,9,4539
8308,No Holiday,250.91,0.0,0.0,100,Clouds,overcast clouds,2,638
8309,No Holiday,267.37,0.0,0.0,90,Clouds,overcast clouds,1,4355
8310,No Holiday,289.51,0.0,0.0,75,Clouds,broken clouds,9,2747
8311,No Holiday,300.1,0.0,0.0,75,Clouds,broken clouds,7,4924
8312,No Holiday,270.86,0.0,0.0,75,Clouds,broken clouds,4,5770
8313,No Holiday,281.15,0.0,0.0,90,Haze,haze,4,4523
8314,No Holiday,302.61,0.0,0.0,40,Clouds,scattered clouds,8,5714
8315,No Holiday,292.54,0.0,0.0,64,Clouds,broken clouds,7,2310
8316,No Holiday,269.48,0.0,0.0,75,Clouds,broken clouds,1,239
8317,No Holiday,289.09,0.25,0.0,20,Rain,light rain,8,2800
8318,No Holiday,297.15,0.0,0.0,1,Clear,sky is clear,6,1721
8319,No Holiday,289.44,0.51,0.0,90,Thunderstorm,proximity thunderstorm,5,2890
8320,No Holiday,266.48,0.0,0.0,1,Clear,sky is clear,11,996
8321,No Holiday,288.03,0.0,0.0,1,Mist,mist,6,636
8322,No Holiday,295.08,0.0,0.0,90,Thunderstorm,proximity thunderstorm,6,3017
8323,No Holiday,270.36,0.0,0.0,90,Snow,light snow,3,5876
8324,No Holiday,254.89,0.0,0.0,1,Snow,light snow,1,1502
8325,No Holiday,288.49,0.0,0.0,1,Mist,mist,6,531
8326,No Holiday,288.67,0.0,0.0,90,Rain,light rain,5,1186
8327,No Holiday,274.47,0.0,0.0,90,Fog,fog,11,347
8328,No Holiday,268.64,0.0,0.0,90,Clouds,overcast clouds,3,1905
8329,No Holiday,298.81,0.0,0.0,40,Clouds,scattered clouds,6,4308
8330,No Holiday,284.22,0.0,0.0,20,Clouds,few clouds,9,4582
8331,No Holiday,274.589,0.0,0.0,0,Clear,Sky is Clear,1,4661
8332,No Holiday,289.16,0.0,0.0,90,Clouds,overcast clouds,8,2981
8333,No Holiday,285.59,0.0,0.0,90,Rain,light rain,5,4904
8334,No Holiday,303.65,0.0,0.0,1,Clear,sky is clear,8,4357
8335,No Holiday,286.02,0.0,0.0,0,Clear,Sky is Clear,6,935
8336,No Holiday,295.45,0.0,0.0,0,Clear,Sky is Clear,6,3243
8337,No Holiday,298.1,1.2,0.0,1,Rain,moderate rain,8,2560
8338,No Holiday,293.14,0.0,0.0,20,Rain,light rain,9,5993
8339,No Holiday,273.82,0.0,0.0,90,Haze,haze,12,1287
8340,No Holiday,263.09,0.0,0.0,1,Clear,sky is clear,1,610
8341,No Holiday,250.73,0.0,0.0,1,Clear,sky is clear,1,271
8342,No Holiday,282.22,0.0,0.0,1,Clear,sky is clear,5,830
8343,No Holiday,285.37,0.0,0.0,1,Clear,sky is clear,9,1794
8344,No Holiday,271.341,0.0,0.0,8,Clear,sky is clear,2,3502
8345,No Holiday,292.84,0.0,0.0,40,Clouds,scattered clouds,7,4610
8346,No Holiday,290.8,0.0,0.0,40,Haze,haze,6,2806
8347,No Holiday,295.99,0.3,0.0,1,Mist,mist,7,2253
8348,No Holiday,294.59,0.0,0.0,90,Rain,moderate rain,6,3125
8349,No Holiday,269.84,0.0,0.0,1,Clear,sky is clear,4,363
8350,No Holiday,280.23,0.0,0.0,1,Clear,sky is clear,4,2738
8351,No Holiday,251.67,0.0,0.0,40,Clouds,scattered clouds,1,4481
8352,No Holiday,298.26,0.0,0.0,0,Clear,Sky is Clear,6,3779
8353,No Holiday,283.65,0.0,0.0,1,Clear,sky is clear,10,3420
8354,No Holiday,290.225,0.0,0.0,0,Clear,Sky is Clear,6,5401
8355,No Holiday,258.76,0.0,0.0,64,Snow,light snow,1,271
8356,No Holiday,292.37,0.0,0.0,1,Thunderstorm,proximity thunderstorm,6,934
8357,No Holiday,286.9,0.0,0.0,20,Clouds,few clouds,4,3013
8358,No Holiday,294.2,0.0,0.0,90,Clouds,overcast clouds,7,4557
8359,No Holiday,265.22,0.0,0.0,20,Haze,haze,4,6253
8360,No Holiday,284.15,0.0,0.0,40,Clouds,scattered clouds,10,5934
8361,No Holiday,291.08,0.0,0.0,1,Rain,light rain,5,2893
8362,No Holiday,286.42,0.0,0.0,90,Drizzle,light intensity drizzle,11,4696
8363,No Holiday,265.75,0.0,0.0,90,Snow,light snow,1,5538
8364,No Holiday,294.04,0.0,0.0,75,Clouds,broken clouds,5,3223
8365,No Holiday,270.63,0.0,0.0,90,Clouds,overcast clouds,3,2460
8366,No Holiday,259.35,0.0,0.0,1,Clear,sky is clear,2,1935
8367,No Holiday,271.79,0.0,0.0,90,Snow,light snow,1,2303
8368,No Holiday,294.76,0.25,0.0,75,Rain,light rain,8,764
8369,No Holiday,295.37,5.69,0.0,90,Rain,heavy intensity rain,9,5705
8370,No Holiday,269.08,0.0,0.0,90,Fog,fog,1,5702
8371,No Holiday,283.65,0.0,0.0,90,Clouds,overcast clouds,11,1505
8372,No Holiday,264.41,0.0,0.0,64,Clouds,broken clouds,12,6029
8373,No Holiday,255.68,0.0,0.0,1,Clear,sky is clear,12,3197
8374,No Holiday,264.15,0.0,0.0,90,Fog,fog,2,773
8375,No Holiday,287.6,0.25,0.0,1,Rain,light rain,6,5653
8376,No Holiday,274.08,0.0,0.0,40,Mist,mist,1,367
8377,No Holiday,289.28,0.0,0.0,40,Mist,mist,9,800
8378,No Holiday,261.45,0.0,0.0,1,Clear,sky is clear,11,536
8379,No Holiday,301.51,0.0,0.0,75,Rain,moderate rain,7,1960
8380,No Holiday,291.35,0.0,0.0,40,Clouds,scattered clouds,6,4888
8381,No Holiday,299.85,0.0,0.0,1,Clear,sky is clear,6,3242
8382,No Holiday,259.9,0.0,0.0,75,Fog,fog,2,3753
8383,No Holiday,265.16,0.0,0.0,90,Mist,mist,1,5782
8384,No Holiday,299.21,0.0,0.0,1,Clear,sky is clear,7,2721
8385,No Holiday,296.57,0.0,0.0,92,Thunderstorm,proximity thunderstorm,7,4144
8386,No Holiday,294.04,0.0,0.0,24,Clouds,few clouds,8,1082
8387,No Holiday,294.65,0.0,0.0,1,Clear,sky is clear,6,3057
8388,No Holiday,272.35,0.0,0.0,1,Clear,sky is clear,3,4617
8389,No Holiday,280.99,0.0,0.0,75,Clouds,broken clouds,5,3110
8390,No Holiday,289.16,0.55,0.0,90,Mist,mist,9,498
8391,No Holiday,290.24,0.0,0.0,90,Clouds,overcast clouds,9,5717
8392,No Holiday,284.3,0.0,0.0,1,Clear,sky is clear,10,6745
8393,No Holiday,287.16,0.0,0.0,1,Clear,sky is clear,10,6775
8394,No Holiday,266.5,0.0,0.0,5,Clear,sky is clear,2,4678
8395,No Holiday,290.87,0.0,0.0,92,Rain,light rain,7,6701
8396,No Holiday,249.65,0.0,0.0,1,Clear,sky is clear,1,2629
8397,No Holiday,281.58,0.0,0.0,20,Mist,mist,10,5757
8398,No Holiday,276.58,0.0,0.0,64,Clouds,broken clouds,11,4904
8399,No Holiday,294.72,0.0,0.0,1,Clear,sky is clear,5,5461
8400,No Holiday,286.93,3.98,0.0,92,Rain,moderate rain,10,1065
8401,No Holiday,297.01,0.0,0.0,1,Clear,sky is clear,7,698
8402,No Holiday,300.15,0.0,0.0,64,Clouds,broken clouds,9,4824
8403,No Holiday,294.54,0.25,0.0,90,Rain,light rain,8,358
8404,No Holiday,267.95,0.0,0.0,40,Clouds,scattered clouds,2,528
8405,No Holiday,274.44,0.0,0.0,75,Clouds,broken clouds,4,748
8406,No Holiday,293.44,0.0,0.0,75,Rain,light rain,6,4543
8407,No Holiday,285.3,0.0,0.0,90,Clouds,overcast clouds,10,5870
8408,No Holiday,294.87,0.0,0.0,90,Rain,proximity shower rain,6,4494
8409,No Holiday,270.28,0.0,0.0,90,Mist,mist,12,5631
8410,No Holiday,264.41,0.0,0.0,1,Clear,sky is clear,3,1887
8411,No Holiday,280.62,0.0,0.0,90,Mist,mist,11,298
8412,No Holiday,258.68,0.0,0.0,90,Haze,haze,1,3563
8413,No Holiday,291.15,0.0,0.0,1,Clear,sky is clear,8,603
8414,No Holiday,290.56,0.0,0.0,90,Rain,light rain,5,3136
8415,No Holiday,285.83,0.0,0.0,1,Clear,sky is clear,11,1929
8416,No Holiday,273.82,0.25,0.0,90,Rain,light rain,3,4931
8417,No Holiday,254.68,0.0,0.0,40,Clouds,scattered clouds,1,1870
8418,No Holiday,271.89,0.0,0.0,90,Snow,snow,12,4685
8419,No Holiday,281.19,0.0,0.0,100,Mist,mist,10,2787
8420,No Holiday,287.64,0.0,0.0,1,Clear,sky is clear,7,5573
8421,No Holiday,280.43,0.0,0.0,90,Clouds,overcast clouds,4,687
8422,No Holiday,287.23,0.0,0.0,90,Mist,mist,10,272
8423,No Holiday,303.8,0.0,0.0,0,Clear,Sky is Clear,8,4243
8424,No Holiday,293.01,0.0,0.0,1,Clear,sky is clear,6,563
8425,No Holiday,251.21,0.0,0.0,1,Clear,sky is clear,2,912
8426,No Holiday,269.02,0.0,0.0,90,Clouds,overcast clouds,1,2022
8427,No Holiday,286.01,0.0,0.0,1,Clear,sky is clear,9,2440
8428,No Holiday,273.99,0.0,0.0,1,Mist,mist,11,2489
8429,No Holiday,284.1,0.0,0.0,90,Clouds,overcast clouds,5,6062
8430,No Holiday,297.47,0.0,0.0,1,Clear,sky is clear,7,2578
8431,No Holiday,298.356,0.0,0.0,0,Clear,Sky is Clear,9,2018
8432,No Holiday,270.87,0.0,0.0,1,Clear,sky is clear,3,3188
8433,No Holiday,270.12,0.0,0.0,90,Clouds,overcast clouds,1,433
8434,No Holiday,284.68,0.0,0.0,90,Rain,moderate rain,5,2433
8435,No Holiday,289.35,0.0,0.0,90,Clouds,overcast clouds,8,3075
8436,No Holiday,282.74,0.25,0.0,90,Rain,light rain,4,2793
8437,No Holiday,255.84,0.0,0.0,5,Clear,sky is clear,1,3521
8438,No Holiday,255.78,0.0,0.0,40,Clouds,scattered clouds,2,293
8439,No Holiday,250.14,0.0,0.0,89,Clouds,overcast clouds,2,945
8440,No Holiday,279.1,0.0,0.0,1,Mist,mist,10,347
8441,No Holiday,259.85,0.0,0.0,1,Clear,sky is clear,3,5067
8442,No Holiday,297.96,0.0,0.0,20,Clouds,few clouds,7,3070
8443,No Holiday,297.37,0.0,0.0,90,Rain,light rain,7,4374
8444,No Holiday,296.68,0.25,0.0,40,Rain,light rain,8,2147
8445,No Holiday,291.02,0.0,0.0,90,Haze,haze,5,6420
8446,No Holiday,284.94,0.0,0.0,90,Rain,moderate rain,11,4261
8447,No Holiday,299.0,0.0,0.0,40,Clouds,scattered clouds,6,4617
8448,No Holiday,275.3,0.0,0.0,90,Drizzle,light intensity drizzle,3,6402
8449,No Holiday,274.05,0.0,0.0,90,Mist,mist,1,3433
8450,No Holiday,296.68,0.0,0.0,0,Clear,Sky is Clear,8,2805
8451,No Holiday,276.793,0.0,0.0,64,Clouds,broken clouds,1,1065
8452,No Holiday,273.64,0.0,0.0,1,Clear,sky is clear,11,484
8453,No Holiday,275.79,0.0,0.0,90,Clouds,overcast clouds,11,3908
8454,No Holiday,290.15,0.0,0.0,90,Rain,light rain,5,6046
8455,No Holiday,293.25,0.0,0.0,0,Clear,Sky is Clear,8,2452
8456,No Holiday,278.77,0.0,0.0,75,Clouds,broken clouds,4,297
8457,No Holiday,287.72,0.0,0.0,90,Clouds,overcast clouds,10,5335
8458,No Holiday,288.21,0.0,0.0,92,Rain,light rain,6,849
8459,No Holiday,294.01,0.0,0.0,1,Mist,mist,7,890
8460,No Holiday,276.793,0.0,0.0,64,Clouds,broken clouds,12,614
8461,No Holiday,275.22,0.0,0.0,90,Fog,fog,12,4130
8462,No Holiday,267.22,0.0,0.0,90,Snow,light snow,1,5394
8463,No Holiday,272.94,0.0,0.0,90,Clouds,overcast clouds,11,6658
8464,No Holiday,255.95,0.0,0.0,90,Clouds,overcast clouds,12,2906
8465,No Holiday,287.43,0.0,0.0,90,Mist,mist,9,513
8466,No Holiday,289.73,0.0,0.0,90,Drizzle,light intensity drizzle,5,1308
8467,No Holiday,288.38,0.0,0.0,1,Mist,mist,6,363
8468,No Holiday,283.01,0.0,0.0,1,Clear,sky is clear,10,5466
8469,No Holiday,287.84,0.8,0.0,90,Haze,haze,9,5417
8470,No Holiday,268.22,0.0,0.0,90,Snow,light snow,12,3139
8471,No Holiday,297.22,0.0,0.0,20,Clouds,few clouds,7,2776
8472,No Holiday,249.15,0.0,0.0,1,Clear,sky is clear,12,2691
8473,No Holiday,296.62,0.0,0.0,80,Rain,light rain,8,2858
8474,No Holiday,287.24,3.45,0.0,90,Drizzle,light intensity drizzle,9,4567
8475,No Holiday,271.51,0.0,0.0,90,Snow,heavy snow,2,289
8476,No Holiday,294.08,9.91,0.0,90,Mist,mist,7,963
8477,No Holiday,298.88,0.0,0.0,75,Clouds,broken clouds,8,4655
8478,No Holiday,285.86,0.0,0.0,90,Clouds,overcast clouds,5,3350
8479,No Holiday,277.92900000000003,0.0,0.0,32,Clouds,scattered clouds,10,2548
8480,No Holiday,262.64,0.0,0.0,64,Snow,light snow,1,728
8481,No Holiday,296.95,0.0,0.0,32,Clouds,scattered clouds,8,4912
8482,No Holiday,304.6,0.0,0.0,0,Clear,Sky is Clear,8,4626
8483,No Holiday,272.96,0.0,0.0,90,Snow,snow,1,1371
8484,No Holiday,274.48,0.0,0.0,90,Rain,light rain,2,3996
8485,No Holiday,270.08,0.0,0.0,1,Clear,sky is clear,11,4455
8486,No Holiday,271.48,0.0,0.0,90,Mist,mist,2,1686
8487,No Holiday,271.51,0.0,0.0,1,Mist,mist,1,2231
8488,No Holiday,292.48,0.0,0.0,1,Drizzle,light intensity drizzle,6,389
8489,No Holiday,295.4,0.0,0.0,75,Clouds,broken clouds,7,848
8490,No Holiday,249.44,0.0,0.0,5,Clear,sky is clear,12,2067
8491,No Holiday,291.76,0.0,0.0,1,Fog,fog,7,1512
8492,No Holiday,272.95,0.0,0.0,1,Haze,haze,3,2825
8493,No Holiday,263.08,0.0,0.0,1,Mist,mist,1,1049
8494,No Holiday,275.42,0.0,0.0,5,Clear,sky is clear,3,4771
8495,No Holiday,257.35,0.25,0.0,90,Rain,light rain,12,2087
8496,No Holiday,297.22,0.0,0.0,40,Rain,light rain,8,4971
8497,No Holiday,291.94,0.0,0.0,90,Mist,mist,8,4338
8498,No Holiday,284.59,0.0,0.0,90,Clouds,overcast clouds,4,3632
8499,No Holiday,268.27,0.0,0.0,64,Mist,mist,11,376
8500,No Holiday,277.053,0.0,0.0,8,Clear,sky is clear,10,3934
8501,No Holiday,268.16,0.0,0.0,5,Clear,sky is clear,2,2423
8502,No Holiday,270.41,0.0,0.0,20,Clouds,few clouds,11,5268
8503,No Holiday,289.76,2.85,0.0,90,Mist,mist,9,5327
8504,No Holiday,271.1,0.0,0.0,20,Clouds,few clouds,12,6507
8505,No Holiday,285.03,0.0,0.0,1,Clear,sky is clear,11,4016
8506,No Holiday,294.79,0.0,0.0,1,Clear,sky is clear,8,4891
8507,No Holiday,277.353,0.0,0.0,8,Clear,sky is clear,2,4650
8508,No Holiday,275.16,0.0,0.0,1,Clear,sky is clear,4,719
8509,No Holiday,294.29,0.0,0.0,1,Drizzle,light intensity drizzle,7,344
8510,No Holiday,295.56,0.0,0.0,1,Clear,sky is clear,4,4425
8511,No Holiday,283.94,0.0,0.0,1,Clear,sky is clear,11,2922
8512,No Holiday,284.51,0.51,0.0,0,Rain,light rain,6,1748
8513,No Holiday,288.15,0.0,0.0,0,Clear,Sky is Clear,8,819
8514,No Holiday,271.09,0.0,0.0,90,Fog,fog,4,1755
8515,No Holiday,297.75,0.0,0.0,1,Clear,sky is clear,9,4841
8516,No Holiday,270.59,0.0,0.0,90,Haze,haze,11,2221
8517,No Holiday,280.1,0.0,0.0,92,Drizzle,light intensity drizzle,10,2051
8518,No Holiday,288.46,2.54,0.0,90,Mist,mist,9,5123
8519,No Holiday,291.51,0.0,0.0,40,Clouds,scattered clouds,6,928
8520,No Holiday,289.96,0.0,0.0,90,Drizzle,light intensity drizzle,5,5490
8521,No Holiday,281.31,0.25,0.0,0,Rain,light rain,9,2847
8522,No Holiday,284.48,0.0,0.0,1,Clear,sky is clear,3,4443
8523,No Holiday,301.06,0.0,0.0,80,Clouds,broken clouds,6,3193
8524,No Holiday,294.55,0.0,0.0,1,Clear,sky is clear,7,3629
8525,No Holiday,264.46,0.0,0.0,64,Snow,light snow,12,892
8526,No Holiday,266.42,0.0,0.0,90,Mist,mist,2,3344
8527,No Holiday,289.3,0.0,0.0,40,Clouds,scattered clouds,6,596
8528,No Holiday,255.79,0.0,0.0,5,Clear,sky is clear,1,3290
8529,No Holiday,266.71,0.0,0.0,20,Clouds,few clouds,1,4642
8530,No Holiday,295.66,0.0,0.0,75,Mist,mist,6,2961
8531,No Holiday,298.52,0.0,0.0,1,Clear,sky is clear,6,2319
8532,No Holiday,274.4,0.0,0.0,1,Clear,sky is clear,11,346
8533,No Holiday,294.63,0.0,0.0,1,Clear,sky is clear,8,2631
8534,No Holiday,272.79,0.0,0.0,5,Haze,haze,1,5355
8535,No Holiday,276.27,0.0,0.0,90,Rain,light rain,11,5283
8536,No Holiday,273.35,0.0,0.0,90,Clouds,overcast clouds,3,348
8537,No Holiday,297.888,0.0,0.0,0,Clear,Sky is Clear,7,5525
8538,No Holiday,273.13,0.0,0.0,16,Clouds,few clouds,11,2571
8539,No Holiday,284.42,0.0,0.0,5,Fog,fog,8,6589
8540,No Holiday,252.15,0.0,0.0,64,Clouds,broken clouds,12,4329
8541,No Holiday,288.66,0.0,0.0,1,Clear,sky is clear,7,1258
8542,No Holiday,292.53,0.0,0.0,80,Rain,light rain,6,5346
8543,No Holiday,262.95,0.0,0.0,90,Clouds,overcast clouds,2,4707
8544,No Holiday,283.1,0.0,0.0,1,Clear,sky is clear,5,5956
8545,No Holiday,289.96,0.0,0.0,1,Clear,sky is clear,8,5798
8546,No Holiday,271.22,0.0,0.0,1,Clear,sky is clear,12,2436
8547,No Holiday,292.85,0.0,0.0,75,Clouds,broken clouds,9,5018
8548,No Holiday,276.93,0.0,0.0,64,Clouds,broken clouds,11,4566
8549,No Holiday,287.29,0.0,0.0,75,Rain,light rain,5,5721
8550,No Holiday,298.48,0.0,0.0,12,Clouds,few clouds,7,2025
8551,No Holiday,271.78,0.0,0.0,90,Snow,light snow,12,538
8552,No Holiday,298.75,0.0,0.0,90,Clouds,overcast clouds,7,6315
8553,No Holiday,289.15,0.0,0.0,90,Clouds,overcast clouds,5,2318
8554,No Holiday,283.28,0.0,0.0,1,Clear,sky is clear,9,2065
8555,No Holiday,294.13,1.04,0.0,90,Rain,moderate rain,5,3047
8556,No Holiday,294.65,0.0,0.0,1,Mist,mist,8,336
8557,No Holiday,291.35,0.0,0.0,75,Clouds,broken clouds,6,5490
8558,No Holiday,278.78,0.0,0.0,40,Clouds,scattered clouds,2,4694
8559,No Holiday,283.607,0.0,0.0,0,Clear,Sky is Clear,10,3959
8560,No Holiday,264.28,0.0,0.0,75,Clouds,broken clouds,11,4584
8561,No Holiday,293.24,0.0,0.0,1,Clear,sky is clear,5,4815
8562,No Holiday,273.35,0.0,0.0,90,Snow,light snow,3,1662
8563,No Holiday,298.07,0.0,0.0,40,Clouds,scattered clouds,7,4883
8564,No Holiday,294.27,0.51,0.0,90,Mist,mist,9,4024
8565,No Holiday,296.39,0.0,0.0,75,Clouds,broken clouds,9,4502
8566,No Holiday,257.52,0.0,0.0,75,Clouds,broken clouds,1,728
8567,No Holiday,296.69,0.0,0.0,90,Clouds,overcast clouds,8,4874
8568,No Holiday,297.66,0.0,0.0,90,Thunderstorm,proximity thunderstorm,6,5287
8569,No Holiday,270.76,0.0,0.0,90,Clouds,overcast clouds,1,1242
8570,No Holiday,288.349,0.0,0.0,92,Rain,light rain,7,773
8571,No Holiday,301.22,0.0,0.0,40,Clouds,scattered clouds,9,4139
8572,No Holiday,283.09,0.0,0.0,20,Drizzle,light intensity drizzle,9,2282
8573,No Holiday,294.82,0.51,0.0,90,Drizzle,light intensity drizzle,9,2627
8574,No Holiday,272.66,0.0,0.0,90,Snow,heavy snow,4,4386
8575,No Holiday,251.09,0.0,0.0,1,Clear,sky is clear,12,6090
8576,No Holiday,268.78,0.0,0.0,20,Clouds,few clouds,3,6331
8577,No Holiday,278.42,0.0,0.0,90,Clouds,overcast clouds,11,4567
8578,No Holiday,275.29,0.0,0.0,90,Fog,fog,1,2642
8579,No Holiday,291.65,0.0,0.0,1,Clear,sky is clear,7,345
8580,No Holiday,274.21,0.0,0.0,64,Mist,mist,12,494
8581,No Holiday,254.31,0.0,0.0,1,Clear,sky is clear,2,308
8582,No Holiday,287.19,0.0,0.0,90,Mist,mist,5,4967
8583,No Holiday,255.53,0.0,0.0,1,Mist,mist,1,740
8584,No Holiday,301.37,0.0,0.0,1,Clear,sky is clear,6,659
8585,No Holiday,271.08,0.0,0.0,40,Mist,mist,12,817
8586,No Holiday,277.33,0.0,0.0,90,Snow,heavy snow,5,5857
8587,No Holiday,293.55,0.0,0.0,1,Clear,sky is clear,9,3044
8588,No Holiday,280.091,0.0,0.0,0,Clear,Sky is Clear,10,6170
8589,No Holiday,280.02,0.0,0.0,1,Clear,sky is clear,11,471
8590,No Holiday,296.45,0.0,0.0,68,Clouds,broken clouds,7,1388
8591,No Holiday,286.02,0.0,0.0,90,Clouds,overcast clouds,10,5259
8592,No Holiday,285.15,0.0,0.0,90,Drizzle,drizzle,11,2578
8593,No Holiday,277.95,0.0,0.0,75,Clouds,broken clouds,2,4532
8594,No Holiday,282.07,0.0,0.0,90,Mist,mist,6,639
8595,No Holiday,294.98,0.0,0.0,0,Clear,Sky is Clear,6,3320
8596,No Holiday,291.5,0.0,0.0,1,Clear,sky is clear,8,4049
8597,No Holiday,280.77,0.0,0.0,90,Mist,mist,10,4642
8598,No Holiday,289.86,0.0,0.0,90,Clouds,overcast clouds,9,5799
8599,No Holiday,304.75,0.0,0.0,1,Clear,sky is clear,7,4241
8600,No Holiday,273.93,0.0,0.0,90,Snow,light snow,12,275
8601,No Holiday,257.21,0.0,0.0,90,Clouds,overcast clouds,1,2215
8602,No Holiday,280.26,0.0,0.0,90,Rain,light rain,11,331
8603,No Holiday,291.64,2.79,0.0,75,Thunderstorm,thunderstorm with heavy rain,8,4188
8604,No Holiday,295.47,0.0,0.0,0,Clear,Sky is Clear,8,4694
8605,No Holiday,281.09,0.0,0.0,90,Rain,moderate rain,5,2575
8606,No Holiday,266.25,0.0,0.0,59,Clouds,broken clouds,1,2502
8607,No Holiday,268.21,0.0,0.0,64,Mist,mist,11,5930
8608,No Holiday,291.88,0.0,0.0,90,Drizzle,drizzle,5,4583
8609,No Holiday,263.08,0.0,0.0,1,Haze,haze,1,1049
8610,No Holiday,273.38,0.0,0.0,20,Clouds,few clouds,1,4847
8611,No Holiday,297.48,0.0,0.0,76,Rain,light rain,7,5820
8612,No Holiday,300.11,0.0,0.0,1,Clear,sky is clear,8,5279
8613,No Holiday,292.43,0.0,0.0,40,Clouds,scattered clouds,5,5217
8614,No Holiday,277.06,0.0,0.0,90,Mist,mist,11,671
8615,No Holiday,282.89,0.0,0.0,1,Clear,sky is clear,11,258
8616,No Holiday,269.11,0.0,0.0,75,Clouds,broken clouds,12,526
8617,No Holiday,248.08,0.0,0.0,1,Mist,mist,1,3046
8618,No Holiday,264.7,0.0,0.0,90,Snow,heavy snow,3,3463
8619,No Holiday,281.01,0.0,0.0,90,Drizzle,light intensity drizzle,4,6192
8620,No Holiday,251.75,0.0,0.0,1,Clear,sky is clear,2,1397
8621,No Holiday,289.62,0.0,0.0,1,Clear,sky is clear,6,2211
8622,No Holiday,275.66,0.0,0.0,90,Mist,mist,5,4978
8623,No Holiday,269.84,0.0,0.0,1,Clear,sky is clear,11,602
8624,No Holiday,288.74,0.0,0.0,20,Clouds,few clouds,7,5655
8625,No Holiday,278.55,0.0,0.0,90,Clouds,overcast clouds,11,6992
8626,No Holiday,275.42,0.0,0.0,90,Clouds,overcast clouds,12,6109
8627,No Holiday,285.46,0.0,0.0,1,Clear,sky is clear,5,5771
8628,No Holiday,276.44,0.0,0.0,90,Clouds,overcast clouds,3,351
8629,No Holiday,299.16,0.0,0.0,1,Clear,sky is clear,6,2666
8630,No Holiday,276.15,0.0,0.0,1,Clear,sky is clear,3,5590
8631,No Holiday,296.44,0.0,0.0,1,Rain,moderate rain,6,1218
8632,No Holiday,271.65,0.0,0.0,90,Clouds,overcast clouds,12,4465
8633,No Holiday,291.45,0.0,0.0,40,Clouds,scattered clouds,9,5821
8634,No Holiday,274.22,0.0,0.0,90,Mist,mist,12,2587
8635,No Holiday,274.72,0.0,0.0,90,Clouds,overcast clouds,11,2059
8636,No Holiday,270.68,0.0,0.0,90,Snow,light snow,3,5130
8637,No Holiday,290.28,0.0,0.0,90,Rain,moderate rain,6,2747
8638,No Holiday,263.9,0.0,0.0,64,Clouds,broken clouds,12,5373
8639,No Holiday,292.01,0.0,0.0,90,Thunderstorm,proximity thunderstorm,8,5853
8640,No Holiday,285.43,0.0,0.0,1,Haze,haze,9,853
8641,No Holiday,296.83,0.0,0.0,1,Clear,sky is clear,10,5078
8642,No Holiday,292.62,0.0,0.0,90,Clouds,overcast clouds,5,5879
8643,No Holiday,299.61,0.0,0.0,1,Clear,sky is clear,8,5016
8644,No Holiday,290.46,0.38,0.0,80,Rain,light rain,6,6535
8645,No Holiday,281.83,0.0,0.0,90,Mist,mist,5,6156
8646,No Holiday,265.88,0.0,0.0,75,Haze,haze,12,4158
8647,No Holiday,286.69,0.0,0.0,90,Rain,light rain,4,542
8648,No Holiday,291.35,0.0,0.0,90,Drizzle,light intensity drizzle,7,2822
8649,No Holiday,272.58,0.0,0.0,90,Snow,heavy snow,4,571
8650,No Holiday,281.738,0.0,0.0,56,Clouds,broken clouds,10,3892
8651,No Holiday,260.27,0.0,0.0,1,Clear,sky is clear,3,6628
8652,No Holiday,290.15,0.0,0.0,1,Clear,sky is clear,5,2143
8653,No Holiday,293.171,0.0,0.0,0,Clear,Sky is Clear,7,282
8654,No Holiday,271.73,0.51,0.0,90,Rain,light rain,4,5328
8655,No Holiday,274.72,0.0,0.0,1,Clear,sky is clear,4,671
8656,No Holiday,293.35,0.0,0.0,75,Clouds,broken clouds,8,3442
8657,No Holiday,291.07,0.0,0.0,1,Clear,sky is clear,5,4620
8658,No Holiday,290.79,0.0,0.0,90,Mist,mist,10,867
8659,No Holiday,297.75,0.0,0.0,40,Clouds,scattered clouds,8,4897
8660,No Holiday,281.14,0.0,0.0,75,Fog,fog,9,5737
8661,No Holiday,280.37,0.0,0.0,1,Clear,sky is clear,5,2081
8662,No Holiday,289.24,0.0,0.0,40,Clouds,scattered clouds,7,4273
8663,No Holiday,267.81,0.0,0.0,90,Snow,light snow,12,6757
8664,No Holiday,291.94,0.0,0.0,90,Rain,proximity shower rain,8,1787
8665,No Holiday,277.15,0.0,0.0,75,Clouds,broken clouds,2,5190
8666,No Holiday,273.94,0.0,0.0,90,Rain,moderate rain,12,4740
8667,No Holiday,276.08,0.0,0.0,90,Mist,mist,1,5935
8668,No Holiday,279.83,0.0,0.0,90,Mist,mist,11,4211
8669,No Holiday,267.37,0.0,0.0,90,Clouds,overcast clouds,12,2251
8670,No Holiday,255.01,0.0,0.0,1,Clear,sky is clear,2,1046
8671,No Holiday,295.55,0.0,0.0,75,Clouds,broken clouds,7,5316
8672,No Holiday,293.43,0.0,0.0,1,Clear,sky is clear,7,4258
8673,No Holiday,288.74,0.0,0.0,1,Mist,mist,7,819
8674,No Holiday,274.51,0.0,0.0,1,Mist,mist,1,887
8675,No Holiday,277.09,0.0,0.0,40,Fog,fog,11,873
8676,No Holiday,291.74,0.0,0.0,0,Clear,Sky is Clear,6,370
8677,No Holiday,274.06,0.0,0.0,1,Clear,sky is clear,2,5875
8678,No Holiday,295.84,0.0,0.0,1,Clear,sky is clear,8,2961
8679,No Holiday,271.29,0.0,0.0,1,Clear,sky is clear,3,391
8680,No Holiday,304.84,0.0,0.0,0,Clear,Sky is Clear,7,5364
8681,No Holiday,264.69,0.0,0.0,1,Clear,sky is clear,12,3067
8682,No Holiday,275.28,0.0,0.0,90,Drizzle,light intensity drizzle,3,4072
8683,No Holiday,291.79,0.68,0.0,100,Rain,light rain,6,5640
8684,No Holiday,291.8,0.0,0.0,1,Fog,fog,8,392
8685,No Holiday,282.565,0.0,0.0,0,Clear,Sky is Clear,10,2577
8686,No Holiday,302.01,0.0,0.0,75,Clouds,broken clouds,6,6568
8687,No Holiday,293.7340000000001,0.0,0.0,88,Clouds,overcast clouds,7,4279
8688,No Holiday,292.46,0.0,0.0,90,Clouds,overcast clouds,5,4701
8689,No Holiday,289.36,0.0,0.0,75,Clouds,broken clouds,10,4516
8690,No Holiday,271.39,0.0,0.0,90,Clouds,overcast clouds,11,2737
8691,No Holiday,276.4,0.0,0.0,90,Drizzle,drizzle,11,4520
8692,No Holiday,303.6,0.0,0.0,8,Clear,sky is clear,7,4378
8693,No Holiday,275.36,0.0,0.0,90,Rain,light rain,3,2743
8694,No Holiday,287.63,0.0,0.0,1,Clear,sky is clear,9,261
8695,No Holiday,275.0,0.0,0.0,1,Clear,sky is clear,11,5654
8696,No Holiday,292.01,0.0,0.0,1,Clear,sky is clear,5,712
8697,No Holiday,248.15,0.0,0.0,1,Clear,sky is clear,1,6280
8698,No Holiday,287.51,0.0,0.0,90,Haze,haze,5,337
8699,No Holiday,273.58,0.0,0.0,90,Snow,heavy snow,4,2617
8700,No Holiday,276.65,0.0,0.0,90,Snow,light snow,3,248
8701,No Holiday,280.51,0.25,0.0,90,Rain,light rain,4,770
8702,No Holiday,291.44,0.0,0.0,1,Haze,haze,5,343
8703,No Holiday,274.62,0.0,0.0,1,Clear,sky is clear,2,2493
8704,No Holiday,269.89,0.0,0.0,40,Clouds,scattered clouds,1,3187
8705,No Holiday,254.36,0.0,0.0,1,Clear,sky is clear,2,6048
8706,No Holiday,271.35,0.0,0.0,75,Clouds,broken clouds,2,3465
8707,No Holiday,295.72,0.0,0.0,44,Clouds,scattered clouds,6,3002
8708,No Holiday,300.07,0.0,0.0,40,Clouds,scattered clouds,5,4691
8709,No Holiday,281.15,0.0,0.0,1,Clear,sky is clear,5,5839
8710,No Holiday,289.81,0.0,0.0,75,Rain,light rain,4,4990
8711,No Holiday,292.56,0.0,0.0,1,Clear,sky is clear,8,5389
8712,No Holiday,277.28,0.0,0.0,90,Drizzle,light intensity drizzle,3,1896
8713,No Holiday,288.65,0.0,0.0,20,Clouds,few clouds,4,3834
8714,No Holiday,301.07,0.0,0.0,40,Clouds,scattered clouds,7,6444
8715,No Holiday,287.35,0.0,0.0,90,Mist,mist,9,951
8716,No Holiday,286.4,0.0,0.0,1,Clear,sky is clear,9,2991
8717,No Holiday,279.555,0.0,0.0,76,Clouds,broken clouds,2,5365
8718,No Holiday,290.27,0.0,0.0,1,Clear,sky is clear,5,382
8719,No Holiday,292.79,0.0,0.0,0,Clear,Sky is Clear,6,3038
8720,No Holiday,296.89,0.0,0.0,20,Clouds,few clouds,7,2203
8721,No Holiday,279.62,0.25,0.0,90,Rain,light rain,4,3078
8722,No Holiday,266.21,0.0,0.0,75,Clouds,broken clouds,3,4318
8723,No Holiday,270.02,0.0,0.0,90,Snow,heavy snow,2,1372
8724,No Holiday,263.28,0.0,0.0,1,Clear,sky is clear,2,6160
8725,No Holiday,294.28,0.0,0.0,56,Rain,light rain,6,1116
8726,No Holiday,270.08,0.0,0.0,90,Snow,light snow,3,3683
8727,No Holiday,278.38,0.0,0.0,90,Clouds,overcast clouds,11,5973
8728,No Holiday,285.61,0.0,0.0,1,Haze,haze,9,369
8729,No Holiday,293.25,0.25,0.0,75,Thunderstorm,thunderstorm,7,5063
8730,No Holiday,274.08,0.0,0.0,90,Mist,mist,12,4566
8731,No Holiday,279.87,0.0,0.0,90,Rain,light rain,11,922
8732,No Holiday,255.38,0.0,0.0,1,Fog,fog,2,1119
8733,No Holiday,294.02,0.0,0.0,1,Drizzle,light intensity drizzle,7,5017
8734,No Holiday,249.01,0.0,0.0,1,Clear,sky is clear,1,813
8735,No Holiday,284.61,0.51,0.0,90,Mist,mist,5,6885
8736,No Holiday,262.65,18.8,0.0,64,Rain,very heavy rain,12,2755
8737,No Holiday,300.21,0.0,0.0,0,Clear,Sky is Clear,6,6054
8738,No Holiday,292.99,0.0,0.0,40,Clouds,scattered clouds,6,4496
8739,No Holiday,291.51,0.0,0.0,20,Clouds,few clouds,6,4592
8740,No Holiday,292.65,0.0,0.0,1,Mist,mist,6,309
8741,No Holiday,264.15,0.0,0.0,90,Snow,light snow,2,6185
8742,No Holiday,297.15,0.0,0.0,90,Drizzle,light intensity drizzle,7,5526
8743,No Holiday,268.41,0.0,0.0,64,Clouds,broken clouds,11,5028
8744,No Holiday,296.2,1.5,0.0,90,Rain,heavy intensity rain,7,398
8745,No Holiday,273.42,0.0,0.0,5,Clear,sky is clear,2,3952
8746,No Holiday,276.72,0.0,0.0,1,Clear,sky is clear,2,3935
8747,No Holiday,262.89,0.0,0.0,5,Clear,sky is clear,12,2353
8748,No Holiday,301.65,0.0,0.0,75,Clouds,broken clouds,5,4989
8749,No Holiday,279.05,0.0,0.0,8,Mist,mist,10,5456
8750,No Holiday,293.5,0.0,0.0,75,Clouds,broken clouds,9,2367
8751,No Holiday,283.44,0.0,0.0,90,Rain,light rain,5,2959
8752,No Holiday,266.93,0.0,0.0,90,Mist,mist,12,3374
8753,No Holiday,295.58,0.0,0.0,1,Mist,mist,7,373
8754,No Holiday,277.42,0.0,0.0,1,Clear,sky is clear,11,2794
8755,No Holiday,298.32,0.0,0.0,0,Clear,Sky is Clear,6,4959
8756,No Holiday,291.03,0.0,0.0,1,Clear,sky is clear,8,3041
8757,No Holiday,284.27,0.0,0.0,90,Mist,mist,4,4726
8758,No Holiday,272.93,0.0,0.0,90,Snow,heavy snow,4,4552
8759,No Holiday,286.35,0.0,0.0,90,Mist,mist,6,4178
8760,No Holiday,263.29,0.0,0.0,90,Clouds,overcast clouds,2,6030
8761,No Holiday,296.61,0.0,0.0,56,Clouds,broken clouds,7,393
8762,No Holiday,292.28,0.0,0.0,90,Rain,light rain,7,5865
8763,No Holiday,283.5,0.0,0.0,32,Clouds,scattered clouds,10,5799
8764,No Holiday,266.68,0.76,0.0,64,Rain,light rain,1,4377
8765,No Holiday,285.77,0.25,0.0,1,Fog,fog,6,2271
8766,No Holiday,260.45,0.0,0.0,64,Clouds,broken clouds,1,4070
8767,No Holiday,286.3,0.0,0.0,90,Rain,light rain,5,4811
8768,No Holiday,251.95,0.0,0.0,1,Clear,sky is clear,1,1107
8769,No Holiday,302.01,0.0,0.0,1,Clear,sky is clear,7,4705
8770,No Holiday,285.21,0.0,0.0,75,Rain,light rain,4,856
8771,No Holiday,276.03,0.0,0.0,1,Clear,sky is clear,3,379
8772,No Holiday,263.61,0.0,0.0,90,Clouds,overcast clouds,12,4948
8773,No Holiday,272.56,0.0,0.0,1,Fog,fog,4,886
8774,No Holiday,274.94,0.0,0.0,75,Haze,haze,3,3058
8775,No Holiday,272.08,0.0,0.0,90,Mist,mist,12,4971
8776,No Holiday,296.62,0.0,0.0,75,Clouds,broken clouds,5,2650
8777,No Holiday,264.55,0.0,0.0,90,Snow,snow,12,811
8778,No Holiday,291.12,0.0,0.0,100,Clouds,overcast clouds,9,6597
8779,No Holiday,275.61,0.0,0.0,90,Drizzle,light intensity drizzle,5,4614
8780,No Holiday,265.48,0.0,0.0,75,Clouds,broken clouds,12,6546
8781,No Holiday,290.49,0.51,0.0,90,Drizzle,light intensity drizzle,8,2582
8782,No Holiday,270.24,0.0,0.0,90,Clouds,overcast clouds,1,659
8783,No Holiday,289.16,0.55,0.0,90,Fog,fog,9,498
8784,No Holiday,290.04,0.0,0.0,12,Mist,mist,6,6060
8785,No Holiday,263.15,0.0,0.0,90,Clouds,overcast clouds,12,1153
8786,No Holiday,251.82,0.0,0.0,1,Clear,sky is clear,12,5320
8787,No Holiday,292.52,0.0,0.0,90,Drizzle,heavy intensity drizzle,8,328
8788,No Holiday,275.68,0.0,0.0,5,Mist,mist,11,3539
8789,No Holiday,299.16,0.0,0.0,75,Clouds,broken clouds,7,4646
8790,No Holiday,274.15,0.0,0.0,90,Mist,mist,11,4262
8791,No Holiday,260.82,0.0,0.0,20,Clouds,few clouds,11,1366
8792,No Holiday,273.76,0.0,0.0,90,Clouds,overcast clouds,4,5883
8793,No Holiday,276.13,0.0,0.0,64,Clouds,broken clouds,11,4744
8794,No Holiday,291.619,0.0,0.0,92,Clouds,overcast clouds,7,1215
8795,No Holiday,281.86,0.0,0.0,36,Clouds,scattered clouds,9,5537
8796,No Holiday,289.73,0.0,0.0,1,Clear,sky is clear,9,3236
8797,No Holiday,272.02,0.0,0.0,90,Mist,mist,1,783
8798,No Holiday,286.92,0.0,0.0,12,Clouds,few clouds,9,4392
8799,No Holiday,268.12,0.0,0.0,75,Clouds,broken clouds,12,1881
8800,No Holiday,265.27,0.25,0.0,64,Mist,mist,1,5923
8801,No Holiday,275.72,0.0,0.0,90,Rain,proximity shower rain,10,4911
8802,No Holiday,258.78,0.0,0.0,20,Clouds,few clouds,1,5727
8803,No Holiday,303.08,0.0,0.0,12,Clouds,few clouds,7,4859
8804,No Holiday,276.72,0.0,0.0,90,Snow,light snow,4,6466
8805,No Holiday,292.35,0.0,0.0,0,Clear,Sky is Clear,8,387
8806,No Holiday,275.35,0.0,0.0,75,Clouds,broken clouds,4,5093
8807,No Holiday,299.9,0.0,0.0,40,Clouds,scattered clouds,6,6122
8808,No Holiday,249.13,0.0,0.0,1,Clear,sky is clear,1,222
8809,No Holiday,266.27,0.0,0.0,20,Clouds,few clouds,4,6505
8810,No Holiday,258.3,0.0,0.0,90,Haze,haze,12,3562
8811,No Holiday,286.48,0.25,0.0,90,Drizzle,drizzle,6,2615
8812,No Holiday,272.5,0.0,0.0,90,Rain,light rain,3,740
8813,No Holiday,269.72,0.0,0.0,90,Fog,fog,4,1642
8814,No Holiday,297.63,0.0,0.0,0,Clear,Sky is Clear,8,4344
8815,No Holiday,266.09,0.0,0.0,90,Snow,heavy snow,1,2046
8816,No Holiday,287.28,0.0,0.0,40,Mist,mist,9,6353
8817,No Holiday,282.09,0.0,0.0,75,Clouds,broken clouds,10,5030
8818,No Holiday,274.954,0.0,0.0,0,Clear,Sky is Clear,4,6035
8819,No Holiday,290.35,0.0,0.0,24,Mist,mist,8,6217
8820,No Holiday,268.32,0.0,0.0,90,Haze,haze,12,6493
8821,No Holiday,281.8,0.0,0.0,90,Mist,mist,5,280
8822,No Holiday,291.33,0.0,0.0,90,Rain,light rain,9,407
8823,No Holiday,274.08,0.0,0.0,90,Snow,light snow,12,990
8824,No Holiday,264.94,0.0,0.0,64,Snow,light snow,1,5463
8825,No Holiday,299.06,0.0,0.0,1,Clear,sky is clear,9,4875
8826,No Holiday,275.16,0.0,0.0,1,Mist,mist,11,255
8827,No Holiday,256.97,0.0,0.0,64,Clouds,broken clouds,12,5661
8828,No Holiday,285.94,0.0,0.0,90,Clouds,overcast clouds,5,2906
8829,No Holiday,273.75,0.0,0.0,75,Clouds,broken clouds,4,4777
8830,No Holiday,286.69,0.0,0.0,40,Clouds,scattered clouds,6,461
8831,No Holiday,277.22,0.0,0.0,90,Drizzle,light intensity drizzle,4,5289
8832,No Holiday,283.75,0.0,0.0,93,Mist,mist,10,4128
8833,No Holiday,261.85,0.0,0.0,1,Mist,mist,1,844
8834,No Holiday,287.36,0.0,0.0,75,Clouds,broken clouds,9,258
8835,No Holiday,293.73,0.56,0.0,48,Rain,light rain,9,6292
8836,No Holiday,282.69,0.0,0.0,90,Clouds,overcast clouds,10,3097
8837,No Holiday,305.25,0.0,0.0,0,Clear,Sky is Clear,9,4652
8838,No Holiday,290.02,0.0,0.0,5,Clear,sky is clear,10,4933
8839,No Holiday,290.48,0.0,0.0,75,Clouds,broken clouds,9,3450
8840,No Holiday,271.25,0.0,0.0,75,Clouds,broken clouds,2,235
8841,No Holiday,266.95,0.0,0.0,1,Clear,sky is clear,12,4928
8842,No Holiday,297.33,0.25,0.0,75,Rain,light rain,9,4299
8843,No Holiday,280.02,0.0,0.0,90,Drizzle,drizzle,11,304
8844,No Holiday,251.77,0.0,0.0,83,Clouds,broken clouds,2,5971
8845,No Holiday,290.35,0.0,0.0,90,Mist,mist,6,5268
8846,No Holiday,285.37,6.01,0.0,90,Thunderstorm,thunderstorm with rain,10,2876
8847,No Holiday,296.56,0.0,0.0,32,Clouds,scattered clouds,7,3071
8848,No Holiday,265.58,0.0,0.0,90,Clouds,overcast clouds,2,947
8849,No Holiday,284.96,0.0,0.0,90,Clouds,overcast clouds,10,572
8850,No Holiday,283.607,0.0,0.0,0,Clear,Sky is Clear,10,3307
8851,No Holiday,288.42,0.0,0.0,1,Clear,sky is clear,8,2752
8852,No Holiday,281.22,0.0,0.0,90,Drizzle,heavy intensity drizzle,5,334
8853,No Holiday,299.58,0.0,0.0,40,Clouds,scattered clouds,7,4493
8854,No Holiday,274.67,0.0,0.0,90,Mist,mist,1,382
8855,No Holiday,274.39,0.76,0.0,90,Rain,light rain,12,4760
8856,No Holiday,300.99,0.0,0.0,1,Clear,sky is clear,8,6731
8857,No Holiday,273.89,0.0,0.0,20,Clouds,few clouds,2,5313
8858,No Holiday,296.22,0.0,0.0,20,Clouds,few clouds,7,2754
8859,No Holiday,294.34,1.85,0.0,90,Rain,moderate rain,8,2922
8860,No Holiday,280.01,0.0,0.0,1,Clear,sky is clear,10,3930
8861,No Holiday,293.69,0.0,0.0,40,Clouds,scattered clouds,5,3323
8862,No Holiday,289.08,0.0,0.0,1,Mist,mist,8,1136
8863,No Holiday,275.99,0.0,0.0,75,Clouds,broken clouds,10,3017
8864,No Holiday,267.5,0.0,0.0,90,Haze,haze,1,4823
8865,No Holiday,274.67,0.0,0.0,90,Rain,light rain,3,1070
8866,No Holiday,277.4,0.0,0.0,1,Clear,sky is clear,5,329
8867,No Holiday,301.36,0.0,0.0,1,Clear,sky is clear,7,5771
8868,No Holiday,293.94,0.0,0.0,1,Clear,sky is clear,8,2271
8869,No Holiday,256.36,0.0,0.0,20,Haze,haze,1,484
8870,No Holiday,276.25,0.0,0.0,90,Haze,haze,4,4797
8871,No Holiday,257.68,0.0,0.0,90,Haze,haze,1,4217
8872,No Holiday,286.82,0.0,0.0,40,Rain,light rain,5,3205
8873,No Holiday,273.15,0.0,0.0,90,Mist,mist,1,4416
8874,No Holiday,294.16,5.59,0.0,1,Mist,mist,7,6006
8875,No Holiday,292.94,0.0,0.0,0,Clear,Sky is Clear,7,2572
8876,No Holiday,275.01,0.0,0.0,1,Clear,sky is clear,4,1610
8877,No Holiday,285.122,0.0,0.0,64,Clouds,broken clouds,2,737
8878,No Holiday,269.51,0.0,0.0,90,Thunderstorm,proximity thunderstorm,4,1461
8879,No Holiday,296.12,0.0,0.0,12,Clouds,few clouds,8,4505
8880,No Holiday,294.48,0.0,0.0,90,Clouds,overcast clouds,8,1491
8881,No Holiday,271.46,0.0,0.0,90,Mist,mist,1,684
8882,No Holiday,278.59,0.0,0.0,20,Clouds,few clouds,5,6815
8883,No Holiday,261.86,0.0,0.0,75,Snow,light snow,12,2576
8884,No Holiday,291.18,0.0,0.0,20,Clouds,few clouds,6,1140
8885,No Holiday,289.34,0.0,0.0,1,Clear,sky is clear,10,282
8886,No Holiday,299.22,0.0,0.0,1,Clear,sky is clear,9,4017
8887,No Holiday,298.55,0.0,0.0,75,Clouds,broken clouds,7,4916
8888,No Holiday,289.35,0.0,0.0,1,Clear,sky is clear,5,806
8889,No Holiday,276.8,0.0,0.0,0,Clear,sky is clear,11,5129
8890,No Holiday,296.91,0.0,0.0,64,Clouds,broken clouds,7,314
8891,No Holiday,275.05,0.0,0.0,90,Clouds,overcast clouds,10,1508
8892,No Holiday,274.15,0.0,0.0,75,Clouds,broken clouds,11,4163
8893,No Holiday,292.29,0.0,0.0,0,Clear,Sky is Clear,8,1702
8894,No Holiday,285.6,0.0,0.0,20,Clouds,few clouds,10,776
8895,No Holiday,257.39,0.0,0.0,75,Clouds,broken clouds,2,4314
8896,No Holiday,274.82,0.0,0.0,90,Clouds,overcast clouds,3,5194
8897,No Holiday,273.59,0.0,0.0,90,Snow,heavy snow,2,5789
8898,No Holiday,252.81,0.0,0.0,40,Clouds,scattered clouds,1,6331
8899,No Holiday,277.01,0.0,0.0,90,Drizzle,drizzle,12,289
8900,No Holiday,283.96,0.25,0.0,90,Drizzle,light intensity drizzle,9,4981
8901,No Holiday,267.49,0.0,0.0,90,Haze,haze,2,381
8902,No Holiday,299.51,0.0,0.0,75,Haze,haze,7,4485
8903,No Holiday,290.83,0.0,0.0,90,Clouds,overcast clouds,6,4621
8904,No Holiday,273.15,0.0,0.0,90,Snow,light snow,10,1514
8905,No Holiday,280.13,0.0,0.0,0,Clear,Sky is Clear,5,6228
8906,No Holiday,303.48,0.0,0.0,75,Clouds,broken clouds,6,5114
8907,No Holiday,276.21,0.0,0.0,75,Clouds,broken clouds,1,6114
8908,No Holiday,289.89,4.57,0.0,92,Rain,heavy intensity rain,9,291
8909,No Holiday,286.01,0.0,0.0,20,Clouds,few clouds,11,370
8910,No Holiday,254.11,0.0,0.0,90,Clouds,overcast clouds,12,2245
8911,No Holiday,299.08,0.0,0.0,1,Clear,sky is clear,6,4560
8912,No Holiday,288.093,0.0,0.0,92,Rain,light rain,5,261
8913,No Holiday,298.43,0.0,0.0,1,Clear,sky is clear,8,4792
8914,No Holiday,262.44,0.0,0.0,90,Clouds,overcast clouds,2,3959
8915,No Holiday,259.3,0.0,0.0,90,Haze,haze,1,746
8916,No Holiday,276.15,0.0,0.0,90,Clouds,overcast clouds,10,326
8917,No Holiday,281.48,0.0,0.0,75,Clouds,broken clouds,11,4513
8918,No Holiday,274.37,0.0,0.0,90,Rain,moderate rain,3,4836
8919,No Holiday,282.87,0.0,0.0,8,Clear,sky is clear,10,550
8920,No Holiday,297.14,0.0,0.0,44,Clouds,scattered clouds,6,4162
8921,No Holiday,283.77,0.0,0.0,40,Clouds,scattered clouds,5,4403
8922,No Holiday,285.59,0.0,0.0,75,Clouds,broken clouds,4,5330
8923,No Holiday,268.45,0.0,0.0,1,Clear,sky is clear,3,4759
8924,No Holiday,273.79,0.0,0.0,90,Mist,mist,4,2158
8925,No Holiday,287.8,0.0,0.0,1,Clear,sky is clear,6,4995
8926,No Holiday,289.22,0.0,0.0,90,Rain,light rain,9,4802
8927,No Holiday,292.69,0.0,0.0,1,Clear,sky is clear,7,2021
8928,No Holiday,281.66,0.0,0.0,1,Clear,sky is clear,10,3632
8929,No Holiday,283.15,0.0,0.0,90,Clouds,overcast clouds,3,2198
8930,No Holiday,293.88,0.0,0.0,75,Clouds,broken clouds,5,5133
8931,No Holiday,278.42,0.0,0.0,20,Clouds,few clouds,5,3427
8932,No Holiday,289.12,0.0,0.0,1,Clear,sky is clear,10,3372
8933,No Holiday,251.52,0.0,0.0,75,Clouds,broken clouds,3,1605
8934,No Holiday,295.37,0.0,0.0,1,Clear,sky is clear,5,1010
8935,No Holiday,274.0,0.0,0.0,90,Mist,mist,3,249
8936,No Holiday,286.25,0.0,0.0,0,Clear,Sky is Clear,8,370
8937,No Holiday,277.22,0.0,0.0,90,Rain,moderate rain,3,6821
8938,No Holiday,265.22,0.0,0.0,76,Snow,light snow,12,5551
8939,No Holiday,276.16,0.0,0.0,40,Clouds,scattered clouds,4,2884
8940,No Holiday,266.89,0.0,0.0,75,Clouds,broken clouds,12,3397
8941,No Holiday,300.29,0.0,0.0,1,Clear,sky is clear,7,3992
8942,No Holiday,272.82,0.0,0.0,1,Fog,fog,1,1662
8943,No Holiday,271.02,0.0,0.0,90,Snow,heavy snow,2,2677
8944,No Holiday,291.65,0.0,0.0,90,Clouds,overcast clouds,7,4980
8945,No Holiday,287.75,0.0,0.0,90,Rain,moderate rain,10,4377
8946,No Holiday,293.55,0.0,0.0,1,Clear,sky is clear,7,1996
8947,No Holiday,291.01,0.0,0.0,75,Mist,mist,8,423
8948,No Holiday,286.67,0.0,0.0,76,Clouds,broken clouds,6,3146
8949,No Holiday,288.35,0.0,0.0,1,Clear,sky is clear,8,2251
8950,No Holiday,294.15,0.0,0.0,75,Clouds,broken clouds,9,5060
8951,No Holiday,288.14,0.0,0.0,90,Rain,light rain,6,4398
8952,No Holiday,282.22,0.0,0.0,90,Rain,light rain,11,5857
8953,No Holiday,293.49,0.0,0.0,20,Clouds,few clouds,9,6260
8954,No Holiday,293.48,0.0,0.0,1,Clear,sky is clear,9,6856
8955,No Holiday,280.73,0.0,0.0,75,Clouds,broken clouds,3,359
8956,No Holiday,260.2,0.0,0.0,75,Clouds,broken clouds,2,4500
8957,No Holiday,294.28,0.0,0.0,1,Clear,sky is clear,7,1995
8958,No Holiday,270.89,0.0,0.0,90,Clouds,overcast clouds,2,576
8959,No Holiday,290.83,0.0,0.0,90,Clouds,overcast clouds,9,6623
8960,No Holiday,293.43,0.0,0.0,90,Mist,mist,9,847
8961,No Holiday,292.58,0.0,0.0,75,Clouds,broken clouds,7,2163
8962,No Holiday,268.96,0.0,0.0,1,Clear,sky is clear,3,2532
8963,No Holiday,295.15,0.0,0.0,1,Clear,sky is clear,6,4976
8964,No Holiday,279.09,0.0,0.0,90,Rain,light rain,2,5912
8965,No Holiday,262.35,0.0,0.0,75,Snow,light snow,1,1053
8966,No Holiday,286.15,0.0,0.0,1,Clear,sky is clear,5,5290
8967,No Holiday,277.68,0.0,0.0,1,Clear,sky is clear,3,4219
8968,No Holiday,298.6,0.0,0.0,0,Clear,Sky is Clear,8,2935
8969,No Holiday,271.61,0.0,0.0,90,Snow,light snow,4,552
8970,No Holiday,283.492,0.0,0.0,8,Clear,sky is clear,2,5114
8971,No Holiday,267.72,0.0,0.0,90,Snow,light snow,1,3512
8972,No Holiday,274.15,0.0,0.0,90,Rain,light rain,11,4070
8973,No Holiday,297.888,0.0,0.0,0,Clear,Sky is Clear,7,2705
8974,No Holiday,264.41,0.0,0.0,90,Haze,haze,2,6301
8975,No Holiday,303.1,0.0,0.0,24,Clouds,few clouds,6,5155
8976,No Holiday,293.84,0.0,0.0,32,Rain,moderate rain,8,556
8977,No Holiday,282.82,0.0,0.0,90,Mist,mist,5,643
8978,No Holiday,294.36,0.0,0.0,1,Clear,sky is clear,9,517
8979,No Holiday,257.82,0.0,0.0,64,Mist,mist,12,362
8980,No Holiday,282.33,0.0,0.0,75,Clouds,broken clouds,11,5989
8981,No Holiday,292.64,0.0,0.0,0,Clear,Sky is Clear,7,2373
8982,No Holiday,272.36,0.0,0.0,90,Snow,light snow,4,986
8983,No Holiday,268.29,0.0,0.0,75,Clouds,broken clouds,3,4358
8984,No Holiday,294.69,0.0,0.0,1,Clear,sky is clear,8,924
8985,No Holiday,282.62,0.0,0.0,1,Clear,sky is clear,4,4941
8986,No Holiday,290.97,5.42,0.0,90,Mist,mist,9,6331
8987,No Holiday,285.8,0.0,0.0,90,Drizzle,drizzle,10,5888
8988,No Holiday,295.16,0.0,0.0,40,Clouds,scattered clouds,5,4734
8989,No Holiday,296.97,0.0,0.0,75,Clouds,broken clouds,7,391
8990,No Holiday,249.08,0.0,0.0,1,Clear,sky is clear,1,1408
8991,No Holiday,270.49,0.0,0.0,90,Snow,light snow,1,457
8992,No Holiday,277.1,0.0,0.0,64,Clouds,broken clouds,11,4184
8993,No Holiday,286.29,0.0,0.0,75,Rain,light rain,10,2796
8994,No Holiday,267.55,0.0,0.0,75,Snow,light snow,4,6110
8995,No Holiday,294.96,0.0,0.0,1,Clear,sky is clear,9,2915
8996,No Holiday,271.51,0.0,0.0,1,Clear,sky is clear,11,2969
8997,No Holiday,286.9,0.0,0.0,99,Rain,light rain,10,5256
8998,No Holiday,274.65,0.0,0.0,90,Snow,light snow,3,237
8999,No Holiday,292.61,0.0,0.0,1,Clear,sky is clear,9,3958
9000,No Holiday,296.53,0.0,0.0,1,Rain,light rain,9,920
9001,No Holiday,288.89,0.0,0.0,1,Clear,sky is clear,5,5723
9002,No Holiday,295.58,0.0,0.0,90,Clouds,overcast clouds,8,4493
9003,No Holiday,268.08,0.0,0.0,1,Clear,sky is clear,1,5848
9004,No Holiday,271.22,0.0,0.0,90,Fog,fog,1,1379
9005,No Holiday,283.79,0.0,0.0,90,Clouds,overcast clouds,10,4452
9006,No Holiday,289.29,0.0,0.0,1,Mist,mist,7,424
9007,No Holiday,266.15,0.0,0.0,90,Snow,light snow,12,3865
9008,No Holiday,267.89,0.0,0.0,64,Clouds,broken clouds,11,4399
9009,No Holiday,270.61,0.0,0.0,90,Clouds,overcast clouds,11,3749
9010,No Holiday,274.37,0.0,0.0,75,Clouds,broken clouds,4,4219
9011,No Holiday,285.49,0.0,0.0,88,Drizzle,light intensity drizzle,6,6604
9012,No Holiday,296.46,0.0,0.0,40,Clouds,scattered clouds,7,3449
9013,No Holiday,282.72,0.0,0.0,20,Clouds,few clouds,9,5651
9014,No Holiday,263.61,0.0,0.0,90,Snow,snow,1,2357
9015,No Holiday,274.42,0.0,0.0,1,Clear,sky is clear,4,712
9016,No Holiday,288.02,0.0,0.0,90,Rain,light rain,9,1739
9017,No Holiday,288.98,0.0,0.0,0,Clear,Sky is Clear,8,552
9018,No Holiday,298.24,0.0,0.0,0,Clear,Sky is Clear,7,5694
9019,No Holiday,300.37,0.0,0.0,90,Clouds,overcast clouds,7,4734
9020,No Holiday,254.46,0.0,0.0,56,Clouds,broken clouds,2,4684
9021,No Holiday,284.22,0.0,0.0,90,Drizzle,light intensity drizzle,5,6167
9022,No Holiday,272.6,0.0,0.0,1,Clear,sky is clear,4,783
9023,No Holiday,280.22,0.0,0.0,90,Mist,mist,3,4939
9024,No Holiday,280.56,0.0,0.0,46,Clear,sky is clear,11,938
9025,No Holiday,276.26,0.0,0.0,1,Clear,sky is clear,10,336
9026,No Holiday,276.03,0.0,0.0,75,Clouds,broken clouds,2,5493
9027,No Holiday,291.77,0.0,0.0,75,Mist,mist,9,5272
9028,No Holiday,262.43,0.0,0.0,90,Fog,fog,2,291
9029,No Holiday,289.68,0.0,0.0,92,Rain,light rain,6,1826
9030,No Holiday,296.99,0.0,0.0,92,Clouds,overcast clouds,6,4277
9031,No Holiday,296.99,0.0,0.0,40,Clouds,scattered clouds,7,2676
9032,No Holiday,266.23,0.0,0.0,90,Snow,heavy snow,3,687
9033,No Holiday,294.15,0.0,0.0,75,Clouds,broken clouds,5,5573
9034,No Holiday,278.76,0.0,0.0,75,Clouds,broken clouds,4,5221
9035,No Holiday,293.28,0.0,0.0,90,Drizzle,light intensity drizzle,7,4974
9036,No Holiday,299.96,0.0,0.0,24,Clouds,few clouds,8,5295
9037,No Holiday,277.66,0.0,0.0,1,Clear,sky is clear,5,238
9038,No Holiday,279.15,0.0,0.0,90,Rain,heavy intensity rain,5,4397
9039,No Holiday,300.15,0.0,0.0,1,Clear,sky is clear,6,5121
9040,No Holiday,295.58,0.0,0.0,40,Rain,light rain,7,2977
9041,No Holiday,295.36,0.0,0.0,40,Clouds,scattered clouds,8,3452
9042,No Holiday,264.97,0.0,0.0,90,Snow,heavy snow,1,4729
9043,No Holiday,277.36,0.0,0.0,80,Rain,light rain,10,5528
9044,No Holiday,280.89,0.0,0.0,20,Clouds,few clouds,3,3382
9045,No Holiday,290.15,0.0,0.0,1,Clear,sky is clear,9,853
9046,No Holiday,284.44,0.0,0.0,1,Clear,sky is clear,5,2047
9047,No Holiday,280.69,0.0,0.0,1,Clear,sky is clear,10,362
9048,No Holiday,292.06,0.0,0.0,90,Mist,mist,8,3969
9049,No Holiday,294.81,0.0,0.0,75,Clouds,broken clouds,5,3028
9050,No Holiday,281.02,0.0,0.0,5,Clear,sky is clear,3,4595
9051,No Holiday,299.02,0.0,0.0,75,Clouds,broken clouds,5,4729
9052,No Holiday,272.62,0.0,0.0,1,Fog,fog,1,542
9053,No Holiday,277.7,0.0,0.0,90,Clouds,overcast clouds,5,1180
9054,No Holiday,296.79,0.0,0.0,1,Clear,sky is clear,8,2076
9055,No Holiday,289.01,0.0,0.0,5,Clear,sky is clear,7,5927
9056,No Holiday,285.48,0.0,0.0,1,Mist,mist,8,6357
9057,No Holiday,274.39,0.0,0.0,90,Rain,light rain,5,2711
9058,No Holiday,293.94,0.0,0.0,75,Rain,light rain,7,3124
9059,No Holiday,296.37,0.0,0.0,40,Mist,mist,7,2727
9060,No Holiday,278.41,0.0,0.0,1,Clear,sky is clear,2,1956
9061,No Holiday,284.67,0.0,0.0,48,Clouds,scattered clouds,7,393
9062,No Holiday,263.23,0.0,0.0,75,Clouds,broken clouds,12,4144
9063,No Holiday,263.53,0.0,0.0,75,Clouds,broken clouds,12,2463
9064,No Holiday,296.8,0.0,0.0,0,Clear,Sky is Clear,8,4255
9065,No Holiday,294.87,0.0,0.0,1,Clear,sky is clear,7,3222
9066,No Holiday,284.82,0.0,0.0,20,Clouds,few clouds,11,456
9067,No Holiday,292.05,0.0,0.0,75,Clouds,broken clouds,5,3307
9068,No Holiday,268.95,0.0,0.0,40,Clouds,scattered clouds,4,2444
9069,No Holiday,291.37,0.0,0.0,40,Rain,light rain,10,804
9070,No Holiday,287.83,0.0,0.0,40,Rain,light rain,6,4358
9071,No Holiday,269.44,0.0,0.0,1,Clear,sky is clear,4,1777
9072,No Holiday,269.01,0.0,0.0,90,Clouds,overcast clouds,12,1812
9073,No Holiday,290.52,1.52,0.0,90,Thunderstorm,proximity thunderstorm,9,3857
9074,No Holiday,293.33,0.0,0.0,90,Rain,light rain,9,5530
9075,No Holiday,291.51,2.67,0.0,90,Mist,mist,8,5839
9076,No Holiday,295.6,0.0,0.0,75,Rain,heavy intensity rain,6,408
9077,No Holiday,263.71,0.0,0.0,90,Snow,light snow,12,322
9078,No Holiday,282.71,0.0,0.0,100,Rain,heavy intensity rain,10,4613
9079,No Holiday,279.22,0.0,0.0,90,Mist,mist,11,2778
9080,No Holiday,297.66,0.0,0.0,40,Clouds,scattered clouds,7,5829
9081,No Holiday,292.44,0.0,0.0,75,Rain,light rain,9,4704
9082,No Holiday,293.66,0.0,0.0,0,Clear,Sky is Clear,6,5294
9083,No Holiday,282.55,0.0,0.0,0,Clear,Sky is Clear,10,910
9084,No Holiday,268.77,0.0,0.0,75,Clouds,broken clouds,12,922
9085,No Holiday,285.13,0.0,0.0,12,Clouds,few clouds,9,3968
9086,No Holiday,288.56,0.0,0.0,8,Clear,sky is clear,7,2043
9087,No Holiday,285.55,0.0,0.0,90,Rain,light rain,10,4062
9088,No Holiday,262.53,0.0,0.0,5,Clear,sky is clear,1,3294
9089,No Holiday,289.7,0.0,0.0,0,Clear,Sky is Clear,9,6419
9090,No Holiday,292.81,0.9,0.0,40,Rain,light rain,9,309
9091,No Holiday,285.67,1.76,0.0,92,Rain,moderate rain,6,4260
9092,No Holiday,276.4,0.0,0.0,90,Clouds,overcast clouds,12,2345
9093,No Holiday,294.97,0.0,0.0,75,Clouds,broken clouds,6,4727
9094,No Holiday,282.08,0.0,0.0,20,Clouds,few clouds,4,5296
9095,No Holiday,267.21,0.0,0.0,75,Clouds,broken clouds,2,3900
9096,No Holiday,273.84,0.0,0.0,90,Mist,mist,3,5970
9097,No Holiday,288.58,0.0,0.0,40,Drizzle,light intensity drizzle,4,6010
9098,No Holiday,289.3,0.0,0.0,75,Clouds,broken clouds,9,5041
9099,No Holiday,294.46,0.0,0.0,0,Clear,Sky is Clear,8,2851
9100,No Holiday,268.66,0.0,0.0,75,Clouds,broken clouds,1,2533
9101,No Holiday,289.5,0.0,0.0,1,Clear,sky is clear,9,4689
9102,No Holiday,278.07,1.69,0.0,90,Drizzle,light intensity drizzle,5,5340
9103,No Holiday,274.08,0.0,0.0,90,Haze,haze,3,516
9104,No Holiday,300.31,0.0,0.0,40,Clouds,scattered clouds,7,4725
9105,No Holiday,266.55,0.0,0.0,1,Clear,sky is clear,11,1848
9106,No Holiday,286.77,0.0,0.0,0,Clear,Sky is Clear,2,4719
9107,No Holiday,284.67,0.0,0.0,12,Clouds,few clouds,9,449
9108,No Holiday,264.38,0.0,0.0,40,Clouds,scattered clouds,11,5311
9109,No Holiday,278.16,0.0,0.0,90,Clouds,overcast clouds,3,5955
9110,No Holiday,262.29,0.0,0.0,1,Snow,light snow,4,2580
9111,No Holiday,299.04,0.0,0.0,40,Clouds,scattered clouds,5,4155
9112,No Holiday,283.98,0.0,0.0,90,Rain,moderate rain,10,2589
9113,No Holiday,297.23,0.0,0.0,40,Clouds,scattered clouds,7,4178
9114,No Holiday,287.81,0.0,0.0,75,Mist,mist,5,4259
9115,No Holiday,269.71,0.0,0.0,90,Clouds,overcast clouds,11,2641
9116,No Holiday,285.79,0.0,0.0,90,Clouds,overcast clouds,4,2764
9117,No Holiday,288.34,0.0,0.0,1,Clear,sky is clear,9,1578
9118,No Holiday,288.55,0.0,0.0,1,Clear,sky is clear,9,3258
9119,No Holiday,289.22,0.0,0.0,90,Clouds,overcast clouds,8,2948
9120,No Holiday,265.76,0.0,0.0,90,Snow,light snow,1,4469
9121,No Holiday,291.15,0.0,0.0,40,Haze,haze,9,535
9122,No Holiday,296.02,0.0,0.0,75,Clouds,broken clouds,6,1869
9123,No Holiday,262.74,0.0,0.0,64,Clouds,broken clouds,11,2137
9124,No Holiday,290.18,0.93,0.0,90,Drizzle,light intensity drizzle,8,4678
9125,No Holiday,259.16,0.0,0.0,1,Clear,sky is clear,2,355
9126,No Holiday,288.15,0.0,0.0,1,Clear,sky is clear,5,5093
9127,No Holiday,278.31,0.0,0.0,90,Clouds,overcast clouds,11,4670
9128,No Holiday,266.08,0.0,0.0,90,Clouds,overcast clouds,3,3935
9129,No Holiday,273.58,0.0,0.0,40,Mist,mist,1,582
9130,No Holiday,265.84,0.0,0.0,20,Clouds,few clouds,3,2084
9131,No Holiday,278.61,0.65,0.0,90,Rain,light rain,4,5432
9132,No Holiday,289.57,0.0,0.0,0,Clear,Sky is Clear,8,550
9133,No Holiday,303.64,0.0,0.0,20,Clouds,few clouds,5,6234
9134,No Holiday,297.95,0.0,0.0,5,Clear,sky is clear,9,3239
9135,No Holiday,272.91,0.0,0.0,90,Mist,mist,1,5960
9136,No Holiday,279.61,0.0,0.0,75,Drizzle,drizzle,5,5592
9137,No Holiday,282.42,0.38,0.0,90,Rain,light rain,5,5420
9138,No Holiday,286.68,0.0,0.0,75,Clouds,broken clouds,5,5599
9139,No Holiday,273.84,0.0,0.0,1,Clear,sky is clear,3,5398
9140,No Holiday,281.08,0.0,0.0,40,Clouds,scattered clouds,11,4860
9141,No Holiday,258.36,0.0,0.0,75,Snow,light snow,12,741
9142,No Holiday,279.02,0.0,0.0,90,Rain,moderate rain,5,4219
9143,No Holiday,271.22,0.0,0.0,1,Clear,sky is clear,3,3561
9144,No Holiday,298.034,0.0,0.0,0,Clear,Sky is Clear,7,5358
9145,No Holiday,268.86,0.0,0.0,64,Mist,mist,12,1092
9146,No Holiday,274.95,0.0,0.0,90,Rain,light rain,11,5681
9147,No Holiday,280.01,0.0,0.0,1,Clear,sky is clear,10,882
9148,No Holiday,263.29,0.0,0.0,1,Clear,sky is clear,3,4336
9149,No Holiday,291.24,0.0,0.0,40,Clouds,scattered clouds,5,2680
9150,No Holiday,250.02,0.0,0.0,1,Clear,sky is clear,1,2978
9151,No Holiday,287.65,0.0,0.0,75,Clouds,broken clouds,4,4984
9152,No Holiday,285.22,0.0,0.0,90,Mist,mist,12,4705
9153,No Holiday,273.86,0.0,0.0,90,Mist,mist,12,2616
9154,No Holiday,273.29,0.0,0.0,40,Clouds,scattered clouds,3,5207
9155,No Holiday,297.86,0.0,0.0,0,Clear,Sky is Clear,8,5842
9156,No Holiday,281.361,0.0,0.0,8,Clear,sky is clear,10,873
9157,No Holiday,292.47,0.0,0.0,75,Clouds,broken clouds,7,5325
9158,No Holiday,292.13,0.0,0.0,68,Clouds,broken clouds,7,1456
9159,No Holiday,282.36,0.0,0.0,64,Clouds,broken clouds,11,5276
9160,No Holiday,257.96,0.0,0.0,40,Clouds,scattered clouds,12,2617
9161,No Holiday,273.46,0.0,0.0,90,Clouds,overcast clouds,4,5378
9162,No Holiday,277.99,1.69,0.0,90,Drizzle,light intensity drizzle,5,5101
9163,No Holiday,266.48,0.0,0.0,1,Clear,sky is clear,2,352
9164,No Holiday,276.31,0.0,0.0,90,Mist,mist,1,2627
9165,No Holiday,279.55,0.0,0.0,1,Clear,sky is clear,2,3778
9166,No Holiday,293.81,0.0,0.0,56,Clouds,broken clouds,7,5214
9167,No Holiday,273.58,0.0,0.0,90,Clouds,overcast clouds,3,4129
9168,No Holiday,282.48,0.0,0.0,1,Haze,haze,10,410
9169,No Holiday,286.15,0.0,0.0,75,Clouds,broken clouds,5,1779
9170,No Holiday,286.79,0.0,0.0,90,Clouds,overcast clouds,5,3477
9171,No Holiday,247.9,0.0,0.0,1,Clear,sky is clear,1,4003
9172,No Holiday,277.86,0.0,0.0,90,Mist,mist,4,737
9173,No Holiday,273.09,0.0,0.0,5,Mist,mist,11,2548
9174,No Holiday,284.67,0.0,0.0,40,Clouds,scattered clouds,2,4694
9175,No Holiday,290.25,7.7,0.0,68,Rain,heavy intensity rain,6,5656
9176,No Holiday,263.65,0.0,0.0,1,Clear,sky is clear,2,1449
9177,No Holiday,274.43,0.0,0.0,90,Clouds,overcast clouds,4,4962
9178,No Holiday,269.18,0.0,0.0,64,Snow,light snow,12,4874
9179,No Holiday,278.36,0.0,0.0,75,Clouds,broken clouds,1,6559
9180,No Holiday,261.12,0.0,0.0,20,Clouds,few clouds,2,5512
9181,No Holiday,290.08,0.25,0.0,90,Rain,light rain,8,400
9182,No Holiday,266.94,0.0,0.0,90,Snow,light snow,1,5606
9183,No Holiday,284.22,0.0,0.0,90,Clouds,overcast clouds,4,275
9184,No Holiday,286.79,0.0,0.0,92,Rain,light rain,10,4151
9185,No Holiday,291.68,0.0,0.0,1,Clear,sky is clear,7,341
9186,No Holiday,259.69,0.0,0.0,1,Snow,light snow,12,5450
9187,No Holiday,290.44,0.0,0.0,1,Clear,sky is clear,4,648
9188,No Holiday,268.02,0.0,0.0,75,Snow,light snow,12,5493
9189,No Holiday,267.56,0.0,0.0,90,Snow,heavy snow,12,739
9190,No Holiday,285.215,0.0,0.0,48,Clouds,scattered clouds,2,2516
9191,No Holiday,293.28,0.0,0.0,75,Rain,light rain,7,3121
9192,No Holiday,287.9,0.0,0.0,92,Rain,moderate rain,5,3115
9193,No Holiday,277.36,0.51,0.0,90,Drizzle,drizzle,4,597
9194,No Holiday,301.01,0.0,0.0,20,Clouds,few clouds,7,5137
9195,No Holiday,270.15,0.0,0.0,1,Clear,sky is clear,11,5926
9196,No Holiday,281.28,0.0,0.0,90,Fog,fog,4,5453
9197,No Holiday,265.98,0.0,0.0,90,Snow,heavy snow,12,4134
9198,No Holiday,256.34,0.0,0.0,75,Clouds,broken clouds,2,301
9199,No Holiday,274.29,0.0,0.0,1,Clear,sky is clear,1,2821
9200,No Holiday,294.05,0.0,0.0,90,Clouds,overcast clouds,8,4872
9201,No Holiday,301.02,0.0,0.0,20,Clouds,few clouds,7,4189
9202,No Holiday,289.81,0.3,0.0,40,Mist,mist,9,2897
9203,No Holiday,288.29,0.0,0.0,1,Clear,sky is clear,6,3022
9204,No Holiday,296.92,0.0,0.0,90,Clouds,overcast clouds,7,4697
9205,No Holiday,290.04,0.51,0.0,92,Rain,light rain,9,793
9206,No Holiday,273.9,0.0,0.0,90,Snow,heavy snow,4,5393
9207,No Holiday,297.58,0.0,0.0,75,Clouds,broken clouds,6,4592
9208,No Holiday,280.83,0.0,0.0,90,Clouds,overcast clouds,3,837
9209,No Holiday,290.55,0.0,0.0,1,Mist,mist,6,614
9210,No Holiday,292.94,0.0,0.0,75,Clouds,broken clouds,9,2846
9211,No Holiday,297.64,0.0,0.0,75,Rain,light rain,7,6153
9212,No Holiday,289.05,1.86,0.0,90,Rain,moderate rain,9,401
9213,No Holiday,260.41,0.0,0.0,20,Clouds,few clouds,3,351
9214,No Holiday,271.75,0.0,0.0,90,Snow,snow,2,3342
9215,No Holiday,272.22,0.0,0.0,1,Clear,sky is clear,3,984
9216,No Holiday,289.37,0.0,0.0,80,Clouds,broken clouds,9,5456
9217,No Holiday,273.86,0.0,0.0,40,Snow,light snow,2,704
9218,No Holiday,307.09,0.0,0.0,0,Clear,Sky is Clear,8,6298
9219,No Holiday,294.0,0.0,0.0,75,Rain,moderate rain,5,2466
9220,No Holiday,303.94,0.0,0.0,40,Clouds,scattered clouds,7,6311
9221,No Holiday,296.06,0.0,0.0,80,Clouds,broken clouds,8,4926
9222,No Holiday,270.0,0.0,0.0,90,Snow,heavy snow,2,4588
9223,No Holiday,290.34,0.0,0.0,88,Clouds,overcast clouds,6,5051
9224,No Holiday,291.06,0.0,0.0,1,Clear,sky is clear,9,3052
9225,No Holiday,302.51,0.0,0.0,40,Clouds,scattered clouds,7,4242
9226,No Holiday,279.69,1.21,0.0,90,Rain,moderate rain,4,1941
9227,No Holiday,290.95,0.0,0.0,90,Drizzle,drizzle,6,5506
9228,No Holiday,284.89,0.0,0.0,90,Clouds,overcast clouds,5,4909
9229,No Holiday,290.03,0.0,0.0,40,Clouds,scattered clouds,9,4666
9230,No Holiday,277.8,0.0,0.0,1,Clear,sky is clear,10,5341
9231,No Holiday,284.31,0.0,0.0,75,Clouds,broken clouds,11,4368
9232,No Holiday,272.35,0.0,0.0,90,Haze,haze,12,3294
9233,No Holiday,287.61,0.0,0.0,5,Clear,sky is clear,6,6127
9234,No Holiday,277.23,0.0,0.0,40,Rain,light rain,12,4783
9235,No Holiday,267.96,0.0,0.0,1,Clear,sky is clear,3,1167
9236,No Holiday,299.71,0.0,0.0,1,Clear,sky is clear,8,5382
9237,No Holiday,275.91,0.0,0.0,40,Clouds,scattered clouds,11,422
9238,No Holiday,305.24,0.0,0.0,0,Clear,Sky is Clear,6,4456
9239,No Holiday,290.82,0.0,0.0,90,Fog,fog,5,922
9240,No Holiday,275.52,0.0,0.0,90,Mist,mist,1,6255
9241,No Holiday,248.63,0.0,0.0,1,Clear,sky is clear,12,2711
9242,No Holiday,298.01,0.0,0.0,0,Clear,Sky is Clear,6,5274
9243,No Holiday,288.89,0.0,0.0,1,Clear,sky is clear,7,894
9244,No Holiday,260.46,0.0,0.0,90,Snow,snow,1,3293
9245,No Holiday,255.81,0.25,0.0,90,Rain,light rain,12,3938
9246,No Holiday,282.63,0.0,0.0,1,Clear,sky is clear,4,2991
9247,No Holiday,270.08,0.0,0.0,40,Haze,haze,12,530
9248,No Holiday,260.23,0.0,0.0,90,Snow,snow,1,3557
9249,No Holiday,288.68,0.0,0.0,5,Clear,sky is clear,7,5069
9250,No Holiday,285.15,0.0,0.0,1,Clear,sky is clear,5,403
9251,No Holiday,270.8,0.0,0.0,90,Clouds,overcast clouds,2,2677
9252,No Holiday,274.54,0.0,0.0,1,Clear,sky is clear,3,2164
9253,No Holiday,287.68,0.0,0.0,90,Rain,light rain,8,1761
9254,No Holiday,271.65,0.0,0.0,1,Clear,sky is clear,3,4822
9255,No Holiday,288.99,0.0,0.0,1,Clear,sky is clear,8,1427
9256,No Holiday,284.01,0.0,0.0,1,Clear,sky is clear,10,304
9257,No Holiday,275.61,0.0,0.0,90,Rain,light rain,3,271
9258,No Holiday,270.75,0.0,0.0,90,Mist,mist,12,693
9259,No Holiday,301.15,0.0,0.0,40,Clouds,scattered clouds,7,4503
9260,No Holiday,274.98,0.0,0.0,20,Clouds,few clouds,5,486
9261,No Holiday,265.75,0.0,0.0,90,Snow,light snow,2,4058
9262,No Holiday,294.91,7.62,0.0,90,Rain,heavy intensity rain,7,2821
9263,No Holiday,299.31,0.0,0.0,0,Clear,Sky is Clear,9,5240
9264,No Holiday,258.15,0.0,0.0,1,Haze,haze,12,5058
9265,No Holiday,276.16,0.0,0.0,40,Haze,haze,3,4776
9266,No Holiday,270.68,0.0,0.0,90,Mist,mist,3,5130
9267,No Holiday,283.28,0.0,0.0,75,Clouds,broken clouds,3,5392
9268,Labor Day,292.43,0.25,0.0,1,Rain,light rain,9,962
9269,No Holiday,285.73,0.0,0.0,90,Rain,moderate rain,10,5593
9270,No Holiday,279.87,0.0,0.0,75,Clouds,broken clouds,4,6160
9271,No Holiday,285.01,0.0,0.0,1,Mist,mist,5,3020
9272,No Holiday,284.82,0.0,0.0,1,Clear,sky is clear,9,830
9273,No Holiday,278.83,0.0,0.0,90,Mist,mist,11,1770
9274,No Holiday,256.44,0.0,0.0,5,Clear,sky is clear,1,6062
9275,No Holiday,275.08,0.0,0.0,90,Mist,mist,1,2850
9276,No Holiday,261.94,0.0,0.0,90,Snow,light snow,1,341
9277,No Holiday,287.19,0.76,0.0,90,Mist,mist,5,4383
9278,No Holiday,277.4,0.0,0.0,90,Clouds,overcast clouds,4,501
9279,No Holiday,250.42,0.0,0.0,1,Clear,sky is clear,1,280
9280,No Holiday,249.51,0.0,0.0,88,Clouds,overcast clouds,2,338
9281,No Holiday,278.25,0.0,0.0,90,Mist,mist,11,467
9282,No Holiday,271.5,0.0,0.0,64,Clouds,broken clouds,12,243
9283,No Holiday,301.29,0.0,0.0,1,Rain,light rain,6,429
9284,No Holiday,277.44,0.0,0.0,75,Clouds,broken clouds,3,4256
9285,No Holiday,292.2,0.0,0.0,1,Haze,haze,7,1613
9286,No Holiday,290.89,0.0,0.0,1,Haze,haze,5,2607
9287,No Holiday,282.68,0.0,0.0,75,Clouds,broken clouds,10,5014
9288,No Holiday,257.57,0.0,0.0,1,Clear,sky is clear,12,5397
9289,No Holiday,289.68,0.0,0.0,90,Rain,moderate rain,5,6036
9290,No Holiday,296.85,0.0,0.0,75,Clouds,broken clouds,7,4610
9291,No Holiday,273.41,0.0,0.0,90,Mist,mist,2,6202
9292,No Holiday,280.55,0.0,0.0,1,Clear,sky is clear,11,4524
9293,No Holiday,292.92,0.3,0.0,64,Rain,light rain,8,986
9294,No Holiday,254.23,0.0,0.0,1,Clear,sky is clear,2,2438
9295,No Holiday,278.67,0.0,0.0,1,Clear,sky is clear,4,327
9296,No Holiday,270.02,0.0,0.0,90,Clouds,overcast clouds,3,2838
9297,No Holiday,304.95,0.0,0.0,20,Clouds,few clouds,6,4555
9298,No Holiday,271.69,0.0,0.0,40,Clouds,scattered clouds,12,912
9299,No Holiday,250.43,0.0,0.0,1,Clear,sky is clear,1,2544
9300,No Holiday,252.57,0.0,0.0,1,Clear,sky is clear,12,1147
9301,No Holiday,285.63,0.0,0.0,1,Clear,sky is clear,10,271
9302,No Holiday,271.95,0.0,0.0,90,Snow,light snow,3,4302
9303,No Holiday,271.34,0.0,0.0,90,Clouds,overcast clouds,2,1415
9304,No Holiday,282.26,0.0,0.0,1,Clear,sky is clear,5,325
9305,No Holiday,290.79,0.0,0.0,75,Clouds,broken clouds,5,4359
9306,No Holiday,285.47,0.0,0.0,90,Drizzle,drizzle,10,4250
9307,No Holiday,256.66,0.0,0.0,64,Clouds,broken clouds,12,930
9308,No Holiday,284.37,0.0,0.0,1,Clear,sky is clear,5,367
9309,No Holiday,295.73,0.0,0.0,1,Thunderstorm,proximity thunderstorm,9,502
9310,No Holiday,265.51,0.0,0.0,20,Clouds,few clouds,12,3725
9311,No Holiday,268.62,0.0,0.0,1,Haze,haze,11,207
9312,No Holiday,275.85,0.0,0.0,1,Clear,sky is clear,4,5764
9313,No Holiday,298.37,0.0,0.0,75,Clouds,broken clouds,7,3252
9314,No Holiday,270.82,0.0,0.0,90,Mist,mist,2,5032
9315,No Holiday,300.6,0.0,0.0,40,Clouds,scattered clouds,7,515
9316,No Holiday,292.46,0.0,0.0,1,Clear,sky is clear,4,4732
9317,No Holiday,254.39,0.0,0.0,75,Clouds,broken clouds,12,774
9318,No Holiday,255.82,0.0,0.0,90,Snow,light snow,12,3285
9319,No Holiday,279.15,0.0,0.0,1,Clear,sky is clear,10,5391
9320,No Holiday,276.793,0.0,0.0,64,Clouds,broken clouds,1,441
9321,No Holiday,294.88,0.0,0.0,75,Clouds,broken clouds,9,4687
9322,No Holiday,304.8,0.0,0.0,32,Clouds,scattered clouds,6,4477
9323,No Holiday,261.79,0.0,0.0,1,Clear,sky is clear,4,520
9324,No Holiday,289.81,0.0,0.0,75,Clouds,broken clouds,5,4297
9325,No Holiday,249.69,0.0,0.0,59,Clouds,broken clouds,2,2320
9326,No Holiday,298.76,0.0,0.0,0,Clear,Sky is Clear,8,331
9327,No Holiday,300.44,0.0,0.0,40,Clouds,scattered clouds,6,4510
9328,No Holiday,254.99,0.0,0.0,40,Clouds,scattered clouds,12,2207
9329,No Holiday,263.61,0.0,0.0,1,Clear,sky is clear,1,416
9330,No Holiday,272.37,0.0,0.0,75,Clouds,broken clouds,3,5836
9331,No Holiday,279.24,0.0,0.0,1,Clear,sky is clear,11,2818
9332,No Holiday,269.22,0.0,0.0,90,Clouds,overcast clouds,1,756
9333,No Holiday,282.24,0.0,0.0,90,Clouds,overcast clouds,10,1132
9334,No Holiday,290.46,0.0,0.0,1,Clear,sky is clear,8,6204
9335,No Holiday,284.86,0.0,0.0,1,Clear,sky is clear,11,3440
9336,No Holiday,301.44,0.0,0.0,40,Clouds,scattered clouds,5,6197
9337,No Holiday,293.86,0.0,0.0,0,Clear,Sky is Clear,6,1241
9338,No Holiday,290.4,0.0,0.0,48,Mist,mist,8,680
9339,No Holiday,285.62,0.0,0.0,90,Clouds,overcast clouds,6,1171
9340,No Holiday,271.42,0.0,0.0,64,Snow,light snow,12,3556
9341,No Holiday,271.93,0.0,0.0,90,Clouds,overcast clouds,11,5665
9342,No Holiday,277.49,0.0,0.0,75,Clouds,broken clouds,1,4811
9343,No Holiday,290.56,0.0,0.0,44,Clouds,scattered clouds,7,479
9344,No Holiday,262.99,0.0,0.0,20,Clouds,few clouds,3,4278
9345,No Holiday,273.92,0.0,0.0,90,Snow,light snow,1,4879
9346,No Holiday,291.39,0.0,0.0,90,Thunderstorm,thunderstorm with heavy rain,5,741
9347,No Holiday,293.72,0.0,0.0,40,Clouds,scattered clouds,7,5439
9348,No Holiday,285.21,0.0,0.0,40,Clouds,scattered clouds,9,347
9349,No Holiday,290.19,0.0,0.0,1,Clear,sky is clear,8,2327
9350,No Holiday,286.94,0.0,0.0,1,Clear,sky is clear,11,5937
9351,No Holiday,271.68,0.0,0.0,90,Mist,mist,12,3015
9352,No Holiday,287.6,0.0,0.0,90,Rain,moderate rain,8,2621
9353,No Holiday,291.67,0.0,0.0,1,Clear,sky is clear,8,1152
9354,No Holiday,273.68,0.0,0.0,90,Mist,mist,1,2518
9355,No Holiday,255.93,0.0,0.0,0,Clear,sky is clear,1,4721
9356,No Holiday,265.08,0.0,0.0,5,Clear,sky is clear,2,3316
9357,No Holiday,288.94,0.0,0.0,1,Clear,sky is clear,7,352
9358,No Holiday,293.22,4.57,0.0,90,Mist,mist,7,5205
9359,No Holiday,292.01,0.0,0.0,1,Clear,sky is clear,6,1511
9360,No Holiday,296.28,0.0,0.0,5,Clear,sky is clear,6,4816
9361,No Holiday,296.74,2.29,0.0,90,Rain,moderate rain,8,3418
9362,No Holiday,284.07,0.0,0.0,40,Clouds,scattered clouds,4,3509
9363,No Holiday,286.04,0.0,0.0,1,Rain,light rain,10,487
9364,No Holiday,306.09,0.0,0.0,1,Clear,sky is clear,9,4844
9365,No Holiday,285.01,0.0,0.0,90,Clouds,overcast clouds,10,268
9366,No Holiday,263.71,0.0,0.0,64,Snow,light snow,12,675
9367,No Holiday,288.48,0.0,0.0,1,Clear,sky is clear,6,1166
9368,No Holiday,286.15,0.0,0.0,90,Drizzle,light intensity drizzle,10,2776
9369,No Holiday,296.29,0.0,0.0,0,Clear,Sky is Clear,6,4644
9370,No Holiday,267.06,0.0,0.0,90,Clouds,overcast clouds,3,4587
9371,No Holiday,263.88,0.0,0.0,1,Haze,haze,1,2465
9372,No Holiday,275.34,0.0,0.0,90,Mist,mist,1,5316
9373,No Holiday,285.91,0.0,0.0,75,Rain,light rain,10,1596
9374,No Holiday,288.77,0.0,0.0,1,Clear,sky is clear,8,853
9375,No Holiday,261.8,0.0,0.0,1,Clear,sky is clear,3,666
9376,No Holiday,289.629,0.0,0.0,80,Clouds,broken clouds,5,2416
9377,No Holiday,292.11,0.25,0.0,90,Rain,light rain,7,3062
9378,No Holiday,284.35,0.0,0.0,1,Clear,sky is clear,9,6561
9379,No Holiday,296.81,0.0,0.0,1,Clear,sky is clear,7,3287
9380,No Holiday,295.38,0.0,0.0,40,Drizzle,light intensity drizzle,7,5416
9381,No Holiday,260.91,0.0,0.0,1,Clear,sky is clear,3,5702
9382,No Holiday,263.84,0.0,0.0,90,Snow,light snow,1,4475
9383,No Holiday,264.14,0.0,0.0,90,Clouds,overcast clouds,12,2892
9384,No Holiday,268.22,0.0,0.0,90,Fog,fog,12,3246
9385,No Holiday,275.37,0.0,0.0,90,Clouds,overcast clouds,11,768
9386,No Holiday,278.88,0.0,0.0,90,Drizzle,drizzle,3,4201
9387,No Holiday,289.89,0.0,0.0,1,Mist,mist,7,328
9388,No Holiday,300.81,0.0,0.0,1,Clear,sky is clear,9,3146
9389,No Holiday,286.79,0.0,0.0,1,Clear,sky is clear,4,6816
9390,No Holiday,290.95,0.0,0.0,90,Rain,light rain,9,4782
9391,No Holiday,267.14,0.0,0.44,90,Snow,snow,12,2165
9392,No Holiday,276.88,0.0,0.0,1,Clear,sky is clear,10,375
9393,No Holiday,280.11,0.0,0.0,20,Clouds,few clouds,3,3532
9394,No Holiday,271.86,0.0,0.0,90,Clouds,overcast clouds,11,1057
9395,No Holiday,294.68,4.38,0.0,90,Rain,heavy intensity rain,8,3039
9396,No Holiday,299.93,0.0,0.0,1,Clear,sky is clear,8,4072
9397,No Holiday,290.367,0.0,0.0,0,Clear,Sky is Clear,10,4603
9398,No Holiday,266.9,0.0,0.0,90,Clouds,overcast clouds,12,2528
9399,No Holiday,279.5,0.91,0.0,90,Rain,light rain,4,2434
9400,No Holiday,277.53,0.0,0.0,1,Clear,sky is clear,3,593
9401,No Holiday,294.11,0.0,0.0,75,Clouds,broken clouds,7,3900
9402,No Holiday,274.15,0.0,0.0,90,Mist,mist,11,4219
9403,No Holiday,264.12,0.0,0.0,20,Clouds,few clouds,12,2724
9404,No Holiday,295.28,0.0,0.0,40,Clouds,scattered clouds,5,3626
9405,No Holiday,299.28,0.0,0.0,90,Clouds,overcast clouds,7,4204
9406,No Holiday,274.85,0.0,0.0,90,Rain,light rain,12,3076
9407,No Holiday,285.48,0.0,0.0,1,Clear,sky is clear,4,4874
9408,No Holiday,290.64,0.0,0.0,1,Mist,mist,8,2987
9409,No Holiday,296.22,0.0,0.0,90,Thunderstorm,proximity thunderstorm,7,851
9410,No Holiday,287.48,0.0,0.0,90,Rain,moderate rain,9,894
9411,No Holiday,271.11,0.0,0.0,1,Clear,sky is clear,4,2456
9412,No Holiday,274.95,0.0,0.0,90,Snow,light snow,11,5681
9413,No Holiday,274.36,0.51,0.0,64,Mist,mist,12,6020
9414,No Holiday,274.18,0.0,0.0,20,Clouds,few clouds,4,6816
9415,No Holiday,267.44,0.0,0.0,90,Snow,light snow,1,4869
9416,No Holiday,264.01,0.0,0.0,90,Snow,light snow,2,3036
9417,No Holiday,282.55,0.0,0.0,1,Clear,sky is clear,4,5414
9418,No Holiday,279.29,0.0,0.0,75,Clouds,broken clouds,10,4864
9419,No Holiday,274.87,0.0,0.0,90,Mist,mist,1,2946
9420,No Holiday,292.4,0.0,0.0,1,Thunderstorm,proximity thunderstorm,6,3318
9421,No Holiday,254.63,0.0,0.0,1,Clear,sky is clear,2,4271
9422,No Holiday,275.05,0.0,0.0,90,Clouds,overcast clouds,4,3205
9423,No Holiday,260.24,0.0,0.0,64,Snow,snow,12,791
9424,No Holiday,272.96,0.0,0.0,90,Mist,mist,1,1371
9425,No Holiday,250.41,0.0,0.0,90,Clouds,overcast clouds,1,3709
9426,No Holiday,278.79,0.0,0.0,40,Clouds,scattered clouds,5,4480
9427,No Holiday,294.56,0.0,0.0,0,Clear,Sky is Clear,8,4604
9428,No Holiday,258.65,0.0,0.0,20,Clouds,few clouds,1,4189
9429,No Holiday,265.99,0.0,0.0,1,Clear,sky is clear,11,325
9430,No Holiday,292.82,0.0,0.0,56,Clouds,broken clouds,7,5049
9431,No Holiday,290.74,0.0,0.0,1,Clear,sky is clear,8,427
9432,No Holiday,275.15,0.0,0.0,1,Clear,sky is clear,11,623
9433,No Holiday,272.03,0.0,0.0,64,Mist,mist,12,371
9434,No Holiday,274.35,0.0,0.0,90,Mist,mist,1,681
9435,No Holiday,294.24,0.28,0.0,90,Rain,light rain,7,3821
9436,No Holiday,264.64,0.0,0.0,64,Clouds,broken clouds,1,2440
9437,No Holiday,274.58,0.0,0.0,90,Clouds,overcast clouds,4,6882
9438,No Holiday,258.54,0.0,0.0,64,Clouds,broken clouds,11,5210
9439,No Holiday,289.02,0.0,0.0,90,Drizzle,light intensity drizzle,4,3773
9440,No Holiday,278.15,0.0,0.0,90,Drizzle,light intensity drizzle,11,287
9441,No Holiday,288.65,0.0,0.0,1,Mist,mist,9,2652
9442,No Holiday,281.68,0.0,0.0,90,Drizzle,drizzle,5,3062
9443,No Holiday,289.03,0.0,0.0,1,Clear,sky is clear,5,2774
9444,No Holiday,298.27,0.0,0.0,20,Clouds,few clouds,9,5025
9445,No Holiday,271.47,0.0,0.0,1,Clear,sky is clear,11,6512
9446,No Holiday,272.48,0.0,0.0,90,Fog,fog,2,6246
9447,No Holiday,276.35,0.0,0.0,40,Clouds,scattered clouds,2,5255
9448,No Holiday,271.78,0.0,0.0,1,Mist,mist,11,300
9449,No Holiday,298.98,0.0,0.0,1,Clear,sky is clear,8,4291
9450,No Holiday,300.9,0.0,0.0,1,Clear,sky is clear,8,5351
9451,No Holiday,275.88,0.0,0.0,90,Clouds,overcast clouds,5,411
9452,No Holiday,281.21,0.0,0.0,90,Mist,mist,4,6539
9453,No Holiday,290.88,0.0,0.0,90,Rain,light rain,5,339
9454,No Holiday,273.0,0.0,0.0,90,Clouds,overcast clouds,1,6047
9455,No Holiday,284.08,0.25,0.0,90,Rain,light rain,4,5099
9456,No Holiday,294.86,0.0,0.0,40,Clouds,scattered clouds,8,6294
9457,No Holiday,283.32,0.0,0.0,90,Mist,mist,12,6112
9458,No Holiday,295.04,5.52,0.0,75,Rain,heavy intensity rain,7,4786
9459,No Holiday,274.68,0.0,0.0,1,Haze,haze,1,2944
9460,No Holiday,285.27,0.0,0.0,1,Clear,sky is clear,4,4332
9461,No Holiday,300.79,0.0,0.0,75,Thunderstorm,proximity thunderstorm,7,5577
9462,No Holiday,298.78,0.0,0.0,8,Clear,sky is clear,7,2069
9463,No Holiday,290.71,0.0,0.0,90,Clouds,overcast clouds,6,5649
9464,No Holiday,271.22,0.0,0.0,90,Snow,light snow,12,1286
9465,No Holiday,274.47,0.0,0.0,90,Mist,mist,11,347
9466,No Holiday,279.55,0.0,0.0,90,Mist,mist,4,5099
9467,No Holiday,263.61,0.0,0.0,90,Fog,fog,1,2357
9468,No Holiday,282.49,0.0,0.0,90,Drizzle,drizzle,5,1970
9469,No Holiday,264.9,0.0,0.0,1,Clear,sky is clear,3,442
9470,No Holiday,289.55,0.0,0.0,90,Thunderstorm,proximity thunderstorm,6,2709
9471,No Holiday,286.58,0.0,0.0,90,Mist,mist,4,4654
9472,No Holiday,258.87,0.0,0.0,1,Clear,sky is clear,2,2608
9473,No Holiday,280.65,0.0,0.0,90,Clouds,overcast clouds,4,5985
9474,No Holiday,276.81,0.0,0.0,0,Clear,Sky is Clear,10,4298
9475,No Holiday,300.53,0.0,0.0,1,Clear,sky is clear,7,4749
9476,No Holiday,287.82,0.0,0.0,1,Clear,sky is clear,5,6618
9477,No Holiday,276.95,0.0,0.0,90,Mist,mist,5,4535
9478,No Holiday,265.53,0.0,0.0,75,Clouds,broken clouds,11,303
9479,No Holiday,273.02,0.0,0.0,1,Mist,mist,11,849
9480,No Holiday,265.81,0.0,0.0,75,Snow,light snow,12,4928
9481,No Holiday,259.89,0.0,0.0,90,Clouds,overcast clouds,2,1616
9482,No Holiday,277.635,0.0,0.0,80,Clouds,broken clouds,10,245
9483,No Holiday,297.34,0.0,0.0,1,Clear,sky is clear,8,3734
9484,No Holiday,251.46,0.0,0.0,1,Clear,sky is clear,12,864
9485,No Holiday,251.77,0.0,0.0,83,Clouds,broken clouds,2,4909
9486,No Holiday,267.62,0.0,0.0,64,Snow,light snow,12,4666
9487,No Holiday,300.42,1.78,0.0,90,Rain,moderate rain,8,5048
9488,No Holiday,256.72,0.0,0.0,1,Clear,sky is clear,1,3941
9489,No Holiday,270.15,0.0,0.0,90,Snow,snow,1,401
9490,No Holiday,271.36,0.0,0.0,90,Mist,mist,3,231
9491,No Holiday,273.29,0.0,0.0,90,Snow,light snow,4,2719
9492,No Holiday,291.69,0.0,0.0,75,Clouds,broken clouds,5,4643
9493,No Holiday,293.87,0.0,0.0,5,Clear,sky is clear,6,2865
9494,No Holiday,279.82,0.0,0.0,40,Clouds,scattered clouds,10,5985
9495,No Holiday,300.79,0.0,0.0,44,Clouds,scattered clouds,7,5173
9496,No Holiday,294.93,0.0,0.0,1,Mist,mist,8,2713
9497,No Holiday,273.28,0.0,0.0,90,Snow,light snow,2,2648
9498,No Holiday,278.65,0.0,0.0,75,Clouds,broken clouds,3,4980
9499,No Holiday,280.93,0.0,0.0,90,Rain,moderate rain,10,5329
9500,No Holiday,280.07,0.0,0.0,100,Mist,mist,10,4473
9501,No Holiday,265.76,0.0,0.0,90,Clouds,overcast clouds,1,1574
9502,No Holiday,280.44,0.0,0.0,90,Clouds,overcast clouds,3,6976
9503,No Holiday,287.61,0.0,0.0,92,Rain,light rain,9,5062
9504,No Holiday,278.72,0.0,0.0,90,Drizzle,light intensity drizzle,3,304
9505,No Holiday,267.3,0.0,0.0,90,Mist,mist,4,1271
9506,No Holiday,274.08,0.0,0.0,90,Clouds,overcast clouds,11,5484
9507,No Holiday,275.51,0.0,0.0,1,Clear,sky is clear,4,349
9508,No Holiday,281.03,0.0,0.0,90,Mist,mist,12,2638
9509,No Holiday,288.1,0.0,0.0,1,Clear,sky is clear,7,463
9510,No Holiday,273.61,0.0,0.0,64,Mist,mist,1,2415
9511,No Holiday,291.75,0.0,0.0,88,Rain,light rain,6,3217
9512,No Holiday,297.74,0.76,0.0,1,Mist,mist,9,249
9513,No Holiday,287.67,0.0,0.0,1,Clear,sky is clear,9,5620
9514,No Holiday,274.07,0.0,0.0,90,Snow,heavy snow,4,4956
9515,No Holiday,265.01,0.0,0.0,20,Clouds,few clouds,3,433
9516,No Holiday,277.48,0.0,0.0,40,Clouds,scattered clouds,3,884
9517,No Holiday,297.61,0.0,0.0,0,Clear,Sky is Clear,7,5423
9518,No Holiday,293.0,0.0,0.0,1,Clear,sky is clear,8,4902
9519,No Holiday,282.15,0.0,0.0,90,Rain,moderate rain,10,1042
9520,No Holiday,290.57,0.0,0.0,1,Clear,sky is clear,7,896
9521,No Holiday,283.42,0.0,0.0,1,Clear,sky is clear,5,302
9522,No Holiday,275.34,0.0,0.0,90,Mist,mist,1,3932
9523,No Holiday,274.79,0.0,0.0,1,Clear,sky is clear,2,639
9524,No Holiday,298.02,0.0,0.0,75,Clouds,broken clouds,10,6244
9525,No Holiday,294.83,0.0,0.0,40,Clouds,scattered clouds,8,3756
9526,No Holiday,276.11,0.0,0.0,1,Mist,mist,10,6054
9527,No Holiday,268.27,0.0,0.0,90,Snow,heavy snow,12,4093
9528,No Holiday,290.56,0.0,0.0,90,Thunderstorm,proximity thunderstorm,5,3136
9529,No Holiday,276.793,0.0,0.0,64,Clouds,broken clouds,1,2656
9530,No Holiday,271.77,0.0,0.0,1,Clear,sky is clear,1,3498
9531,No Holiday,268.96,0.0,0.0,90,Clouds,overcast clouds,3,2494
9532,No Holiday,289.62,0.0,0.0,1,Fog,fog,7,5617
9533,No Holiday,266.02,0.0,0.0,1,Clear,sky is clear,12,5572
9534,No Holiday,286.583,0.0,0.0,68,Clouds,broken clouds,5,2690
9535,No Holiday,275.43,0.0,0.0,1,Haze,haze,2,5027
9536,No Holiday,275.61,0.0,0.0,90,Mist,mist,5,4614
9537,No Holiday,279.72,0.0,0.0,1,Clear,sky is clear,4,6109
9538,No Holiday,298.68,0.0,0.0,20,Clouds,few clouds,8,4250
9539,No Holiday,252.77,0.0,0.0,20,Clouds,few clouds,1,1198
9540,No Holiday,290.76,0.0,0.0,1,Clear,sky is clear,5,3599
9541,No Holiday,261.93,0.0,0.0,83,Clouds,broken clouds,2,4882
9542,No Holiday,271.35,0.0,0.0,90,Clouds,overcast clouds,1,5767
9543,No Holiday,291.93,0.0,0.0,1,Clear,sky is clear,8,4938
9544,No Holiday,296.54,0.0,0.0,1,Clear,sky is clear,7,1335
9545,No Holiday,264.52,0.0,0.0,64,Mist,mist,12,1675
9546,No Holiday,280.06,0.0,0.0,92,Rain,moderate rain,10,1270
9547,No Holiday,294.08,3.05,0.0,0,Rain,moderate rain,8,2703
9548,No Holiday,287.12,0.25,0.0,92,Mist,mist,6,5666
9549,No Holiday,289.64,0.0,0.0,100,Rain,heavy intensity rain,10,5262
9550,No Holiday,286.119,0.0,0.0,48,Clouds,scattered clouds,10,3095
9551,No Holiday,275.2,0.0,0.0,90,Snow,heavy snow,5,5161
9552,No Holiday,264.44,0.0,0.0,1,Clear,sky is clear,1,979
9553,No Holiday,274.29,0.0,0.0,90,Mist,mist,4,848
9554,No Holiday,278.95,0.0,0.0,75,Clouds,broken clouds,11,6415
9555,No Holiday,291.22,0.0,0.0,90,Drizzle,light intensity drizzle,4,4165
9556,No Holiday,276.15,0.0,0.0,5,Clear,sky is clear,3,4554
9557,No Holiday,292.56,0.0,0.0,32,Rain,light rain,6,2794
9558,No Holiday,249.15,0.0,0.0,1,Clear,sky is clear,12,551
9559,No Holiday,274.75,0.0,0.0,40,Clouds,scattered clouds,2,429
9560,No Holiday,284.72,0.0,0.0,1,Clear,sky is clear,11,3057
9561,No Holiday,291.12,0.68,0.0,92,Rain,moderate rain,6,5409
9562,No Holiday,291.46,0.0,0.0,75,Clouds,broken clouds,6,3189
9563,No Holiday,299.62,0.0,0.0,1,Clear,sky is clear,6,6010
9564,No Holiday,291.96,0.0,0.0,90,Mist,mist,6,308
9565,No Holiday,261.45,0.0,0.0,1,Clear,sky is clear,3,596
9566,No Holiday,269.86,0.0,0.0,90,Clouds,overcast clouds,2,6942
9567,No Holiday,285.88,0.0,0.0,75,Clouds,broken clouds,11,4171
9568,No Holiday,289.65,0.0,0.0,92,Clouds,overcast clouds,7,3189
9569,No Holiday,295.01,0.0,0.0,1,Clear,sky is clear,9,4724
9570,No Holiday,275.4,0.0,0.0,75,Clouds,broken clouds,2,2917
9571,No Holiday,280.5,0.0,0.0,90,Clouds,overcast clouds,10,6222
9572,No Holiday,298.5,0.0,0.0,40,Clouds,scattered clouds,8,5814
9573,No Holiday,270.38,0.0,0.0,75,Clouds,broken clouds,2,4995
9574,No Holiday,278.42,0.0,0.0,90,Clouds,overcast clouds,11,393
9575,No Holiday,270.58,0.0,0.0,75,Snow,light snow,1,2817
9576,No Holiday,270.756,0.0,0.0,0,Clear,Sky is Clear,2,828
9577,No Holiday,292.56,2.2,0.0,90,Mist,mist,8,5499
9578,No Holiday,280.28,0.0,0.0,90,Drizzle,light intensity drizzle,11,355
9579,No Holiday,276.64,0.0,0.0,5,Mist,mist,1,4878
9580,No Holiday,276.8,0.0,0.0,1,Clear,sky is clear,3,3510
9581,No Holiday,265.21,0.0,0.0,90,Mist,mist,12,1015
9582,No Holiday,264.49,0.0,0.0,1,Clear,sky is clear,1,2175
9583,No Holiday,260.51,0.0,0.0,75,Clouds,broken clouds,2,4913
9584,No Holiday,282.29,0.0,0.0,90,Clouds,overcast clouds,4,1706
9585,No Holiday,289.15,0.0,0.0,80,Clouds,broken clouds,9,4261
9586,No Holiday,290.83,0.51,0.0,90,Drizzle,light intensity drizzle,5,3941
9587,No Holiday,279.14,0.0,0.0,75,Clouds,broken clouds,5,4451
9588,No Holiday,277.88,0.0,0.0,90,Drizzle,light intensity drizzle,11,4411
9589,No Holiday,281.75,0.0,0.0,90,Clouds,overcast clouds,10,1984
9590,No Holiday,292.67,0.0,0.0,75,Thunderstorm,proximity thunderstorm,6,4763
9591,No Holiday,290.4,0.0,0.0,1,Rain,moderate rain,6,3507
9592,No Holiday,289.22,0.0,0.0,40,Clouds,scattered clouds,10,3804
9593,No Holiday,270.02,0.0,0.0,90,Mist,mist,2,704
9594,No Holiday,281.372,0.0,0.0,92,Rain,light rain,10,1402
9595,No Holiday,291.3,0.0,0.0,90,Rain,light rain,5,3071
9596,No Holiday,278.16,0.0,0.0,90,Rain,moderate rain,12,3092
9597,No Holiday,288.62,0.0,0.0,90,Thunderstorm,proximity thunderstorm,5,851
9598,No Holiday,268.72,0.0,0.0,90,Mist,mist,11,1512
9599,No Holiday,268.08,0.0,0.0,75,Clouds,broken clouds,12,3068
9600,No Holiday,257.01,0.0,0.0,1,Clear,sky is clear,1,5841
9601,No Holiday,265.41,0.0,0.0,75,Clouds,broken clouds,1,489
9602,No Holiday,290.51,0.0,0.0,1,Clear,sky is clear,3,5074
9603,No Holiday,278.9,0.0,0.0,1,Clear,sky is clear,11,5495
9604,No Holiday,276.49,0.0,0.0,90,Drizzle,light intensity drizzle,12,2669
9605,No Holiday,263.15,0.0,0.0,75,Clouds,broken clouds,2,2903
9606,No Holiday,292.75,0.0,0.0,20,Clouds,few clouds,7,1822
9607,No Holiday,295.72,0.0,0.0,20,Mist,mist,7,705
9608,No Holiday,295.35,0.0,0.0,75,Clouds,broken clouds,8,6419
9609,No Holiday,276.78,0.0,0.0,90,Clouds,overcast clouds,12,2092
9610,No Holiday,296.29,0.0,0.0,1,Clear,sky is clear,8,4316
9611,No Holiday,280.19,0.0,0.0,1,Clear,sky is clear,9,6304
9612,No Holiday,274.55,0.0,0.0,20,Mist,mist,12,496
9613,No Holiday,293.31,0.0,0.0,88,Clouds,overcast clouds,8,4917
9614,No Holiday,268.82,0.0,0.0,90,Haze,haze,12,5409
9615,No Holiday,279.75,0.0,0.0,90,Rain,moderate rain,11,454
9616,No Holiday,275.68,0.0,0.0,64,Clouds,broken clouds,11,1871
9617,No Holiday,301.44,0.0,0.0,1,Clear,sky is clear,6,4460
9618,No Holiday,273.35,0.0,0.06,75,Rain,light rain,1,628
9619,No Holiday,300.05,0.0,0.0,56,Clouds,broken clouds,7,2152
9620,No Holiday,275.88,0.0,0.0,1,Clear,sky is clear,3,4279
9621,No Holiday,257.16,0.0,0.0,20,Clouds,few clouds,2,4161
9622,No Holiday,285.03,0.0,0.0,1,Mist,mist,7,2696
9623,No Holiday,299.75,0.0,0.0,1,Clear,sky is clear,6,6192
9624,No Holiday,277.72,0.0,0.0,90,Clouds,overcast clouds,11,3652
9625,No Holiday,259.75,0.0,0.0,90,Mist,mist,12,610
9626,No Holiday,291.58,0.0,0.0,75,Clouds,broken clouds,5,3699
9627,No Holiday,259.07,0.0,0.0,90,Haze,haze,1,4532
9628,No Holiday,261.86,0.0,0.0,1,Clear,sky is clear,2,3206
9629,No Holiday,283.79,0.64,0.0,0,Mist,mist,5,2917
9630,No Holiday,294.44,0.0,0.0,90,Rain,light rain,5,5220
9631,No Holiday,291.87,0.0,0.0,90,Mist,mist,8,5434
9632,No Holiday,289.4,0.0,0.0,1,Clear,sky is clear,7,444
9633,No Holiday,295.61,0.0,0.0,1,Clear,sky is clear,10,6700
9634,No Holiday,303.24,0.0,0.0,1,Clear,sky is clear,9,4334
9635,No Holiday,273.35,0.0,0.0,90,Mist,mist,11,5779
9636,No Holiday,294.13,2.08,0.0,90,Rain,moderate rain,5,1716
9637,No Holiday,287.38,0.0,0.0,90,Thunderstorm,proximity thunderstorm with rain,5,2491
9638,No Holiday,286.48,0.0,0.0,1,Clear,sky is clear,5,5251
9639,No Holiday,294.82,0.0,0.0,20,Clouds,few clouds,7,2224
9640,No Holiday,275.86,0.0,0.0,90,Clouds,overcast clouds,3,2928
9641,No Holiday,289.19,0.0,0.0,40,Rain,moderate rain,5,910
9642,No Holiday,292.95,0.0,0.0,1,Clear,sky is clear,7,2488
9643,No Holiday,273.16700000000003,0.0,0.0,0,Clear,Sky is Clear,2,4395
9644,No Holiday,282.15,0.0,0.0,1,Clear,sky is clear,11,4513
9645,No Holiday,278.84,0.0,0.0,90,Rain,moderate rain,4,3489
9646,No Holiday,267.79,0.0,0.0,1,Clear,sky is clear,4,751
9647,No Holiday,297.888,0.0,0.0,0,Clear,Sky is Clear,7,2559
9648,No Holiday,290.19,0.0,0.0,40,Mist,mist,6,673
9649,No Holiday,299.49,0.0,0.0,1,Clear,sky is clear,6,3462
9650,No Holiday,276.793,0.0,0.0,64,Clouds,broken clouds,1,3655
9651,No Holiday,277.01,0.0,0.0,90,Rain,light rain,3,2384
9652,No Holiday,274.21,0.0,0.0,90,Rain,light rain,5,2898
9653,No Holiday,274.4,0.0,0.0,90,Snow,light snow,12,3278
9654,No Holiday,288.35,0.0,0.0,40,Mist,mist,5,347
9655,No Holiday,293.72,0.0,0.0,1,Clear,sky is clear,7,5146
9656,No Holiday,287.44,0.0,0.0,5,Clear,sky is clear,4,3338
9657,No Holiday,280.1,0.0,0.0,99,Rain,light rain,10,6283
9658,No Holiday,289.3,0.0,0.0,1,Drizzle,light intensity drizzle,5,1027
9659,No Holiday,271.72,0.0,0.0,90,Mist,mist,1,1035
9660,No Holiday,286.69,0.0,0.0,90,Rain,moderate rain,10,3030
9661,No Holiday,296.15,0.0,0.0,90,Rain,light rain,6,3222
9662,No Holiday,291.21,0.0,0.0,64,Mist,mist,7,1372
9663,No Holiday,284.85,0.0,0.0,1,Clear,sky is clear,9,840
9664,No Holiday,280.09,0.0,0.0,90,Rain,moderate rain,5,3729
9665,No Holiday,289.28,0.0,0.0,90,Rain,light rain,5,1093
9666,No Holiday,272.36,0.0,0.0,90,Snow,heavy snow,1,3066
9667,No Holiday,274.48,0.0,0.0,20,Clouds,few clouds,4,5882
9668,No Holiday,287.16,0.0,0.0,1,Clear,sky is clear,10,1529
9669,No Holiday,272.36,0.0,0.0,90,Clouds,overcast clouds,3,2221
9670,No Holiday,299.29,0.0,0.0,0,Clear,Sky is Clear,8,4378
9671,No Holiday,256.71,0.0,0.0,90,Snow,heavy snow,2,426
9672,No Holiday,296.53,6.6,0.0,80,Mist,mist,8,5413
9673,No Holiday,272.32,0.25,0.0,64,Mist,mist,1,3449
9674,No Holiday,295.12,0.0,0.0,1,Rain,light rain,9,4719
9675,No Holiday,292.87,21.42,0.0,90,Mist,mist,7,1745
9676,No Holiday,268.68,0.0,0.0,90,Clouds,overcast clouds,1,561
9677,No Holiday,281.35,0.0,0.0,90,Rain,moderate rain,4,1424
9678,No Holiday,270.15,0.0,0.0,1,Clear,sky is clear,2,620
9679,No Holiday,302.29,0.0,0.0,40,Clouds,scattered clouds,9,5943
9680,No Holiday,275.15,0.0,0.0,90,Mist,mist,11,2825
9681,No Holiday,299.34,0.0,0.0,1,Clear,sky is clear,7,6317
9682,No Holiday,294.45,0.0,0.0,75,Clouds,broken clouds,7,4664
9683,No Holiday,266.14,0.0,0.0,1,Clear,sky is clear,3,464
9684,No Holiday,297.72,0.0,0.0,1,Thunderstorm,thunderstorm with light rain,7,5702
9685,No Holiday,273.2,0.0,0.0,90,Mist,mist,4,1179
9686,No Holiday,291.73,0.0,0.0,64,Clouds,broken clouds,7,1202
9687,No Holiday,296.28,0.0,0.0,40,Thunderstorm,thunderstorm,7,5409
9688,No Holiday,298.22,0.0,0.0,75,Clouds,broken clouds,8,3272
9689,No Holiday,286.42,0.0,0.0,40,Drizzle,light intensity drizzle,5,324
9690,No Holiday,278.0,0.0,0.0,90,Drizzle,drizzle,3,634
9691,No Holiday,290.51,0.0,0.0,90,Clouds,overcast clouds,8,6837
9692,No Holiday,0.0,0.0,0.0,0,Clear,sky is clear,2,284
9693,No Holiday,289.22,0.0,0.0,20,Clouds,few clouds,4,4866
9694,No Holiday,257.75,0.0,0.0,64,Snow,light snow,1,5607
9695,No Holiday,296.78,0.0,0.0,75,Clouds,broken clouds,7,6301
9696,No Holiday,295.86,0.0,0.0,1,Clear,sky is clear,7,4418
9697,No Holiday,288.81,0.0,0.0,92,Rain,moderate rain,9,2462
9698,No Holiday,301.08,0.0,0.0,1,Clear,sky is clear,7,4517
9699,No Holiday,267.89,0.0,0.0,90,Clouds,overcast clouds,3,776
9700,No Holiday,282.32,0.0,0.0,75,Clouds,broken clouds,11,6570
9701,No Holiday,272.56,0.0,0.0,90,Mist,mist,1,5982
9702,No Holiday,260.54,0.0,0.0,1,Mist,mist,1,2672
9703,No Holiday,285.51,0.0,0.0,40,Mist,mist,5,253
9704,No Holiday,293.5,0.0,0.0,1,Mist,mist,8,5852
9705,No Holiday,268.41,0.0,0.0,40,Clouds,scattered clouds,1,5325
9706,No Holiday,272.01,0.0,0.0,90,Haze,haze,1,2702
9707,No Holiday,273.15,0.0,0.0,75,Mist,mist,12,388
9708,No Holiday,278.95,0.0,0.0,90,Drizzle,light intensity drizzle,10,4499
9709,No Holiday,293.88,0.0,0.0,40,Clouds,scattered clouds,7,4834
9710,No Holiday,276.55,0.0,0.0,90,Clouds,overcast clouds,11,4982
9711,No Holiday,283.88,0.0,0.0,90,Rain,light rain,4,5341
9712,No Holiday,290.5,0.0,0.0,1,Clear,sky is clear,9,4232
9713,No Holiday,284.881,0.0,0.0,12,Clouds,few clouds,10,4977
9714,No Holiday,300.79,0.0,0.0,75,Rain,light rain,7,5577
9715,No Holiday,297.55,0.0,0.0,1,Clear,sky is clear,8,571
9716,No Holiday,281.0,0.0,0.0,90,Drizzle,heavy intensity drizzle,10,904
9717,No Holiday,292.41,0.0,0.0,90,Rain,moderate rain,7,4187
9718,No Holiday,283.22,0.0,0.0,1,Clear,sky is clear,4,6900
9719,No Holiday,253.31,0.0,0.0,1,Clear,sky is clear,1,2199
9720,No Holiday,290.29,0.0,0.0,1,Clear,sky is clear,7,499
9721,No Holiday,288.58,0.38,0.0,20,Mist,mist,9,5642
9722,No Holiday,278.72,0.0,0.0,1,Clear,sky is clear,3,5640
9723,No Holiday,299.97,0.0,0.0,75,Clouds,broken clouds,7,4093
9724,No Holiday,268.42,0.0,0.0,90,Mist,mist,4,707
9725,No Holiday,276.28,0.0,0.0,1,Clear,sky is clear,4,2071
9726,No Holiday,263.15,0.0,0.0,1,Clear,sky is clear,2,2665
9727,No Holiday,272.48,0.0,0.0,90,Mist,mist,1,2755
9728,No Holiday,296.14,0.96,0.0,1,Thunderstorm,proximity thunderstorm,9,3734
9729,No Holiday,263.79,0.0,0.0,90,Snow,light snow,12,391
9730,Washingtons Birthday,270.73,0.0,0.0,20,Clouds,few clouds,2,623
9731,No Holiday,258.59,0.0,0.0,64,Haze,haze,1,1208
9732,No Holiday,294.84,0.0,0.0,75,Clouds,broken clouds,7,3217
9733,No Holiday,291.22,0.0,0.0,88,Clouds,overcast clouds,6,537
9734,No Holiday,274.15,0.0,0.0,90,Clouds,overcast clouds,11,5564
9735,No Holiday,270.21,0.0,0.0,90,Clouds,overcast clouds,2,4831
9736,No Holiday,281.05,0.0,0.0,90,Rain,light rain,10,665
9737,No Holiday,295.88,5.08,0.0,75,Rain,heavy intensity rain,9,5153
9738,No Holiday,285.8,0.0,0.0,75,Clouds,broken clouds,9,421
9739,No Holiday,289.69,0.0,0.0,90,Drizzle,heavy intensity drizzle,8,5460
9740,No Holiday,294.61,0.25,0.0,90,Rain,light rain,9,1529
9741,No Holiday,287.29,0.0,0.0,90,Clouds,overcast clouds,10,5062
9742,No Holiday,287.9,0.0,0.0,90,Drizzle,light intensity drizzle,9,990
9743,No Holiday,295.81,0.0,0.0,75,Rain,light rain,7,4799
9744,No Holiday,277.79,0.44,0.0,44,Drizzle,drizzle,10,780
9745,No Holiday,271.15,0.0,0.0,1,Clear,sky is clear,12,2633
9746,No Holiday,292.2,0.0,0.0,1,Mist,mist,7,1613
9747,No Holiday,292.79,0.0,0.0,40,Clouds,scattered clouds,5,5746
9748,No Holiday,289.88,0.0,0.0,0,Clear,Sky is Clear,7,5818
9749,No Holiday,254.92,0.0,0.0,90,Snow,light snow,12,4345
9750,No Holiday,265.0,0.0,0.0,40,Clouds,scattered clouds,3,3406
9751,No Holiday,296.4,0.0,0.0,40,Clouds,scattered clouds,8,4247
9752,No Holiday,294.6,0.0,0.0,1,Clear,sky is clear,7,916
9753,No Holiday,278.41,0.0,0.0,75,Clouds,broken clouds,3,6120
9754,No Holiday,299.21,0.0,0.0,75,Mist,mist,9,4979
9755,No Holiday,275.36,0.0,0.0,90,Drizzle,light intensity drizzle,3,2743
9756,No Holiday,297.888,0.0,0.0,0,Clear,Sky is Clear,7,5953
9757,No Holiday,287.52,0.0,0.0,90,Mist,mist,7,2929
9758,No Holiday,255.13,0.0,0.0,64,Clouds,broken clouds,12,3728
9759,No Holiday,270.22,0.0,0.0,75,Clouds,broken clouds,3,491
9760,No Holiday,293.82,5.92,0.0,90,Mist,mist,8,2336
9761,No Holiday,295.09,0.0,0.0,80,Clouds,broken clouds,10,6177
9762,No Holiday,287.15,0.0,0.0,90,Drizzle,drizzle,9,2506
9763,No Holiday,295.48,0.0,0.0,75,Clouds,broken clouds,5,5189
9764,No Holiday,297.29,0.0,0.0,1,Clear,sky is clear,6,2847
9765,No Holiday,268.15,0.0,0.0,1,Clear,sky is clear,11,594
9766,No Holiday,285.28,0.0,0.0,1,Clear,sky is clear,11,3175
9767,No Holiday,301.48,0.0,0.0,75,Thunderstorm,proximity thunderstorm,7,5934
9768,No Holiday,274.97,0.0,0.0,40,Clouds,scattered clouds,11,304
9769,No Holiday,297.65,0.0,0.0,40,Clouds,scattered clouds,8,3441
9770,No Holiday,269.15,0.0,0.0,90,Clouds,overcast clouds,1,1880
9771,No Holiday,273.75,0.0,0.0,90,Snow,light snow,12,2334
9772,No Holiday,260.65,0.0,0.0,90,Mist,mist,12,1144
9773,No Holiday,286.86,0.0,0.0,90,Mist,mist,9,295
9774,No Holiday,289.5,0.0,0.0,90,Clouds,overcast clouds,9,1948
9775,No Holiday,295.22,0.0,0.0,90,Mist,mist,7,4392
9776,No Holiday,257.4,0.0,0.0,1,Clear,sky is clear,2,1797
9777,No Holiday,249.51,0.0,0.0,88,Clouds,overcast clouds,2,425
9778,No Holiday,289.54,0.0,0.0,5,Mist,mist,8,6391
9779,No Holiday,278.38,0.0,0.0,90,Clouds,overcast clouds,10,5765
9780,No Holiday,305.08,0.0,0.0,75,Clouds,broken clouds,5,4787
9781,No Holiday,273.11,0.0,0.0,90,Mist,mist,3,4108
9782,No Holiday,275.02,0.0,0.0,90,Fog,fog,1,2937
9783,No Holiday,309.08,0.0,0.0,40,Clouds,scattered clouds,6,5314
9784,No Holiday,271.45,0.0,0.0,90,Snow,snow,4,351
9785,No Holiday,285.02,0.0,0.0,90,Mist,mist,10,5309
9786,No Holiday,276.09,0.0,0.0,90,Mist,mist,1,3481
9787,No Holiday,290.21,0.0,0.0,0,Clear,Sky is Clear,8,2493
9788,No Holiday,298.62,0.0,0.0,1,Clear,sky is clear,6,587
9789,No Holiday,299.62,0.0,0.0,1,Clear,sky is clear,6,5681
9790,No Holiday,276.33,0.0,0.0,90,Rain,light rain,4,6519
9791,No Holiday,274.22,0.0,0.0,90,Snow,light snow,12,269
9792,No Holiday,287.63,0.0,0.0,20,Clouds,few clouds,6,848
9793,No Holiday,294.88,0.0,0.0,1,Rain,light rain,9,1410
9794,No Holiday,278.94,0.0,0.0,90,Clouds,overcast clouds,11,4779
9795,No Holiday,281.32,0.0,0.0,90,Mist,mist,11,3147
9796,No Holiday,271.48,0.0,0.0,90,Clouds,overcast clouds,11,2496
9797,No Holiday,281.22,0.0,0.0,40,Clouds,scattered clouds,12,5177
9798,No Holiday,296.94,0.0,0.0,1,Clear,sky is clear,9,865
9799,No Holiday,269.35,0.0,0.0,64,Clouds,broken clouds,12,5135
9800,No Holiday,294.19,0.0,0.0,0,Clear,Sky is Clear,7,277
9801,No Holiday,264.51,0.0,0.0,90,Haze,haze,2,3752
9802,No Holiday,280.19,0.0,0.0,100,Mist,mist,10,6798
9803,No Holiday,265.55,0.0,0.0,40,Clouds,scattered clouds,3,4960
9804,No Holiday,282.71,0.0,0.0,100,Mist,mist,10,4613
9805,No Holiday,256.15,0.0,0.0,1,Clear,sky is clear,12,358
9806,No Holiday,261.61,0.0,0.0,90,Snow,light snow,2,1198
9807,No Holiday,260.62,0.0,0.0,90,Snow,light snow,2,4691
9808,No Holiday,281.42,0.0,0.0,90,Drizzle,heavy intensity drizzle,10,3083
9809,No Holiday,287.01,3.9,0.0,92,Rain,moderate rain,6,1673
9810,No Holiday,300.72,0.0,0.0,75,Clouds,broken clouds,7,4689
9811,No Holiday,287.68,0.25,0.0,92,Rain,light rain,10,6257
9812,No Holiday,267.58,0.0,0.0,5,Clear,sky is clear,11,6104
9813,No Holiday,275.28,0.0,0.0,1,Clear,sky is clear,2,4679
9814,No Holiday,258.74,0.0,0.0,64,Clouds,broken clouds,1,792
9815,No Holiday,270.77,0.0,0.0,90,Mist,mist,4,2163
9816,No Holiday,292.09,0.0,0.0,1,Clear,sky is clear,6,318
9817,No Holiday,294.42,0.0,0.0,75,Rain,light rain,7,649
9818,No Holiday,296.51,0.0,0.0,1,Clear,sky is clear,9,4472
9819,No Holiday,277.52,0.0,0.0,0,Clear,Sky is Clear,10,649
9820,No Holiday,270.29,0.0,0.0,90,Mist,mist,11,6010
9821,No Holiday,288.38,0.0,0.0,1,Mist,mist,8,5759
9822,No Holiday,296.76,0.25,0.0,90,Rain,moderate rain,9,4017
9823,No Holiday,288.13,0.0,0.0,92,Rain,light rain,9,379
9824,No Holiday,275.89,0.0,0.0,1,Haze,haze,11,368
9825,No Holiday,294.55,0.0,0.0,75,Clouds,broken clouds,7,3463
9826,No Holiday,290.46,0.0,0.0,1,Clear,sky is clear,8,400
9827,No Holiday,285.78,0.0,0.0,36,Clouds,scattered clouds,10,1416
9828,No Holiday,297.01,0.0,0.0,5,Haze,haze,6,5110
9829,No Holiday,264.9,0.0,0.0,75,Clouds,broken clouds,2,4210
9830,No Holiday,271.03,0.0,0.0,64,Clouds,broken clouds,11,5891
9831,No Holiday,279.87,0.0,0.0,90,Clouds,overcast clouds,4,770
9832,No Holiday,295.28,0.76,0.0,20,Rain,light rain,6,4549
9833,No Holiday,277.74,0.0,0.0,20,Mist,mist,11,667
9834,No Holiday,297.36,0.0,0.0,0,Clear,Sky is Clear,6,2764
9835,No Holiday,273.07,0.0,0.0,1,Clear,sky is clear,4,1648
9836,No Holiday,296.58,1.02,0.0,90,Rain,moderate rain,7,3
9837,No Holiday,282.09,0.0,0.0,90,Mist,mist,5,494
9838,No Holiday,289.12,0.0,0.0,1,Clear,sky is clear,7,3068
9839,No Holiday,296.33,2.38,0.0,90,Thunderstorm,thunderstorm with rain,9,396
9840,No Holiday,292.71,0.0,0.0,0,Clear,Sky is Clear,8,2633
9841,No Holiday,283.34,0.0,0.0,20,Clouds,few clouds,5,6268
9842,No Holiday,272.46,0.0,0.0,90,Clouds,overcast clouds,4,4110
9843,No Holiday,271.82,0.0,0.0,90,Clouds,overcast clouds,12,2069
9844,No Holiday,281.68,0.0,0.0,90,Rain,moderate rain,4,5376
9845,No Holiday,283.9,0.0,0.0,32,Clouds,scattered clouds,5,6908
9846,No Holiday,279.06,0.0,0.0,90,Clouds,overcast clouds,10,5024
9847,No Holiday,265.39,0.0,0.0,64,Clouds,broken clouds,1,5219
9848,No Holiday,293.35,0.0,0.0,1,Mist,mist,7,5100
9849,No Holiday,283.09,0.0,0.0,90,Clouds,overcast clouds,4,333
9850,No Holiday,277.93,0.0,0.0,90,Rain,light rain,4,268
9851,No Holiday,275.22,0.0,0.0,90,Rain,moderate rain,3,1670
9852,No Holiday,262.01,0.0,0.0,1,Clear,sky is clear,2,4628
9853,No Holiday,295.06,0.0,0.0,40,Clouds,scattered clouds,9,3442
9854,No Holiday,283.75,0.0,0.0,40,Clouds,scattered clouds,12,5056
9855,No Holiday,290.89,0.0,0.0,0,Haze,haze,5,4441
9856,No Holiday,301.81,0.0,0.0,40,Clouds,scattered clouds,7,3379
9857,No Holiday,280.17,0.0,0.0,90,Drizzle,light intensity drizzle,12,5555
9858,No Holiday,288.22,0.0,0.0,20,Clouds,few clouds,8,413
9859,No Holiday,300.17,0.0,0.0,1,Clear,sky is clear,7,4560
9860,No Holiday,301.54,0.0,0.0,5,Clear,sky is clear,7,3219
9861,No Holiday,288.17,0.25,0.0,90,Rain,heavy intensity rain,9,5331
9862,No Holiday,268.35,0.0,0.0,90,Fog,fog,4,594
9863,No Holiday,280.15,0.0,0.0,20,Clouds,few clouds,1,5401
9864,No Holiday,288.28,0.0,0.0,5,Clear,sky is clear,6,5771
9865,No Holiday,277.43,0.0,0.0,1,Clear,sky is clear,3,607
9866,No Holiday,275.68,0.0,0.0,75,Clouds,broken clouds,4,5888
9867,No Holiday,289.35,0.0,0.0,90,Mist,mist,5,557
9868,No Holiday,294.65,0.0,0.0,1,Clear,sky is clear,6,2821
9869,No Holiday,291.65,0.0,0.0,40,Clouds,scattered clouds,8,659
9870,No Holiday,266.12,0.0,0.0,90,Clouds,overcast clouds,2,2670
9871,No Holiday,293.35,0.0,0.0,1,Clear,sky is clear,8,1346
9872,No Holiday,256.47,0.0,0.0,64,Clouds,broken clouds,12,2596
9873,No Holiday,271.29,0.0,0.0,90,Clouds,overcast clouds,11,2874
9874,No Holiday,283.23,0.0,0.0,1,Clear,sky is clear,5,1025
9875,No Holiday,251.58,0.0,0.0,1,Clear,sky is clear,1,2593
9876,No Holiday,274.08,0.0,0.0,90,Mist,mist,11,257
9877,No Holiday,291.2,7.11,0.0,90,Rain,heavy intensity rain,9,2740
9878,No Holiday,291.61,0.0,0.0,0,Clear,Sky is Clear,6,884
9879,No Holiday,273.61,0.0,0.0,1,Clear,sky is clear,2,5694
9880,No Holiday,253.18,0.0,0.0,20,Clouds,few clouds,1,1128
9881,No Holiday,274.92,0.0,0.0,90,Clouds,overcast clouds,4,1015
9882,No Holiday,264.75,0.0,0.0,1,Clear,sky is clear,2,1169
9883,No Holiday,290.93,0.25,0.0,75,Rain,light rain,6,1313
9884,No Holiday,259.22,0.0,0.0,90,Snow,snow,2,865
9885,No Holiday,270.08,0.0,0.0,90,Mist,mist,2,830
9886,No Holiday,288.92,0.0,0.0,92,Rain,moderate rain,9,2036
9887,No Holiday,290.94,0.38,0.0,75,Mist,mist,7,4307
9888,No Holiday,288.15,0.0,0.0,90,Drizzle,drizzle,9,2029
9889,No Holiday,253.36,0.0,0.0,5,Clear,sky is clear,12,2318
9890,No Holiday,269.31,0.0,0.0,90,Snow,heavy snow,2,4301
9891,No Holiday,276.83,1.5,0.0,90,Rain,moderate rain,4,2109
9892,No Holiday,267.19,0.0,0.0,75,Clouds,broken clouds,3,372
9893,No Holiday,305.44,0.0,0.0,20,Clouds,few clouds,9,3826
9894,No Holiday,285.75,0.0,0.0,90,Rain,heavy intensity rain,5,1328
9895,No Holiday,295.28,6.47,0.0,90,Mist,mist,8,4171
9896,No Holiday,279.15,0.0,0.0,75,Clouds,broken clouds,12,4851
9897,No Holiday,280.69,0.0,0.0,90,Clouds,overcast clouds,3,5118
9898,No Holiday,263.72,0.0,0.0,1,Clear,sky is clear,2,3056
9899,No Holiday,280.96,0.0,0.0,96,Rain,light rain,10,759
9900,No Holiday,272.64,0.0,0.0,20,Clouds,few clouds,3,5718
9901,No Holiday,274.42,0.0,0.0,90,Mist,mist,3,4339
9902,No Holiday,296.39,0.25,0.0,75,Thunderstorm,proximity thunderstorm,9,780
9903,No Holiday,292.22,0.0,0.0,75,Rain,light rain,7,3154
9904,No Holiday,290.53,0.0,0.0,68,Clouds,broken clouds,8,396
9905,No Holiday,292.22,0.0,0.0,1,Clear,sky is clear,7,381
9906,No Holiday,299.88,0.0,0.0,0,Clear,Sky is Clear,8,4243
9907,No Holiday,277.39,1.08,0.0,90,Rain,moderate rain,4,337
9908,No Holiday,290.8,0.0,0.0,0,Clear,Sky is Clear,8,1741
9909,No Holiday,289.69,0.0,0.0,92,Clouds,overcast clouds,9,4325
9910,No Holiday,280.24,0.0,0.0,0,Clear,Sky is Clear,10,745
9911,No Holiday,283.9,0.0,0.0,1,Clear,sky is clear,5,3402
9912,No Holiday,265.78,0.0,0.0,90,Mist,mist,12,2712
9913,No Holiday,271.55,0.0,0.0,75,Clouds,broken clouds,2,4282
9914,No Holiday,269.58,0.0,0.0,1,Clear,sky is clear,2,598
9915,No Holiday,273.21,0.0,0.0,1,Clear,sky is clear,4,3382
9916,No Holiday,286.88,0.0,0.0,90,Mist,mist,4,2049
9917,No Holiday,270.54,0.76,0.0,64,Rain,light rain,1,812
9918,No Holiday,287.86,0.25,0.0,0,Rain,light rain,6,816
9919,No Holiday,294.82,0.0,0.0,75,Clouds,broken clouds,8,346
9920,No Holiday,275.19,0.0,0.0,20,Clouds,few clouds,10,5291
9921,No Holiday,274.4,0.0,0.0,90,Rain,light rain,11,4556
9922,No Holiday,303.9,0.0,0.0,40,Clouds,scattered clouds,6,4111
9923,No Holiday,288.5,0.0,0.0,1,Haze,haze,9,3138
9924,No Holiday,254.917,0.0,0.0,0,Clear,Sky is Clear,12,5806
9925,No Holiday,272.48,0.0,0.0,90,Clouds,overcast clouds,11,4522
9926,No Holiday,252.14,0.0,0.0,90,Clouds,overcast clouds,1,4478
9927,No Holiday,273.71,0.0,0.0,90,Drizzle,light intensity drizzle,2,2890
9928,No Holiday,300.02,0.0,0.0,1,Clear,sky is clear,7,5908
9929,No Holiday,281.19,0.0,0.0,75,Clouds,broken clouds,3,997
9930,No Holiday,284.79,0.0,0.0,90,Drizzle,light intensity drizzle,5,4983
9931,No Holiday,266.15,0.0,0.0,1,Clear,sky is clear,12,2924
9932,No Holiday,266.42,0.0,0.0,90,Mist,mist,12,6385
9933,No Holiday,270.58,0.0,0.0,1,Clear,sky is clear,3,4695
9934,No Holiday,281.15,0.0,0.0,75,Drizzle,light intensity drizzle,4,297
9935,No Holiday,263.39,0.0,0.0,20,Clouds,few clouds,3,1445
9936,No Holiday,280.58,0.0,0.0,40,Clouds,scattered clouds,5,6083
9937,No Holiday,288.7,0.0,0.0,0,Clear,Sky is Clear,8,5521
9938,No Holiday,264.8,0.0,0.0,90,Clouds,overcast clouds,1,533
9939,No Holiday,271.48,0.0,0.0,90,Snow,snow,2,1686
9940,No Holiday,274.02,0.0,0.0,90,Clouds,overcast clouds,3,3789
9941,No Holiday,288.15,0.0,0.0,1,Clear,sky is clear,9,825
9942,No Holiday,276.09,0.0,0.0,1,Mist,mist,2,869
9943,No Holiday,286.75,0.0,0.0,90,Rain,moderate rain,8,3430
9944,No Holiday,260.27,0.0,0.0,1,Clear,sky is clear,2,340
9945,No Holiday,292.15,0.0,0.0,1,Clear,sky is clear,9,5185
9946,No Holiday,298.59,0.0,0.0,12,Clouds,few clouds,6,5320
9947,No Holiday,268.35,0.0,0.0,1,Fog,fog,1,1307
9948,No Holiday,268.98,0.0,0.0,1,Haze,haze,2,2818
9949,No Holiday,295.7,0.0,0.0,90,Mist,mist,9,2299
9950,No Holiday,272.858,0.0,0.0,68,Clouds,broken clouds,1,4356
9951,No Holiday,271.49,0.0,0.0,90,Snow,light snow,4,2455
9952,No Holiday,271.01,0.0,0.0,64,Clouds,broken clouds,12,324
9953,No Holiday,285.09,0.0,0.0,1,Clear,sky is clear,9,2278
9954,No Holiday,305.461,0.0,0.0,0,Clear,Sky is Clear,7,2662
9955,No Holiday,259.29,0.0,0.0,40,Haze,haze,3,5452
9956,No Holiday,269.75,0.0,0.0,90,Clouds,overcast clouds,1,3769
9957,No Holiday,287.865,0.0,0.0,68,Clouds,broken clouds,2,5012
9958,No Holiday,275.4,0.0,0.0,1,Clear,sky is clear,10,1352
9959,No Holiday,294.84,0.0,0.0,1,Clear,sky is clear,8,4362
9960,No Holiday,288.17,0.25,0.0,90,Mist,mist,9,5331
9961,No Holiday,273.53,0.0,0.0,90,Snow,heavy snow,4,2339
9962,No Holiday,274.15,0.0,0.0,90,Clouds,overcast clouds,10,3064
9963,No Holiday,303.44,0.0,0.0,75,Thunderstorm,proximity thunderstorm,5,4904
9964,No Holiday,278.89,0.0,0.0,1,Clear,sky is clear,11,559
9965,No Holiday,298.02,0.0,0.0,75,Thunderstorm,proximity thunderstorm,8,3275
9966,No Holiday,270.11,0.0,0.0,90,Clouds,overcast clouds,1,1347
9967,No Holiday,287.4890000000001,0.0,0.0,32,Clouds,scattered clouds,10,6241
9968,No Holiday,270.99,0.0,0.0,75,Clouds,broken clouds,3,2544
9969,No Holiday,271.01,0.0,0.0,90,Mist,mist,12,6122
9970,No Holiday,284.55,0.0,0.0,1,Clear,sky is clear,5,1382
9971,No Holiday,270.35,0.0,0.0,90,Snow,light snow,12,5840
9972,No Holiday,289.89,0.0,0.0,40,Thunderstorm,proximity thunderstorm,5,6326
9973,No Holiday,289.48,0.25,0.0,92,Rain,light rain,6,4959
9974,No Holiday,274.08,0.0,0.0,90,Mist,mist,10,2621
9975,No Holiday,291.79,0.42,0.0,90,Haze,haze,8,6243
9976,No Holiday,265.12,0.0,0.0,1,Mist,mist,1,3190
9977,No Holiday,300.22,0.0,0.0,90,Clouds,overcast clouds,8,4555
9978,No Holiday,294.95,0.0,0.0,1,Clear,sky is clear,7,818
9979,No Holiday,291.42,0.0,0.0,90,Rain,moderate rain,6,5483
9980,No Holiday,295.209,0.0,0.0,92,Rain,light rain,7,3333
9981,No Holiday,269.95,0.0,0.0,1,Clear,sky is clear,4,257
9982,No Holiday,297.888,0.0,0.0,0,Clear,Sky is Clear,7,2920
9983,No Holiday,276.55,0.0,0.0,90,Rain,moderate rain,3,3448
9984,No Holiday,286.89,3.19,0.0,75,Mist,mist,5,2740
9985,No Holiday,289.57,0.0,0.0,5,Clear,sky is clear,8,6113
9986,No Holiday,295.11,0.0,0.0,90,Rain,heavy intensity rain,6,1422
9987,No Holiday,281.915,0.0,0.0,56,Clouds,broken clouds,10,2504
9988,No Holiday,267.15,0.0,0.0,90,Snow,light snow,12,5140
9989,No Holiday,276.92,1.02,0.0,90,Rain,moderate rain,4,3511
9990,No Holiday,271.71,0.76,0.0,90,Rain,light rain,3,1474
9991,No Holiday,282.02,0.0,0.0,100,Drizzle,drizzle,10,3815
9992,No Holiday,257.86,0.0,0.0,75,Clouds,broken clouds,1,4448
9993,No Holiday,273.35,0.0,0.0,90,Fog,fog,2,1613
9994,No Holiday,286.28,0.0,0.0,75,Mist,mist,4,4347
9995,No Holiday,293.91,0.0,0.0,1,Mist,mist,9,412
9996,No Holiday,281.82,0.0,0.0,75,Clouds,broken clouds,11,4933
9997,No Holiday,301.79,0.0,0.0,1,Clear,sky is clear,7,4218
9998,No Holiday,273.08,0.0,0.0,90,Clouds,overcast clouds,3,2577
9999,No Holiday,273.52,0.0,0.0,40,Clouds,scattered clouds,3,5944
10000,No Holiday,279.38,0.0,0.0,64,Clouds,broken clouds,10,5031
