row_id,month,Lagging_Current_Reactive.Power_kVarh,Leading_Current_Reactive_Power_kVarh,CO2(tCO2),Lagging_Current_Power_Factor,Leading_Current_Power_Factor,NSM,WeekStatus,Day_of_week,Load_Type,Usage_kWh
1,4,3.82,0,0,60.2,100,26100,Weekend,Sunday,Light_Load,2.88
2,10,48.02,0,0.03,78.46,100,43200,Weekday,Thursday,Maximum_Load,60.77
3,1,59.65,0,0.06,89.61,100,41400,Weekday,Friday,Maximum_Load,120.42
4,6,0,16.6,0,100,18.53,52200,Weekend,Saturday,Light_Load,3.13
5,12,20.99,0,0.03,94.19,100,54000,Weekday,Friday,Medium_Load,58.86
6,3,3.49,0,0,66.41,100,21600,Weekday,Monday,Light_Load,3.1
7,12,0,20.52,0,100,41.65,46800,Weekday,Tuesday,Medium_Load,9.4
8,4,3.35,0,0,73.21,100,2700,Weekday,Wednesday,Light_Load,3.6
9,11,2.2,0.07,0,90.25,99.99,84600,Weekday,Friday,Light_Load,4.61
10,12,3.13,0.11,0,77.02,99.96,0,Weekend,Saturday,Light_Load,3.78
11,7,5.26,0,0,47.51,100,16200,Weekend,Sunday,Light_Load,2.84
12,5,5.26,0,0,49.79,100,21600,Weekday,Wednesday,Light_Load,3.02
13,7,5.36,0,0,46.82,100,83700,Weekday,Thursday,Light_Load,2.84
14,11,51.37,0,0.03,78.38,100,62100,Weekday,Thursday,Maximum_Load,64.84
15,10,5.18,0,0,47.68,100,5400,Weekend,Sunday,Light_Load,2.81
16,1,36.65,0,0.04,92.16,100,52200,Weekday,Friday,Medium_Load,87.05
17,11,3.2,0,0,75.1,100,16200,Weekend,Saturday,Light_Load,3.64
18,10,52.49,0,0.05,90.43,100,58500,Weekday,Monday,Maximum_Load,111.2
19,8,56.99,0,0.03,78.77,100,43200,Weekday,Tuesday,Maximum_Load,72.86
20,5,2.2,0.4,0.02,99.83,99.99,71100,Weekday,Friday,Medium_Load,37.8
21,1,32.47,0,0.02,85.67,100,3600,Weekday,Friday,Light_Load,53.93
22,5,30.38,0,0.03,88.88,100,56700,Weekday,Friday,Maximum_Load,58.93
23,9,5.36,0,0,43.51,100,17100,Weekday,Wednesday,Light_Load,2.59
24,5,0,20.16,0,100,18.1,71100,Weekend,Saturday,Medium_Load,3.71
25,6,0,19.48,0,100,17.29,60300,Weekday,Wednesday,Maximum_Load,3.42
26,6,4.14,0,0,57.11,100,10800,Weekday,Thursday,Light_Load,2.88
27,12,29.56,0,0.03,91.01,100,41400,Weekday,Friday,Maximum_Load,64.94
28,1,43.92,0,0.04,91.12,100,33300,Weekday,Thursday,Medium_Load,97.13
29,12,29.77,0,0.03,91.93,100,59400,Weekday,Monday,Medium_Load,69.55
30,6,3.38,0,0,60.82,100,11700,Weekend,Sunday,Light_Load,2.59
31,2,0,6.34,0,100,59.39,41400,Weekend,Sunday,Light_Load,4.68
32,1,2.88,1.22,0.02,99.7,99.95,73800,Weekday,Wednesday,Medium_Load,37.3
33,10,6.26,0,0,48.69,100,85500,Weekday,Friday,Light_Load,3.49
34,9,4.93,0,0,58.22,100,5400,Weekday,Friday,Light_Load,3.53
35,4,3.71,0,0,64.12,100,13500,Weekday,Thursday,Light_Load,3.1
36,7,5.26,0,0,55.72,100,27000,Weekday,Tuesday,Light_Load,3.53
37,9,31.25,0,0.03,87.45,100,32400,Weekday,Monday,Light_Load,56.34
38,12,2.77,0,0,76.69,100,15300,Weekday,Thursday,Light_Load,3.31
39,3,5.76,0,0,50.61,100,23400,Weekday,Thursday,Light_Load,3.38
40,8,4.79,0,0,48.55,100,23400,Weekday,Wednesday,Light_Load,2.66
41,7,4.82,0,0,52.71,100,3600,Weekday,Thursday,Light_Load,2.99
42,5,0,22.79,0,100,34.55,78300,Weekday,Thursday,Medium_Load,8.39
43,5,3.31,0,0,73.61,100,84600,Weekday,Tuesday,Light_Load,3.6
44,7,0,22.1,0,100,20.89,80100,Weekend,Sunday,Medium_Load,4.72
45,5,47.41,0,0.03,84.9,100,53100,Weekday,Monday,Maximum_Load,76.18
46,1,0,17.39,0,100,20.27,63900,Weekday,Monday,Light_Load,3.6
47,7,0,24.01,0,100,20,76500,Weekday,Monday,Medium_Load,4.9
48,9,24.48,0,0.02,88.77,100,36000,Weekday,Friday,Medium_Load,47.2
49,11,26.28,0,0.03,91.36,100,70200,Weekday,Friday,Maximum_Load,59.04
50,7,4.36,0,0,54.58,100,9000,Weekday,Tuesday,Light_Load,2.84
51,9,38.77,0,0.03,85.62,100,41400,Weekday,Wednesday,Maximum_Load,64.26
52,12,0,20.2,0,100,27.11,76500,Weekday,Tuesday,Medium_Load,5.69
53,9,6.01,0,0,41.48,100,4500,Weekday,Thursday,Light_Load,2.74
54,9,29.48,0,0.03,89.11,100,61200,Weekday,Thursday,Maximum_Load,57.89
55,6,0,16.85,0,100,17.64,51300,Weekend,Sunday,Light_Load,3.02
56,11,30.74,0,0.02,75.16,100,29700,Weekday,Tuesday,Light_Load,35.03
57,12,0,19.98,0,100,26.72,79200,Weekday,Thursday,Medium_Load,5.54
58,1,3.89,0,0,76.63,100,5400,Weekend,Saturday,Light_Load,4.64
59,7,4.86,0,0,51.89,100,6300,Weekday,Thursday,Light_Load,2.95
60,3,14.15,0,0.03,97.31,100,54900,Weekday,Monday,Maximum_Load,59.76
61,11,0,20.7,0,100,24.45,44100,Weekday,Thursday,Medium_Load,5.22
62,11,40.68,0,0.03,85.71,100,36900,Weekday,Friday,Maximum_Load,67.68
63,2,54.04,0,0.05,90.95,100,52200,Weekday,Thursday,Medium_Load,118.22
64,2,5.29,0,0,74.45,100,13500,Weekday,Wednesday,Light_Load,5.9
65,4,5.33,0,0,51.12,100,22500,Weekend,Saturday,Light_Load,3.17
66,6,4.79,0,0,55.19,100,85500,Weekend,Sunday,Light_Load,3.17
67,11,31.97,0,0.02,84.29,100,30600,Weekday,Wednesday,Light_Load,50.08
68,12,2.84,0.07,0,80.25,99.98,11700,Weekend,Saturday,Light_Load,3.82
69,7,22.5,0,0.03,93.2,100,70200,Weekday,Thursday,Medium_Load,57.85
70,12,17.17,0.11,0.01,84.95,100,29700,Weekday,Wednesday,Light_Load,27.65
71,5,3.74,0,0,62.82,100,13500,Weekday,Tuesday,Light_Load,3.02
72,12,2.41,0.07,0,80.59,99.98,13500,Weekday,Tuesday,Light_Load,3.28
73,7,33.73,0.61,0.03,87.32,99.99,65700,Weekday,Friday,Medium_Load,60.44
74,1,3.1,0,0,71.82,100,900,Weekday,Tuesday,Light_Load,3.2
75,4,14.72,0.65,0.02,93.21,99.99,65700,Weekday,Monday,Medium_Load,37.87
76,8,8.1,0,0.02,98.02,100,52200,Weekday,Thursday,Maximum_Load,40.07
77,8,4.9,0,0,53.83,100,82800,Weekday,Tuesday,Medium_Load,3.13
78,2,3.31,0,0,75.58,100,1800,Weekday,Monday,Light_Load,3.82
79,12,23.98,0,0.03,92.38,100,42300,Weekday,Friday,Maximum_Load,57.85
80,10,29.12,0,0.02,85.21,100,63000,Weekday,Thursday,Medium_Load,47.41
81,11,3.17,0,0,71.04,100,17100,Weekday,Thursday,Light_Load,3.2
82,8,4.36,0,0,50.04,100,26100,Weekday,Tuesday,Light_Load,2.52
83,7,13.21,0,0.02,96.3,100,36000,Weekend,Saturday,Medium_Load,47.23
84,7,5.04,0,0,48.7,100,21600,Weekday,Monday,Light_Load,2.81
85,5,4.86,0,0,61.8,100,7200,Weekday,Wednesday,Light_Load,3.82
86,12,0,14.15,0,100,24.21,55800,Weekend,Saturday,Light_Load,3.53
87,7,23.87,0,0.02,87.66,100,35100,Weekend,Saturday,Medium_Load,43.49
88,9,6.12,0,0,45.99,100,18900,Weekend,Sunday,Light_Load,3.17
89,9,4.9,0,0,48.81,100,4500,Weekend,Sunday,Light_Load,2.74
90,2,5.04,0,0,72.66,100,27000,Weekday,Monday,Light_Load,5.33
91,3,16.24,2.66,0.02,95.73,99.88,47700,Weekday,Tuesday,Maximum_Load,53.75
92,1,17.64,0,0.03,96.53,100,63000,Weekday,Wednesday,Maximum_Load,65.16
93,1,7.49,0,0.01,97.18,100,41400,Weekend,Saturday,Maximum_Load,30.85
94,5,4,0,0,61.63,100,14400,Weekday,Thursday,Light_Load,3.13
95,5,35.82,0,0.04,91.3,100,39600,Weekday,Tuesday,Maximum_Load,80.14
96,8,4.07,0,0,54.27,100,17100,Weekday,Tuesday,Light_Load,2.63
97,11,0,17.32,0,100,21.7,79200,Weekday,Tuesday,Medium_Load,3.85
98,6,18.36,0,0.03,96.08,100,57600,Weekday,Tuesday,Maximum_Load,63.61
99,4,28.01,0,0.02,86.54,100,43200,Weekday,Thursday,Maximum_Load,48.38
100,8,0,13.54,0,100,20.8,72000,Weekend,Saturday,Light_Load,2.88
101,1,46.58,0,0.06,94.07,100,60300,Weekday,Monday,Medium_Load,129.13
102,9,21.17,0,0.02,89.16,100,34200,Weekday,Wednesday,Medium_Load,41.69
103,9,43.56,0,0.03,86.71,100,63000,Weekday,Tuesday,Medium_Load,75.82
104,5,4.54,0,0,61.38,100,19800,Weekend,Saturday,Light_Load,3.53
105,11,27.72,0,0.02,87.04,100,40500,Weekday,Wednesday,Maximum_Load,49
106,6,0,25.56,0,100,19.09,70200,Weekday,Friday,Medium_Load,4.97
107,11,25.85,0,0.03,91.59,100,35100,Weekday,Wednesday,Medium_Load,58.97
108,5,5.22,0,0,52.26,100,900,Weekday,Wednesday,Light_Load,3.2
109,1,46.44,0,0.05,92.95,100,50400,Weekday,Monday,Medium_Load,117.07
110,3,4.86,0,0,58.33,100,24300,Weekend,Saturday,Light_Load,3.49
111,9,2.52,2.92,0.01,99.29,99.06,48600,Weekend,Sunday,Maximum_Load,21.1
112,8,4.68,0,0,50.52,100,8100,Weekend,Sunday,Light_Load,2.74
113,12,2.56,0.04,0,80.39,99.99,27000,Weekday,Thursday,Light_Load,3.46
114,3,0,26.46,0,100,18.57,72000,Weekend,Sunday,Medium_Load,5
115,6,4.68,0,0,51.88,100,14400,Weekday,Monday,Light_Load,2.84
116,1,0,17.17,0,100,24.77,74700,Weekend,Saturday,Medium_Load,4.39
117,12,3.31,0,0,84.64,100,81000,Weekday,Friday,Maximum_Load,5.26
118,5,52.96,0,0.03,73.9,100,31500,Weekday,Monday,Light_Load,58.1
119,8,5.26,0,0,47.12,100,3600,Weekday,Tuesday,Light_Load,2.81
120,10,44.5,0,0.03,83.46,100,39600,Weekday,Thursday,Maximum_Load,67.43
121,2,22.1,0,0.03,93.89,100,61200,Weekday,Friday,Medium_Load,60.3
122,2,4.82,0,0,71.99,100,24300,Weekday,Thursday,Light_Load,5
123,5,38.99,0,0.05,93.12,100,35100,Weekday,Thursday,Medium_Load,99.58
124,4,3.2,0,0,74.09,100,85500,Weekday,Thursday,Light_Load,3.53
125,1,27.47,0,0.03,93.1,100,35100,Weekday,Thursday,Medium_Load,70.06
126,1,3.64,0,0,73.62,100,25200,Weekend,Sunday,Light_Load,3.96
127,11,5.47,0,0,60.35,100,81000,Weekday,Thursday,Maximum_Load,4.14
128,12,0,14.62,0,100,22.52,78300,Weekend,Sunday,Light_Load,3.38
129,7,3.67,0,0,64.04,100,28800,Weekend,Sunday,Light_Load,3.06
130,10,47.59,0,0.05,90.5,100,60300,Weekday,Monday,Maximum_Load,101.27
131,1,0,21.82,0.01,100,54,39600,Weekend,Sunday,Maximum_Load,14
132,6,0,6.77,0,100,67.89,40500,Weekend,Saturday,Light_Load,6.26
133,4,3.89,0,0,70.71,100,27000,Weekday,Monday,Light_Load,3.89
134,12,0,21.13,0,100,20.52,76500,Weekday,Monday,Medium_Load,4.43
135,12,3.67,0.04,0,75.91,100,8100,Weekday,Tuesday,Light_Load,4.28
136,11,4.32,0,0,56,100,17100,Weekday,Monday,Light_Load,2.92
137,7,17.53,0,0.02,94.71,100,57600,Weekday,Thursday,Maximum_Load,51.73
138,5,27.22,0,0.02,89.33,100,53100,Weekday,Monday,Maximum_Load,54.11
139,10,7.85,0,0,40.62,100,23400,Weekday,Wednesday,Light_Load,3.49
140,4,36.5,0,0.04,93.22,100,50400,Weekday,Tuesday,Maximum_Load,94
141,6,0,23.04,0,100,16.48,77400,Weekday,Monday,Medium_Load,3.85
142,2,40.79,0,0.04,91.55,100,70200,Weekday,Thursday,Maximum_Load,92.84
143,2,35.35,0,0.03,85.21,100,29700,Weekday,Friday,Light_Load,57.56
144,11,4.32,0,0,59.16,100,19800,Weekend,Saturday,Light_Load,3.17
145,9,10.22,0,0,49.1,100,30600,Weekend,Sunday,Light_Load,5.76
146,1,19.94,0,0.03,95.87,100,36000,Weekday,Wednesday,Medium_Load,67.18
147,12,2.74,0.14,0,79.25,99.92,18900,Weekday,Monday,Light_Load,3.56
148,4,15.52,0,0.02,95.18,100,68400,Weekday,Tuesday,Medium_Load,48.17
149,12,0,20.45,0,100,19.33,77400,Weekday,Tuesday,Light_Load,4.03
150,8,5.4,0,0,49.3,100,81900,Weekday,Tuesday,Medium_Load,3.06
151,10,6.41,0,0,46.64,100,16200,Weekday,Friday,Light_Load,3.38
152,12,0,15.05,0,100,21.73,37800,Weekend,Saturday,Light_Load,3.35
153,11,1.94,0.25,0,82.94,99.63,12600,Weekday,Wednesday,Light_Load,2.88
154,2,14.98,0,0.03,97.08,100,33300,Weekday,Wednesday,Medium_Load,60.59
155,6,5.47,0,0,49.67,100,29700,Weekend,Saturday,Light_Load,3.13
156,11,65.88,0,0.04,80.35,100,30600,Weekday,Monday,Light_Load,88.92
157,12,0,14,0,100,23.73,59400,Weekday,Tuesday,Light_Load,3.42
158,12,7.42,0.25,0.02,98.83,100,70200,Weekday,Thursday,Maximum_Load,47.99
159,5,26.39,0,0.03,93.37,100,74700,Weekday,Wednesday,Medium_Load,68.8
160,11,58.9,0,0.06,92.13,100,36900,Weekday,Thursday,Maximum_Load,139.57
161,1,13.25,1.69,0.03,98.42,99.97,64800,Weekday,Wednesday,Maximum_Load,73.62
162,8,4.32,0,0,52.43,100,16200,Weekday,Wednesday,Light_Load,2.66
163,10,5.18,0,0,45.68,100,9000,Weekday,Monday,Light_Load,2.66
164,3,3.96,0,0,63.32,100,23400,Weekday,Friday,Light_Load,3.24
165,1,0.04,13.5,0.01,100,74.35,36900,Weekend,Sunday,Maximum_Load,15.01
166,8,4.54,0,0,50.13,100,83700,Weekend,Sunday,Light_Load,2.63
167,6,0,16.42,0,100,18.72,63900,Weekend,Saturday,Light_Load,3.13
168,8,0,9.94,0,100,25.85,67500,Weekend,Sunday,Light_Load,2.66
169,9,5.36,0,0,44.05,100,20700,Weekday,Wednesday,Light_Load,2.63
170,4,4.54,0,0,57.25,100,29700,Weekend,Sunday,Light_Load,3.17
171,11,3.74,0,0,69.35,100,3600,Weekday,Tuesday,Light_Load,3.6
172,6,0,26.1,0,100,14.07,68400,Weekday,Wednesday,Medium_Load,3.71
173,3,7.38,0.36,0.02,98.39,100,76500,Weekday,Friday,Medium_Load,40.68
174,8,0,13.14,0,100,24.91,46800,Weekend,Saturday,Light_Load,3.38
175,2,22.43,1.73,0.03,93.98,99.96,47700,Weekday,Monday,Medium_Load,61.67
176,2,6.26,0,0,61.87,100,23400,Weekday,Thursday,Light_Load,4.93
177,5,5.47,0,0,59.03,100,6300,Weekday,Wednesday,Light_Load,4
178,11,6.8,0,0,48.59,100,81000,Weekday,Thursday,Maximum_Load,3.78
179,6,3.02,12.92,0.01,97.2,69.5,44100,Weekday,Monday,Medium_Load,12.49
180,8,1.08,5.22,0,94.3,50.57,80100,Weekend,Saturday,Light_Load,3.06
181,10,5.65,0,0,47.14,100,21600,Weekday,Friday,Light_Load,3.02
182,6,5.22,0,0,49.7,100,0,Weekend,Saturday,Light_Load,2.99
183,9,5.69,0,0,42.35,100,26100,Weekday,Monday,Light_Load,2.66
184,1,0,25.99,0,100,19.55,78300,Weekday,Monday,Medium_Load,5.18
185,12,2.48,0,0,80.37,100,5400,Weekday,Monday,Light_Load,3.35
186,2,13.14,0.43,0.02,95.45,99.99,80100,Weekday,Friday,Maximum_Load,42.05
187,12,31.57,0,0.03,88.77,100,40500,Weekday,Thursday,Maximum_Load,60.88
188,12,2.77,0,0,74.89,100,81900,Weekend,Saturday,Light_Load,3.13
189,10,31.75,0,0.03,86.61,100,34200,Weekday,Monday,Medium_Load,55.01
190,10,31.25,0,0.03,87.26,100,39600,Weekday,Monday,Maximum_Load,55.84
191,12,36.76,0,0.04,92.4,100,42300,Weekday,Friday,Maximum_Load,88.85
192,4,0,25.88,0,100,14.45,68400,Weekday,Monday,Medium_Load,3.78
193,2,0,25.34,0,100,35.69,45900,Weekday,Friday,Medium_Load,9.68
194,3,0.58,3.24,0.02,99.99,99.54,36900,Weekend,Saturday,Maximum_Load,33.52
195,1,0,17.28,0,100,20.18,38700,Weekend,Sunday,Light_Load,3.56
196,6,48.92,0,0.02,72.3,100,30600,Weekday,Friday,Light_Load,51.19
197,5,4.36,0,0,56.56,100,9000,Weekday,Monday,Light_Load,2.99
198,10,5.72,0,0,45.47,100,13500,Weekday,Monday,Light_Load,2.92
199,4,47.95,0,0.05,90.89,100,34200,Weekday,Thursday,Medium_Load,104.54
200,11,0,20.2,0,100,23.71,33300,Weekend,Sunday,Light_Load,4.93
201,5,5.76,0,0,46.92,100,19800,Weekend,Sunday,Light_Load,3.06
202,11,28.22,0,0.02,88.2,100,67500,Weekday,Tuesday,Maximum_Load,52.81
203,9,0,12.24,0,100,22.9,72000,Weekend,Sunday,Medium_Load,2.88
204,12,16.27,0,0.02,94.79,100,56700,Weekend,Sunday,Medium_Load,48.42
205,7,44.46,0,0.03,79.69,100,33300,Weekday,Tuesday,Medium_Load,58.64
206,8,0,16.45,0,100,17.65,69300,Weekday,Thursday,Light_Load,2.95
207,11,3.13,0,0,71.49,100,13500,Weekday,Thursday,Light_Load,3.2
208,3,5.04,0,0,58.12,100,81900,Weekday,Thursday,Medium_Load,3.6
209,3,50.22,0,0.06,92.8,100,37800,Weekday,Thursday,Maximum_Load,125.1
210,6,4.68,0,0,53.32,100,3600,Weekday,Monday,Light_Load,2.95
211,9,2.05,2.27,0,77.08,73.76,31500,Weekday,Tuesday,Light_Load,2.48
212,7,0,16.34,0,100,22.76,78300,Weekday,Friday,Medium_Load,3.82
213,5,27.25,0,0.03,90.58,100,52200,Weekday,Friday,Maximum_Load,58.25
214,5,0,18.18,0,100,26.52,44100,Weekday,Thursday,Medium_Load,5
215,10,17.86,0,0.02,92.28,100,74700,Weekday,Thursday,Medium_Load,42.77
216,11,44.28,0,0.03,83.97,100,52200,Weekday,Monday,Medium_Load,68.47
217,11,0,15.95,0,100,19.08,72000,Weekend,Sunday,Light_Load,3.1
218,2,4.61,0,0,69.29,100,17100,Weekday,Monday,Light_Load,4.43
219,4,5.87,0,0,56.98,100,85500,Weekday,Thursday,Light_Load,4.07
220,11,33.62,0,0.03,86.81,100,66600,Weekday,Friday,Maximum_Load,58.79
221,1,0,25.7,0,100,19.65,55800,Weekend,Sunday,Light_Load,5.15
222,6,16.96,0,0.03,96.2,100,33300,Weekday,Thursday,Medium_Load,59.76
223,10,9.22,0,0,47.45,100,81000,Weekday,Thursday,Medium_Load,4.97
224,5,24.62,0,0.03,91.74,100,38700,Weekend,Saturday,Maximum_Load,56.74
225,3,0.86,13.75,0,99.09,41.87,44100,Weekend,Saturday,Medium_Load,6.34
226,2,5.26,0,0,74.07,100,20700,Weekday,Tuesday,Light_Load,5.8
227,2,0,20.74,0,100,18.57,62100,Weekend,Saturday,Light_Load,3.92
228,8,24.44,0,0.02,89.22,100,33300,Weekday,Wednesday,Medium_Load,48.28
229,12,0,21.1,0,100,21.96,63000,Weekend,Saturday,Maximum_Load,4.75
230,4,31.5,0,0.03,89.96,100,49500,Weekday,Thursday,Maximum_Load,64.87
231,9,5,0,0,47.51,100,11700,Weekend,Saturday,Light_Load,2.7
232,4,4.68,0,0,57.39,100,18900,Weekday,Wednesday,Light_Load,3.28
233,3,17.68,0,0.02,94.5,100,33300,Weekday,Thursday,Medium_Load,51.08
234,4,26.17,0,0.03,90.96,100,36900,Weekday,Friday,Maximum_Load,57.28
235,11,0,13.64,0,100,23.38,42300,Weekend,Saturday,Light_Load,3.28
236,1,3.74,0,0,66.27,100,12600,Weekday,Monday,Light_Load,3.31
237,3,5.8,0,0,67.66,100,1800,Weekday,Thursday,Light_Load,5.33
238,9,32.62,0,0.03,86.66,100,56700,Weekday,Friday,Maximum_Load,56.66
239,7,6.12,0,0,64.89,100,28800,Weekday,Tuesday,Light_Load,5.22
240,6,3.35,9.76,0,94.65,70.96,44100,Weekend,Saturday,Medium_Load,9.83
241,4,3.13,0.4,0.02,99.7,100,70200,Weekday,Thursday,Medium_Load,40.1
242,11,29.66,0,0.03,89.28,100,50400,Weekday,Monday,Medium_Load,58.79
243,4,33.98,0,0.03,89.28,100,57600,Weekday,Tuesday,Maximum_Load,67.36
244,3,0.54,2.02,0.01,99.98,99.78,59400,Weekend,Sunday,Maximum_Load,30.35
245,4,46.84,0,0.03,78.5,100,41400,Weekday,Thursday,Maximum_Load,59.36
246,4,19.87,0.5,0.04,97.68,100,34200,Weekend,Sunday,Medium_Load,90.58
247,3,2.38,0,0,78.94,100,85500,Weekday,Wednesday,Light_Load,3.06
248,2,9.07,4.39,0.01,96.36,99.11,80100,Weekday,Monday,Maximum_Load,32.69
249,7,0,4.5,0,100,59.25,9000,Weekend,Sunday,Light_Load,3.31
250,12,2.27,0.11,0,82.23,99.94,19800,Weekend,Saturday,Light_Load,3.28
251,9,5.51,0,0,42.14,100,27000,Weekday,Wednesday,Light_Load,2.56
252,4,46.26,0,0.02,72.66,100,30600,Weekday,Friday,Light_Load,48.92
253,1,12.49,0,0.03,98.51,100,75600,Weekday,Tuesday,Medium_Load,71.42
254,1,18.25,0,0.02,94.44,100,53100,Weekday,Wednesday,Medium_Load,52.42
255,8,0,16.6,0,100,18.53,72900,Weekend,Sunday,Light_Load,3.13
256,11,45.97,0,0.04,88.41,100,62100,Weekday,Friday,Maximum_Load,86.98
257,9,0,11.41,0,100,25.03,46800,Weekend,Saturday,Light_Load,2.95
258,1,21.38,0,0.03,95.54,100,72000,Weekday,Thursday,Maximum_Load,69.16
259,10,5.47,0,0,45.18,100,81900,Weekday,Wednesday,Medium_Load,2.77
260,1,0,26.78,0,100,18.99,79200,Weekday,Wednesday,Medium_Load,5.18
261,8,0,14.72,0,100,20.1,54000,Weekend,Sunday,Light_Load,3.02
262,10,0,12.64,0,100,23.53,72900,Weekend,Sunday,Light_Load,3.06
263,9,0.11,5.47,0,99.99,88.17,33300,Weekend,Sunday,Medium_Load,10.22
264,11,26.78,0,0.04,95.01,100,54900,Weekday,Tuesday,Medium_Load,81.58
265,3,30.53,0,0.03,91.34,100,34200,Weekday,Tuesday,Medium_Load,68.51
266,3,4.82,0,0,72.54,100,81000,Weekday,Thursday,Medium_Load,5.08
267,5,4.54,0,0,52.08,100,3600,Weekend,Sunday,Light_Load,2.77
268,10,5.29,0,0,59.54,100,85500,Weekday,Wednesday,Light_Load,3.92
269,4,4.57,0,0,61.13,100,8100,Weekday,Thursday,Light_Load,3.53
270,6,0,19.26,0,100,24.13,46800,Weekday,Wednesday,Medium_Load,4.79
271,10,22.28,0,0.02,88.2,100,35100,Weekend,Saturday,Medium_Load,41.69
272,12,0,13.68,0,100,25.45,43200,Weekend,Saturday,Light_Load,3.6
273,1,5.54,18.9,0,96.09,71.3,44100,Weekday,Tuesday,Medium_Load,19.22
274,4,3.64,0,0,64.84,100,14400,Weekend,Saturday,Light_Load,3.1
275,9,5.22,0,0,46.87,100,5400,Weekend,Sunday,Light_Load,2.77
276,10,52.16,0,0.04,87.12,100,53100,Weekday,Monday,Maximum_Load,92.56
277,3,26.89,0,0.03,90.11,100,63000,Weekday,Monday,Medium_Load,55.87
278,5,0,16.96,0,100,18.99,75600,Weekend,Sunday,Light_Load,3.28
279,3,15.52,0.14,0.04,98.57,100,49500,Weekday,Friday,Maximum_Load,90.86
280,12,43.7,0,0.04,87.11,100,39600,Weekday,Thursday,Maximum_Load,77.51
281,9,5.29,0,0,43.56,100,19800,Weekday,Wednesday,Light_Load,2.56
282,4,33.08,0,0.03,88.52,100,63900,Weekday,Wednesday,Medium_Load,62.93
283,10,5.11,0,0,47.26,100,12600,Weekday,Monday,Light_Load,2.74
284,2,25.2,0,0.03,94.3,100,34200,Weekday,Monday,Medium_Load,71.39
285,11,0,14.51,0,100,20.38,67500,Weekend,Sunday,Light_Load,3.02
286,10,49.18,0,0.05,91.36,100,34200,Weekday,Tuesday,Medium_Load,110.52
287,9,5.29,0,0,44.92,100,20700,Weekend,Sunday,Light_Load,2.66
288,6,4.43,0,0,60.32,100,84600,Weekday,Thursday,Light_Load,3.35
289,5,4,0,0,65.74,100,12600,Weekday,Friday,Light_Load,3.49
290,4,3.67,0,0,63.16,100,23400,Weekday,Thursday,Light_Load,2.99
291,11,8.68,0,0,49.69,100,81000,Weekday,Monday,Maximum_Load,4.97
292,1,69.7,0,0.04,77.3,100,30600,Weekday,Monday,Light_Load,84.92
293,1,32.15,0,0.04,94.75,100,60300,Weekday,Friday,Medium_Load,95.26
294,5,4.36,0,0,57.95,100,8100,Weekday,Monday,Light_Load,3.1
295,7,4.75,0,0,49.42,100,17100,Weekend,Sunday,Light_Load,2.7
296,1,63.86,0,0.06,89.74,100,40500,Weekday,Friday,Maximum_Load,129.85
297,10,4.03,0,0,59.07,100,18000,Weekday,Tuesday,Light_Load,2.95
298,1,40.25,0,0.05,94.37,100,68400,Weekday,Tuesday,Maximum_Load,114.8
299,12,0,21.1,0,100,29.07,46800,Weekday,Wednesday,Medium_Load,6.41
300,7,42.95,0,0.05,92.74,100,34200,Weekday,Friday,Medium_Load,106.52
301,3,2.59,0,0,78.48,100,3600,Weekday,Friday,Light_Load,3.28
302,9,6.48,0,0,43.94,100,18000,Weekday,Thursday,Light_Load,3.17
303,9,8.39,0,0.02,97.27,100,35100,Weekend,Saturday,Medium_Load,35.14
304,3,27.18,0,0.03,92.45,100,34200,Weekday,Tuesday,Medium_Load,65.92
305,2,0,17.78,0,100,23.04,45900,Weekend,Sunday,Light_Load,4.21
306,12,3.64,0.04,0,75.65,100,10800,Weekday,Wednesday,Light_Load,4.21
307,8,0,17.32,0,100,15.63,63000,Weekend,Saturday,Light_Load,2.74
308,1,47.27,0,0.04,89.59,100,41400,Weekend,Saturday,Maximum_Load,95.33
309,6,20.77,0.58,0.04,96.98,100,63000,Weekday,Tuesday,Medium_Load,82.62
310,6,4.25,0,0,62.69,100,84600,Weekday,Friday,Light_Load,3.42
311,1,19.98,0,0.03,94.83,100,65700,Weekday,Wednesday,Maximum_Load,59.69
312,9,0.04,10.69,0,99.99,25.42,79200,Weekend,Sunday,Light_Load,2.81
313,8,5.76,0,0,50.61,100,82800,Weekday,Thursday,Medium_Load,3.38
314,3,3.71,0,0,64.12,100,10800,Weekday,Monday,Light_Load,3.1
315,1,34.16,0,0.04,92.39,100,36000,Weekday,Monday,Medium_Load,82.48
316,2,4.64,0,0,57.25,100,82800,Weekend,Sunday,Light_Load,3.24
317,4,3.31,0,0,73.61,100,6300,Weekday,Wednesday,Light_Load,3.6
318,2,12.64,0,0.04,99,100,38700,Weekend,Saturday,Maximum_Load,88.6
319,7,0,22.64,0,100,16.64,79200,Weekday,Monday,Medium_Load,3.82
320,11,42.23,0,0.05,93.5,100,73800,Weekday,Monday,Medium_Load,111.35
321,11,5.29,0,0,50.92,100,20700,Weekday,Thursday,Light_Load,3.13
322,1,32.11,0,0.03,90.36,100,50400,Weekday,Monday,Medium_Load,67.75
323,8,4.57,0,0,49.31,100,81000,Weekend,Saturday,Medium_Load,2.59
324,8,0,13.9,0,100,31.48,46800,Weekday,Thursday,Medium_Load,4.61
325,12,2.34,0.58,0,86.09,98.94,85500,Weekday,Wednesday,Light_Load,3.96
326,9,6.19,0.18,0,46.37,99.85,80100,Weekday,Friday,Medium_Load,3.24
327,6,50.94,0,0.02,69.53,100,30600,Weekday,Friday,Light_Load,49.28
328,3,34.02,0,0.03,89.91,100,57600,Weekday,Thursday,Maximum_Load,69.88
329,12,3.78,0,0,72.68,100,3600,Weekend,Saturday,Light_Load,4
330,11,31.28,0,0.04,94.72,100,36900,Weekend,Saturday,Maximum_Load,92.41
331,10,6.44,0,0,42.46,100,18900,Weekday,Thursday,Light_Load,3.02
332,1,0,21.35,0,100,18.86,55800,Weekday,Monday,Light_Load,4.1
333,12,2.77,0,0,77.34,100,13500,Weekend,Sunday,Light_Load,3.38
334,8,6.23,0,0,41.12,100,25200,Weekday,Friday,Light_Load,2.81
335,1,29.88,0,0.05,95.86,100,33300,Weekend,Saturday,Medium_Load,100.58
336,5,0,20.59,0,100,18.24,77400,Weekday,Tuesday,Medium_Load,3.82
337,2,18.94,0,0.03,95.65,100,33300,Weekday,Monday,Medium_Load,62.1
338,11,6.19,0,0,53.5,100,83700,Weekday,Friday,Light_Load,3.92
339,8,4.46,0,0,50.79,100,16200,Weekend,Sunday,Light_Load,2.63
340,3,40.57,0,0.03,84.8,100,41400,Weekday,Thursday,Maximum_Load,64.91
341,7,12.35,2.12,0.02,93.61,99.79,65700,Weekday,Monday,Medium_Load,32.87
342,5,4.79,0,0,60.5,100,82800,Weekday,Friday,Medium_Load,3.64
343,5,63.25,0,0.06,91.14,100,38700,Weekday,Tuesday,Maximum_Load,140.04
344,9,46.58,0,0.02,73.29,100,30600,Weekend,Sunday,Light_Load,50.18
345,4,23.04,0,0.01,78.28,100,29700,Weekend,Saturday,Light_Load,28.98
346,3,18.18,0,0.03,95.67,100,63000,Weekday,Wednesday,Medium_Load,59.76
347,11,4.75,0,0,59.97,100,5400,Weekday,Thursday,Light_Load,3.56
348,7,0,19.08,0,100,27.42,45900,Weekday,Monday,Medium_Load,5.44
349,10,29.02,0,0.02,78.95,100,29700,Weekday,Tuesday,Light_Load,37.33
350,2,4.07,0,0,86.07,100,28800,Weekday,Tuesday,Light_Load,6.88
351,4,3.64,0,0,70.32,100,16200,Weekday,Tuesday,Light_Load,3.6
352,4,18.04,0,0.03,95.73,100,54900,Weekday,Monday,Maximum_Load,59.72
353,9,0,11.74,0,100,22.1,72900,Weekday,Wednesday,Light_Load,2.66
354,8,4.25,0,0,56.63,100,900,Weekend,Saturday,Light_Load,2.92
355,8,4.97,0,0,48.28,100,9900,Weekday,Monday,Light_Load,2.74
356,2,44.46,0,0.05,92.28,100,40500,Weekday,Tuesday,Maximum_Load,106.45
357,12,23.04,3.82,0.02,91.56,99.74,47700,Weekday,Tuesday,Medium_Load,52.45
358,9,5.26,0,0,45.67,100,20700,Weekday,Wednesday,Light_Load,2.7
359,8,0,21.28,0,100,31.77,46800,Weekday,Wednesday,Medium_Load,7.13
360,11,39.85,0,0.04,92.41,100,66600,Weekday,Monday,Maximum_Load,96.34
361,12,28.98,0,0.03,90.65,100,38700,Weekday,Wednesday,Maximum_Load,62.21
362,12,0,9.4,0.01,100,86.15,64800,Weekday,Tuesday,Maximum_Load,15.95
363,11,3.2,0.04,0,75.72,99.99,85500,Weekday,Wednesday,Light_Load,3.71
364,7,37.94,0,0.04,89.98,100,42300,Weekend,Sunday,Maximum_Load,78.26
365,8,4.82,0,0,48.87,100,25200,Weekday,Wednesday,Light_Load,2.7
366,11,3.64,0,0,68.47,100,14400,Weekday,Friday,Light_Load,3.42
367,8,4.57,0,0,58.66,100,10800,Weekday,Thursday,Light_Load,3.31
368,10,65.52,0,0.04,78.07,100,30600,Weekday,Tuesday,Light_Load,81.86
369,7,37.98,0,0.02,71.69,100,30600,Weekday,Friday,Light_Load,39.06
370,7,36.72,0,0.02,80.98,100,42300,Weekday,Monday,Maximum_Load,50.69
371,11,20.52,0,0.02,90.63,100,65700,Weekday,Thursday,Maximum_Load,43.99
372,12,0,13.82,0,100,25.93,68400,Weekend,Saturday,Light_Load,3.71
373,8,0,22.32,0,100,16.53,37800,Weekday,Thursday,Light_Load,3.74
374,6,46.69,0,0.05,90.96,100,51300,Weekday,Tuesday,Maximum_Load,102.2
375,10,34.34,0,0.03,88.48,100,42300,Weekday,Friday,Maximum_Load,65.2
376,6,46.84,0,0.04,88.4,100,67500,Weekday,Tuesday,Medium_Load,88.56
377,1,0,25.02,0,100,29.55,45900,Weekday,Thursday,Medium_Load,7.74
378,11,5.65,0,0,51.78,100,82800,Weekend,Sunday,Maximum_Load,3.42
379,6,0,19.69,0,100,32.51,45900,Weekday,Thursday,Medium_Load,6.77
380,10,21.38,0,0.01,67.01,100,29700,Weekday,Tuesday,Light_Load,19.3
381,1,0.83,2.77,0.01,99.96,99.58,52200,Weekend,Sunday,Medium_Load,30.13
382,6,0,16.78,0,100,17.94,60300,Weekend,Sunday,Light_Load,3.06
383,10,50.65,0,0.05,89.11,100,42300,Weekday,Thursday,Maximum_Load,99.47
384,1,5.08,0,0,67.2,100,11700,Weekday,Friday,Light_Load,4.61
385,12,0,21.53,0,100,20.46,69300,Weekday,Tuesday,Maximum_Load,4.5
386,1,36.36,0,0.03,89.86,100,72000,Weekday,Monday,Maximum_Load,74.48
387,1,4.25,0,0,70.38,100,27900,Weekend,Sunday,Light_Load,4.21
388,10,0.25,15.73,0,99.96,49.2,76500,Weekday,Thursday,Medium_Load,8.89
389,5,0,17.1,0,100,18.84,76500,Weekend,Saturday,Light_Load,3.28
390,8,5.08,0,0,47.87,100,15300,Weekend,Saturday,Light_Load,2.77
391,12,2.92,0,0,76.05,100,82800,Weekend,Saturday,Maximum_Load,3.42
392,4,38.99,0,0.03,87.69,100,63000,Weekday,Wednesday,Medium_Load,71.14
393,10,30.89,0,0.02,86.45,100,74700,Weekday,Thursday,Medium_Load,53.14
394,1,28.33,0,0.03,93.22,100,61200,Weekday,Wednesday,Medium_Load,72.97
395,10,7.27,0,0,45.06,100,81900,Weekday,Friday,Medium_Load,3.67
396,1,39.89,0,0.04,90.02,100,27900,Weekday,Friday,Light_Load,82.48
397,7,16.42,7.7,0.02,90.95,97.78,47700,Weekend,Saturday,Maximum_Load,35.93
398,5,33.23,0,0.03,87.44,100,49500,Weekday,Thursday,Maximum_Load,59.87
399,11,40.79,0,0.04,92.07,100,41400,Weekday,Wednesday,Maximum_Load,96.26
400,9,69.26,0,0.06,87.13,100,49500,Weekday,Tuesday,Maximum_Load,122.94
401,5,3.53,0,0,68.84,100,14400,Weekday,Friday,Light_Load,3.35
402,1,45.68,0,0.03,83.21,100,66600,Weekday,Friday,Maximum_Load,68.54
403,4,9.72,0.79,0.03,99.02,99.99,33300,Weekend,Saturday,Medium_Load,69.05
404,4,1.55,0.4,0.02,99.92,99.99,54900,Weekend,Saturday,Maximum_Load,38.59
405,12,20.48,0,0.02,91.43,100,72900,Weekday,Monday,Medium_Load,46.22
406,2,51.59,0,0.03,77.14,100,30600,Weekday,Friday,Light_Load,62.53
407,10,4.32,0,0,54.53,100,26100,Weekday,Monday,Light_Load,2.81
408,9,5.26,0,0,46.6,100,23400,Weekend,Sunday,Light_Load,2.77
409,9,4.97,0,0,46.21,100,24300,Weekend,Saturday,Light_Load,2.59
410,11,25.88,0,0.04,95.68,100,52200,Weekday,Wednesday,Medium_Load,85.14
411,9,29.88,0,0.02,87.4,100,58500,Weekday,Wednesday,Maximum_Load,53.75
412,4,20.16,4.9,0.03,95.41,99.71,47700,Weekday,Tuesday,Maximum_Load,64.19
413,3,7.16,0.29,0.02,98.61,100,57600,Weekday,Tuesday,Maximum_Load,42.55
414,9,0,10.4,0,100,26.69,60300,Weekday,Monday,Light_Load,2.88
415,11,40.07,0,0.03,86.94,100,38700,Weekday,Wednesday,Maximum_Load,70.52
416,3,4.18,0,0,64.52,100,26100,Weekend,Sunday,Light_Load,3.53
417,9,5.87,0,0,46.23,100,23400,Weekend,Saturday,Light_Load,3.06
418,1,0,17.35,0,100,19.72,64800,Weekend,Sunday,Light_Load,3.49
419,10,39.17,0,0.02,79.27,100,65700,Weekday,Friday,Medium_Load,50.94
420,3,4.39,0,0,67.35,100,83700,Weekend,Saturday,Light_Load,4
421,8,5.11,0,0,47.26,100,1800,Weekend,Sunday,Light_Load,2.74
422,9,5.29,0,0,45.46,100,22500,Weekend,Saturday,Light_Load,2.7
423,6,0,17.89,0,100,17.61,72000,Weekday,Wednesday,Medium_Load,3.2
424,11,6.62,0,0,58.62,100,900,Weekday,Friday,Light_Load,4.79
425,9,4.93,0,0,45.51,100,18900,Weekday,Wednesday,Light_Load,2.52
426,12,21.35,0,0.03,94.62,100,42300,Weekday,Monday,Maximum_Load,62.42
427,9,4.39,0,0,49.78,100,84600,Weekend,Sunday,Light_Load,2.52
428,9,0,12.96,0,100,27.25,72900,Weekday,Friday,Medium_Load,3.67
429,10,32.54,0,0.02,74.72,100,29700,Weekday,Thursday,Light_Load,36.58
430,1,29.74,0,0.02,80.22,100,19800,Weekday,Tuesday,Light_Load,39.96
431,1,55.19,0,0.05,87.75,100,72900,Weekday,Tuesday,Medium_Load,100.98
432,8,5.98,0,0,46.84,100,16200,Weekday,Wednesday,Light_Load,3.17
433,6,5.94,0,0,44.48,100,14400,Weekend,Sunday,Light_Load,2.95
434,9,6.62,0,0,44.72,100,83700,Weekday,Thursday,Light_Load,3.31
435,3,4.82,0,0,55.31,100,9000,Weekday,Friday,Light_Load,3.2
436,2,14.11,0,0.03,97.33,100,38700,Weekday,Tuesday,Maximum_Load,59.8
437,1,36.65,0,0.04,91.55,100,39600,Weekday,Tuesday,Maximum_Load,83.38
438,2,27.94,0,0.02,77.92,100,2700,Weekend,Sunday,Light_Load,34.74
439,10,4.93,0,0,46.08,100,21600,Weekend,Sunday,Light_Load,2.56
440,1,0,25.85,0,100,19.65,36000,Weekend,Sunday,Light_Load,5.18
441,8,0,15.01,0,100,25.75,77400,Weekday,Tuesday,Medium_Load,4
442,6,0,17.03,0,100,17.07,33300,Weekend,Sunday,Light_Load,2.95
443,3,0,13.64,0,100,23.38,44100,Weekend,Sunday,Light_Load,3.28
444,6,4.07,0,0,68.72,100,28800,Weekday,Wednesday,Light_Load,3.85
445,11,0.5,1.33,0.01,99.99,99.9,57600,Weekend,Saturday,Medium_Load,30.2
446,11,37.62,0,0.03,85.44,100,69300,Weekday,Wednesday,Maximum_Load,61.85
447,6,3.42,0,0,67.51,100,84600,Weekday,Monday,Light_Load,3.13
448,2,28.51,0,0.03,92.24,100,38700,Weekday,Tuesday,Maximum_Load,68.11
449,3,0,26.71,0,100,26.4,45000,Weekday,Thursday,Medium_Load,7.31
450,3,3.17,0,0,70.71,100,20700,Weekday,Wednesday,Light_Load,3.17
451,9,0,11.59,0,100,23.8,68400,Weekend,Sunday,Light_Load,2.84
452,11,4.5,0,0,54.83,100,9000,Weekday,Wednesday,Light_Load,2.95
453,2,14.04,0.5,0.02,96.51,100,80100,Weekday,Wednesday,Maximum_Load,51.77
454,4,4.28,0,0,62.87,100,18900,Weekend,Sunday,Light_Load,3.46
455,3,3.89,0,0,70.98,100,16200,Weekday,Friday,Light_Load,3.92
456,2,20.81,0,0.03,94.51,100,63000,Weekday,Friday,Maximum_Load,60.19
457,4,14.47,4.21,0.02,94.04,99.45,47700,Weekday,Tuesday,Maximum_Load,40
458,4,0,26.46,0,100,20.24,77400,Weekday,Thursday,Medium_Load,5.47
459,4,28.37,0,0.02,88.35,100,61200,Weekday,Monday,Maximum_Load,53.5
460,5,3.64,0,0,64.35,100,18000,Weekday,Thursday,Light_Load,3.06
461,9,0,12.89,0,100,23.1,69300,Weekend,Sunday,Light_Load,3.06
462,3,1.26,5.04,0.02,99.93,98.9,74700,Weekday,Monday,Medium_Load,33.7
463,2,38.2,0,0.03,89.22,100,85500,Weekday,Wednesday,Light_Load,75.46
464,12,2.66,0,0,80.11,100,17100,Weekday,Tuesday,Light_Load,3.56
465,6,5.62,0,0,47.34,100,12600,Weekday,Friday,Light_Load,3.02
466,1,29.45,0,0.02,80.63,100,21600,Weekday,Tuesday,Light_Load,40.14
467,9,32.51,0,0.03,88.1,100,40500,Weekday,Tuesday,Maximum_Load,60.55
468,5,4.28,0,0,56.75,100,22500,Weekend,Saturday,Light_Load,2.95
469,10,5.9,0,0,46.04,100,12600,Weekday,Tuesday,Light_Load,3.06
470,8,49.82,0,0.05,90.46,100,49500,Weekday,Friday,Maximum_Load,105.7
471,8,7.7,0,0,51.37,100,28800,Weekend,Sunday,Light_Load,4.61
472,8,4.18,0,0,52.23,100,900,Weekend,Sunday,Light_Load,2.56
473,11,0,16.96,0,100,34.29,44100,Weekday,Wednesday,Medium_Load,6.19
474,3,3.2,0,0,68.64,100,20700,Weekday,Wednesday,Light_Load,3.02
475,11,29.59,0,0.03,88.83,100,61200,Weekday,Friday,Medium_Load,57.24
476,7,10.8,0.32,0.02,97.18,100,71100,Weekend,Sunday,Medium_Load,44.5
477,10,16.7,0,0.02,92,100,71100,Weekday,Monday,Medium_Load,39.2
478,9,0,6.73,0,100,51.09,65700,Weekday,Wednesday,Medium_Load,4
479,4,37.73,0,0.04,91.26,100,59400,Weekday,Tuesday,Maximum_Load,84.2
480,4,5.47,1.48,0.02,99.48,99.96,52200,Weekend,Saturday,Maximum_Load,53.53
481,2,30.67,0,0.02,80.89,100,82800,Weekday,Monday,Maximum_Load,42.19
482,1,31.86,0,0.05,95.7,100,58500,Weekday,Wednesday,Medium_Load,105.12
483,5,0,16.49,0,100,18.01,52200,Weekend,Sunday,Light_Load,3.02
484,2,16.78,0,0.03,96.42,100,34200,Weekday,Wednesday,Medium_Load,61.02
485,6,4.64,0,0,56.41,100,24300,Weekday,Friday,Light_Load,3.17
486,10,6.19,0,0,45.58,100,15300,Weekday,Wednesday,Light_Load,3.17
487,6,5.58,0,0,47.23,100,0,Weekday,Wednesday,Light_Load,2.99
488,2,35.06,0,0.04,93.81,100,73800,Weekday,Tuesday,Medium_Load,94.97
489,10,6.66,0,0,47.96,100,83700,Weekday,Friday,Light_Load,3.64
490,5,0,17.28,0,100,19.42,38700,Weekend,Sunday,Light_Load,3.42
491,8,48.13,0,0.05,90.08,100,63000,Weekday,Friday,Medium_Load,99.83
492,2,38.27,0,0.03,87.83,100,900,Weekday,Tuesday,Light_Load,70.31
493,12,0,14.11,0,100,24.01,33300,Weekday,Tuesday,Light_Load,3.49
494,8,39.82,0,0.03,86.17,100,69300,Weekday,Friday,Medium_Load,67.61
495,7,4.21,0,0,53.98,100,41400,Weekend,Sunday,Light_Load,2.7
496,9,0.58,1.84,0.01,99.98,99.76,60300,Weekend,Saturday,Maximum_Load,26.32
497,6,5.87,0,0,44.54,100,23400,Weekend,Saturday,Light_Load,2.92
498,3,3.89,0,0,70.34,100,27900,Weekend,Saturday,Light_Load,3.85
499,5,52.34,0,0.03,76.02,100,40500,Weekday,Wednesday,Maximum_Load,61.24
500,11,46.33,0,0.04,87.21,100,49500,Weekday,Monday,Medium_Load,82.58
501,7,11.27,0,0.02,96.89,100,56700,Weekend,Sunday,Maximum_Load,44.14
502,12,0.36,18.47,0.01,99.95,52.46,44100,Weekday,Thursday,Medium_Load,11.38
503,8,27.22,0,0.03,90.68,100,50400,Weekday,Tuesday,Maximum_Load,58.54
504,3,0,20.38,0,100,27.98,44100,Weekend,Saturday,Medium_Load,5.94
505,7,41.29,0,0.04,90.75,100,32400,Weekday,Monday,Light_Load,89.21
506,2,0,4.18,0,100,70.37,43200,Weekend,Sunday,Light_Load,4.14
507,12,0,9.25,0,100,33.69,66600,Weekend,Sunday,Light_Load,3.31
508,7,4.72,0,0,51.56,100,85500,Weekday,Friday,Light_Load,2.84
509,3,0,22.1,0,100,15.6,36900,Weekend,Sunday,Light_Load,3.49
510,3,4.54,0,0,62.87,100,18000,Weekday,Tuesday,Light_Load,3.67
511,1,26.6,0,0.03,93.49,100,53100,Weekday,Monday,Medium_Load,70.09
512,6,36.76,0,0.04,91.3,100,48600,Weekday,Monday,Maximum_Load,82.26
513,9,56.2,0,0.05,88.98,100,40500,Weekday,Tuesday,Maximum_Load,109.58
514,5,4.21,0,0,58.29,100,3600,Weekday,Tuesday,Light_Load,3.02
515,4,25.7,0,0.03,91.51,100,34200,Weekday,Thursday,Medium_Load,58.32
516,11,2.92,0,0,73.55,100,12600,Weekday,Thursday,Light_Load,3.17
517,4,0,26.57,0,100,20.06,46800,Weekday,Wednesday,Medium_Load,5.44
518,11,4.39,0,0,56.29,100,12600,Weekday,Friday,Light_Load,2.99
519,4,3.67,0,0,63.54,100,12600,Weekday,Thursday,Light_Load,3.02
520,2,5.36,0,0,76.52,100,18000,Weekday,Friday,Light_Load,6.37
521,3,3.35,0,0,68.27,100,9000,Weekend,Sunday,Light_Load,3.13
522,12,2.41,0.79,0,90.08,98.77,28800,Weekday,Wednesday,Light_Load,5
523,3,32.47,0,0.02,80.69,100,29700,Weekday,Friday,Light_Load,44.35
524,5,4.36,0,0,57.45,100,1800,Weekday,Tuesday,Light_Load,3.06
525,10,0,17.57,0,100,20.29,68400,Weekend,Saturday,Medium_Load,3.64
526,7,2.52,0.86,0.02,99.71,99.97,54000,Weekend,Sunday,Maximum_Load,33.3
527,9,0,12.02,0,100,21.06,39600,Weekday,Wednesday,Light_Load,2.59
528,10,18.11,0,0.02,93.13,100,61200,Weekday,Tuesday,Maximum_Load,46.3
529,8,5.69,0,0,45.16,100,81900,Weekday,Thursday,Medium_Load,2.88
530,2,5,0,0,54.85,100,3600,Weekday,Monday,Light_Load,3.28
531,2,6.16,0,0,63.32,100,5400,Weekday,Thursday,Light_Load,5.04
532,3,70.49,0,0.07,90.16,100,57600,Weekday,Monday,Maximum_Load,146.88
533,7,4.61,0,0,57.5,100,2700,Weekday,Wednesday,Light_Load,3.24
534,8,5,0,0,46.55,100,28800,Weekend,Sunday,Light_Load,2.63
535,7,1.66,15.55,0,97.96,46.2,44100,Weekday,Wednesday,Medium_Load,8.1
536,11,0,18.47,0,100,19.49,79200,Weekend,Saturday,Medium_Load,3.67
537,10,5.83,0,0,44.29,100,20700,Weekday,Monday,Light_Load,2.88
538,10,8.1,0,0,49.14,100,2700,Weekday,Tuesday,Light_Load,4.57
539,6,53.03,0,0.04,83.43,100,29700,Weekday,Thursday,Light_Load,80.24
540,6,15.84,0,0.02,94.35,100,56700,Weekday,Friday,Maximum_Load,45.11
541,1,0,26.89,0,100,18.17,64800,Weekend,Sunday,Light_Load,4.97
542,9,5.18,0,0,52.2,100,15300,Weekend,Saturday,Light_Load,3.17
543,3,19.87,0.83,0.04,97.47,100,39600,Weekday,Thursday,Maximum_Load,86.62
544,8,6.95,0,0,49.13,100,28800,Weekday,Monday,Light_Load,3.92
545,7,4.39,0,0,59.38,100,2700,Weekday,Wednesday,Light_Load,3.24
546,3,55.94,0,0.06,91.88,100,36000,Weekday,Monday,Medium_Load,130.21
547,7,55.48,0,0.03,78.94,100,48600,Weekday,Monday,Maximum_Load,71.35
548,11,3.24,0.04,0,74.33,99.99,8100,Weekend,Saturday,Light_Load,3.6
549,8,5.15,0,0,56.1,100,81900,Weekday,Thursday,Medium_Load,3.49
550,12,0,12.74,0,100,26.21,44100,Weekend,Sunday,Light_Load,3.46
551,8,0,18,0,100,24.81,36900,Weekend,Saturday,Light_Load,4.61
552,7,3.92,0,0,67.64,100,27900,Weekday,Monday,Light_Load,3.6
553,6,4.18,0,0,56.2,100,85500,Weekday,Wednesday,Light_Load,2.84
554,7,29.38,0,0.03,89.55,100,60300,Weekday,Monday,Maximum_Load,59.11
555,2,0,25.6,0,100,24.29,46800,Weekend,Saturday,Medium_Load,6.41
556,5,38.16,0,0.04,91.5,100,39600,Weekday,Thursday,Maximum_Load,86.54
557,8,4.9,0,0,47.71,100,12600,Weekday,Thursday,Light_Load,2.66
558,9,5.47,0,0,42.39,100,21600,Weekday,Wednesday,Light_Load,2.56
559,1,4.46,0,0,72.1,100,4500,Weekday,Wednesday,Light_Load,4.64
560,11,32.33,0,0.04,94.14,100,70200,Weekday,Monday,Maximum_Load,90.25
561,10,5.4,0,0,45.64,100,29700,Weekend,Sunday,Light_Load,2.77
562,6,38.38,0,0.04,91.34,100,33300,Weekday,Monday,Medium_Load,86.11
563,4,0,24.84,0,100,14.89,71100,Weekday,Monday,Medium_Load,3.74
564,2,0,26.28,0,100,20.77,33300,Weekend,Saturday,Light_Load,5.58
565,6,6.26,0,0,41.8,100,21600,Weekday,Friday,Light_Load,2.88
566,2,11.16,0.68,0.03,98.75,100,74700,Weekday,Thursday,Medium_Load,69.8
567,9,29.48,0,0.02,86.26,100,40500,Weekday,Friday,Maximum_Load,50.26
568,7,4.25,0,0,58.43,100,24300,Weekday,Wednesday,Light_Load,3.06
569,5,0,17.14,0,100,18.35,33300,Weekend,Sunday,Light_Load,3.2
570,6,0,17.39,0,100,20.65,72900,Weekend,Saturday,Light_Load,3.67
571,10,7.63,0,0,41.6,100,6300,Weekend,Saturday,Light_Load,3.49
572,3,0,19.19,0,100,17.35,67500,Weekend,Saturday,Light_Load,3.38
573,10,47.95,0,0.03,82.67,100,51300,Weekday,Tuesday,Maximum_Load,70.45
574,11,27.5,0,0.03,91.11,100,49500,Weekend,Saturday,Medium_Load,60.77
575,3,0.18,5.29,0.01,100,98.58,50400,Weekend,Sunday,Maximum_Load,31
576,4,0,26.1,0,100,20.4,46800,Weekday,Tuesday,Medium_Load,5.44
577,5,4.39,0,0,55.38,100,7200,Weekday,Tuesday,Light_Load,2.92
578,4,3.92,0,0,67.23,100,0,Weekday,Friday,Light_Load,3.56
579,9,0,16.99,0,100,23.3,77400,Weekday,Monday,Medium_Load,4.07
580,4,3.6,0,0,64.76,100,12600,Weekday,Friday,Light_Load,3.06
581,7,0,16.16,0,100,23.4,79200,Weekday,Monday,Medium_Load,3.89
582,10,0,11.16,0,100,29.61,68400,Weekend,Sunday,Light_Load,3.46
583,5,3.49,0,0,71.41,100,84600,Weekday,Monday,Light_Load,3.56
584,9,4.39,0,0,50.37,100,22500,Weekend,Sunday,Light_Load,2.56
585,10,5.36,0,0,55,100,83700,Weekday,Wednesday,Light_Load,3.53
586,2,4.39,0,0,70.14,100,24300,Weekday,Wednesday,Light_Load,4.32
587,9,5.65,0,0,41.67,100,27000,Weekday,Monday,Light_Load,2.59
588,2,3.6,0,0,68.12,100,3600,Weekday,Friday,Light_Load,3.35
589,5,0,16.31,0,100,23.82,72900,Weekend,Sunday,Medium_Load,4
590,3,5.51,0,0,52.74,100,2700,Weekday,Thursday,Light_Load,3.42
591,9,5.62,0,0,44.21,100,11700,Weekday,Monday,Light_Load,2.77
592,4,3.6,0,0,64.27,100,9900,Weekday,Thursday,Light_Load,3.02
593,8,27.76,0,0.03,90.95,100,59400,Weekday,Wednesday,Maximum_Load,60.73
594,1,38.38,0.32,0.03,85.22,100,65700,Weekday,Monday,Maximum_Load,62.5
595,12,25.81,0,0.03,92.56,100,32400,Weekday,Thursday,Light_Load,63.14
596,8,36.25,0,0.03,84.98,100,33300,Weekday,Tuesday,Medium_Load,58.43
597,2,0.22,14.4,0.01,99.99,82,47700,Weekend,Saturday,Medium_Load,20.63
598,4,4.39,0,0,63.83,100,3600,Weekday,Wednesday,Light_Load,3.64
599,8,0,22.64,0,100,24.66,46800,Weekday,Tuesday,Medium_Load,5.76
600,4,30.2,0,0.02,82.27,100,42300,Weekday,Wednesday,Maximum_Load,43.7
601,6,4.68,0,0,52.41,100,11700,Weekday,Monday,Light_Load,2.88
602,8,4.5,0,0,52.01,100,12600,Weekday,Wednesday,Light_Load,2.74
603,3,3.17,0,0,69.92,100,26100,Weekend,Saturday,Light_Load,3.1
604,4,3.85,0,0,62.22,100,17100,Weekday,Monday,Light_Load,3.06
605,12,40.18,0,0.03,83.54,100,30600,Weekday,Monday,Light_Load,61.06
606,10,66.24,0,0.06,89.72,100,59400,Weekday,Monday,Maximum_Load,134.6
607,4,4.46,0,0,62.81,100,83700,Weekday,Wednesday,Light_Load,3.6
608,10,5.18,0,0,46.22,100,0,Weekday,Wednesday,Light_Load,2.7
609,9,5.62,0,0,44.21,100,9000,Weekday,Monday,Light_Load,2.77
610,6,15.84,0,0.02,93.52,100,55800,Weekday,Friday,Maximum_Load,41.83
611,9,6.19,0,0,49.11,100,10800,Weekend,Saturday,Light_Load,3.49
612,5,0,16.96,0,100,26.81,46800,Weekday,Monday,Medium_Load,4.72
613,8,4.28,0,0,51.77,100,8100,Weekday,Tuesday,Light_Load,2.59
614,4,4.39,0,0,54.32,100,13500,Weekday,Monday,Light_Load,2.84
615,7,4.61,0,0,63,100,27900,Weekday,Monday,Light_Load,3.74
616,10,30.89,0,0.02,86.7,100,40500,Weekday,Friday,Maximum_Load,53.75
617,11,5.65,0,0,57,100,6300,Weekday,Thursday,Light_Load,3.92
618,6,5.11,0,0,49.1,100,22500,Weekday,Wednesday,Light_Load,2.88
619,2,0.04,4.36,0.02,100,99.33,76500,Weekday,Friday,Medium_Load,37.51
620,6,3.78,0,0,57.55,100,8100,Weekday,Tuesday,Light_Load,2.66
621,10,34.49,0,0.03,86.23,100,37800,Weekday,Thursday,Maximum_Load,58.72
622,6,3.96,0,0,56.9,100,9000,Weekend,Sunday,Light_Load,2.74
623,3,41.44,0,0.05,92.98,100,35100,Weekday,Friday,Medium_Load,104.72
624,5,6.77,6.26,0.02,98.78,98.95,63900,Weekday,Monday,Medium_Load,42.88
625,5,0,18.65,0,100,18.39,57600,Weekend,Sunday,Light_Load,3.49
626,10,0,15.98,0,100,27.72,45900,Weekday,Monday,Medium_Load,4.61
627,2,4.72,0,0,77.35,100,900,Weekday,Tuesday,Light_Load,5.76
628,1,29.63,0,0.02,80.15,100,24300,Weekday,Tuesday,Light_Load,39.71
629,9,5.36,0,0,43.1,100,900,Weekday,Wednesday,Light_Load,2.56
630,8,5.44,0,0,45.89,100,81900,Weekday,Wednesday,Medium_Load,2.81
631,1,39.6,0,0.04,89.1,100,900,Weekend,Saturday,Light_Load,77.72
632,8,5.08,0,0,46.93,100,5400,Weekday,Friday,Light_Load,2.7
633,5,4.07,0,0,65.84,100,83700,Weekday,Thursday,Light_Load,3.56
634,6,4.9,0,0,51.19,100,1800,Weekday,Thursday,Light_Load,2.92
635,2,69.7,0,0.05,84.26,100,41400,Weekday,Friday,Maximum_Load,109.04
636,3,10.15,1.08,0.03,98.92,99.99,57600,Weekday,Thursday,Maximum_Load,68.54
637,7,25.85,0,0.03,91.21,100,51300,Weekday,Wednesday,Maximum_Load,57.53
638,6,0,16.42,0,100,25.66,45000,Weekday,Friday,Medium_Load,4.36
639,2,26.1,0,0.04,95.53,100,80100,Weekday,Monday,Maximum_Load,84.35
640,3,12.89,0.72,0.02,94.29,99.98,65700,Weekday,Tuesday,Medium_Load,36.5
641,11,36.14,0,0.03,88.03,100,37800,Weekday,Thursday,Maximum_Load,67.07
642,9,44.96,0,0.03,81.92,100,48600,Weekday,Wednesday,Maximum_Load,64.22
643,6,26.71,0,0.03,90.24,100,54000,Weekday,Friday,Maximum_Load,55.94
644,3,3.82,0,0,69.67,100,5400,Weekday,Thursday,Light_Load,3.71
645,6,35.32,0,0.03,84.92,100,32400,Weekday,Friday,Light_Load,56.81
646,5,4.18,0,0,63.76,100,20700,Weekend,Sunday,Light_Load,3.46
647,3,56.56,0,0.03,76.12,100,31500,Weekday,Tuesday,Light_Load,66.38
648,11,7.63,0,0,54.04,100,6300,Weekend,Saturday,Light_Load,4.9
649,11,4.72,0,0,53.51,100,13500,Weekday,Wednesday,Light_Load,2.99
650,9,4.68,0,0,53.84,100,27000,Weekday,Friday,Light_Load,2.99
651,8,3.13,0.61,0.01,99.46,99.98,63900,Weekday,Friday,Medium_Load,30.06
652,12,3.74,0,0,72.09,100,900,Weekday,Wednesday,Light_Load,3.89
653,9,4.64,0,0,47.73,100,21600,Weekend,Sunday,Light_Load,2.52
654,11,0,20.92,0,100,25.17,57600,Weekend,Saturday,Light_Load,5.44
655,10,55.33,0,0.03,80.55,100,68400,Weekday,Thursday,Medium_Load,75.2
656,11,4.43,0,0,56.33,100,18900,Weekday,Wednesday,Light_Load,3.02
657,1,41.72,0,0.05,94.28,100,51300,Weekday,Thursday,Medium_Load,117.97
658,3,43.06,0,0.03,81.49,100,29700,Weekday,Friday,Light_Load,60.55
659,7,8.53,0.47,0.02,97.45,99.99,51300,Weekend,Saturday,Maximum_Load,37.01
660,1,0,26.46,0,100,18.57,73800,Weekend,Sunday,Light_Load,5
661,5,6.7,0,0,68.9,100,28800,Weekday,Thursday,Light_Load,6.37
662,7,18.58,0,0.03,96.67,100,62100,Weekday,Thursday,Medium_Load,70.2
663,8,0,8.71,0,100,42.33,44100,Weekday,Friday,Medium_Load,4.07
664,8,8.28,2.3,0.02,97.21,99.78,63900,Weekday,Monday,Medium_Load,34.31
665,6,25.74,0,0.03,91.24,100,37800,Weekday,Monday,Maximum_Load,57.38
666,1,25.49,0,0,95,100,39600,Weekday,Tuesday,Maximum_Load,77.58
667,7,4.07,0,0,55.28,100,6300,Weekday,Tuesday,Light_Load,2.7
668,11,4.93,0,0,52.24,100,23400,Weekday,Thursday,Light_Load,3.02
669,1,24.34,4.25,0.04,95.29,99.85,47700,Weekday,Wednesday,Medium_Load,76.46
670,2,3.56,0,0,66.03,100,81900,Weekday,Friday,Light_Load,3.13
671,5,3.71,0,0,68.93,100,8100,Weekday,Tuesday,Light_Load,3.53
672,1,0,17.21,0,100,24.93,45900,Weekend,Sunday,Medium_Load,4.43
673,7,77.58,0,0.05,79.1,100,42300,Weekday,Thursday,Maximum_Load,100.3
674,7,4.39,0,0,54.32,100,21600,Weekday,Monday,Light_Load,2.84
675,8,4.32,0,0,52,100,5400,Weekend,Saturday,Light_Load,2.63
676,10,50,0,0.04,88.76,100,50400,Weekday,Wednesday,Maximum_Load,96.37
677,5,4.18,0,0,65.98,100,3600,Weekday,Friday,Light_Load,3.67
678,4,20.41,0,0.02,93.48,100,38700,Weekday,Wednesday,Maximum_Load,53.71
679,4,21.24,0,0.03,93.91,100,36900,Weekday,Thursday,Maximum_Load,58.03
680,10,0,13.39,0,100,24.47,47700,Weekend,Sunday,Light_Load,3.38
681,12,0,21.31,0,100,23.96,77400,Weekday,Friday,Medium_Load,5.26
682,1,28.58,0,0.02,80.62,100,19800,Weekday,Wednesday,Light_Load,38.95
683,1,22.54,0,0.03,93.55,100,74700,Weekday,Monday,Medium_Load,59.69
684,7,12.06,0.07,0.02,96.95,100,36000,Weekday,Wednesday,Medium_Load,47.74
685,7,22.14,0,0.03,93.87,100,63000,Weekday,Wednesday,Medium_Load,60.3
686,6,5.36,0,0,47.84,100,11700,Weekday,Friday,Light_Load,2.92
687,3,2.66,0,0,73.93,100,81900,Weekend,Saturday,Medium_Load,2.92
688,1,4,0,0,75.25,100,82800,Weekend,Sunday,Maximum_Load,4.57
689,10,7.42,0,0,44.04,100,8100,Weekday,Friday,Light_Load,3.64
690,8,3.67,0,0,57.66,100,84600,Weekday,Monday,Light_Load,2.59
691,6,5.08,0,0,57.82,100,82800,Weekday,Tuesday,Medium_Load,3.6
692,4,4.75,0,0,59.97,100,1800,Weekend,Sunday,Light_Load,3.56
693,1,28.51,0,0.03,93.23,100,36900,Weekday,Thursday,Maximum_Load,73.51
694,9,39.24,0,0.03,83.61,100,51300,Weekday,Thursday,Maximum_Load,59.8
695,9,2.05,1.26,0.01,99.69,99.88,41400,Weekend,Sunday,Maximum_Load,25.78
696,10,0,11.34,0,100,25.73,51300,Weekend,Sunday,Light_Load,3.02
697,10,6.08,0,0,43.29,100,9000,Weekend,Saturday,Light_Load,2.92
698,1,0,24.41,0,100,16.56,78300,Weekend,Saturday,Light_Load,4.1
699,6,0,16.85,0,100,19.67,59400,Weekend,Sunday,Light_Load,3.38
700,12,3.89,0,0,72.54,100,27000,Weekend,Saturday,Light_Load,4.1
701,6,33.62,0,0.02,84.12,100,67500,Weekday,Friday,Medium_Load,52.31
702,3,3.06,0,0,74.13,100,4500,Weekend,Saturday,Light_Load,3.38
703,7,24.84,0,0.04,96.69,100,53100,Weekend,Saturday,Maximum_Load,94.18
704,5,54.07,0,0.05,91.13,100,56700,Weekday,Thursday,Maximum_Load,119.66
705,5,4.32,0,0,56.39,100,20700,Weekend,Sunday,Light_Load,2.95
706,12,6.91,0,0.02,98.36,100,53100,Weekend,Saturday,Medium_Load,37.73
707,6,6.48,0,0,41.9,100,21600,Weekend,Sunday,Light_Load,2.99
708,1,29.7,0,0.02,79.92,100,0,Weekday,Monday,Light_Load,39.49
709,5,0,17.14,0,100,17.96,55800,Weekend,Saturday,Light_Load,3.13
710,2,15.91,0,0.02,95.88,100,72000,Weekday,Tuesday,Maximum_Load,53.68
711,2,6.19,0,0,65.46,100,81900,Weekday,Wednesday,Maximum_Load,5.36
712,10,5.65,0,0,48.1,100,900,Weekday,Thursday,Light_Load,3.1
713,2,1.26,0.97,0.02,99.95,99.97,53100,Weekend,Saturday,Medium_Load,38.12
714,10,0,7.09,0,100,34.31,66600,Weekend,Sunday,Light_Load,2.59
715,1,33.44,0,0.05,94.86,100,53100,Weekday,Friday,Medium_Load,100.26
716,8,0,13.79,0,100,19.97,77400,Weekend,Sunday,Light_Load,2.81
717,11,28.33,0,0.04,93.89,100,55800,Weekday,Tuesday,Medium_Load,77.29
718,11,6.8,0,0,49.66,100,81900,Weekend,Saturday,Maximum_Load,3.89
719,10,5.47,0,0,63.53,100,27900,Weekday,Tuesday,Light_Load,4.5
720,6,3.89,0,0,67.51,100,84600,Weekday,Thursday,Light_Load,3.56
721,4,0.65,13.72,0.01,99.95,83.3,75600,Weekday,Thursday,Medium_Load,20.66
722,6,3.67,0,0,57.66,100,20700,Weekend,Sunday,Light_Load,2.59
723,9,11.05,0,0.01,91.81,100,44100,Weekend,Saturday,Medium_Load,25.6
724,2,4.72,0,0,66.3,100,26100,Weekday,Friday,Light_Load,4.18
725,8,0,15.01,0,100,22.22,79200,Weekday,Thursday,Light_Load,3.42
726,1,56.84,0,0.06,91.21,100,56700,Weekday,Monday,Medium_Load,126.43
727,6,19.37,0,0.02,92.22,100,58500,Weekday,Wednesday,Maximum_Load,46.19
728,1,3.2,0,0,77.23,100,17100,Weekday,Monday,Light_Load,3.89
729,6,34.13,0,0.02,84.75,100,72900,Weekday,Thursday,Medium_Load,54.5
730,1,0,26.64,0,100,19.09,77400,Weekday,Thursday,Medium_Load,5.18
731,12,36.86,0,0.03,87.98,100,52200,Weekday,Thursday,Medium_Load,68.22
732,12,18.58,1.37,0.03,95.36,99.97,47700,Weekday,Wednesday,Medium_Load,58.86
733,1,11.88,0.94,0.02,95.89,99.97,80100,Weekend,Saturday,Maximum_Load,40.14
734,12,0,17.32,0,100,20.73,38700,Weekday,Monday,Light_Load,3.67
735,12,3.2,0.22,0,79.12,99.86,0,Weekday,Tuesday,Light_Load,4.14
736,9,0,17.86,0,100,19.02,63000,Weekend,Saturday,Medium_Load,3.46
737,5,0,16.96,0,100,18.37,60300,Weekend,Sunday,Light_Load,3.17
738,3,0,26.39,0,100,20.69,46800,Weekday,Tuesday,Medium_Load,5.58
739,7,0,4.75,0,100,51.32,81900,Weekday,Wednesday,Medium_Load,2.84
740,6,5.54,0,0,55.64,100,82800,Weekday,Monday,Medium_Load,3.71
741,12,22.75,0,0.03,93.73,100,72000,Weekday,Thursday,Maximum_Load,61.16
742,6,0,22.46,0,100,16.43,75600,Weekday,Wednesday,Medium_Load,3.74
743,8,4.86,0,0,48.01,100,26100,Weekend,Sunday,Light_Load,2.66
744,9,5.72,0,0,41.25,100,6300,Weekday,Tuesday,Light_Load,2.59
745,1,70.45,0,0.07,90.85,100,49500,Weekday,Monday,Medium_Load,153.14
746,5,4.75,0,0,57.63,100,15300,Weekday,Wednesday,Light_Load,3.35
747,1,0,10.26,0.01,100,93.94,52200,Weekend,Sunday,Medium_Load,28.12
748,11,4.72,0,0,53,100,11700,Weekday,Monday,Light_Load,2.95
749,4,3.67,0,0,64.53,100,21600,Weekend,Sunday,Light_Load,3.1
750,7,5,0,0,51.32,100,25200,Weekday,Thursday,Light_Load,2.99
751,3,4.68,0,0,72.03,100,81900,Weekday,Tuesday,Medium_Load,4.86
752,5,40.64,0,0.04,88.36,100,59400,Weekday,Wednesday,Maximum_Load,76.68
753,7,3.74,0,0,56.93,100,0,Weekday,Friday,Light_Load,2.59
754,8,44.28,0,0.04,87.38,100,52200,Weekday,Wednesday,Maximum_Load,79.56
755,12,13.21,0,0.02,96.42,100,54000,Weekday,Friday,Medium_Load,48.02
756,5,3.53,0,0,65.01,100,9900,Weekday,Thursday,Light_Load,3.02
757,7,4.03,0,0,64.7,100,0,Weekday,Tuesday,Light_Load,3.42
758,10,37.73,0,0.04,90.6,100,36900,Weekday,Wednesday,Maximum_Load,80.78
759,6,0,16.74,0,100,17.75,45000,Weekend,Sunday,Light_Load,3.02
760,11,48.46,0,0.04,88.18,100,32400,Weekday,Monday,Light_Load,90.61
761,7,25.02,0,0.03,91.74,100,49500,Weekday,Tuesday,Maximum_Load,57.67
762,8,6.62,5.15,0.01,97.1,98.21,47700,Weekend,Saturday,Maximum_Load,26.89
763,1,4.39,0,0,72.42,100,82800,Weekend,Saturday,Maximum_Load,4.61
764,9,0,11.59,0,100,23.8,36900,Weekend,Sunday,Light_Load,2.84
765,5,0,21.89,0,100,16.71,36000,Weekend,Sunday,Light_Load,3.71
766,10,4.93,0,0,46.08,100,5400,Weekday,Monday,Light_Load,2.56
767,4,17.42,0,0.02,94.04,100,54900,Weekday,Tuesday,Maximum_Load,48.17
768,1,0,26.39,0,100,16.56,34200,Weekend,Saturday,Light_Load,4.43
769,8,5.22,0,0,46.87,100,14400,Weekday,Thursday,Light_Load,2.77
770,11,28.55,0,0.03,90.16,100,53100,Weekday,Thursday,Medium_Load,59.51
771,1,46.33,0,0.04,89.88,100,85500,Weekday,Wednesday,Light_Load,95
772,11,70.06,0,0.06,88.37,100,56700,Weekend,Saturday,Medium_Load,132.3
773,1,0.79,1.73,0.02,99.98,99.91,72900,Weekday,Wednesday,Medium_Load,39.78
774,4,12.1,0.11,0.02,97.5,100,67500,Weekday,Friday,Medium_Load,53.06
775,7,1.51,5.47,0,92.62,56.13,80100,Weekday,Thursday,Medium_Load,3.71
776,2,7.92,0.04,0.02,98.66,100,71100,Weekday,Wednesday,Maximum_Load,47.88
777,8,18.72,0,0.02,92.43,100,51300,Weekday,Monday,Maximum_Load,45.32
778,7,3.89,0,0,58.97,100,13500,Weekday,Wednesday,Light_Load,2.84
779,4,39.02,0,0.05,92.95,100,51300,Weekday,Friday,Maximum_Load,98.35
780,3,3.53,0,0,65.5,100,81000,Weekend,Saturday,Medium_Load,3.06
781,6,0.4,2.38,0.01,99.99,99.63,36000,Weekend,Saturday,Medium_Load,27.68
782,10,5.94,0,0,43.13,100,4500,Weekend,Saturday,Light_Load,2.84
783,11,5.54,0,0,48.83,100,4500,Weekday,Friday,Light_Load,3.1
784,9,6.88,0,0,52.82,100,82800,Weekday,Thursday,Medium_Load,4.28
785,3,0,18.32,0,100,18.71,79200,Weekday,Thursday,Medium_Load,3.49
786,12,3.49,0.04,0,78.75,100,18000,Weekday,Friday,Light_Load,4.46
787,1,16.42,0,0.03,95.93,100,54000,Weekday,Wednesday,Medium_Load,55.8
788,6,5,0,0,58.86,100,7200,Weekday,Wednesday,Light_Load,3.64
789,8,5.98,0,0,46.84,100,14400,Weekday,Wednesday,Light_Load,3.17
790,5,4.46,0,0,56.57,100,23400,Weekday,Friday,Light_Load,3.06
791,5,5.87,0,0,46.23,100,21600,Weekend,Sunday,Light_Load,3.06
792,6,34.92,0,0.03,87.31,100,73800,Weekday,Monday,Medium_Load,62.53
793,1,5.83,0,0,62.27,100,12600,Weekday,Tuesday,Light_Load,4.64
794,3,3.53,0,0,65.5,100,9900,Weekend,Sunday,Light_Load,3.06
795,5,4.36,0,0,52.65,100,85500,Weekend,Saturday,Light_Load,2.7
796,4,4.1,0,0,63.61,100,22500,Weekend,Saturday,Light_Load,3.38
797,5,0,23.58,0,100,16.56,71100,Weekday,Thursday,Medium_Load,3.96
798,4,33.05,0,0.04,92.26,100,38700,Weekday,Wednesday,Maximum_Load,79.02
799,4,0,18.76,0.01,100,65.45,73800,Weekday,Friday,Medium_Load,16.24
800,1,6.37,0,0,60.34,100,81000,Weekday,Thursday,Maximum_Load,4.82
801,5,3.67,0,0,69.63,100,0,Weekday,Friday,Light_Load,3.56
802,7,7.02,0.9,0.02,98.21,99.97,56700,Weekend,Saturday,Maximum_Load,36.65
803,7,27,0,0.02,84.5,100,66600,Weekday,Monday,Medium_Load,42.66
804,4,0,25.24,0,100,16.34,79200,Weekday,Tuesday,Medium_Load,4.18
805,11,5.36,0,0,49.58,100,20700,Weekday,Friday,Light_Load,3.06
806,8,4.82,0,0,47.9,100,16200,Weekday,Monday,Light_Load,2.63
807,7,8.17,0,0.02,98.21,100,51300,Weekday,Thursday,Maximum_Load,42.55
808,5,3.71,0,0,70.33,100,27900,Weekday,Thursday,Light_Load,3.67
809,11,25.38,0,0.03,91.83,100,32400,Weekday,Monday,Light_Load,58.86
810,6,29.23,0,0.03,89.47,100,59400,Weekday,Thursday,Maximum_Load,58.54
811,10,6.59,0,0,46.49,100,0,Weekday,Tuesday,Light_Load,3.46
812,9,8.96,0,0,45.99,100,83700,Weekday,Thursday,Light_Load,4.64
813,9,5.18,0,0,48.59,100,21600,Weekday,Friday,Light_Load,2.88
814,2,5.29,0,0,56.26,100,19800,Weekday,Thursday,Light_Load,3.6
815,1,0,23.8,0,100,17.42,58500,Weekend,Sunday,Light_Load,4.21
816,3,45.65,0,0.03,79.64,100,43200,Weekday,Monday,Maximum_Load,60.12
817,1,30.24,0,0.02,79.79,100,9900,Weekend,Sunday,Light_Load,40.03
818,1,3.96,0,0,67.97,100,21600,Weekday,Tuesday,Light_Load,3.67
819,5,0,16.92,0,100,18.02,38700,Weekday,Tuesday,Light_Load,3.1
820,3,42.95,0,0.03,78.66,100,29700,Weekday,Wednesday,Light_Load,54.72
821,10,36.47,0,0.04,92.31,100,62100,Weekday,Monday,Medium_Load,87.52
822,8,4.86,0,0,49.11,100,0,Weekday,Thursday,Light_Load,2.74
823,3,4.14,0,0,60.31,100,10800,Weekday,Friday,Light_Load,3.13
824,9,0,11.2,0,100,25.79,74700,Weekend,Saturday,Medium_Load,2.99
825,10,28.15,0,0.02,87.7,100,60300,Weekday,Monday,Maximum_Load,51.37
826,1,60.01,0,0.06,92.08,100,71100,Weekday,Thursday,Maximum_Load,141.66
827,6,0,17.14,0,100,17.19,71100,Weekend,Sunday,Light_Load,2.99
828,3,3.96,0,0,61.14,100,8100,Weekend,Sunday,Light_Load,3.06
829,6,27.14,0,0.02,88.41,100,67500,Weekday,Friday,Medium_Load,51.34
830,10,6.37,0,0,49.2,100,1800,Weekday,Tuesday,Light_Load,3.6
831,6,59.11,0,0.06,90.3,100,70200,Weekday,Tuesday,Medium_Load,124.27
832,10,0,10.58,0,100,28.7,36000,Weekend,Sunday,Light_Load,3.17
833,7,4.61,0,0,55.3,100,26100,Weekday,Thursday,Light_Load,3.06
834,9,0,11.88,0,100,22.47,49500,Weekend,Sunday,Light_Load,2.74
835,3,25.99,0,0.03,94.31,100,56700,Weekday,Tuesday,Maximum_Load,73.69
836,11,4.1,0,0,62.82,100,26100,Weekday,Monday,Light_Load,3.31
837,9,0,6.44,0,100,46.15,65700,Weekend,Saturday,Medium_Load,3.35
838,9,10.58,0,0.01,94.99,100,72000,Weekday,Tuesday,Medium_Load,32.15
839,11,13.43,0,0.02,96.47,100,73800,Weekday,Tuesday,Medium_Load,49.21
840,6,65.66,0,0.04,81.52,100,31500,Weekday,Monday,Light_Load,92.41
841,5,73.3,0,0.05,83.24,100,40500,Weekday,Wednesday,Maximum_Load,110.09
842,1,58.9,0,0.04,84.89,100,29700,Weekday,Wednesday,Light_Load,94.61
843,3,59.51,0,0.04,82.63,100,30600,Weekday,Monday,Light_Load,87.3
844,2,5.65,0,0,72.46,100,17100,Weekday,Tuesday,Light_Load,5.94
845,7,16.81,0,0.01,74.48,100,28800,Weekend,Sunday,Light_Load,18.76
846,1,0,26.21,0,100,29.89,45000,Weekday,Wednesday,Medium_Load,8.21
847,10,4.43,0,0,51.05,100,2700,Weekday,Tuesday,Light_Load,2.63
848,3,20.59,0,0.03,96.11,100,71100,Weekday,Monday,Medium_Load,71.64
849,11,43.06,0,0.03,84.79,100,48600,Weekday,Monday,Medium_Load,68.87
850,12,19.22,0,0.02,93.81,100,36900,Weekday,Wednesday,Maximum_Load,52.06
851,5,5.18,0,0,51.35,100,5400,Weekend,Saturday,Light_Load,3.1
852,1,25.09,0,0.03,93,100,67500,Weekday,Tuesday,Maximum_Load,63.5
853,2,5.29,0,0,58.14,100,26100,Weekend,Saturday,Light_Load,3.78
854,6,23.94,0,0.02,90.88,100,59400,Weekday,Wednesday,Maximum_Load,52.16
855,9,4.5,0,0,48.86,100,4500,Weekend,Saturday,Light_Load,2.52
856,10,4.72,0,0,52.61,100,19800,Weekday,Wednesday,Light_Load,2.92
857,7,5.18,0,0,46.76,100,25200,Weekday,Friday,Light_Load,2.74
858,3,0,23.29,0,100,18.07,78300,Weekday,Thursday,Medium_Load,4.28
859,4,4.39,0,0,54.85,100,11700,Weekday,Monday,Light_Load,2.88
860,5,0,25.74,0,100,14.68,76500,Weekend,Saturday,Medium_Load,3.82
861,4,20.27,0,0.03,95.1,100,48600,Weekday,Friday,Maximum_Load,62.35
862,10,0,11.74,0,100,23.51,71100,Weekend,Sunday,Light_Load,2.84
863,8,0,13.32,0,100,22.11,77400,Weekday,Wednesday,Medium_Load,3.02
864,1,42.84,0,0.05,92.8,100,72000,Weekday,Friday,Maximum_Load,106.74
865,4,8.64,0,0.02,97.75,100,62100,Weekday,Friday,Medium_Load,40.03
866,11,0,17.86,0,100,31.37,45000,Weekday,Tuesday,Medium_Load,5.9
867,5,4.72,0,0,62.91,100,0,Weekday,Tuesday,Light_Load,3.82
868,11,69.55,0,0.05,83.73,100,30600,Weekday,Thursday,Light_Load,106.49
869,12,3.1,0.14,0,76.74,99.93,84600,Weekend,Saturday,Light_Load,3.71
870,8,0,21.89,0,100,15.13,52200,Weekend,Saturday,Light_Load,3.35
871,7,0,3.89,0,100,67.92,81900,Weekday,Friday,Medium_Load,3.6
872,12,2.52,0,0,81.07,100,7200,Weekday,Monday,Light_Load,3.49
873,12,13.18,0.32,0.01,85.67,99.99,29700,Weekday,Monday,Light_Load,21.89
874,8,4.5,0,0,52.42,100,81900,Weekday,Monday,Medium_Load,2.77
875,8,0,8.17,0,100,30.22,40500,Weekday,Wednesday,Light_Load,2.59
876,10,0.22,11.88,0,99.98,65.76,56700,Weekend,Sunday,Light_Load,10.37
877,6,0,16.78,0,100,21.59,45000,Weekday,Monday,Medium_Load,3.71
878,1,22.93,0,0.04,95.93,100,54900,Weekday,Friday,Medium_Load,77.87
879,7,5.08,0,0,47.87,100,81000,Weekend,Sunday,Medium_Load,2.77
880,9,5.47,0,0,43.73,100,1800,Weekday,Wednesday,Light_Load,2.66
881,9,46.69,0,0.04,88.93,100,51300,Weekday,Tuesday,Maximum_Load,90.79
882,11,13.1,0,0.02,95.97,100,54000,Weekday,Friday,Medium_Load,44.71
883,6,22.54,0,0.02,89.48,100,37800,Weekday,Friday,Maximum_Load,45.18
884,6,4.57,0,0,51.83,100,15300,Weekday,Tuesday,Light_Load,2.77
885,8,37.01,0,0.04,90.8,100,36000,Weekday,Thursday,Medium_Load,80.21
886,8,38.41,0,0.04,91.93,100,59400,Weekend,Saturday,Maximum_Load,89.71
887,6,0,16.92,0,100,17.4,63000,Weekend,Sunday,Light_Load,2.99
888,3,3.06,0,0,70.24,100,19800,Weekend,Sunday,Light_Load,3.02
889,4,0,17.1,0,100,22.94,46800,Weekend,Sunday,Medium_Load,4.03
890,4,3.42,0,0,72.11,100,1800,Weekday,Friday,Light_Load,3.56
891,2,1.33,1.08,0.02,99.95,99.97,75600,Weekday,Wednesday,Medium_Load,41.26
892,3,12.42,0,0.02,97.03,100,74700,Weekday,Monday,Medium_Load,49.79
893,5,21.02,0,0.02,92.95,100,58500,Weekday,Thursday,Maximum_Load,52.99
894,2,0.43,1.94,0.02,99.99,99.89,76500,Weekday,Tuesday,Medium_Load,41.11
895,10,6.55,0,0,48.17,100,85500,Weekday,Thursday,Light_Load,3.6
896,10,0,17.14,0,100,28.93,45000,Weekday,Friday,Medium_Load,5.18
897,12,2.56,0.4,0,83.07,99.46,8100,Weekday,Friday,Light_Load,3.82
898,10,4.9,0,0,48.81,100,83700,Weekend,Sunday,Light_Load,2.74
899,7,27.54,0,0.02,88.86,100,34200,Weekday,Wednesday,Medium_Load,53.35
900,8,0.54,4.97,0.01,99.98,98.65,63900,Weekday,Tuesday,Medium_Load,29.92
901,8,17.17,0.04,0.02,93.57,100,63000,Weekday,Friday,Medium_Load,45.54
902,11,4.54,0,0,54.49,100,3600,Weekday,Monday,Light_Load,2.95
903,9,5.22,0,0,51.06,100,2700,Weekend,Saturday,Light_Load,3.1
904,5,43.02,0,0.05,92.38,100,61200,Weekday,Monday,Maximum_Load,103.79
905,12,2.16,0.11,0,81.34,99.93,1800,Weekday,Monday,Light_Load,3.02
906,10,6.8,0,0,47.19,100,83700,Weekday,Monday,Light_Load,3.64
907,12,2.41,0,0,80.84,100,22500,Weekend,Sunday,Light_Load,3.31
908,9,5.04,0,0,47.22,100,16200,Weekday,Wednesday,Light_Load,2.7
909,7,4.57,0,0,55.13,100,8100,Weekday,Wednesday,Light_Load,3.02
910,4,3.71,0,0,63.63,100,23400,Weekend,Sunday,Light_Load,3.06
911,7,37.76,0,0.03,88.43,100,51300,Weekend,Saturday,Maximum_Load,71.53
912,5,12.06,0.04,0.02,96.89,100,63000,Weekday,Tuesday,Medium_Load,47.23
913,10,5,0,0,48.06,100,0,Weekend,Sunday,Light_Load,2.74
914,4,3.38,0,0,71.53,100,82800,Weekday,Friday,Medium_Load,3.46
915,10,6.34,0,0,51.61,100,84600,Weekday,Thursday,Light_Load,3.82
916,8,6.16,0,0,41.87,100,29700,Weekday,Friday,Light_Load,2.84
917,3,5.65,0,0,66.86,100,0,Weekday,Thursday,Light_Load,5.08
918,1,4.39,0,0,72.42,100,8100,Weekday,Wednesday,Light_Load,4.61
919,4,5.36,0,0,51.26,100,24300,Weekend,Saturday,Light_Load,3.2
920,5,5.22,0,0,60.05,100,9000,Weekday,Wednesday,Light_Load,3.92
921,4,4.07,0,0,64.77,100,81000,Weekday,Monday,Medium_Load,3.46
922,7,51.23,0,0.02,69.52,100,30600,Weekday,Tuesday,Light_Load,49.54
923,6,5.54,0,0,47,100,81000,Weekend,Saturday,Light_Load,2.95
924,4,3.28,0,0,66.49,100,11700,Weekend,Saturday,Light_Load,2.92
925,3,3.78,0,0,65.54,100,23400,Weekday,Wednesday,Light_Load,3.28
926,8,0,16.24,0,100,18.52,50400,Weekend,Sunday,Light_Load,3.06
927,12,41.15,0,0.02,79.18,100,30600,Weekday,Monday,Light_Load,53.35
928,10,39.89,0,0.04,90.23,100,54000,Weekday,Monday,Maximum_Load,83.48
929,9,6.08,0,0,50.21,100,24300,Weekend,Saturday,Light_Load,3.53
930,11,35.78,0,0.03,87.35,100,41400,Weekday,Friday,Maximum_Load,64.19
931,10,0,14.4,0,100,20.79,72000,Weekend,Sunday,Light_Load,3.06
932,11,0,18.76,0,100,21,60300,Weekend,Sunday,Light_Load,4.03
933,12,0,14,0,100,25.16,48600,Weekend,Sunday,Light_Load,3.64
934,3,4.18,0,0,65.26,100,8100,Weekday,Wednesday,Light_Load,3.6
935,8,1.08,3.17,0,94.05,68.62,80100,Weekend,Sunday,Medium_Load,2.99
936,8,56.52,0,0.05,89.99,100,35100,Weekday,Thursday,Medium_Load,116.6
937,9,7.49,0,0,45.72,100,22500,Weekday,Friday,Light_Load,3.85
938,6,5.22,0,0,47.79,100,6300,Weekday,Monday,Light_Load,2.84
939,7,0,3.92,0,100,60.13,2700,Weekday,Tuesday,Light_Load,2.95
940,12,2.7,0.29,0,82.15,99.72,18900,Weekday,Friday,Light_Load,3.89
941,5,42.55,0,0.03,85.85,100,37800,Weekday,Thursday,Maximum_Load,71.24
942,9,21.67,0,0.02,91.93,100,55800,Weekend,Saturday,Maximum_Load,50.62
943,2,0.9,2.41,0.02,99.97,99.8,56700,Weekend,Saturday,Medium_Load,38.23
944,3,4.14,0,0,64.88,100,3600,Weekday,Friday,Light_Load,3.53
945,5,4.07,0,0,66.97,100,20700,Weekday,Thursday,Light_Load,3.67
946,6,5.9,0,0,51.34,100,17100,Weekday,Tuesday,Light_Load,3.53
947,11,2.41,0.07,0,88.74,99.99,1800,Weekday,Friday,Light_Load,4.64
948,3,36.07,0,0.03,90.04,100,54900,Weekday,Tuesday,Maximum_Load,74.63
949,5,0,25.13,0,100,14.72,75600,Weekend,Saturday,Medium_Load,3.74
950,4,5.29,0,0,59.24,100,4500,Weekday,Friday,Light_Load,3.89
951,10,4.82,0,0,48.32,100,16200,Weekend,Sunday,Light_Load,2.66
952,9,5.87,0,0,45.75,100,9000,Weekend,Saturday,Light_Load,3.02
953,4,9.04,0,0.02,98.3,100,36900,Weekday,Tuesday,Maximum_Load,48.35
954,6,22.18,0,0.02,91.95,100,62100,Weekday,Friday,Medium_Load,51.88
955,1,1.98,15.08,0,92.72,30.9,80100,Weekday,Wednesday,Maximum_Load,4.9
956,3,0,17.71,0,100,18,56700,Weekend,Sunday,Light_Load,3.24
957,8,33.8,0,0.02,80,100,42300,Weekday,Friday,Maximum_Load,45.07
958,4,4.18,0,0,60.43,100,1800,Weekend,Sunday,Light_Load,3.17
959,6,5.26,0,0,48.92,100,10800,Weekend,Saturday,Light_Load,2.95
960,11,0,11.45,0,100,37.07,45000,Weekend,Saturday,Medium_Load,4.57
961,5,0,16.27,0,100,19.53,45900,Weekday,Tuesday,Light_Load,3.24
962,3,5.44,0,0,60.19,100,21600,Weekday,Thursday,Light_Load,4.1
963,6,5.44,0,0,47.67,100,26100,Weekday,Monday,Light_Load,2.95
964,3,4.79,0,0,60.82,100,14400,Weekday,Thursday,Light_Load,3.67
965,6,5.11,0,0,54.37,100,13500,Weekday,Monday,Light_Load,3.31
966,8,63.22,0,0.05,84.81,100,38700,Weekday,Monday,Maximum_Load,101.2
967,2,4.39,0,0,71.27,100,24300,Weekday,Monday,Light_Load,4.46
968,4,4.46,0,0,60.85,100,7200,Weekday,Tuesday,Light_Load,3.42
969,6,6.26,0,0,42.63,100,22500,Weekday,Friday,Light_Load,2.95
970,10,5.04,0,0,45.29,100,8100,Weekday,Monday,Light_Load,2.56
971,11,3.64,0.04,0,78.68,100,84600,Weekday,Monday,Light_Load,4.64
972,4,52.81,0,0.05,91.45,100,70200,Weekday,Thursday,Medium_Load,119.34
973,4,4.18,0,0,59.07,100,23400,Weekday,Monday,Light_Load,3.06
974,5,0,16.78,0,100,19.18,54900,Weekend,Sunday,Light_Load,3.28
975,11,4.5,0,0,53.37,100,18900,Weekend,Sunday,Light_Load,2.84
976,6,4.57,0,0,57.36,100,25200,Weekend,Saturday,Light_Load,3.2
977,5,5.15,0,0,53.25,100,15300,Weekday,Wednesday,Light_Load,3.24
978,3,69.26,0,0.05,86.36,100,30600,Weekday,Friday,Light_Load,118.66
979,9,37.94,0,0.03,82.51,100,37800,Weekday,Wednesday,Maximum_Load,55.4
980,1,0,10.8,0.01,100,93.24,39600,Weekend,Sunday,Maximum_Load,27.86
981,6,0,23.51,0,100,20.52,45900,Weekday,Monday,Medium_Load,4.93
982,10,0.76,2.09,0.01,99.95,99.63,46800,Weekend,Saturday,Medium_Load,24.23
983,2,4.64,0,0,69.62,100,20700,Weekday,Monday,Light_Load,4.5
984,1,5.54,0,0,63.96,100,8100,Weekday,Tuesday,Light_Load,4.61
985,4,11.7,0.18,0.02,97.46,100,37800,Weekday,Friday,Maximum_Load,50.87
986,5,15.7,0,0.02,94.47,100,72900,Weekday,Wednesday,Medium_Load,45.22
987,10,0,12.46,0,100,28.25,44100,Weekday,Tuesday,Medium_Load,3.67
988,4,4.1,0.61,0.03,99.86,100,48600,Weekend,Saturday,Maximum_Load,76.28
989,3,4.5,0,0,64.72,100,2700,Weekday,Wednesday,Light_Load,3.82
990,4,19.3,0,0.01,73.84,100,29700,Weekend,Sunday,Light_Load,21.13
991,12,2.74,0.36,0,81.47,99.57,900,Weekday,Tuesday,Light_Load,3.85
992,9,5.76,0,0,45.58,100,11700,Weekday,Thursday,Light_Load,2.95
993,5,0,16.92,0,100,18.19,47700,Weekend,Sunday,Light_Load,3.13
994,12,4.1,0,0,66.39,100,11700,Weekday,Tuesday,Light_Load,3.64
995,11,0,20.84,0,100,28.64,77400,Weekday,Monday,Medium_Load,6.23
996,2,5.29,0,0,62,100,27000,Weekday,Wednesday,Light_Load,4.18
997,10,0,15.59,0,100,19.68,51300,Weekend,Sunday,Light_Load,3.13
998,9,13,0,0.02,94.9,100,41400,Weekday,Monday,Maximum_Load,39.13
999,4,4.1,0,0,65.56,100,12600,Weekday,Tuesday,Light_Load,3.56
1000,7,20.92,0,0.02,92.18,100,60300,Weekday,Monday,Maximum_Load,49.75
1001,5,3.89,0,0,61.32,100,10800,Weekend,Saturday,Light_Load,3.02
1002,3,3.42,0,0,67.16,100,19800,Weekday,Monday,Light_Load,3.1
1003,4,3.53,0,0,64.63,100,0,Weekend,Sunday,Light_Load,2.99
1004,5,28.12,0,0.02,88.29,100,54000,Weekday,Monday,Maximum_Load,52.88
1005,6,11.34,0,0.02,96.29,100,57600,Weekday,Thursday,Maximum_Load,40.46
1006,1,0,10.87,0.01,100,94.83,33300,Weekend,Saturday,Medium_Load,32.47
1007,8,0,16.02,0,100,23.6,79200,Weekday,Thursday,Medium_Load,3.89
1008,5,27.47,0,0.03,91.08,100,57600,Weekday,Monday,Maximum_Load,60.62
1009,6,5.18,0,0,55.54,100,7200,Weekday,Wednesday,Light_Load,3.46
1010,8,4.68,0,0,52.93,100,85500,Weekday,Tuesday,Light_Load,2.92
1011,2,45.86,0,0.03,78.95,100,30600,Weekday,Monday,Light_Load,59
1012,11,0,17.42,0,100,34.68,45000,Weekday,Thursday,Medium_Load,6.44
1013,3,3.85,0,0,78.81,100,9900,Weekday,Friday,Light_Load,4.93
1014,4,56.16,0,0.05,90.22,100,32400,Weekday,Tuesday,Light_Load,117.47
1015,9,49.75,0,0.04,87.58,100,41400,Weekday,Tuesday,Maximum_Load,90.25
1016,7,5.83,0,0,48.12,100,24300,Weekday,Friday,Light_Load,3.2
1017,1,1.76,15.44,0,94.02,30.02,80100,Weekend,Saturday,Maximum_Load,4.86
1018,7,0,6.77,0.01,100,97.73,64800,Weekday,Friday,Medium_Load,31.21
1019,7,5.22,0,0,50.08,100,13500,Weekday,Tuesday,Light_Load,3.02
1020,2,9.47,0,0.01,80.89,100,5400,Weekday,Wednesday,Light_Load,13.03
1021,11,26.14,0,0.04,96.2,100,48600,Weekend,Sunday,Medium_Load,92.05
1022,5,4.25,0,0,63.89,100,12600,Weekday,Thursday,Light_Load,3.53
1023,12,4.18,0,0,76.53,100,81900,Weekday,Tuesday,Maximum_Load,4.97
1024,3,4.9,0,0,62.18,100,4500,Weekday,Friday,Light_Load,3.89
1025,2,15.34,0,0.02,95.7,100,48600,Weekday,Tuesday,Medium_Load,50.62
1026,3,0,25.92,0,100,15.62,63900,Weekend,Sunday,Medium_Load,4.1
1027,6,0,17.06,0,100,24.92,45000,Weekday,Wednesday,Medium_Load,4.39
1028,11,0,12.02,0,100,23.84,38700,Weekend,Sunday,Light_Load,2.95
1029,8,0,19.55,0,100,21.24,45900,Weekend,Saturday,Medium_Load,4.25
1030,9,5.54,0,0,45.24,100,1800,Weekday,Friday,Light_Load,2.81
1031,10,0,18.07,0,100,26.32,68400,Weekend,Saturday,Medium_Load,4.93
1032,12,3.92,0.29,0,69.79,99.71,80100,Weekend,Saturday,Maximum_Load,3.82
1033,5,62.42,0,0.03,71.36,100,30600,Weekday,Friday,Light_Load,63.58
1034,4,3.17,0,0,71.04,100,84600,Weekday,Friday,Light_Load,3.2
1035,6,30.17,0,0.03,89.88,100,57600,Weekday,Friday,Maximum_Load,61.85
1036,8,13.9,0,0.02,95.12,100,54000,Weekday,Tuesday,Maximum_Load,42.84
1037,2,0,16.81,0,100,20.33,48600,Weekday,Friday,Light_Load,3.49
1038,4,1.62,14.98,0,94.95,31.09,80100,Weekday,Friday,Medium_Load,4.9
1039,2,3.74,0,0,72.7,100,20700,Weekday,Wednesday,Light_Load,3.96
1040,5,0,25.42,0,100,16.6,79200,Weekday,Thursday,Medium_Load,4.28
1041,11,7.34,0,0,45.4,100,18000,Weekend,Saturday,Light_Load,3.74
1042,9,32.69,0,0.02,85.39,100,54000,Weekday,Tuesday,Maximum_Load,53.64
1043,1,14.65,2.56,0.03,97.98,99.94,75600,Weekday,Thursday,Medium_Load,71.71
1044,6,4.54,0,0,52.63,100,83700,Weekend,Saturday,Light_Load,2.81
1045,8,4,0,0,53.91,100,0,Weekend,Saturday,Light_Load,2.56
1046,7,3.31,0.4,0.02,99.64,99.99,55800,Weekday,Wednesday,Maximum_Load,38.84
1047,7,4.54,0,0,59.72,100,27900,Weekday,Friday,Light_Load,3.38
1048,8,0,18.07,0,100,22.89,63900,Weekend,Sunday,Medium_Load,4.25
1049,2,0,25.34,0,100,27.96,45900,Weekday,Tuesday,Medium_Load,7.38
1050,9,5.4,0,0,51.91,100,7200,Weekday,Monday,Light_Load,3.28
1051,6,12.53,0.11,0.02,95.7,100,63000,Weekday,Tuesday,Medium_Load,41.33
1052,5,29.16,0,0.02,87.57,100,48600,Weekday,Friday,Maximum_Load,52.88
1053,3,0,17.35,0,100,16.98,54000,Weekend,Saturday,Light_Load,2.99
1054,6,4.1,0,0,56.53,100,5400,Weekday,Monday,Light_Load,2.81
1055,4,29.41,0,0.03,92.64,100,41400,Weekend,Saturday,Maximum_Load,72.36
1056,3,3.28,0,0,71.76,100,12600,Weekend,Saturday,Light_Load,3.38
1057,4,66.1,0,0.04,81.66,100,29700,Weekday,Thursday,Light_Load,93.53
1058,6,4.57,0,0,52.78,100,16200,Weekday,Monday,Light_Load,2.84
1059,10,62.35,0,0.05,88.32,100,59400,Weekday,Tuesday,Maximum_Load,117.4
1060,4,4.36,0,0,58.32,100,18900,Weekday,Thursday,Light_Load,3.13
1061,11,0,21.17,0,100,24.89,79200,Weekday,Friday,Medium_Load,5.44
1062,7,4.21,0,0,54.55,100,22500,Weekday,Wednesday,Light_Load,2.74
1063,5,31,0,0.03,90.69,100,62100,Weekday,Monday,Medium_Load,66.71
1064,4,0,17.42,0,100,18.5,53100,Weekend,Sunday,Light_Load,3.28
1065,12,2.23,0.54,0,82.04,98.61,80100,Weekend,Sunday,Light_Load,3.2
1066,2,0.65,1.66,0.02,99.99,99.92,75600,Weekday,Friday,Medium_Load,41.11
1067,10,0,11.77,0,100,29.77,44100,Weekend,Saturday,Medium_Load,3.67
1068,6,33.01,0,0.04,94.72,100,73800,Weekday,Friday,Medium_Load,97.52
1069,5,3.74,0,0,61.01,100,17100,Weekend,Saturday,Light_Load,2.88
1070,7,61.38,0,0.03,75.51,100,42300,Weekday,Monday,Maximum_Load,70.7
1071,6,16.96,0,0.02,93.52,100,38700,Weekday,Tuesday,Maximum_Load,44.78
1072,8,4.25,0.4,0,53.62,98.92,31500,Weekend,Sunday,Light_Load,2.7
1073,8,33.01,0,0.03,86.05,100,33300,Weekday,Friday,Medium_Load,55.76
1074,1,4.86,0,0,61.8,100,29700,Weekend,Sunday,Light_Load,3.82
1075,9,5.33,5.44,0.01,97.64,97.55,60300,Weekend,Saturday,Maximum_Load,24.12
1076,7,0,17.1,0,100,19.83,71100,Weekend,Sunday,Light_Load,3.46
1077,3,45.9,0,0.03,80.9,100,29700,Weekday,Thursday,Light_Load,63.18
1078,6,4.79,0,0,50.6,100,9900,Weekend,Sunday,Light_Load,2.81
1079,4,4.39,0,0,54.32,100,22500,Weekday,Monday,Light_Load,2.84
1080,12,44.35,0,0.03,78.84,100,30600,Weekday,Monday,Light_Load,56.84
1081,12,0,22.32,0,100,22.94,77400,Weekday,Thursday,Medium_Load,5.26
1082,8,4.97,0,0,46.77,100,21600,Weekend,Sunday,Light_Load,2.63
1083,10,67.61,0,0.04,81.71,100,30600,Weekday,Monday,Light_Load,95.83
1084,12,3.02,0,0,86.26,100,82800,Weekday,Friday,Maximum_Load,5.15
1085,9,60.62,0,0.05,88.5,100,56700,Weekday,Thursday,Maximum_Load,115.24
1086,12,3.24,0.14,0,76.84,99.94,6300,Weekday,Friday,Light_Load,3.89
1087,9,5.54,0,0,47,100,9900,Weekday,Tuesday,Light_Load,2.95
1088,11,24.73,0,0.04,96.39,100,52200,Weekend,Sunday,Medium_Load,89.46
1089,8,4.32,0,0,57.8,100,24300,Weekday,Wednesday,Light_Load,3.06
1090,7,0,5.04,0,100,48.17,85500,Weekday,Wednesday,Light_Load,2.77
1091,1,61.49,0,0.06,89.41,100,43200,Weekday,Wednesday,Maximum_Load,122.76
1092,2,4.54,0,0,59.72,100,24300,Weekday,Monday,Light_Load,3.38
1093,11,21.71,0,0.03,93.24,100,67500,Weekday,Friday,Maximum_Load,56.02
1094,1,9.76,0,0.03,98.58,100,36900,Weekday,Thursday,Maximum_Load,57.2
1095,12,13.39,6.77,0.01,92.46,97.9,47700,Weekday,Tuesday,Medium_Load,32.51
1096,4,28.73,0,0.03,92.27,100,54000,Weekday,Friday,Maximum_Load,68.76
1097,12,0,21.67,0,100,18.59,71100,Weekday,Monday,Maximum_Load,4.1
1098,2,3.82,0,0,62.52,100,28800,Weekend,Sunday,Light_Load,3.06
1099,5,4.39,0,0,55.78,100,5400,Weekday,Monday,Light_Load,2.95
1100,2,34.42,0,0.04,93.63,100,61200,Weekday,Monday,Medium_Load,91.73
1101,12,0,21.78,0,100,18.67,77400,Weekday,Thursday,Medium_Load,4.14
1102,11,0.04,7.88,0.01,100,95.69,76500,Weekday,Tuesday,Medium_Load,25.96
1103,5,4.07,0,0,61.81,100,28800,Weekday,Monday,Light_Load,3.2
1104,1,3.53,0.04,0,90.21,100,28800,Weekday,Thursday,Light_Load,7.38
1105,3,23.18,0,0.03,92.8,100,57600,Weekday,Tuesday,Maximum_Load,57.74
1106,10,5.51,0,0,51.95,100,19800,Weekday,Tuesday,Light_Load,3.35
1107,6,25.52,0,0.03,91.19,100,54000,Weekday,Thursday,Maximum_Load,56.7
1108,5,16.27,0,0.02,94.84,100,58500,Weekday,Monday,Maximum_Load,48.67
1109,12,0,20.2,0,100,20.26,43200,Weekday,Tuesday,Light_Load,4.18
1110,8,58.57,0,0.05,86.61,100,61200,Weekday,Monday,Maximum_Load,101.48
1111,1,4.46,0,0,71.87,100,3600,Weekday,Monday,Light_Load,4.61
1112,12,3.49,0.04,0,74.43,99.99,28800,Weekday,Tuesday,Light_Load,3.89
1113,6,20.2,0,0.02,90.59,100,69300,Weekday,Friday,Medium_Load,43.2
1114,1,0.18,3.31,0.02,100,99.63,73800,Weekend,Saturday,Medium_Load,38.41
1115,7,0,4.54,0,100,53.57,9900,Weekday,Friday,Light_Load,2.88
1116,2,21.13,0,0.03,94.11,100,58500,Weekday,Friday,Medium_Load,58.79
1117,2,23.94,0,0.02,85.39,100,29700,Weekday,Friday,Light_Load,39.28
1118,7,4.68,0,0,50.52,100,13500,Weekend,Sunday,Light_Load,2.74
1119,5,63.36,0,0.05,86.39,100,41400,Weekday,Wednesday,Maximum_Load,108.68
1120,10,0,16.27,0,100,33.94,45000,Weekday,Wednesday,Medium_Load,5.87
1121,10,1.58,1.51,0.01,99.86,99.87,63900,Weekday,Thursday,Medium_Load,29.74
1122,6,0.14,17.03,0.01,100,67.36,61200,Weekend,Saturday,Maximum_Load,15.52
1123,1,21.2,0,0.01,83.36,100,5400,Weekday,Wednesday,Light_Load,32
1124,3,3.82,0,0,71.62,100,25200,Weekday,Friday,Light_Load,3.92
1125,3,4.32,0,0,60.82,100,15300,Weekday,Friday,Light_Load,3.31
1126,12,0,21.67,0,100,30.38,45000,Weekday,Monday,Medium_Load,6.91
1127,6,5.58,0,0,46.37,100,11700,Weekday,Friday,Light_Load,2.92
1128,2,5.29,0,0,66.26,100,26100,Weekday,Tuesday,Light_Load,4.68
1129,9,67.93,0,0.06,88.01,100,50400,Weekday,Tuesday,Maximum_Load,125.89
1130,4,0.32,2.48,0.02,100,99.81,72000,Weekday,Thursday,Medium_Load,39.67
1131,12,4.03,0,0,69.45,100,2700,Weekday,Wednesday,Light_Load,3.89
1132,5,4.46,0,0,54.78,100,8100,Weekday,Thursday,Light_Load,2.92
1133,8,46.8,0,0.02,72.94,100,30600,Weekday,Friday,Light_Load,49.9
1134,5,5.33,0,0,51.94,100,18900,Weekday,Wednesday,Light_Load,3.24
1135,12,1.55,7.52,0.01,99.54,90.59,65700,Weekday,Monday,Maximum_Load,16.09
1136,6,5,0,0,50.43,100,8100,Weekend,Saturday,Light_Load,2.92
1137,2,5,0,0,77.44,100,9000,Weekend,Saturday,Light_Load,6.12
1138,3,0,26.68,0,100,14.83,76500,Weekend,Saturday,Medium_Load,4
1139,1,31.61,0,0.03,92.27,100,51300,Weekday,Tuesday,Medium_Load,75.64
1140,11,40.9,0,0.02,77.76,100,30600,Weekday,Monday,Light_Load,50.58
1141,3,0,21.2,0,100,16.11,62100,Weekend,Sunday,Light_Load,3.46
1142,2,5.22,0,0,74.5,100,16200,Weekday,Tuesday,Light_Load,5.83
1143,5,54.25,0,0.02,68.06,100,31500,Weekday,Wednesday,Light_Load,50.4
1144,11,42.77,0,0.04,91.39,100,61200,Weekday,Monday,Medium_Load,96.26
1145,2,35.39,0,0.03,85.28,100,30600,Weekday,Friday,Light_Load,57.78
1146,6,4.03,0,0,56.64,100,12600,Weekday,Monday,Light_Load,2.77
1147,12,0,20.92,0,100,18.78,42300,Weekday,Monday,Light_Load,4
1148,5,1.8,3.31,0.02,99.87,99.57,64800,Weekday,Monday,Medium_Load,35.6
1149,4,4,0,0,61.63,100,13500,Weekend,Sunday,Light_Load,3.13
1150,1,20.52,0,0.03,95.44,100,51300,Weekday,Tuesday,Medium_Load,65.59
1151,3,3.6,0,0,67.68,100,15300,Weekday,Wednesday,Light_Load,3.31
1152,9,32.22,0,0.02,85.97,100,69300,Weekday,Monday,Medium_Load,54.22
1153,12,22.61,0,0.02,92.29,100,39600,Weekday,Monday,Maximum_Load,54.18
1154,7,52.7,0,0.02,69.91,100,31500,Weekday,Friday,Light_Load,51.52
1155,9,4.82,0,0,51.81,100,9900,Weekday,Friday,Light_Load,2.92
1156,5,6.3,0.32,0.02,98.6,100,53100,Weekend,Saturday,Maximum_Load,37.22
1157,10,5.15,0,0,44.51,100,21600,Weekday,Monday,Light_Load,2.56
1158,6,0,16.24,0,100,18.75,48600,Weekend,Sunday,Light_Load,3.1
1159,11,0,22.54,0,100,21.66,72900,Weekday,Tuesday,Medium_Load,5
1160,2,0,17.64,0,100,21.69,74700,Weekend,Saturday,Light_Load,3.92
1161,12,0,16.88,0,100,23.6,64800,Weekend,Saturday,Light_Load,4.1
1162,3,4.03,0,0,56.23,100,28800,Weekend,Saturday,Light_Load,2.74
1163,6,22.61,0,0.03,94.59,100,35100,Weekday,Wednesday,Medium_Load,65.92
1164,12,54.04,0,0.03,80.32,100,30600,Weekday,Thursday,Light_Load,72.86
1165,3,18.83,0,0.02,93.45,100,59400,Weekday,Tuesday,Maximum_Load,49.43
1166,9,0,14.69,0,100,28.87,44100,Weekday,Wednesday,Medium_Load,4.43
1167,5,4.43,0,0,61.11,100,27900,Weekday,Wednesday,Light_Load,3.42
1168,5,0,25.99,0,100,19.95,76500,Weekday,Friday,Medium_Load,5.29
1169,3,34.7,0,0.03,89.88,100,49500,Weekday,Wednesday,Maximum_Load,71.14
1170,4,3.28,0,0,67.73,100,10800,Weekday,Friday,Light_Load,3.02
1171,10,62.96,0,0.06,89.34,100,41400,Weekday,Monday,Maximum_Load,125.21
1172,9,6.19,0,0,56.87,100,0,Weekday,Thursday,Light_Load,4.28
1173,2,5.04,0,0,79.25,100,27000,Weekday,Tuesday,Light_Load,6.55
1174,2,4.43,0,0,71.26,100,26100,Weekday,Wednesday,Light_Load,4.5
1175,6,0,8.21,0.01,100,96.35,63900,Weekday,Thursday,Medium_Load,29.56
1176,10,4.72,0,0,51.15,100,20700,Weekend,Sunday,Light_Load,2.81
1177,3,6.95,0,0,54.94,100,5400,Weekday,Tuesday,Light_Load,4.57
1178,5,56.02,0,0.03,80.11,100,41400,Weekday,Tuesday,Maximum_Load,74.99
1179,11,26.24,0,0.03,91.22,100,68400,Weekday,Monday,Maximum_Load,58.43
1180,11,0,14.58,0.01,100,74.1,76500,Weekday,Monday,Medium_Load,16.09
1181,6,5.04,0,0,65.68,100,85500,Weekday,Tuesday,Light_Load,4.39
1182,6,5.98,0,0,50.83,100,19800,Weekend,Saturday,Light_Load,3.53
1183,12,2.3,0.36,0,87.42,99.62,5400,Weekday,Friday,Light_Load,4.14
1184,8,18.97,0,0.02,92.89,100,55800,Weekday,Wednesday,Maximum_Load,47.59
1185,1,3.56,0,0,74.95,100,20700,Weekend,Sunday,Light_Load,4.03
1186,4,21.56,0,0.03,93.07,100,55800,Weekday,Thursday,Maximum_Load,54.86
1187,10,4.9,0,0,48.81,100,20700,Weekend,Sunday,Light_Load,2.74
1188,11,0,17.24,0,100,29.18,77400,Weekend,Saturday,Medium_Load,5.26
1189,9,14.08,0,0.01,89.99,100,66600,Weekday,Friday,Medium_Load,29.05
1190,12,28.15,0,0.03,92.08,100,32400,Weekday,Friday,Light_Load,66.46
1191,4,4.18,0,0,64.84,100,5400,Weekday,Tuesday,Light_Load,3.56
1192,11,0,17.14,0,100,23.1,74700,Weekend,Saturday,Medium_Load,4.07
1193,1,50.08,0,0.06,93.33,100,33300,Weekday,Friday,Medium_Load,130.18
1194,12,2.56,3.28,0.01,99.56,99.29,64800,Weekday,Wednesday,Maximum_Load,27.32
1195,4,43.7,0,0.03,80.18,100,42300,Weekday,Monday,Maximum_Load,58.64
1196,3,0,17.39,0,100,17.33,76500,Weekend,Saturday,Light_Load,3.06
1197,10,0,18.07,0,100,19.9,76500,Weekend,Saturday,Medium_Load,3.67
1198,1,55.22,0,0.04,82.91,100,42300,Weekday,Tuesday,Maximum_Load,81.9
1199,3,29.59,0,0.03,90.81,100,61200,Weekday,Tuesday,Maximum_Load,64.15
1200,5,0.97,2.52,0.02,99.96,99.76,56700,Weekend,Saturday,Maximum_Load,36.25
1201,7,11.95,0,0.02,97.15,100,54900,Weekday,Thursday,Maximum_Load,48.96
1202,8,26.71,0,0.02,88.96,100,55800,Weekend,Saturday,Maximum_Load,52.02
1203,8,5.76,0,0,46.92,100,26100,Weekday,Thursday,Light_Load,3.06
1204,2,15.34,0,0.04,98.68,100,78300,Weekday,Wednesday,Medium_Load,93.35
1205,10,4.72,0,0,47.1,100,21600,Weekday,Monday,Light_Load,2.52
1206,1,5.22,0,0,67.3,100,20700,Weekday,Friday,Light_Load,4.75
1207,9,4.54,0,0,49.12,100,23400,Weekend,Saturday,Light_Load,2.56
1208,11,2.95,0.11,0,77.69,99.95,84600,Weekday,Monday,Light_Load,3.64
1209,10,0,17.78,0,100,18.89,77400,Weekend,Sunday,Light_Load,3.42
1210,11,0,21.56,0,100,29.51,45000,Weekday,Wednesday,Medium_Load,6.66
1211,6,1.84,9.76,0.01,99.66,91.5,51300,Weekday,Thursday,Maximum_Load,22.14
1212,7,0,3.85,0,100,67.16,10800,Weekday,Tuesday,Light_Load,3.49
1213,4,5.51,0,0,55.44,100,5400,Weekday,Thursday,Light_Load,3.67
1214,2,73.76,0,0.05,81.41,100,31500,Weekday,Thursday,Light_Load,103.39
1215,4,35.1,0,0.03,89.81,100,33300,Weekday,Monday,Medium_Load,71.68
1216,10,3.71,0,0,61.32,100,21600,Weekday,Tuesday,Light_Load,2.88
1217,5,12.78,0,0.02,96.46,100,54900,Weekday,Friday,Maximum_Load,46.76
1218,5,4.18,0,0,62.54,100,16200,Weekday,Tuesday,Light_Load,3.35
1219,2,0.43,1.73,0.02,99.99,99.91,72900,Weekend,Saturday,Medium_Load,40.9
1220,6,13.82,0.22,0.01,91.56,100,40500,Weekend,Saturday,Maximum_Load,31.46
1221,2,11.52,1.69,0.03,98.41,99.96,67500,Weekday,Wednesday,Maximum_Load,63.79
1222,3,33.12,0,0.03,89.89,100,59400,Weekday,Friday,Maximum_Load,67.93
1223,2,6.16,0.83,0.03,99.51,99.99,71100,Weekday,Monday,Maximum_Load,62.14
1224,5,0,26.1,0,100,15,77400,Weekday,Monday,Medium_Load,3.96
1225,1,12.64,0,0.04,99.02,100,79200,Weekday,Friday,Medium_Load,89.68
1226,7,5.33,0,0,52.76,100,83700,Weekday,Tuesday,Light_Load,3.31
1227,9,42.19,0,0.03,84.52,100,56700,Weekday,Wednesday,Maximum_Load,66.71
1228,8,4.32,0,0,53,100,6300,Weekday,Wednesday,Light_Load,2.7
1229,6,0,21.42,0,100,35.64,46800,Weekday,Friday,Medium_Load,8.17
1230,3,3.31,0,0,67.03,100,24300,Weekday,Wednesday,Light_Load,2.99
1231,12,2.63,0,0,79.27,100,9000,Weekend,Sunday,Light_Load,3.42
1232,5,3.67,0,0,64.53,100,17100,Weekday,Thursday,Light_Load,3.1
1233,6,7.56,0.07,0.02,97.65,100,72000,Weekday,Thursday,Medium_Load,34.24
1234,6,5.98,0,0,46.02,100,13500,Weekday,Wednesday,Light_Load,3.1
1235,6,63.83,0,0.03,69.69,100,31500,Weekday,Monday,Light_Load,62.03
1236,3,4.5,0,0,65.4,100,18000,Weekend,Saturday,Light_Load,3.89
1237,3,32.26,0,0.02,79.06,100,29700,Weekday,Wednesday,Light_Load,41.65
1238,7,3.74,0,0,66.27,100,0,Weekday,Monday,Light_Load,3.31
1239,5,0,25.56,0,100,25.46,45900,Weekday,Wednesday,Medium_Load,6.73
1240,5,35.64,0,0.02,79.96,100,43200,Weekday,Wednesday,Maximum_Load,47.45
1241,8,0,15.62,0,100,21.39,70200,Weekday,Wednesday,Medium_Load,3.42
1242,2,0,16.78,0,100,24.17,57600,Weekend,Sunday,Light_Load,4.18
1243,9,8.78,0,0.01,96.56,100,41400,Weekend,Saturday,Maximum_Load,32.58
1244,2,26.93,0,0.05,96.83,100,61200,Weekday,Tuesday,Medium_Load,104.36
1245,5,4.57,0,0,59.92,100,26100,Weekday,Thursday,Light_Load,3.42
1246,3,17.39,0,0.03,95.55,100,38700,Weekday,Tuesday,Maximum_Load,56.34
1247,12,2.92,0.32,0,89.19,99.85,27900,Weekday,Wednesday,Light_Load,5.76
1248,5,64.8,0,0.03,72.25,100,31500,Weekday,Monday,Light_Load,67.72
1249,9,0,17.75,0,100,19.66,69300,Weekend,Saturday,Medium_Load,3.56
1250,11,29.27,0,0.03,90.84,100,40500,Weekday,Friday,Maximum_Load,63.58
1251,12,0,21.89,0,100,29.39,63900,Weekday,Monday,Maximum_Load,6.73
1252,9,52.27,0,0.04,86.83,100,51300,Weekday,Wednesday,Maximum_Load,91.51
1253,10,4.9,0,0,50.15,100,26100,Weekday,Thursday,Light_Load,2.84
1254,7,0,4.68,0,100,52.41,4500,Weekday,Friday,Light_Load,2.88
1255,1,23.33,0,0.03,94.48,100,56700,Weekday,Tuesday,Medium_Load,67.28
1256,9,36.54,0,0.03,83.77,100,50400,Weekday,Wednesday,Maximum_Load,56.05
1257,12,2.66,0.36,0,82.06,99.56,14400,Weekday,Friday,Light_Load,3.82
1258,8,0,16.7,0,100,16.99,68400,Weekend,Saturday,Light_Load,2.88
1259,11,7.6,0,0.02,98.1,100,58500,Weekend,Sunday,Medium_Load,38.41
1260,8,0,16.13,0,100,25.25,45000,Weekend,Saturday,Medium_Load,4.21
1261,2,28.91,0,0.03,92.53,100,50400,Weekday,Monday,Medium_Load,70.56
1262,9,15.48,0,0.02,93.38,100,42300,Weekend,Saturday,Maximum_Load,40.39
1263,6,0,25.49,0,100,18.47,45000,Weekday,Tuesday,Medium_Load,4.79
1264,10,24.73,0,0.02,88.76,100,40500,Weekday,Tuesday,Maximum_Load,47.66
1265,8,0,20.02,0,100,26.36,45000,Weekday,Tuesday,Medium_Load,5.47
1266,7,0,4.32,0,100,64.44,81000,Weekday,Monday,Medium_Load,3.64
1267,9,6.05,0,0,39.36,100,30600,Weekday,Monday,Light_Load,2.59
1268,10,6.77,0,0,43.17,100,82800,Weekend,Saturday,Medium_Load,3.24
1269,4,0,17.5,0,100,18.58,49500,Weekend,Sunday,Light_Load,3.31
1270,10,6.08,0,0,45.42,100,13500,Weekday,Tuesday,Light_Load,3.1
1271,4,3.92,0,0,67.23,100,9000,Weekend,Sunday,Light_Load,3.56
1272,2,3.1,1.19,0.02,99.84,99.98,77400,Weekday,Monday,Medium_Load,54.29
1273,5,1.91,9.18,0,85.87,32.92,80100,Weekday,Tuesday,Medium_Load,3.2
1274,8,48.17,0,0.04,89.26,100,62100,Weekday,Monday,Medium_Load,95.36
1275,1,68.08,0,0.05,85.89,100,31500,Weekday,Friday,Light_Load,114.19
1276,10,6.88,0,0,43.35,100,84600,Weekday,Wednesday,Light_Load,3.31
1277,12,4.03,0,0,68.79,100,25200,Weekend,Sunday,Light_Load,3.82
1278,3,5.58,0,0,52.26,100,20700,Weekday,Thursday,Light_Load,3.42
1279,8,29.77,0,0.04,93.89,100,53100,Weekday,Tuesday,Maximum_Load,81.22
1280,10,27.4,0,0.02,88.38,100,36900,Weekday,Friday,Maximum_Load,51.77
1281,4,4.32,0,0,60.47,100,6300,Weekday,Tuesday,Light_Load,3.28
1282,4,3.96,0,0,61.14,100,11700,Weekend,Saturday,Light_Load,3.06
1283,7,0,5.26,0,100,47.51,84600,Weekend,Sunday,Light_Load,2.84
1284,3,4.68,0,0,63.92,100,9000,Weekday,Wednesday,Light_Load,3.89
1285,1,66.92,0,0.07,90.94,100,57600,Weekday,Friday,Medium_Load,146.34
1286,1,40.5,0,0.05,94.28,100,57600,Weekday,Friday,Medium_Load,114.59
1287,7,0,16.99,0,100,17.11,60300,Weekend,Sunday,Light_Load,2.95
1288,3,0,24.19,0,100,18.01,74700,Weekday,Wednesday,Medium_Load,4.43
1289,1,29.41,0,0.05,95.97,100,56700,Weekday,Wednesday,Medium_Load,100.48
1290,8,21.06,0,0.02,90.51,100,39600,Weekday,Wednesday,Maximum_Load,44.82
1291,3,50.72,0,0.04,83.91,100,30600,Weekday,Monday,Light_Load,78.23
1292,10,6.88,0,0,47.07,100,5400,Weekday,Tuesday,Light_Load,3.67
1293,3,3.67,0,0,80.21,100,21600,Weekday,Friday,Light_Load,4.93
1294,10,20.77,0,0.02,91.45,100,35100,Weekday,Thursday,Medium_Load,46.94
1295,8,0,4.82,0,100,49.42,66600,Weekend,Sunday,Light_Load,2.74
1296,10,26.42,0,0.02,86.5,100,57600,Weekday,Monday,Maximum_Load,45.54
1297,3,0,18.94,0,100,27.61,46800,Weekday,Friday,Medium_Load,5.44
1298,10,49.82,0,0.03,80.2,100,54900,Weekday,Thursday,Maximum_Load,66.89
1299,8,6.37,0.14,0.01,98.1,100,74700,Weekday,Thursday,Medium_Load,32.22
1300,4,3.82,0,0,63.01,100,82800,Weekend,Sunday,Light_Load,3.1
1301,11,0,12.42,0,100,22.89,63900,Weekend,Sunday,Light_Load,2.92
1302,7,47.63,0,0.03,83.1,100,40500,Weekday,Tuesday,Maximum_Load,71.14
1303,7,5.58,0,0,44.98,100,21600,Weekday,Friday,Light_Load,2.81
1304,8,5,0,0,49.39,100,81000,Weekend,Sunday,Light_Load,2.84
1305,2,37.8,0,0.03,89.38,100,56700,Weekday,Thursday,Medium_Load,75.35
1306,11,0,16.31,0,100,19.72,49500,Weekend,Sunday,Light_Load,3.28
1307,1,11.59,18.72,0.01,93.78,85.84,44100,Weekday,Friday,Medium_Load,31.32
1308,2,4.75,0,0,63.65,100,13500,Weekday,Friday,Light_Load,3.92
1309,5,5.94,0,0,46.62,100,81000,Weekend,Sunday,Medium_Load,3.13
1310,2,6.26,0,0,70.14,100,81000,Weekday,Tuesday,Maximum_Load,6.16
1311,9,4.46,0,0,50.79,100,21600,Weekend,Sunday,Light_Load,2.63
1312,1,49.82,0,0.05,91.42,100,56700,Weekday,Friday,Medium_Load,112.36
1313,7,0,16.24,0,100,22.9,79200,Weekday,Monday,Medium_Load,3.82
1314,7,4.79,0,0,53.84,100,7200,Weekday,Thursday,Light_Load,3.06
1315,3,55.08,0,0.06,91.26,100,55800,Weekday,Friday,Maximum_Load,122.94
1316,11,7.56,0,0,44.06,100,81900,Weekday,Thursday,Maximum_Load,3.71
1317,9,0,14.69,0,100,20.14,33300,Weekend,Sunday,Light_Load,3.02
1318,12,38.7,0,0.03,85.78,100,31500,Weekday,Monday,Light_Load,64.58
1319,3,28.08,0,0.03,89.51,100,57600,Weekday,Friday,Maximum_Load,56.38
1320,1,0,22.86,0,100,17.53,72000,Weekend,Sunday,Light_Load,4.07
1321,3,39.38,0,0.05,93.56,100,34200,Weekday,Tuesday,Medium_Load,104.4
1322,4,3.67,0,0,60.24,100,30600,Weekend,Sunday,Light_Load,2.77
1323,2,0,17.21,0,100,19.49,61200,Weekday,Thursday,Light_Load,3.42
1324,10,0,8.28,0,100,36.83,66600,Weekend,Sunday,Light_Load,3.28
1325,12,60.23,0,0.06,90.79,100,55800,Weekday,Wednesday,Medium_Load,130.46
1326,3,27.97,0,0.03,92.24,100,61200,Weekday,Wednesday,Maximum_Load,66.78
1327,12,3.1,0.14,0,76.99,99.93,18900,Weekend,Sunday,Light_Load,3.74
1328,10,6.19,0.79,0.01,97.78,99.96,64800,Weekday,Wednesday,Medium_Load,28.87
1329,7,33.98,0,0.03,88.08,100,74700,Weekday,Thursday,Medium_Load,63.22
1330,2,7.24,0,0,63.43,100,11700,Weekday,Friday,Light_Load,5.94
1331,8,0,14.72,0,100,41.43,76500,Weekday,Friday,Medium_Load,6.7
1332,10,28.73,0,0.03,90.24,100,52200,Weekday,Thursday,Maximum_Load,60.16
1333,8,4.82,0,0,49.42,100,17100,Weekend,Sunday,Light_Load,2.74
1334,3,3.46,0,0,66.25,100,20700,Weekday,Tuesday,Light_Load,3.06
1335,8,0,15.59,0,100,19.02,79200,Weekday,Friday,Light_Load,3.02
1336,4,35.17,0,0.04,92.41,100,67500,Weekday,Wednesday,Medium_Load,85.03
1337,3,4.75,0,0,61.14,100,18000,Weekday,Thursday,Light_Load,3.67
1338,7,5.29,0,0,48.33,100,23400,Weekday,Tuesday,Light_Load,2.92
1339,2,0,17.53,0,100,21.45,63900,Weekend,Saturday,Light_Load,3.85
1340,8,5.98,0,0,46.84,100,23400,Weekday,Thursday,Light_Load,3.17
1341,4,21.53,0,0.02,91.88,100,38700,Weekday,Friday,Maximum_Load,50.11
1342,10,4.46,0,0,53.71,100,13500,Weekday,Friday,Light_Load,2.84
1343,2,0,16.85,0,100,20.28,58500,Weekday,Friday,Light_Load,3.49
1344,2,28.84,0,0.02,79.73,100,31500,Weekend,Saturday,Light_Load,38.09
1345,3,3.02,0,0,71.96,100,5400,Weekday,Wednesday,Light_Load,3.13
1346,11,6.91,0,0,47.6,100,81000,Weekday,Wednesday,Maximum_Load,3.74
1347,6,5.87,0,0,44.9,100,21600,Weekend,Saturday,Light_Load,2.95
1348,1,23.44,0,0.01,79.35,100,5400,Weekday,Tuesday,Light_Load,30.56
1349,8,4.64,0,0,49.31,100,28800,Weekday,Thursday,Light_Load,2.63
1350,4,30.35,0,0.03,89.59,100,39600,Weekday,Monday,Maximum_Load,61.2
1351,1,30.64,0,0.02,81.03,100,27900,Weekday,Thursday,Light_Load,42.37
1352,9,4.28,0.11,0,53.35,99.92,80100,Weekend,Sunday,Medium_Load,2.7
1353,5,0,15.98,0,100,24.28,69300,Weekend,Sunday,Medium_Load,4
1354,2,4.79,0,0,77.48,100,14400,Weekend,Saturday,Light_Load,5.87
1355,10,5.22,0,0,49.7,100,3600,Weekend,Sunday,Light_Load,2.99
1356,3,1.37,1.51,0.02,99.93,99.91,54900,Weekend,Saturday,Maximum_Load,35.86
1357,1,39.92,0,0.03,86.65,100,73800,Weekday,Thursday,Medium_Load,69.3
1358,10,6.08,0,0,50.21,100,81900,Weekday,Friday,Medium_Load,3.53
1359,8,0,7.06,0,100,36.52,65700,Weekend,Sunday,Light_Load,2.77
1360,2,5.58,0,0,68.8,100,85500,Weekday,Wednesday,Light_Load,5.29
1361,8,87.7,0,0.05,78.19,100,31500,Weekday,Thursday,Light_Load,109.98
1362,5,5.22,0,0,47.79,100,15300,Weekday,Monday,Light_Load,2.84
1363,1,34.85,0,0.04,91.8,100,35100,Weekday,Thursday,Medium_Load,80.68
1364,12,2.59,0.36,0,82.77,99.56,9900,Weekday,Friday,Light_Load,3.82
1365,2,0,25.67,0,100,35.06,45900,Weekday,Tuesday,Medium_Load,9.61
1366,3,4.36,0,0,66.19,100,81000,Weekday,Friday,Medium_Load,3.85
1367,7,6.37,0,0,47.73,100,17100,Weekend,Saturday,Light_Load,3.46
1368,2,0,25.38,0,100,16.36,62100,Weekday,Wednesday,Light_Load,4.21
1369,5,3.74,0,0,62.44,100,18900,Weekday,Friday,Light_Load,2.99
1370,4,0,26.57,0,100,19.77,45900,Weekday,Wednesday,Medium_Load,5.36
1371,8,5.98,0,0,42.9,100,15300,Weekend,Saturday,Light_Load,2.84
1372,5,3.17,0,0,75.05,100,84600,Weekday,Wednesday,Light_Load,3.6
1373,10,5.15,0,0,47.37,100,18000,Weekday,Monday,Light_Load,2.77
1374,11,29.59,0,0.03,89.11,100,38700,Weekday,Wednesday,Maximum_Load,58.1
1375,7,5.51,0,0,45.81,100,21600,Weekday,Friday,Light_Load,2.84
1376,12,16.42,0,0.02,95.1,100,50400,Weekend,Saturday,Medium_Load,50.51
1377,7,57.71,0,0.04,83.44,100,30600,Weekday,Wednesday,Light_Load,87.37
1378,6,5.29,0,0,47.3,100,20700,Weekend,Sunday,Light_Load,2.84
1379,7,5.08,0,0,49.32,100,25200,Weekday,Tuesday,Light_Load,2.88
1380,11,0,17.93,0,100,20.26,63900,Weekend,Saturday,Maximum_Load,3.71
1381,9,24.44,0,0.04,96.36,100,73800,Weekday,Tuesday,Medium_Load,88.09
1382,3,2.3,1.22,0.02,99.78,99.94,36000,Weekend,Sunday,Medium_Load,34.34
1383,1,27.18,0,0.02,80.84,100,26100,Weekday,Wednesday,Light_Load,37.33
1384,5,0,16.56,0,100,17.77,55800,Weekend,Sunday,Light_Load,2.99
1385,10,22.5,0,0.02,89.17,100,38700,Weekday,Tuesday,Maximum_Load,44.32
1386,6,10.94,7.31,0.02,95.34,97.84,47700,Weekday,Wednesday,Maximum_Load,34.56
1387,1,24.3,0,0.02,82.22,100,6300,Weekday,Thursday,Light_Load,35.1
1388,2,2.74,19.01,0.01,98.36,61.79,44100,Weekday,Friday,Medium_Load,14.94
1389,11,26.24,0,0.03,90.7,100,37800,Weekday,Thursday,Maximum_Load,56.52
1390,12,4.18,0,0,75.55,100,11700,Weekend,Saturday,Light_Load,4.82
1391,7,4.46,0,0,52.35,100,9000,Weekend,Saturday,Light_Load,2.74
1392,2,0,6.73,0,100,53.39,66600,Weekend,Sunday,Light_Load,4.25
1393,12,2.77,0.36,0,82.41,99.6,1800,Weekday,Thursday,Light_Load,4.03
1394,4,1.73,13.57,0,88.85,23.97,80100,Weekend,Sunday,Light_Load,3.35
1395,2,5.18,0,0,74.76,100,18000,Weekday,Tuesday,Light_Load,5.83
1396,11,6.91,0,0,57.84,100,0,Weekday,Friday,Light_Load,4.9
1397,12,2.63,0.5,0,83.56,99.23,85500,Weekday,Friday,Light_Load,4
1398,3,16.38,0,0.04,98.48,100,60300,Weekend,Saturday,Maximum_Load,92.99
1399,5,5.29,0,0,51.4,100,15300,Weekday,Friday,Light_Load,3.17
1400,3,0.18,10.12,0.01,100,95.08,63900,Weekday,Friday,Medium_Load,31.07
1401,10,0,15.7,0,100,24.46,79200,Weekday,Friday,Medium_Load,3.96
1402,4,4.28,0,0,55.29,100,18900,Weekday,Monday,Light_Load,2.84
1403,11,31.21,0,0.03,90.75,100,35100,Weekday,Wednesday,Medium_Load,67.43
1404,5,30.96,0,0.03,87.27,100,67500,Weekday,Wednesday,Medium_Load,55.33
1405,8,0,16.34,0,100,27.53,45900,Weekday,Friday,Medium_Load,4.68
1406,10,0,18.04,0,100,28.14,67500,Weekend,Saturday,Medium_Load,5.29
1407,12,0,15.34,0,100,22.61,52200,Weekday,Monday,Light_Load,3.56
1408,10,31.61,0,0.03,88.21,100,37800,Weekend,Saturday,Maximum_Load,59.18
1409,8,4.32,0,0,52,100,85500,Weekday,Thursday,Light_Load,2.63
1410,8,4.21,0,0,52.4,100,4500,Weekend,Sunday,Light_Load,2.59
1411,7,31.18,0,0.03,87.89,100,63000,Weekday,Monday,Medium_Load,57.46
1412,10,19.15,0.22,0.02,91.18,100,63000,Weekday,Wednesday,Medium_Load,42.52
1413,12,0,13.93,0,100,25.48,74700,Weekend,Saturday,Light_Load,3.67
1414,3,0,23.36,0,100,35.81,76500,Weekday,Wednesday,Medium_Load,8.96
1415,6,26.64,0,0.04,96.19,100,53100,Weekday,Tuesday,Maximum_Load,93.74
1416,1,18,0,0.03,95.14,100,62100,Weekday,Monday,Maximum_Load,55.62
1417,1,0,27.04,0,100,17.94,68400,Weekend,Sunday,Maximum_Load,4.93
1418,11,5.04,0,0,76.83,100,28800,Weekday,Friday,Light_Load,6.05
1419,1,3.42,0,0,71.82,100,83700,Weekday,Monday,Light_Load,3.53
1420,11,0,18.04,0,100,27.45,44100,Weekday,Friday,Medium_Load,5.15
1421,4,42.91,0,0.05,92.5,100,32400,Weekday,Tuesday,Light_Load,104.44
1422,8,57.89,0,0.03,77.8,100,41400,Weekday,Thursday,Maximum_Load,71.68
1423,10,6.23,0,0,45.69,100,900,Weekday,Tuesday,Light_Load,3.2
1424,10,4.54,0,0,49.12,100,19800,Weekend,Sunday,Light_Load,2.56
1425,2,0,16.74,0,100,24.23,56700,Weekend,Sunday,Light_Load,4.18
1426,2,50.51,0,0.03,80.31,100,40500,Weekday,Friday,Maximum_Load,68.08
1427,8,5.04,0,0,47.22,100,9000,Weekend,Saturday,Light_Load,2.7
1428,3,0,25.2,0,100,25.3,45000,Weekday,Tuesday,Medium_Load,6.59
1429,3,3.6,0,0,69.61,100,28800,Weekend,Saturday,Light_Load,3.49
1430,3,4.68,0,0,62.43,100,81000,Weekday,Monday,Medium_Load,3.74
1431,5,0,15.95,0,100,24.5,63000,Weekend,Sunday,Medium_Load,4.03
1432,7,3.17,0,0,71.91,100,27900,Weekend,Sunday,Light_Load,3.28
1433,1,0,25.88,0,100,30.61,45000,Weekday,Wednesday,Medium_Load,8.32
1434,5,31.28,0,0.04,93.67,100,36900,Weekday,Tuesday,Maximum_Load,83.7
1435,5,3.6,0,0,71.77,100,5400,Weekday,Thursday,Light_Load,3.71
1436,11,35.68,0,0.03,87.75,100,33300,Weekday,Friday,Medium_Load,65.3
1437,4,4.21,0.14,0,63.05,99.92,31500,Weekend,Sunday,Light_Load,3.42
1438,11,14.54,0,0.01,85.19,100,0,Weekday,Tuesday,Light_Load,23.65
1439,2,29.3,0,0.03,90.33,100,43200,Weekday,Friday,Maximum_Load,61.7
1440,3,0,18.07,0,100,17.07,39600,Weekend,Sunday,Light_Load,3.13
1441,4,4.64,0,0,62.04,100,900,Weekday,Tuesday,Light_Load,3.67
1442,1,13.18,1.44,0.03,98.46,99.98,67500,Weekday,Wednesday,Maximum_Load,74.12
1443,11,7.27,0,0,45.75,100,20700,Weekend,Saturday,Light_Load,3.74
1444,1,42.37,0,0.04,90.01,100,12600,Weekend,Saturday,Light_Load,87.55
1445,8,25.09,0,0.02,89.18,100,59400,Weekday,Thursday,Maximum_Load,49.46
1446,11,1.98,0.18,0,81.35,99.79,85500,Weekend,Saturday,Light_Load,2.77
1447,6,6.59,0,0,53.84,100,83700,Weekday,Monday,Light_Load,4.21
1448,12,24.95,0,0.02,90.84,100,54000,Weekday,Monday,Medium_Load,54.22
1449,1,30.13,0,0.03,91.18,100,72000,Weekday,Monday,Maximum_Load,66.92
1450,9,5.26,0,0,46.2,100,2700,Weekday,Monday,Light_Load,2.74
1451,3,61.13,0,0.05,86.15,100,41400,Weekday,Friday,Maximum_Load,103.72
1452,1,57.6,0,0.05,87.49,100,49500,Weekday,Wednesday,Medium_Load,104.04
1453,3,3.35,0,0,67.44,100,24300,Weekday,Monday,Light_Load,3.06
1454,12,0.04,6.52,0.01,100,97.73,58500,Weekday,Friday,Medium_Load,30.06
1455,1,0,8.39,0.01,100,95.88,53100,Weekend,Saturday,Medium_Load,28.3
1456,7,3.53,0,0,64.63,100,27000,Weekday,Monday,Light_Load,2.99
1457,3,0,8.46,0.01,100,95.89,64800,Weekday,Tuesday,Medium_Load,28.58
1458,11,5.15,0,0,62,100,12600,Weekday,Thursday,Light_Load,4.07
1459,8,4.75,0,0,49.42,100,6300,Weekday,Thursday,Light_Load,2.7
1460,5,10.98,0.07,0.02,97.2,100,50400,Weekday,Wednesday,Maximum_Load,45.4
1461,1,40.46,0,0.05,92.74,100,48600,Weekday,Friday,Medium_Load,100.3
1462,3,4,0,0,77.9,100,12600,Weekday,Friday,Light_Load,4.97
1463,6,39.64,0,0.02,75.68,100,41400,Weekday,Thursday,Maximum_Load,45.9
1464,8,5.98,0,0,47.18,100,9900,Weekday,Friday,Light_Load,3.2
1465,1,4.68,0,0,70.18,100,3600,Weekday,Thursday,Light_Load,4.61
1466,3,4.72,0,0,61.8,100,0,Weekday,Thursday,Light_Load,3.71
1467,7,6.23,0,0,48.55,100,81900,Weekday,Thursday,Medium_Load,3.46
1468,7,0,4.1,0,100,60.31,83700,Weekday,Friday,Light_Load,3.1
1469,9,0,10.84,0,100,25.68,67500,Weekday,Monday,Light_Load,2.88
1470,9,0,16.02,0,100,22.96,79200,Weekday,Thursday,Medium_Load,3.78
1471,9,6.48,0,0,46.25,100,85500,Weekday,Thursday,Light_Load,3.38
1472,2,38.7,0.11,0.03,83.13,100,65700,Weekday,Friday,Maximum_Load,57.89
1473,2,3.67,0,0,71.75,100,6300,Weekend,Sunday,Light_Load,3.78
1474,12,0,14.9,0,100,39.31,66600,Weekday,Monday,Maximum_Load,6.37
1475,1,4.9,0,0,68.52,100,7200,Weekday,Thursday,Light_Load,4.61
1476,3,1.55,0.65,0.02,99.91,99.98,61200,Weekday,Tuesday,Maximum_Load,36.58
1477,7,17.28,0,0.01,72.41,100,29700,Weekday,Wednesday,Light_Load,18.14
1478,1,3.96,0,0,76.06,100,0,Weekend,Saturday,Light_Load,4.64
1479,10,23.8,0,0.02,88.66,100,36900,Weekend,Saturday,Maximum_Load,45.61
1480,2,0,14.76,0,100,26.58,67500,Weekend,Sunday,Light_Load,4.07
1481,4,0,16.88,0,100,19.86,79200,Weekend,Sunday,Medium_Load,3.42
1482,5,3.49,0,0,63.12,100,84600,Weekend,Saturday,Light_Load,2.84
1483,8,0,17.24,0,100,16.25,69300,Weekday,Wednesday,Light_Load,2.84
1484,6,0,20.38,0,100,21.24,46800,Weekday,Tuesday,Medium_Load,4.43
1485,10,5.29,0,0,58.84,100,0,Weekday,Wednesday,Light_Load,3.85
1486,8,5.87,0,0,46.23,100,12600,Weekday,Tuesday,Light_Load,3.06
1487,5,37.87,0,0.05,94.64,100,34200,Weekday,Thursday,Medium_Load,110.95
1488,2,23.11,0,0.03,95.67,100,65700,Weekday,Wednesday,Maximum_Load,75.92
1489,10,27.32,0,0.02,88.55,100,67500,Weekday,Friday,Medium_Load,52.06
1490,9,32.94,0,0.03,88.77,100,75600,Weekday,Thursday,Medium_Load,63.5
1491,8,5.72,0,0,44.09,100,9000,Weekday,Monday,Light_Load,2.81
1492,6,4.9,0,0,50.15,100,83700,Weekend,Sunday,Light_Load,2.84
1493,9,0,11.23,0,100,32.73,44100,Weekday,Thursday,Medium_Load,3.89
1494,4,20.3,0.36,0.04,97.74,100,35100,Weekend,Sunday,Medium_Load,93.96
1495,5,28.19,0,0.03,93.29,100,66600,Weekday,Wednesday,Medium_Load,73.01
1496,7,5.04,0,0,48.17,100,15300,Weekday,Thursday,Light_Load,2.77
1497,4,1.44,14.18,0,94.09,27.15,80100,Weekday,Wednesday,Medium_Load,4
1498,9,5.65,0,0,41.67,100,15300,Weekday,Tuesday,Light_Load,2.59
1499,8,0,16.42,0,100,17.68,54900,Weekday,Thursday,Light_Load,2.95
1500,6,0,24.95,0,100,14.44,72000,Weekend,Sunday,Medium_Load,3.64
1501,8,20.56,0,0.02,92.49,100,74700,Weekday,Tuesday,Medium_Load,50
1502,10,7.09,0,0,47.05,100,82800,Weekday,Thursday,Medium_Load,3.78
1503,3,4,0,0,60.26,100,10800,Weekday,Thursday,Light_Load,3.02
1504,2,4.75,0,0,77.15,100,81900,Weekday,Monday,Maximum_Load,5.76
1505,7,29.38,0,0.02,83.33,100,40500,Weekday,Monday,Maximum_Load,44.28
1506,10,5.76,0,0,45.22,100,18000,Weekend,Saturday,Light_Load,2.92
1507,9,5.26,0,0,47.12,100,4500,Weekday,Thursday,Light_Load,2.81
1508,11,48.49,0,0.04,85.11,100,32400,Weekday,Monday,Light_Load,78.62
1509,10,6.23,0.18,0,47.69,99.86,80100,Weekend,Saturday,Medium_Load,3.38
1510,4,3.82,0,0,62.52,100,15300,Weekday,Wednesday,Light_Load,3.06
1511,5,4.75,0,0,53.27,100,83700,Weekend,Saturday,Light_Load,2.99
1512,10,3.82,0,0,60.2,100,22500,Weekday,Wednesday,Light_Load,2.88
1513,6,17.82,0,0.03,97.36,100,74700,Weekday,Monday,Medium_Load,76.07
1514,1,30.2,0,0.02,81.12,100,900,Weekday,Thursday,Light_Load,41.9
1515,8,0,13.32,0,100,31.3,45900,Weekday,Tuesday,Medium_Load,4.39
1516,2,4.39,0,0,70.71,100,22500,Weekday,Thursday,Light_Load,4.39
1517,2,29.77,0,0.02,83.46,100,31500,Weekend,Saturday,Light_Load,45.11
1518,8,0,5.15,0,100,56.54,66600,Weekend,Sunday,Medium_Load,3.53
1519,8,0,15.98,0,100,27.5,46800,Weekday,Thursday,Medium_Load,4.57
1520,10,5.8,3.42,0.02,99.18,99.71,75600,Weekday,Wednesday,Medium_Load,45.07
1521,4,5.18,0,0,56.64,100,8100,Weekday,Friday,Light_Load,3.56
1522,2,38.3,0,0.03,84.68,100,2700,Weekday,Friday,Light_Load,60.98
1523,6,0,22.46,0,100,26.29,50400,Weekend,Saturday,Light_Load,6.12
1524,5,0,4.75,0,100,50.92,41400,Weekend,Sunday,Light_Load,2.81
1525,7,14.83,1.22,0.02,92.03,99.94,65700,Weekday,Friday,Medium_Load,34.88
1526,2,0,6.73,0,100,54.37,43200,Weekday,Friday,Light_Load,4.36
1527,8,5.04,0,0,56.93,100,19800,Weekday,Monday,Light_Load,3.49
1528,12,2.3,0.07,0,81.2,99.98,19800,Weekday,Friday,Light_Load,3.2
1529,12,20.34,0,0.04,97.48,100,58500,Weekday,Thursday,Medium_Load,88.92
1530,5,32.58,0,0.03,89.13,100,36000,Weekday,Friday,Medium_Load,64.04
1531,12,2.7,0,0,77.86,100,12600,Weekend,Sunday,Light_Load,3.35
1532,10,3.56,0,0,63.81,100,27000,Weekday,Wednesday,Light_Load,2.95
1533,3,29.66,0,0.05,95.84,100,72900,Weekday,Monday,Medium_Load,99.61
1534,11,3.78,0,0,78.5,100,14400,Weekend,Saturday,Light_Load,4.79
1535,12,3.82,0,0,68.58,100,16200,Weekday,Tuesday,Light_Load,3.6
1536,10,4.43,0,0,51.05,100,7200,Weekday,Tuesday,Light_Load,2.63
1537,4,15.12,1.4,0.04,98.2,99.98,49500,Weekend,Sunday,Maximum_Load,78.62
1538,5,5.33,0,0,63.32,100,27900,Weekday,Friday,Light_Load,4.36
1539,3,3.82,0,0,62.52,100,5400,Weekday,Monday,Light_Load,3.06
1540,8,5.76,0,0,45.22,100,15300,Weekday,Tuesday,Light_Load,2.92
1541,4,34.13,0,0.04,94.31,100,36900,Weekday,Wednesday,Maximum_Load,96.84
1542,1,17.03,0,0.04,98.4,100,76500,Weekday,Monday,Medium_Load,94.07
1543,4,28.04,0,0.03,91.34,100,35100,Weekday,Wednesday,Medium_Load,62.93
1544,9,5.44,0,0,57.47,100,85500,Weekend,Saturday,Light_Load,3.82
1545,8,0,14.76,0,100,20.05,50400,Weekend,Sunday,Light_Load,3.02
1546,5,4.21,0,0,68.51,100,0,Weekday,Tuesday,Light_Load,3.96
1547,2,14.51,0.9,0.03,98.24,99.99,70200,Weekday,Thursday,Maximum_Load,76.32
1548,5,0,23,0,100,23.3,39600,Weekend,Sunday,Maximum_Load,5.51
1549,4,0,5,0,100,50.81,42300,Weekend,Sunday,Light_Load,2.95
1550,2,5.72,0,0,72.03,100,15300,Weekday,Wednesday,Light_Load,5.94
1551,6,25.85,0.22,0.02,85.87,100,65700,Weekday,Monday,Medium_Load,43.31
1552,6,0.97,10.33,0,95.12,27.8,80100,Weekday,Wednesday,Medium_Load,2.99
1553,5,36.65,0,0.03,87.03,100,38700,Weekday,Friday,Maximum_Load,64.76
1554,2,34.2,0,0.05,94.58,100,69300,Weekday,Tuesday,Maximum_Load,99.61
1555,6,0,12.06,0,100,25.95,44100,Weekend,Saturday,Light_Load,3.24
1556,4,0,6.84,0,100,47.98,66600,Weekend,Saturday,Medium_Load,3.74
1557,1,17.57,0,0.03,95.86,100,38700,Weekday,Monday,Maximum_Load,59.18
1558,2,11.48,0,0.03,97.86,100,36900,Weekday,Monday,Maximum_Load,54.61
1559,7,4.54,0,0,52.63,100,16200,Weekday,Tuesday,Light_Load,2.81
1560,7,0,16.6,0,100,17.5,73800,Weekend,Sunday,Medium_Load,2.95
1561,9,0,10.87,0,100,25.03,53100,Weekend,Saturday,Light_Load,2.81
1562,6,23.83,0,0.01,71.66,100,30600,Weekend,Saturday,Light_Load,24.48
1563,6,4.54,0,0,55,100,900,Weekday,Tuesday,Light_Load,2.99
1564,9,6.7,0,0,44.72,100,2700,Weekday,Thursday,Light_Load,3.35
1565,7,35.78,0,0.03,83.66,100,38700,Weekday,Friday,Maximum_Load,54.65
1566,11,0,18.76,0,100,20.1,61200,Weekend,Sunday,Light_Load,3.85
1567,8,34.13,0,0.04,93.66,100,33300,Weekend,Saturday,Medium_Load,91.19
1568,6,0,24.91,0,100,18.62,46800,Weekday,Tuesday,Medium_Load,4.72
1569,9,0,6.37,0,100,46.55,43200,Weekend,Saturday,Light_Load,3.35
1570,11,26.82,0,0.03,91.83,100,68400,Weekday,Wednesday,Maximum_Load,62.21
1571,2,5,0,0,55.66,100,1800,Weekday,Monday,Light_Load,3.35
1572,6,4.28,0,0,62.87,100,82800,Weekday,Wednesday,Medium_Load,3.46
1573,8,5.87,0,0,43.55,100,24300,Weekend,Saturday,Light_Load,2.84
1574,1,40.39,0,0.06,95.15,100,54000,Weekday,Tuesday,Medium_Load,124.92
1575,1,5.83,0,0,58.27,100,18000,Weekend,Saturday,Light_Load,4.18
1576,3,0,25.67,0,100,20.84,77400,Weekday,Wednesday,Medium_Load,5.47
1577,6,0,25.88,0,100,14.04,74700,Weekday,Friday,Medium_Load,3.67
1578,9,7.45,0,0,44.87,100,29700,Weekend,Sunday,Light_Load,3.74
1579,12,33.59,0,0.03,90.65,100,62100,Weekday,Friday,Maximum_Load,72.11
1580,5,33.55,0,0.03,89.06,100,36000,Weekday,Friday,Medium_Load,65.7
1581,8,0,13.07,0,100,32.55,45900,Weekday,Friday,Medium_Load,4.5
1582,7,0,13.46,0,100,26.77,80100,Weekday,Tuesday,Medium_Load,3.74
1583,5,3.85,0,0,59.36,100,21600,Weekday,Monday,Light_Load,2.84
1584,3,4.54,0,0,63.58,100,83700,Weekday,Thursday,Light_Load,3.74
1585,7,4.32,0,0,52,100,3600,Weekday,Thursday,Light_Load,2.63
1586,3,0.47,5.08,0.02,99.99,98.97,63900,Weekday,Friday,Medium_Load,35.1
1587,6,5,0,0,58,100,82800,Weekday,Thursday,Medium_Load,3.56
1588,7,4.28,0,0,59.03,100,18000,Weekday,Tuesday,Light_Load,3.13
1589,9,5.04,0,0,46.68,100,85500,Weekday,Friday,Light_Load,2.66
1590,7,18.04,0,0.03,95.01,100,62100,Weekday,Tuesday,Medium_Load,54.94
1591,10,5.4,0,0,47.57,100,25200,Weekday,Friday,Light_Load,2.92
1592,3,3.28,0,0,69.04,100,11700,Weekend,Saturday,Light_Load,3.13
1593,11,5.62,0.14,0.02,98.74,100,50400,Weekend,Sunday,Medium_Load,35.1
1594,8,21.92,0,0.02,87.68,100,66600,Weekday,Thursday,Medium_Load,39.96
1595,4,27.97,0.43,0.02,82.36,99.99,65700,Weekday,Tuesday,Medium_Load,40.61
1596,7,4.75,0,0,50.38,100,24300,Weekday,Monday,Light_Load,2.77
1597,5,0,20.74,0,100,20.57,73800,Weekday,Tuesday,Medium_Load,4.36
1598,12,3.28,0.04,0,75.18,99.99,1800,Weekend,Sunday,Light_Load,3.74
1599,10,7.27,0,0,50.11,100,27900,Weekday,Monday,Light_Load,4.21
1600,3,8.24,0.04,0.02,98.18,100,69300,Weekday,Monday,Medium_Load,42.59
1601,1,32.29,0,0.04,94.91,100,53100,Weekday,Monday,Medium_Load,97.27
1602,11,0,21.53,0,100,25.38,44100,Weekday,Friday,Medium_Load,5.65
1603,1,1.01,9,0.02,99.96,97.27,63900,Weekday,Monday,Maximum_Load,37.73
1604,8,25.34,0,0.02,89.61,100,51300,Weekday,Tuesday,Maximum_Load,51.16
1605,6,0,17.03,0,100,21.45,75600,Weekend,Saturday,Light_Load,3.74
1606,8,46.87,0,0.05,91.55,100,55800,Weekday,Friday,Maximum_Load,106.67
1607,8,4.82,0,0,55.31,100,9000,Weekday,Thursday,Light_Load,3.2
1608,5,4.9,0,0,52.47,100,26100,Weekend,Sunday,Light_Load,3.02
1609,9,7.56,0.79,0,74.84,99.57,31500,Weekend,Sunday,Light_Load,8.53
1610,11,0,17.14,0,100,22.29,77400,Weekday,Thursday,Medium_Load,3.92
1611,1,5.11,0,0,62.3,100,29700,Weekend,Saturday,Light_Load,4.07
1612,12,0,21.46,0,100,20.35,74700,Weekday,Monday,Medium_Load,4.46
1613,11,0,17.35,0,100,23,75600,Weekend,Saturday,Medium_Load,4.1
1614,10,5.69,0,0,45.16,100,15300,Weekday,Monday,Light_Load,2.88
1615,4,18.72,0.72,0.02,90.29,99.98,65700,Weekday,Friday,Medium_Load,39.31
1616,2,4.43,0,0,79.82,100,16200,Weekend,Saturday,Light_Load,5.87
1617,5,5.4,0,0,47.94,100,9900,Weekday,Thursday,Light_Load,2.95
1618,8,51.62,0,0.03,75.52,100,31500,Weekday,Thursday,Light_Load,59.47
1619,1,3.31,0,0,69.95,100,16200,Weekend,Sunday,Light_Load,3.24
1620,5,3.53,0,0,70.31,100,84600,Weekday,Friday,Light_Load,3.49
1621,1,4.43,0,0,71.57,100,9000,Weekday,Wednesday,Light_Load,4.54
1622,7,34.38,0,0.04,91.53,100,36000,Weekday,Friday,Medium_Load,78.12
1623,1,0,25.24,0,100,35.94,45900,Weekday,Tuesday,Medium_Load,9.72
1624,8,32.62,0,0.02,85.41,100,61200,Weekday,Thursday,Maximum_Load,53.57
1625,3,5.36,0,0,54.23,100,81900,Weekday,Friday,Medium_Load,3.46
1626,10,16.24,0,0.01,89.4,100,65700,Weekday,Wednesday,Medium_Load,32.4
1627,5,36,0,0.04,93.68,100,38700,Weekday,Monday,Maximum_Load,96.41
1628,3,4.54,0,0,62.55,100,2700,Weekday,Thursday,Light_Load,3.64
1629,8,5.11,0,0,49.61,100,7200,Weekend,Saturday,Light_Load,2.92
1630,11,1.87,0.32,0,83.52,99.37,24300,Weekday,Wednesday,Light_Load,2.84
1631,10,0,6.44,0,100,42.11,66600,Weekend,Sunday,Light_Load,2.99
1632,7,20.27,0.04,0.02,93.45,100,74700,Weekday,Wednesday,Medium_Load,53.21
1633,11,4.9,0,0,54.68,100,21600,Weekday,Friday,Light_Load,3.2
1634,11,5.33,0,0,50.28,100,15300,Weekday,Tuesday,Light_Load,3.1
1635,11,73.12,0,0.05,85.22,100,31500,Weekday,Thursday,Light_Load,119.12
1636,3,3.74,0,0,70.71,100,27000,Weekday,Wednesday,Light_Load,3.74
1637,4,15.62,0,0.02,94.42,100,51300,Weekday,Thursday,Maximum_Load,44.78
1638,9,0,14.58,0,100,19.83,62100,Weekday,Tuesday,Light_Load,2.95
1639,2,6.05,0,0,70.3,100,11700,Weekday,Tuesday,Light_Load,5.98
1640,6,3.49,0,0,59.59,100,3600,Weekday,Tuesday,Light_Load,2.59
1641,3,0,9.58,0,100,44.72,66600,Weekend,Saturday,Medium_Load,4.79
1642,12,0,20.34,0,100,42.61,62100,Weekday,Friday,Maximum_Load,9.58
1643,5,0,16.63,0,100,18.72,46800,Weekend,Sunday,Light_Load,3.17
1644,12,0,13.86,0,100,23.23,60300,Weekend,Sunday,Light_Load,3.31
1645,12,15.48,5.54,0.02,94,99.17,47700,Weekday,Monday,Medium_Load,42.66
1646,8,3.74,0,0,64.66,100,84600,Weekend,Saturday,Light_Load,3.17
1647,2,5.54,0,0,66.78,100,22500,Weekday,Tuesday,Light_Load,4.97
1648,2,26.14,0,0.03,94.56,100,37800,Weekday,Friday,Maximum_Load,76
1649,3,37.37,0,0.03,87.64,100,62100,Weekday,Friday,Medium_Load,68
1650,11,5.11,0,0,51.87,100,18000,Weekday,Friday,Light_Load,3.1
1651,8,4.82,0,0,48.32,100,8100,Weekday,Thursday,Light_Load,2.66
1652,7,3.85,0,0,58.4,100,22500,Weekday,Wednesday,Light_Load,2.77
1653,10,32.54,0,0.03,89.04,100,71100,Weekday,Monday,Medium_Load,63.65
1654,11,2.59,0,0,76.74,100,21600,Weekday,Thursday,Light_Load,3.1
1655,5,22.9,0,0.01,72,100,29700,Weekend,Saturday,Light_Load,23.76
1656,11,47.99,0,0.05,91.08,100,55800,Weekday,Friday,Medium_Load,105.84
1657,10,5.9,0,0,45.56,100,85500,Weekday,Wednesday,Light_Load,3.02
1658,2,2.09,2.88,0.02,99.9,99.8,74700,Weekday,Friday,Medium_Load,45.97
1659,9,33.41,0,0.03,85.71,100,35100,Weekday,Tuesday,Medium_Load,55.58
1660,8,6.05,0,0,42.49,100,10800,Weekday,Friday,Light_Load,2.84
1661,11,7.49,0,0,45.05,100,15300,Weekend,Saturday,Light_Load,3.78
1662,10,0,10.04,0,100,28.19,42300,Weekend,Sunday,Light_Load,2.95
1663,3,38.12,0,0.03,85.77,100,40500,Weekday,Tuesday,Maximum_Load,63.58
1664,6,6.23,0,0,50.45,100,5400,Weekday,Wednesday,Light_Load,3.64
1665,12,39.13,0,0.03,86.62,100,42300,Weekday,Thursday,Maximum_Load,67.82
1666,3,14.87,0.94,0.04,98.48,99.99,64800,Weekday,Wednesday,Medium_Load,84.35
1667,7,22,0,0.03,92.99,100,35100,Weekend,Saturday,Medium_Load,55.62
1668,3,0,5.22,0,100,48.31,43200,Weekend,Saturday,Light_Load,2.88
1669,4,0,26.53,0,100,12.79,78300,Weekend,Saturday,Medium_Load,3.42
1670,2,51.16,0,0.04,85.53,100,42300,Weekday,Thursday,Maximum_Load,84.46
1671,12,3.82,0,0,68.18,100,8100,Weekday,Tuesday,Light_Load,3.56
1672,2,29.48,0,0.04,95.63,100,34200,Weekday,Tuesday,Medium_Load,96.41
1673,2,22.07,0,0.02,85.02,100,29700,Weekend,Saturday,Light_Load,35.64
1674,11,4.86,0,0,54.63,100,10800,Weekend,Saturday,Light_Load,3.17
1675,4,0,4.86,0,100,50.98,43200,Weekend,Sunday,Light_Load,2.88
1676,1,53.57,0,0.06,92,100,62100,Weekday,Friday,Maximum_Load,125.75
1677,9,17.6,0,0.02,93.55,100,52200,Weekend,Saturday,Maximum_Load,46.58
1678,5,31.54,0,0.03,89.23,100,72900,Weekday,Thursday,Medium_Load,62.35
1679,5,0.07,14.72,0.01,100,76.12,47700,Weekend,Saturday,Maximum_Load,17.28
1680,10,0,11.95,0,100,28.55,64800,Weekday,Wednesday,Medium_Load,3.56
1681,3,2.59,0,0,76.74,100,7200,Weekend,Saturday,Light_Load,3.1
1682,8,0,17.32,0,100,16.01,36000,Weekend,Saturday,Light_Load,2.81
1683,7,17.21,0,0.03,95.51,100,70200,Weekday,Tuesday,Medium_Load,55.48
1684,5,4.03,0,0,61.34,100,17100,Weekend,Saturday,Light_Load,3.13
1685,5,37.19,0,0.05,95.21,100,58500,Weekday,Wednesday,Maximum_Load,115.78
1686,5,37.51,0,0.03,87.42,100,72900,Weekday,Monday,Medium_Load,67.54
1687,4,46.15,0,0.03,76.98,100,30600,Weekday,Friday,Light_Load,55.66
1688,2,0,16.7,0,100,20.68,54000,Weekend,Sunday,Light_Load,3.53
1689,1,67.36,0,0.04,81.15,100,66600,Weekday,Tuesday,Maximum_Load,93.53
1690,8,0,10.15,0,100,27.3,67500,Weekend,Sunday,Light_Load,2.88
1691,7,28.91,0,0.03,89.68,100,67500,Weekday,Tuesday,Medium_Load,58.61
1692,5,31.72,0,0.03,89.37,100,55800,Weekday,Monday,Maximum_Load,63.18
1693,11,3.24,0.04,0,74.7,99.99,11700,Weekend,Saturday,Light_Load,3.64
1694,10,6.34,0,0,51.21,100,27000,Weekday,Wednesday,Light_Load,3.78
1695,7,4.79,0,0,51,100,0,Weekday,Tuesday,Light_Load,2.84
1696,12,0,13.75,0,100,23.4,55800,Weekend,Saturday,Light_Load,3.31
1697,6,23.33,0,0.02,91.38,100,67500,Weekday,Friday,Medium_Load,52.49
1698,4,27.97,0,0.03,92.49,100,60300,Weekday,Tuesday,Maximum_Load,68.04
1699,1,28.87,0,0.02,76.91,100,8100,Weekday,Thursday,Light_Load,34.74
1700,6,17.68,0,0.02,92.58,100,72000,Weekday,Tuesday,Medium_Load,43.31
1701,5,0,16.96,0,100,18.37,59400,Weekend,Sunday,Light_Load,3.17
1702,5,7.09,1.94,0.02,98.64,99.9,63000,Weekday,Monday,Medium_Load,42.62
1703,6,4.43,0,0,52.6,100,5400,Weekday,Tuesday,Light_Load,2.74
1704,12,3.2,0.47,0,84.42,99.57,80100,Weekday,Wednesday,Maximum_Load,5.04
1705,9,4.93,0,0,47.07,100,3600,Weekend,Saturday,Light_Load,2.63
1706,8,1.3,9.54,0,98.43,60.45,44100,Weekday,Wednesday,Medium_Load,7.24
1707,3,2.77,0,0,74.57,100,21600,Weekend,Saturday,Light_Load,3.1
1708,10,6.3,0,0,48.14,100,10800,Weekday,Monday,Light_Load,3.46
1709,11,2.45,0.4,0,82.67,99.39,5400,Weekday,Friday,Light_Load,3.6
1710,8,4.54,0,0,49.55,100,27900,Weekend,Sunday,Light_Load,2.59
1711,12,0,14.51,0,100,24.33,68400,Weekend,Sunday,Light_Load,3.64
1712,8,33.59,0,0.03,87.84,100,36000,Weekday,Wednesday,Medium_Load,61.74
1713,9,5.22,0,0,42.91,100,21600,Weekday,Wednesday,Light_Load,2.48
1714,9,21.38,0,0.02,88.75,100,36900,Weekday,Friday,Maximum_Load,41.18
1715,8,5.15,0,0,48.29,100,0,Weekday,Tuesday,Light_Load,2.84
1716,5,33.88,0,0.03,88.78,100,34200,Weekday,Monday,Medium_Load,65.34
1717,8,50.51,0,0.02,70.73,100,31500,Weekday,Monday,Light_Load,50.54
1718,10,0,18.32,0,100,20.92,77400,Weekday,Wednesday,Medium_Load,3.92
1719,7,35.82,0,0.04,93.03,100,71100,Weekday,Tuesday,Medium_Load,90.83
1720,12,34.45,0,0.03,89.22,100,54000,Weekday,Friday,Medium_Load,68.04
1721,3,0,26.89,0,100,19.55,79200,Weekday,Tuesday,Medium_Load,5.36
1722,8,4.68,4.86,0.01,98.22,98.08,75600,Weekday,Thursday,Medium_Load,24.44
1723,4,11.16,0.25,0.03,98.51,100,74700,Weekday,Tuesday,Medium_Load,63.83
1724,10,4.86,0,0,49.52,100,10800,Weekend,Sunday,Light_Load,2.77
1725,3,27.25,0,0.03,93.83,100,74700,Weekday,Thursday,Medium_Load,73.94
1726,10,7.2,0,0,53.59,100,28800,Weekday,Friday,Light_Load,4.57
1727,11,0,16.92,0,100,24.95,77400,Weekday,Friday,Medium_Load,4.36
1728,11,43.38,0,0.03,85.63,100,40500,Weekday,Wednesday,Maximum_Load,71.93
1729,8,25.88,0,0.01,71.06,100,29700,Weekday,Friday,Light_Load,26.14
1730,11,27.83,0,0.03,90,100,54000,Weekday,Thursday,Medium_Load,57.46
1731,3,3.96,0,0,59.35,100,24300,Weekday,Friday,Light_Load,2.92
1732,11,3.06,0,0,77.14,100,0,Weekday,Wednesday,Light_Load,3.71
1733,5,42.19,0,0.04,91.34,100,53100,Weekday,Thursday,Maximum_Load,94.64
1734,12,0,18.04,0,100,21.08,43200,Weekend,Sunday,Light_Load,3.89
1735,2,6.26,0,0,69.26,100,82800,Weekday,Tuesday,Maximum_Load,6.01
1736,4,0,26.57,0,100,14.6,72000,Weekday,Wednesday,Medium_Load,3.92
1737,11,49.97,0,0.05,91.78,100,63000,Weekday,Wednesday,Maximum_Load,115.49
1738,6,0,11.2,0,100,31.14,67500,Weekend,Saturday,Medium_Load,3.67
1739,7,14.11,0,0.01,91.43,100,50400,Weekend,Saturday,Maximum_Load,31.86
1740,9,0,16.99,0,100,33.89,46800,Weekday,Thursday,Medium_Load,6.12
1741,2,5.26,0,0,74.64,100,9900,Weekday,Tuesday,Light_Load,5.9
1742,12,3.02,0.07,0,77.22,99.98,0,Weekday,Monday,Light_Load,3.67
1743,5,0,25.06,0,100,20.54,77400,Weekday,Friday,Medium_Load,5.26
1744,10,0,11.95,0,100,21.73,58500,Weekend,Sunday,Light_Load,2.66
1745,8,5.33,0,0,46.64,100,6300,Weekend,Sunday,Light_Load,2.81
1746,9,5.47,0,0,43.33,100,5400,Weekday,Monday,Light_Load,2.63
1747,5,3.92,0,0,61.53,100,83700,Weekend,Sunday,Light_Load,3.06
1748,3,0,25.81,0,100,16.1,78300,Weekday,Monday,Medium_Load,4.21
1749,10,0,17.17,0,100,22.26,67500,Weekday,Wednesday,Medium_Load,3.92
1750,5,30.71,0,0.04,93.92,100,55800,Weekday,Thursday,Maximum_Load,83.99
1751,8,29.23,0,0.03,88.88,100,71100,Weekday,Friday,Medium_Load,56.7
1752,12,1.01,13,0.01,99.87,84.04,75600,Weekday,Thursday,Medium_Load,20.16
1753,5,0.11,13,0,99.97,31.54,44100,Weekday,Monday,Medium_Load,4.32
1754,3,0,26.96,0,100,19.88,78300,Weekday,Thursday,Medium_Load,5.47
1755,8,0,16.74,0,100,17.36,75600,Weekend,Saturday,Light_Load,2.95
1756,3,0.94,9.94,0.01,99.91,91.07,47700,Weekend,Saturday,Maximum_Load,21.92
1757,6,0,17.1,0,100,17.39,73800,Weekend,Sunday,Medium_Load,3.02
1758,7,3.74,1.12,0.02,99.55,99.96,63000,Weekday,Wednesday,Medium_Load,39.38
1759,12,0,16.2,0,100,24.14,43200,Weekend,Sunday,Light_Load,4.03
1760,12,0,20.95,0,100,18.89,33300,Weekend,Sunday,Light_Load,4.03
1761,5,3.85,0,0,69,100,9900,Weekday,Friday,Light_Load,3.67
1762,3,0,23.58,0,100,15.99,45900,Weekend,Sunday,Light_Load,3.82
1763,8,22.68,0,0.02,90.42,100,48600,Weekday,Tuesday,Maximum_Load,48.02
1764,12,0,16.99,0,100,20.95,63900,Weekend,Sunday,Light_Load,3.64
1765,2,0,17.6,0,100,18.7,77400,Weekday,Thursday,Light_Load,3.35
1766,12,3.13,0.22,0,88.11,99.93,27900,Weekday,Wednesday,Light_Load,5.83
1767,6,6.34,0,0,49.79,100,19800,Weekday,Friday,Light_Load,3.64
1768,10,40.03,0,0.05,93.21,100,60300,Weekend,Saturday,Maximum_Load,103.03
1769,10,5.04,0,0,46.26,100,9900,Weekday,Monday,Light_Load,2.63
1770,10,7.16,0,0,51.66,100,84600,Weekday,Monday,Light_Load,4.32
1771,9,5.65,0,0,49.28,100,84600,Weekday,Friday,Light_Load,3.2
1772,4,43.78,0,0.04,89.74,100,71100,Weekday,Thursday,Medium_Load,89.06
1773,12,3.53,0.07,0,76.63,99.99,3600,Weekday,Tuesday,Light_Load,4.21
1774,10,4.82,0,0,48.87,100,29700,Weekend,Sunday,Light_Load,2.7
1775,1,47.12,0,0.06,93.53,100,51300,Weekday,Monday,Medium_Load,124.52
1776,6,5.44,0,0,47.29,100,81000,Weekend,Sunday,Light_Load,2.92
1777,6,5.69,0,0,51.07,100,12600,Weekend,Saturday,Light_Load,3.38
1778,10,4.54,0,0,51.67,100,1800,Weekend,Sunday,Light_Load,2.74
1779,8,5.94,0,0,42.76,100,0,Weekday,Wednesday,Light_Load,2.81
1780,1,32,0,0.03,91.31,100,32400,Weekday,Friday,Light_Load,71.64
1781,8,0,19.48,0,100,27.03,45900,Weekday,Monday,Medium_Load,5.47
1782,7,0,5.4,0,100,45.25,1800,Weekday,Wednesday,Light_Load,2.74
1783,12,15.3,0,0.02,95.64,100,36000,Weekday,Monday,Medium_Load,50.08
1784,2,3.31,0,0,74.62,100,81000,Weekend,Saturday,Light_Load,3.71
1785,9,63.07,0,0.06,88.96,100,58500,Weekday,Thursday,Maximum_Load,122.87
1786,3,37.66,0,0.02,74.55,100,30600,Weekday,Tuesday,Light_Load,42.12
1787,6,0,16.31,0,100,22.18,45000,Weekend,Sunday,Light_Load,3.71
1788,11,0,13.82,0,100,22.83,41400,Weekend,Saturday,Light_Load,3.24
1789,11,48.1,0,0.05,90.12,100,53100,Weekend,Saturday,Medium_Load,100.01
1790,6,5.8,0,0,44.97,100,21600,Weekend,Saturday,Light_Load,2.92
1791,9,34.49,0,0.04,93.21,100,63000,Weekday,Monday,Medium_Load,88.74
1792,10,47.41,0,0.03,83.71,100,36900,Weekday,Monday,Maximum_Load,72.54
1793,9,6.08,0.97,0.01,97.87,99.94,64800,Weekday,Friday,Medium_Load,29.02
1794,4,4.28,0,0,63.95,100,3600,Weekday,Tuesday,Light_Load,3.56
1795,8,33.08,0,0.04,94.51,100,49500,Weekend,Saturday,Maximum_Load,95.65
1796,9,0,10.19,0,100,30.3,37800,Weekend,Saturday,Light_Load,3.24
1797,5,4.1,0,0,65.56,100,81900,Weekday,Monday,Medium_Load,3.56
1798,5,0,25.13,0,100,18.99,46800,Weekday,Wednesday,Medium_Load,4.86
1799,3,3.92,0,0,62.4,100,19800,Weekend,Saturday,Light_Load,3.13
1800,6,16.27,0,0.02,93.74,100,49500,Weekday,Tuesday,Maximum_Load,43.81
1801,9,5.04,0,0,50.13,100,1800,Weekday,Friday,Light_Load,2.92
1802,11,2.77,0,0,80.36,100,14400,Weekday,Tuesday,Light_Load,3.74
1803,6,4.68,0,0,59.45,100,900,Weekend,Saturday,Light_Load,3.46
1804,4,4.57,0,0,57.36,100,6300,Weekday,Tuesday,Light_Load,3.2
1805,8,0.04,4.39,0.01,100,98.52,45900,Weekday,Monday,Medium_Load,25.27
1806,3,6.01,0.36,0,78.71,99.89,31500,Weekend,Saturday,Light_Load,7.67
1807,10,33.16,0,0.02,85.22,100,40500,Weekday,Tuesday,Maximum_Load,54
1808,4,2.7,0,0,72.95,100,19800,Weekday,Tuesday,Light_Load,2.88
1809,2,33.84,0,0.05,94.82,100,72000,Weekday,Monday,Maximum_Load,100.98
1810,9,24.8,0,0.02,87.5,100,54900,Weekend,Sunday,Maximum_Load,44.82
1811,12,26.6,0,0.03,91.96,100,58500,Weekday,Thursday,Medium_Load,62.28
1812,9,4.79,0,0,47.56,100,82800,Weekend,Sunday,Light_Load,2.59
1813,4,34.02,0.58,0.03,89.77,100,63000,Weekday,Monday,Medium_Load,69.3
1814,5,43.38,0,0.05,92.14,100,37800,Weekday,Tuesday,Maximum_Load,102.82
1815,11,2.41,0.07,0,93.4,99.99,28800,Weekday,Thursday,Light_Load,6.3
1816,12,0,13.68,0,100,26.17,45000,Weekend,Saturday,Medium_Load,3.71
1817,9,56.16,0,0.05,89.36,100,59400,Weekday,Friday,Maximum_Load,111.78
1818,4,2.99,0,0,73.49,100,10800,Weekend,Saturday,Light_Load,3.24
1819,9,5.04,0,0,45.29,100,21600,Weekend,Sunday,Light_Load,2.56
1820,5,40.28,0,0.03,80.57,100,43200,Weekday,Friday,Maximum_Load,54.79
1821,2,0,26.75,0,100,17.63,69300,Weekend,Saturday,Light_Load,4.79
1822,11,3.82,0,0,63.86,100,25200,Weekday,Thursday,Light_Load,3.17
1823,8,0,4.25,0,100,56.1,66600,Weekday,Thursday,Light_Load,2.88
1824,1,0.61,6.34,0.02,99.99,98.56,75600,Weekday,Friday,Medium_Load,36.9
1825,10,39.96,0,0.03,82.95,100,41400,Weekday,Wednesday,Maximum_Load,59.36
1826,9,0,11.81,0,100,22.6,51300,Weekend,Sunday,Light_Load,2.74
1827,8,0,15.59,0,100,22.08,79200,Weekend,Saturday,Light_Load,3.53
1828,10,41.76,0,0.05,92.13,100,68400,Weekday,Monday,Medium_Load,98.93
1829,8,4.46,0,0,51.79,100,9900,Weekend,Saturday,Light_Load,2.7
1830,3,3.6,0.18,0.02,99.54,100,70200,Weekday,Tuesday,Medium_Load,37.26
1831,6,4.21,0,0,55.92,100,7200,Weekday,Thursday,Light_Load,2.84
1832,2,0.04,25.67,0,100,29.62,46800,Weekday,Friday,Medium_Load,7.96
1833,10,6.23,0,0,49.61,100,81000,Weekday,Friday,Medium_Load,3.56
1834,12,3.13,0.14,0,76.69,99.93,19800,Weekend,Sunday,Light_Load,3.74
1835,5,6.7,0,0,63.52,100,28800,Weekday,Wednesday,Light_Load,5.51
1836,11,0,21.2,0,100,28.65,46800,Weekday,Thursday,Medium_Load,6.34
1837,11,4.97,0,0,52.43,100,18900,Weekday,Wednesday,Light_Load,3.06
1838,2,6.08,0,0,70.54,100,2700,Weekday,Wednesday,Light_Load,6.05
1839,11,25.06,0,0.03,91.49,100,37800,Weekday,Friday,Maximum_Load,56.81
1840,9,0,11.63,0,100,23.72,61200,Weekend,Sunday,Light_Load,2.84
1841,5,27.36,0,0.03,91.68,100,71100,Weekday,Thursday,Medium_Load,62.82
1842,3,0,25.85,0,100,16.22,79200,Weekday,Monday,Medium_Load,4.25
1843,5,0,16.92,0,100,18.41,78300,Weekend,Sunday,Light_Load,3.17
1844,8,0,16.52,0,100,17.81,72900,Weekday,Friday,Light_Load,2.99
1845,7,5.29,0,0,56.26,100,16200,Weekday,Friday,Light_Load,3.6
1846,10,0,16.34,0,100,32.32,44100,Weekday,Wednesday,Medium_Load,5.58
1847,8,47.84,0,0.04,89.6,100,33300,Weekday,Monday,Medium_Load,96.55
1848,12,40.1,0,0.03,84.97,100,54900,Weekday,Tuesday,Medium_Load,64.62
1849,1,0,26.5,0,100,16.89,33300,Weekend,Saturday,Light_Load,4.54
1850,5,41.76,0,0.03,85.78,100,55800,Weekday,Monday,Maximum_Load,69.7
1851,9,5.8,0,0,43.98,100,15300,Weekend,Sunday,Light_Load,2.84
1852,5,0,16.74,0,100,17.18,59400,Weekend,Sunday,Light_Load,2.92
1853,7,27.04,0,0.04,94.98,100,71100,Weekday,Friday,Medium_Load,82.08
1854,7,4.43,0,0,53.02,100,18000,Weekday,Wednesday,Light_Load,2.77
1855,6,39.92,0,0.04,91.89,100,53100,Weekday,Monday,Maximum_Load,92.99
1856,3,30.13,0,0.04,93.89,100,63000,Weekday,Tuesday,Medium_Load,82.22
1857,10,4.68,0,0,50.52,100,22500,Weekday,Wednesday,Light_Load,2.74
1858,4,27.32,0.04,0.03,93.13,100,63000,Weekday,Tuesday,Medium_Load,69.84
1859,1,4.68,0,0,69.86,100,0,Weekday,Wednesday,Light_Load,4.57
1860,9,5.47,0,0,42.39,100,22500,Weekday,Tuesday,Light_Load,2.56
1861,11,3.71,1.69,0.01,99.33,99.86,64800,Weekday,Tuesday,Maximum_Load,31.93
1862,3,0.4,13.82,0.01,99.98,81.81,75600,Weekday,Tuesday,Medium_Load,19.66
1863,5,34.38,0.5,0.03,84.63,100,43200,Weekday,Monday,Maximum_Load,54.61
1864,5,34.74,0,0.03,85.06,100,32400,Weekday,Wednesday,Light_Load,56.2
1865,12,4.07,0,0,71.9,100,9000,Weekend,Saturday,Light_Load,4.21
1866,4,45.65,0,0.03,78.14,100,30600,Weekday,Monday,Light_Load,57.17
1867,7,51.26,0,0.02,69.07,100,30600,Weekday,Monday,Light_Load,48.96
1868,8,38.09,0,0.03,84.06,100,41400,Weekday,Wednesday,Maximum_Load,59.11
1869,12,2.12,0.22,0,83.12,99.76,27000,Weekday,Friday,Light_Load,3.17
1870,3,0,27.65,0,100,15.05,74700,Weekday,Thursday,Medium_Load,4.21
1871,6,5.29,0,0,57.42,100,81000,Weekday,Tuesday,Medium_Load,3.71
1872,11,3.96,0,0,57.32,100,2700,Weekend,Sunday,Light_Load,2.77
1873,5,0,26.53,0,100,16.72,62100,Weekend,Saturday,Medium_Load,4.5
1874,5,22.36,0,0.03,93.38,100,70200,Weekday,Wednesday,Medium_Load,58.36
1875,4,3.96,0,0,65.36,100,8100,Weekend,Sunday,Light_Load,3.42
1876,4,0,13.75,0,100,27.93,44100,Weekend,Saturday,Medium_Load,4
1877,6,0,16.96,0,100,17.14,70200,Weekend,Sunday,Light_Load,2.95
1878,9,0,11.2,0,100,24.34,67500,Weekend,Sunday,Light_Load,2.81
1879,4,5.04,0,0,60.4,100,6300,Weekday,Wednesday,Light_Load,3.82
1880,5,10.69,0,0.02,97,100,53100,Weekday,Thursday,Maximum_Load,42.66
1881,8,46.19,0,0.05,90.54,100,34200,Weekday,Thursday,Medium_Load,98.53
1882,5,1.87,0.47,0.02,99.87,99.99,35100,Weekend,Saturday,Medium_Load,37.3
1883,4,39.96,0,0.03,86.42,100,32400,Weekday,Monday,Light_Load,68.62
1884,4,31.46,0,0.03,89.45,100,50400,Weekday,Tuesday,Maximum_Load,62.96
1885,7,0,3.56,0,100,64.31,8100,Weekday,Tuesday,Light_Load,2.99
1886,6,5.8,0,0,47.14,100,21600,Weekday,Tuesday,Light_Load,3.1
1887,12,3.17,0,0,89.72,100,28800,Weekday,Thursday,Light_Load,6.44
1888,5,25.92,0,0.03,91.03,100,39600,Weekend,Saturday,Maximum_Load,56.99
1889,5,4,0,0,66.9,100,82800,Weekday,Monday,Medium_Load,3.6
1890,8,59.36,0,0.03,74.38,100,30600,Weekday,Thursday,Light_Load,66.06
1891,12,0,21.56,0,100,18.86,69300,Weekday,Monday,Maximum_Load,4.14
1892,11,0,15.08,0,100,20.14,51300,Weekend,Sunday,Light_Load,3.1
1893,7,0,16.96,0,100,16.74,72900,Weekend,Saturday,Medium_Load,2.88
1894,2,3.85,0,0,72.65,100,14400,Weekday,Monday,Light_Load,4.07
1895,4,0,6.59,0.01,100,97.93,55800,Weekend,Saturday,Maximum_Load,31.86
1896,6,5.69,0,0,49.02,100,13500,Weekend,Saturday,Light_Load,3.2
1897,11,30.71,0,0.03,91.77,100,56700,Weekday,Monday,Medium_Load,70.96
1898,12,0,14.58,0,100,22.84,44100,Weekend,Saturday,Light_Load,3.42
1899,10,6.12,0,0,45.99,100,84600,Weekday,Monday,Light_Load,3.17
1900,3,4.39,0.04,0.02,99.54,100,54900,Weekday,Friday,Maximum_Load,45.58
1901,3,6.3,0,0,53.89,100,15300,Weekday,Thursday,Light_Load,4.03
1902,3,3.46,1.91,0.02,99.51,99.85,73800,Weekday,Tuesday,Medium_Load,34.81
1903,9,0,10.87,0,100,31.99,45900,Weekday,Thursday,Medium_Load,3.67
1904,11,33.84,0,0.03,91,100,65700,Weekday,Wednesday,Maximum_Load,74.27
1905,6,6.16,0,0,54.75,100,2700,Weekend,Saturday,Light_Load,4.03
1906,4,79.78,0,0.05,81.14,100,31500,Weekday,Tuesday,Light_Load,110.74
1907,9,16.85,0,0.02,91.46,100,67500,Weekday,Friday,Medium_Load,38.12
1908,7,5.9,0,0,46.86,100,18000,Weekend,Saturday,Light_Load,3.13
1909,1,37.04,0,0.03,89.13,100,67500,Weekday,Monday,Maximum_Load,72.83
1910,11,0.07,3.46,0.02,100,99.45,63900,Weekday,Thursday,Maximum_Load,32.94
1911,10,61.7,0,0.05,87.09,100,51300,Weekday,Monday,Maximum_Load,109.33
1912,11,5.58,0,0,64.58,100,85500,Weekday,Wednesday,Light_Load,4.72
1913,6,0,10.44,0,100,32.27,44100,Weekend,Saturday,Medium_Load,3.56
1914,2,4.21,0,0,69.77,100,8100,Weekday,Wednesday,Light_Load,4.1
1915,2,3.1,0,0,70.25,100,84600,Weekend,Saturday,Light_Load,3.06
1916,4,50.47,0,0.06,92.7,100,63000,Weekday,Friday,Medium_Load,124.7
1917,10,44.6,0,0.04,90.18,100,58500,Weekday,Tuesday,Maximum_Load,93.06
1918,1,30.56,0,0.03,92.49,100,72000,Weekday,Monday,Maximum_Load,74.34
1919,7,0,17.14,0,100,17.58,64800,Weekend,Sunday,Light_Load,3.06
1920,11,6.77,0,0,58,100,84600,Weekday,Friday,Light_Load,4.82
1921,1,9.25,0,0.01,95.03,100,42300,Weekend,Sunday,Maximum_Load,28.22
1922,2,8.32,0.07,0.02,98.67,100,72900,Weekday,Friday,Medium_Load,50.58
1923,6,33.41,0,0.02,79.2,100,66600,Weekday,Monday,Medium_Load,43.34
1924,4,44.71,0,0.03,79.9,100,43200,Weekday,Monday,Maximum_Load,59.4
1925,3,27.68,0,0.02,87.34,100,42300,Weekday,Friday,Maximum_Load,49.64
1926,7,4.28,0,0,61.64,100,4500,Weekday,Wednesday,Light_Load,3.35
1927,12,12.78,0,0.02,97.01,100,32400,Weekday,Wednesday,Light_Load,51.08
1928,3,3.74,0,0,65.48,100,15300,Weekend,Sunday,Light_Load,3.24
1929,11,26.06,0,0.03,92.66,100,58500,Weekday,Monday,Medium_Load,64.22
1930,6,20.63,0,0.03,96.37,100,52200,Weekday,Thursday,Maximum_Load,74.45
1931,8,36.07,0,0.03,83.59,100,40500,Weekday,Monday,Maximum_Load,54.94
1932,4,3.92,0,0,62.03,100,26100,Weekend,Sunday,Light_Load,3.1
1933,10,4.93,0,0,50.44,100,14400,Weekday,Wednesday,Light_Load,2.88
1934,4,4.61,0,0,61.55,100,6300,Weekday,Wednesday,Light_Load,3.6
1935,9,4.5,0,0,59.71,100,13500,Weekday,Friday,Light_Load,3.35
1936,10,6.12,0,0,45.53,100,16200,Weekend,Saturday,Light_Load,3.13
1937,7,0,4.28,0,100,58.66,84600,Weekday,Friday,Light_Load,3.1
1938,1,49.97,0,0.03,80.13,100,30600,Weekday,Friday,Light_Load,66.92
1939,8,5.62,0,0,45.1,100,83700,Weekday,Thursday,Light_Load,2.84
1940,1,35.32,0,0,82.75,100,31500,Weekday,Tuesday,Light_Load,52.06
1941,8,0,13.97,0,100,33.52,46800,Weekday,Monday,Medium_Load,4.97
1942,10,6.3,0,0,50.03,100,84600,Weekday,Monday,Light_Load,3.64
1943,2,3.42,0,0,78.4,100,27000,Weekday,Tuesday,Light_Load,4.32
1944,8,38.23,0,0.05,94.02,100,62100,Weekday,Tuesday,Medium_Load,105.48
1945,5,4.61,0,0,53.51,100,25200,Weekday,Tuesday,Light_Load,2.92
1946,5,5,0,0,58.86,100,81900,Weekday,Monday,Medium_Load,3.64
1947,4,0,16.74,0,100,18.38,34200,Weekend,Sunday,Light_Load,3.13
1948,7,0,16.99,0,100,17.95,76500,Weekend,Saturday,Medium_Load,3.1
1949,1,4.68,0,0,58.55,100,9900,Weekday,Monday,Light_Load,3.38
1950,2,7.67,0,0,61.68,100,8100,Weekend,Sunday,Light_Load,6.01
1951,6,18.54,0,0.02,92.65,100,62100,Weekday,Thursday,Medium_Load,45.65
1952,11,12.38,0,0.02,96.44,100,33300,Weekend,Saturday,Medium_Load,45.14
1953,11,2.88,0,0,73.26,100,25200,Weekday,Thursday,Light_Load,3.1
1954,7,5.04,0,0,51.9,100,14400,Weekday,Thursday,Light_Load,3.06
1955,3,0.29,4.18,0.01,100,99.19,39600,Weekend,Saturday,Maximum_Load,32.54
1956,3,39.53,0,0.04,89.77,100,60300,Weekday,Wednesday,Maximum_Load,80.53
1957,6,0,9.43,0.01,100,93.82,64800,Weekday,Friday,Medium_Load,25.56
1958,6,37.73,0,0.03,82.47,100,32400,Weekday,Friday,Light_Load,55.01
1959,4,3.71,0,0,63.63,100,17100,Weekday,Thursday,Light_Load,3.06
1960,7,4.14,0,0,53.62,100,2700,Weekend,Sunday,Light_Load,2.63
1961,12,0,15.59,0,100,23.56,47700,Weekend,Sunday,Light_Load,3.78
1962,7,6.05,0,0,47.21,100,19800,Weekday,Friday,Light_Load,3.24
1963,5,0,16.96,0,100,18.54,34200,Weekend,Sunday,Light_Load,3.2
1964,7,0,4.39,0,100,54.32,10800,Weekday,Friday,Light_Load,2.84
1965,1,1.22,15.66,0,96.77,28.63,80100,Weekend,Sunday,Light_Load,4.68
1966,5,26.6,0,0.03,90.67,100,34200,Weekday,Thursday,Medium_Load,57.2
1967,5,4.39,0,0,54.32,100,28800,Weekday,Tuesday,Light_Load,2.84
1968,1,4.5,0,0,71.25,100,18900,Weekday,Thursday,Light_Load,4.57
1969,10,80.46,0,0.06,84.14,100,66600,Weekday,Tuesday,Medium_Load,125.28
1970,2,17.93,0.94,0.03,96.96,99.99,67500,Weekday,Friday,Maximum_Load,71.1
1971,5,3.6,0,0,64.76,100,18000,Weekday,Friday,Light_Load,3.06
1972,10,57.2,0,0.03,75.79,100,30600,Weekday,Tuesday,Light_Load,66.46
1973,8,21.13,0.5,0.02,87.45,99.99,65700,Weekday,Friday,Medium_Load,38.09
1974,3,0,26.89,0,100,15.36,76500,Weekend,Saturday,Medium_Load,4.18
1975,11,6.91,0,0,46.2,100,83700,Weekday,Thursday,Light_Load,3.6
1976,5,4.93,0,0,52.74,100,85500,Weekday,Tuesday,Light_Load,3.06
1977,6,0,17.32,0,100,16.79,74700,Weekend,Sunday,Light_Load,2.95
1978,2,4.79,0.29,0.02,99.36,100,67500,Weekend,Saturday,Maximum_Load,41.98
1979,7,3.96,0,0,55.76,100,0,Weekend,Saturday,Light_Load,2.66
1980,7,38.88,0,0.02,73.74,100,30600,Weekend,Saturday,Light_Load,42.44
1981,8,30.96,0,0.02,86.21,100,35100,Weekday,Thursday,Medium_Load,52.67
1982,3,2.74,4.93,0.02,99.7,99.03,75600,Weekday,Monday,Medium_Load,35.17
1983,3,3.85,0,0,61.34,100,17100,Weekday,Friday,Light_Load,2.99
1984,5,39.56,0,0.04,88.94,100,35100,Weekday,Thursday,Medium_Load,76.97
1985,10,22.25,0,0.02,90.85,100,34200,Weekday,Monday,Medium_Load,48.38
1986,11,29.74,0,0.03,91.26,100,51300,Weekday,Tuesday,Medium_Load,66.38
1987,6,4.28,0,0,54.33,100,20700,Weekend,Sunday,Light_Load,2.77
1988,3,4.28,0,0,66.59,100,81900,Weekday,Friday,Medium_Load,3.82
1989,11,6.37,0,0,49.61,100,1800,Weekday,Thursday,Light_Load,3.64
1990,5,4.97,0,0,55.43,100,83700,Weekend,Sunday,Light_Load,3.31
1991,2,40.03,0,0.05,92.77,100,71100,Weekday,Thursday,Maximum_Load,99.47
1992,12,0,11.74,0.01,100,85.89,75600,Weekday,Friday,Medium_Load,19.69
1993,6,5,0,0,50.43,100,10800,Weekend,Saturday,Light_Load,2.92
1994,2,4.32,0,0,59.52,100,30600,Weekend,Sunday,Light_Load,3.2
1995,8,0,16.6,0,100,17.32,58500,Weekday,Thursday,Light_Load,2.92
1996,10,0,11.41,0,100,24.47,78300,Weekday,Wednesday,Medium_Load,2.88
1997,6,5.8,0,0,45.34,100,23400,Weekday,Friday,Light_Load,2.95
1998,2,0,16.85,0,100,19.89,47700,Weekday,Friday,Light_Load,3.42
1999,11,18.14,0,0.02,94.46,100,40500,Weekday,Tuesday,Maximum_Load,52.2
2000,12,32.15,0,0.03,86.77,100,50400,Weekday,Tuesday,Medium_Load,56.12
2001,2,0.68,1.8,0.02,99.99,99.9,69300,Weekday,Friday,Maximum_Load,39.42
2002,5,4.72,0,0,58.22,100,7200,Weekday,Thursday,Light_Load,3.38
2003,8,0,11.95,0.01,100,79.23,77400,Weekday,Tuesday,Medium_Load,15.52
2004,2,25.63,0,0.05,97.06,100,77400,Weekday,Friday,Medium_Load,103.39
2005,1,76.79,0,0.07,88.54,100,48600,Weekday,Monday,Medium_Load,146.27
2006,7,5.8,0,0,56.77,100,12600,Weekend,Saturday,Light_Load,4
2007,8,4.21,0,0,51.36,100,25200,Weekday,Wednesday,Light_Load,2.52
2008,12,15.01,0.04,0.03,96.6,100,48600,Weekday,Friday,Medium_Load,56.12
2009,9,35.42,0,0.03,85.61,100,61200,Weekday,Thursday,Maximum_Load,58.68
2010,9,5.44,0,0,48.54,100,900,Weekend,Sunday,Light_Load,3.02
2011,4,3.13,0.47,0.02,99.63,99.99,35100,Weekend,Saturday,Medium_Load,36.43
2012,10,11.45,0.25,0.02,94.63,100,64800,Weekday,Wednesday,Medium_Load,33.52
2013,1,4.18,1.94,0.02,99.37,99.86,67500,Weekday,Wednesday,Maximum_Load,37.08
2014,3,4.18,0,0,68.41,100,84600,Weekday,Tuesday,Light_Load,3.92
2015,9,45.25,0,0.04,86.34,100,54900,Weekday,Wednesday,Maximum_Load,77.44
2016,7,5.72,0,0,50.87,100,5400,Weekend,Saturday,Light_Load,3.38
2017,12,52.31,0,0.04,85.57,100,51300,Weekday,Wednesday,Medium_Load,86.51
2018,5,4.32,1.26,0.02,99.27,99.94,39600,Weekend,Saturday,Maximum_Load,35.6
2019,11,6.59,0,0,50.44,100,14400,Weekend,Saturday,Light_Load,3.85
2020,1,44.57,0,0.05,92.83,100,68400,Weekday,Friday,Maximum_Load,111.28
2021,6,6.08,0,0,56.28,100,85500,Weekday,Thursday,Light_Load,4.14
2022,10,0,17.1,0,100,27.13,67500,Weekend,Sunday,Light_Load,4.82
2023,12,0,20.2,0,100,31.78,76500,Weekday,Tuesday,Medium_Load,6.77
2024,6,0,17.21,0,100,16.28,78300,Weekend,Saturday,Medium_Load,2.84
2025,9,6.52,0,0,39.1,100,81900,Weekend,Saturday,Light_Load,2.77
2026,3,3.28,0,0,68.69,100,27000,Weekend,Sunday,Light_Load,3.1
2027,10,6.48,0,0,46.25,100,2700,Weekend,Sunday,Light_Load,3.38
2028,9,7.92,0,0.02,97.49,100,55800,Weekend,Saturday,Maximum_Load,34.7
2029,5,47.34,0,0.04,85.66,100,33300,Weekday,Monday,Medium_Load,78.59
2030,3,5.47,0,0,53.46,100,19800,Weekday,Thursday,Light_Load,3.46
2031,1,0,26.21,0,100,23.62,68400,Weekend,Saturday,Maximum_Load,6.37
2032,1,3.89,0,0,77.37,100,20700,Weekday,Tuesday,Light_Load,4.75
2033,4,43.74,0,0.05,92.52,100,55800,Weekday,Friday,Maximum_Load,106.67
2034,6,5.22,0,0,47.79,100,24300,Weekday,Tuesday,Light_Load,2.84
2035,1,2.99,0,0,80.1,100,82800,Weekend,Sunday,Maximum_Load,4
2036,2,4.46,0,0,71.57,100,2700,Weekend,Sunday,Light_Load,4.57
2037,11,8.71,4.68,0.01,96.19,98.85,47700,Weekday,Wednesday,Medium_Load,30.64
2038,9,4.75,0,0,48.44,100,30600,Weekend,Sunday,Light_Load,2.63
2039,9,0,11.56,0,100,23.62,32400,Weekend,Sunday,Light_Load,2.81
2040,7,4.1,0,0,62.47,100,20700,Weekday,Tuesday,Light_Load,3.28
2041,10,6.41,0,0,45.55,100,83700,Weekday,Monday,Light_Load,3.28
2042,8,0.14,3.89,0,99.93,69.69,43200,Weekend,Sunday,Light_Load,3.78
2043,1,6.01,0,0,61.11,100,2700,Weekday,Tuesday,Light_Load,4.64
2044,4,27.4,0,0.03,91.15,100,37800,Weekday,Wednesday,Maximum_Load,60.73
2045,4,15.34,4.28,0.02,95.04,99.59,47700,Weekday,Friday,Maximum_Load,46.87
2046,3,3.24,0,0,68.66,100,19800,Weekend,Sunday,Light_Load,3.06
2047,5,3.78,0,0,64.26,100,28800,Weekend,Saturday,Light_Load,3.17
2048,6,4.03,0,0,64.26,100,85500,Weekday,Wednesday,Light_Load,3.38
2049,3,4.82,0,0,63.1,100,82800,Weekday,Tuesday,Medium_Load,3.92
2050,3,11.2,0.14,0.02,97.04,100,72900,Weekday,Tuesday,Medium_Load,45.04
2051,6,0,22.36,0,100,32.18,75600,Weekday,Wednesday,Medium_Load,7.6
2052,9,5.83,0,0,44.78,100,18000,Weekend,Sunday,Light_Load,2.92
2053,6,5.72,0,0,46.33,100,82800,Weekday,Wednesday,Medium_Load,2.99
2054,5,22.28,7.31,0.02,89.78,98.73,47700,Weekday,Wednesday,Maximum_Load,45.43
2055,2,4.97,0,0,84.37,100,27900,Weekday,Friday,Light_Load,7.81
2056,9,5.87,0.04,0,48.78,99.99,80100,Weekday,Friday,Medium_Load,3.28
2057,2,0,24.41,0,100,15.86,54000,Weekday,Wednesday,Light_Load,3.92
2058,12,3.02,0,0,75.62,100,26100,Weekday,Wednesday,Light_Load,3.49
2059,1,4.21,0,0,73.84,100,81000,Weekend,Sunday,Maximum_Load,4.61
2060,8,4.32,0,0,60,100,15300,Weekday,Wednesday,Light_Load,3.24
2061,10,45.5,0,0.05,91.59,100,60300,Weekend,Saturday,Maximum_Load,103.82
2062,12,3.46,0.07,0,76.73,99.99,900,Weekend,Saturday,Light_Load,4.14
2063,8,19.01,0.65,0.02,88.16,99.98,65700,Weekday,Monday,Medium_Load,35.5
2064,3,6.05,0,0,63.17,100,81000,Weekday,Monday,Medium_Load,4.93
2065,4,0,17.35,0,100,18.74,79200,Weekend,Saturday,Medium_Load,3.31
2066,3,0,24.66,0,100,17.8,69300,Weekday,Wednesday,Medium_Load,4.46
2067,5,1.44,14.58,0,93.22,24.66,80100,Weekday,Friday,Medium_Load,3.71
2068,6,4.97,0,0,50.66,100,9000,Weekend,Saturday,Light_Load,2.92
2069,12,2.88,0,0,76.12,100,13500,Weekend,Saturday,Light_Load,3.38
2070,10,44.71,0,0.03,83.59,100,59400,Weekday,Thursday,Maximum_Load,68.08
2071,7,3.71,0,0,65.78,100,16200,Weekday,Wednesday,Light_Load,3.24
2072,11,0,15.34,0,100,22,46800,Weekend,Saturday,Light_Load,3.46
2073,10,0,18.07,0,100,19.75,77400,Weekday,Tuesday,Medium_Load,3.64
2074,4,0,26.71,0,100,19.18,77400,Weekday,Wednesday,Medium_Load,5.22
2075,12,3.02,0.07,0,77.55,99.98,2700,Weekday,Thursday,Light_Load,3.71
2076,4,3.38,0,0,61.84,100,5400,Weekend,Sunday,Light_Load,2.66
2077,6,23.72,0,0.03,94.94,100,58500,Weekday,Monday,Maximum_Load,71.68
2078,3,3.96,0,0,58.82,100,18900,Weekend,Saturday,Light_Load,2.88
2079,4,3.6,0,0,65.61,100,28800,Weekend,Saturday,Light_Load,3.13
2080,9,6.73,0,0,44.88,100,81000,Weekday,Tuesday,Medium_Load,3.38
2081,5,57.6,0,0.05,89.35,100,38700,Weekday,Wednesday,Maximum_Load,114.59
2082,6,0,18.14,0,100,20.04,60300,Weekend,Sunday,Light_Load,3.71
2083,6,35.06,0,0.04,92.72,100,33300,Weekday,Wednesday,Medium_Load,86.76
2084,2,0,26.03,0,100,34.63,45900,Weekday,Monday,Medium_Load,9.61
2085,3,4.18,0,0,65.98,100,27000,Weekday,Tuesday,Light_Load,3.67
2086,1,4.75,0,0,68.2,100,24300,Weekday,Wednesday,Light_Load,4.43
2087,11,3.6,0,0,60,100,0,Weekend,Saturday,Light_Load,2.7
2088,8,0,20.3,0,100,13.86,60300,Weekday,Wednesday,Light_Load,2.84
2089,11,29.95,1.37,0.03,89.86,99.98,43200,Weekday,Monday,Maximum_Load,61.34
2090,7,38.05,0,0.03,87.15,100,33300,Weekday,Thursday,Medium_Load,67.61
2091,5,19.69,0,0.02,93.99,100,61200,Weekday,Tuesday,Maximum_Load,54.18
2092,6,0,18.43,0,100,18.97,76500,Weekend,Sunday,Light_Load,3.56
2093,12,0,10.37,0,100,49.26,65700,Weekday,Wednesday,Maximum_Load,5.87
2094,8,4.14,0,0,53.04,100,1800,Weekend,Saturday,Light_Load,2.59
2095,7,34.42,0,0.05,94.48,100,70200,Weekday,Monday,Medium_Load,99.29
2096,9,0,10.66,0,100,25.49,63900,Weekend,Saturday,Light_Load,2.81
2097,7,12.35,0,0.02,96.8,100,74700,Weekday,Monday,Medium_Load,47.63
2098,10,6.52,0,0,48.75,100,5400,Weekday,Friday,Light_Load,3.64
2099,10,4.5,0,0,49.88,100,4500,Weekday,Tuesday,Light_Load,2.59
2100,3,2.84,0,0,72.04,100,84600,Weekend,Saturday,Light_Load,2.95
2101,6,21.56,0,0.03,94.12,100,53100,Weekday,Monday,Maximum_Load,60.08
2102,4,3.49,0,0,71.8,100,1800,Weekend,Saturday,Light_Load,3.6
2103,2,51.88,0,0.06,91.86,100,41400,Weekday,Tuesday,Maximum_Load,120.6
2104,8,0,16.27,0,100,23.25,78300,Weekday,Wednesday,Medium_Load,3.89
2105,7,25.78,0,0.03,94.51,100,72000,Weekday,Tuesday,Medium_Load,74.59
2106,5,7.02,1.04,0.02,98.13,99.96,59400,Weekend,Saturday,Maximum_Load,35.82
2107,5,4.36,0,0,55.65,100,16200,Weekend,Sunday,Light_Load,2.92
2108,3,28.87,0,0.05,96.32,100,72000,Weekday,Friday,Medium_Load,103.46
2109,6,19.58,0,0.02,92.91,100,62100,Weekday,Monday,Medium_Load,49.18
2110,10,6.05,0,0,44.31,100,19800,Weekday,Thursday,Light_Load,2.99
2111,12,2.63,0.22,0,79.61,99.8,85500,Weekend,Sunday,Light_Load,3.46
2112,6,5.65,0,0,47.14,100,5400,Weekday,Friday,Light_Load,3.02
2113,4,20.2,0,0.02,92.74,100,52200,Weekday,Wednesday,Maximum_Load,50.08
2114,7,4.61,0,0,59.58,100,24300,Weekday,Monday,Light_Load,3.42
2115,9,0,11.81,0,100,23.15,76500,Weekend,Saturday,Medium_Load,2.81
2116,7,54.07,0,0.03,79.66,100,32400,Weekday,Thursday,Light_Load,71.24
2117,3,12.24,0.04,0.02,97.08,100,50400,Weekday,Monday,Maximum_Load,49.57
2118,12,2.45,0.04,0,79.76,99.99,26100,Weekday,Tuesday,Light_Load,3.24
2119,5,0,16.88,0,100,18.23,61200,Weekend,Sunday,Light_Load,3.13
2120,11,2.92,0,0,78.82,100,83700,Weekday,Wednesday,Light_Load,3.74
2121,7,0,5.11,0,100,49.61,11700,Weekday,Wednesday,Light_Load,2.92
2122,4,18.5,0,0.02,93.61,100,38700,Weekday,Wednesday,Maximum_Load,49.25
2123,4,0,26.64,0,100,19.09,79200,Weekday,Wednesday,Medium_Load,5.18
2124,2,41.76,0,0.04,87.89,100,0,Weekday,Monday,Light_Load,76.93
2125,7,0,17.42,0,100,17.3,39600,Weekend,Sunday,Light_Load,3.06
2126,9,50.51,0,0.05,89.94,100,52200,Weekday,Tuesday,Maximum_Load,103.9
2127,9,42.19,0,0.03,86.01,100,53100,Weekday,Thursday,Maximum_Load,71.14
2128,3,2.7,0,0,75.72,100,9900,Weekday,Thursday,Light_Load,3.13
2129,10,43.31,0,0.02,73.21,100,30600,Weekend,Saturday,Light_Load,46.55
2130,4,37.3,0,0.03,85.95,100,70200,Weekday,Tuesday,Medium_Load,62.71
2131,8,7.06,0,0,66.81,100,28800,Weekday,Friday,Light_Load,6.34
2132,11,5.58,0,0,57.87,100,21600,Weekday,Thursday,Light_Load,3.96
2133,6,35.14,0,0.03,85.98,100,48600,Weekday,Monday,Maximum_Load,59.18
2134,3,0,12.67,0.01,100,90.15,55800,Weekday,Friday,Maximum_Load,26.39
2135,5,30.85,0,0.03,89.51,100,34200,Weekday,Wednesday,Medium_Load,61.92
2136,7,5.72,0,0,50.54,100,18900,Weekend,Saturday,Light_Load,3.35
2137,1,11.41,0.29,0.03,98.9,100,71100,Weekday,Wednesday,Maximum_Load,76.32
2138,10,6.98,0,0,49.72,100,27900,Weekday,Tuesday,Light_Load,4
2139,3,13.5,0,0.02,96.31,100,36900,Weekday,Tuesday,Maximum_Load,48.31
2140,9,0,11.66,0,100,24.53,72900,Weekend,Sunday,Medium_Load,2.95
2141,11,4.14,0,0,57.64,100,85500,Weekend,Sunday,Light_Load,2.92
2142,5,5.36,0,0,56.18,100,1800,Weekday,Wednesday,Light_Load,3.64
2143,12,31.32,0,0.02,86.27,100,37800,Weekday,Tuesday,Maximum_Load,53.42
2144,2,5.8,0,0,71.31,100,14400,Weekday,Tuesday,Light_Load,5.9
2145,5,17.35,0,0.02,95.04,100,59400,Weekday,Tuesday,Maximum_Load,52.99
2146,5,5.62,0,0,52.76,100,19800,Weekend,Saturday,Light_Load,3.49
2147,4,0,16.99,0,100,17.95,68400,Weekend,Sunday,Light_Load,3.1
2148,10,5.08,0,0,47.87,100,5400,Weekday,Monday,Light_Load,2.77
2149,9,36.65,0,0.03,85.12,100,63900,Weekday,Tuesday,Medium_Load,59.44
2150,2,3.38,0,0,75.15,100,17100,Weekday,Monday,Light_Load,3.85
2151,6,7.02,0,0,55.47,100,27900,Weekday,Monday,Light_Load,4.68
2152,8,5,0,0,48.06,100,6300,Weekday,Thursday,Light_Load,2.74
2153,4,0,5.54,0,100,49.19,43200,Weekend,Sunday,Light_Load,3.13
2154,4,25.49,0,0.03,93.79,100,60300,Weekday,Thursday,Maximum_Load,68.94
2155,9,4.64,0,0,49.31,100,3600,Weekend,Sunday,Light_Load,2.63
2156,11,7.2,0,0,48.19,100,81900,Weekday,Thursday,Maximum_Load,3.96
2157,11,33.12,0,0.03,89.4,100,36000,Weekday,Thursday,Medium_Load,66.1
2158,1,32.15,0,0.03,91.79,100,57600,Weekday,Tuesday,Medium_Load,74.38
2159,4,0,26.78,0,100,20.64,76500,Weekday,Tuesday,Medium_Load,5.65
2160,9,0,10.91,0,100,24.94,63000,Weekend,Sunday,Light_Load,2.81
2161,5,5.51,0,0,50.22,100,23400,Weekday,Tuesday,Light_Load,3.2
2162,1,4.21,0,0,74.84,100,7200,Weekday,Tuesday,Light_Load,4.75
2163,1,30.24,0,0.02,81.14,100,83700,Weekday,Wednesday,Light_Load,41.98
2164,12,9.72,0,0.02,97.06,100,70200,Weekday,Monday,Maximum_Load,39.17
2165,9,38.92,0,0.03,86.76,100,54000,Weekday,Thursday,Maximum_Load,67.9
2166,11,23.76,0,0.03,92.67,100,36900,Weekend,Saturday,Maximum_Load,58.61
2167,12,3.31,0.11,0,76.73,99.96,19800,Weekend,Saturday,Light_Load,3.96
2168,2,4.54,0,0,58.09,100,18000,Weekday,Thursday,Light_Load,3.24
2169,2,3.89,0,0,62.69,100,30600,Weekday,Friday,Light_Load,3.13
2170,7,35.42,0,0.03,87.54,100,57600,Weekday,Monday,Maximum_Load,64.15
2171,6,7.34,5.72,0.01,97.41,98.4,74700,Weekday,Friday,Medium_Load,31.64
2172,5,0,25.7,0,100,20.16,46800,Weekday,Friday,Medium_Load,5.29
2173,3,1.3,1.66,0.02,99.92,99.87,35100,Weekend,Sunday,Medium_Load,33.16
2174,11,0,17.96,0,100,20.6,69300,Weekend,Sunday,Maximum_Load,3.78
2175,8,0,16.85,0,100,16.85,38700,Weekday,Friday,Light_Load,2.88
2176,10,20.45,0,0.02,91.18,100,74700,Weekday,Tuesday,Medium_Load,45.4
2177,1,27.04,0.36,0.03,89.82,100,65700,Weekday,Tuesday,Maximum_Load,55.26
2178,12,2.12,0.22,0,84.21,99.78,25200,Weekday,Tuesday,Light_Load,3.31
2179,6,0,16.74,0,100,21.41,68400,Weekend,Saturday,Light_Load,3.67
2180,10,0,11.48,0,100,26.62,67500,Weekend,Sunday,Light_Load,3.17
2181,2,5.76,0,0,71.14,100,17100,Weekend,Sunday,Light_Load,5.83
2182,4,29.66,0,0.02,76.22,100,29700,Weekday,Friday,Light_Load,34.92
2183,8,0,6.3,0,100,42.88,65700,Weekday,Wednesday,Medium_Load,2.99
2184,5,0,16.78,0,100,21.75,64800,Weekend,Saturday,Medium_Load,3.74
2185,8,0,13.86,0,100,21.56,70200,Weekend,Sunday,Medium_Load,3.06
2186,6,0,18.94,0,100,19.77,68400,Weekend,Saturday,Medium_Load,3.82
2187,11,47.12,0,0.05,91.45,100,67500,Weekday,Wednesday,Maximum_Load,106.52
2188,12,10.15,0.36,0.02,98.08,100,69300,Weekday,Thursday,Maximum_Load,51.01
2189,9,4.75,0,0,48.44,100,10800,Weekday,Tuesday,Light_Load,2.63
2190,3,5.72,1.04,0.03,99.59,99.99,73800,Weekday,Friday,Medium_Load,62.71
2191,2,13.14,0.32,0.04,99.08,100,64800,Weekday,Tuesday,Maximum_Load,96.08
2192,6,0,18.04,0,100,17.68,56700,Weekend,Sunday,Light_Load,3.24
2193,9,0,11.77,0,100,22.67,37800,Weekend,Sunday,Light_Load,2.74
2194,9,4,0,0,52.23,100,2700,Weekend,Saturday,Light_Load,2.45
2195,12,22.82,0,0.03,92.47,100,36000,Weekday,Wednesday,Medium_Load,55.44
2196,11,38.02,0,0.04,91.81,100,31500,Weekday,Thursday,Light_Load,88.06
2197,7,2.88,3.96,0,92.59,87.22,44100,Weekday,Thursday,Medium_Load,7.06
2198,8,4.64,0,0,49.73,100,85500,Weekend,Saturday,Light_Load,2.66
2199,12,19.73,0,0.02,90.61,100,66600,Weekday,Monday,Maximum_Load,42.26
2200,4,0,26.53,0,100,20.33,45900,Weekday,Monday,Medium_Load,5.51
2201,9,15.52,0,0.02,93.1,100,42300,Weekday,Monday,Maximum_Load,39.6
2202,4,4.5,0,0,63.61,100,10800,Weekend,Saturday,Light_Load,3.71
2203,10,7.09,0,0,44.87,100,1800,Weekend,Saturday,Light_Load,3.56
2204,2,45.94,0,0.05,92.68,100,50400,Weekday,Thursday,Medium_Load,113.33
2205,12,4.25,0.25,0.02,99.4,100,53100,Weekday,Monday,Medium_Load,38.48
2206,7,0,16.88,0,100,25.01,45000,Weekday,Thursday,Medium_Load,4.36
2207,6,4,0,0,65.74,100,83700,Weekday,Thursday,Light_Load,3.49
2208,7,4.14,0,0,53.62,100,5400,Weekend,Saturday,Light_Load,2.63
2209,2,41.51,0,0.03,84.15,100,81000,Weekday,Friday,Maximum_Load,64.66
2210,1,2.56,0,0,77.11,100,84600,Weekend,Saturday,Light_Load,3.1
2211,4,14.9,5.22,0.03,97.09,99.63,47700,Weekday,Friday,Maximum_Load,60.37
2212,11,4.9,0,0,71.21,100,4500,Weekday,Friday,Light_Load,4.97
2213,3,4.9,0,0,59.21,100,17100,Weekday,Friday,Light_Load,3.6
2214,2,43.67,0,0.04,91.32,100,54000,Weekday,Wednesday,Medium_Load,97.88
2215,2,18.4,0,0.03,96,100,33300,Weekday,Monday,Medium_Load,63.11
2216,9,5.36,0.11,0,44.05,99.91,80100,Weekend,Sunday,Light_Load,2.63
2217,3,3.31,0.11,0,68.36,99.94,31500,Weekend,Sunday,Light_Load,3.1
2218,6,0,12.06,0,100,23.53,67500,Weekend,Sunday,Light_Load,2.92
2219,2,9.32,0,0.02,98.12,100,54900,Weekday,Monday,Medium_Load,47.38
2220,8,4.54,0,0,53.57,100,5400,Weekday,Thursday,Light_Load,2.88
2221,5,5.18,0,0,53.85,100,27000,Weekday,Tuesday,Light_Load,3.31
2222,5,15.12,0,0.02,95.32,100,54900,Weekday,Tuesday,Maximum_Load,47.66
2223,4,30.42,0,0.04,94.33,100,67500,Weekday,Tuesday,Medium_Load,86.44
2224,10,12.82,0,0,60.42,100,28800,Weekend,Saturday,Light_Load,9.72
2225,12,2.56,0,0,79.72,100,2700,Weekend,Sunday,Light_Load,3.38
2226,9,46.91,0,0.05,91.76,100,53100,Weekday,Monday,Maximum_Load,108.32
2227,11,2.12,0.14,0,81.21,99.89,16200,Weekday,Tuesday,Light_Load,2.95
2228,2,0,25.38,0,100,31.39,76500,Weekday,Monday,Medium_Load,8.39
2229,1,3.92,0,0,76.18,100,81900,Weekday,Tuesday,Maximum_Load,4.61
2230,4,55.04,0,0.05,87.86,100,32400,Weekday,Thursday,Light_Load,101.27
2231,8,4.82,0,0,46.33,100,21600,Weekday,Thursday,Light_Load,2.52
2232,11,3.89,0,0,59.5,100,2700,Weekday,Monday,Light_Load,2.88
2233,10,7.02,4.03,0.01,95.64,98.5,43200,Weekend,Saturday,Maximum_Load,23
2234,9,12.46,0,0.02,93.77,100,67500,Weekday,Tuesday,Medium_Load,33.62
2235,3,5.33,0,0,65.42,100,27900,Weekday,Friday,Light_Load,4.61
2236,4,5.51,0,0,57.28,100,85500,Weekday,Tuesday,Light_Load,3.85
2237,7,5.98,0,0,43.88,100,13500,Weekday,Friday,Light_Load,2.92
2238,1,11.66,0,0.03,98.15,100,38700,Weekday,Thursday,Maximum_Load,59.83
2239,6,4.5,0,0,52.42,100,4500,Weekend,Sunday,Light_Load,2.77
2240,10,37.66,0,0.03,84.4,100,59400,Weekday,Thursday,Maximum_Load,59.26
2241,4,4.39,0,0,63.41,100,84600,Weekday,Tuesday,Light_Load,3.6
2242,8,6.34,0,0,51.21,100,12600,Weekday,Friday,Light_Load,3.78
2243,8,13.82,0,0.02,95.15,100,60300,Weekday,Wednesday,Maximum_Load,42.73
2244,8,0,16.2,0,100,18.33,75600,Weekday,Friday,Light_Load,3.02
2245,2,0,25.74,0,100,37.15,45000,Weekday,Thursday,Medium_Load,10.3
2246,7,39.2,0,0.02,71.76,100,30600,Weekend,Saturday,Light_Load,40.39
2247,3,42.66,0,0.03,87.11,100,53100,Weekday,Thursday,Maximum_Load,75.67
2248,7,4.25,0,0,53.05,100,6300,Weekend,Saturday,Light_Load,2.66
2249,10,37.44,0,0.03,84.77,100,40500,Weekday,Tuesday,Maximum_Load,59.83
2250,4,34.13,0,0.03,88.8,100,38700,Weekday,Wednesday,Maximum_Load,65.92
2251,10,6.08,0,0,50.53,100,11700,Weekday,Thursday,Light_Load,3.56
2252,7,3.85,0,0,55.82,100,85500,Weekday,Wednesday,Light_Load,2.59
2253,7,4.54,0,0,60.61,100,21600,Weekend,Sunday,Light_Load,3.46
2254,9,4.79,0,0,46.56,100,30600,Weekend,Sunday,Light_Load,2.52
2255,1,3.89,0,0,72.54,100,900,Weekend,Sunday,Light_Load,4.1
2256,12,3.24,0,0,74.33,100,17100,Weekend,Saturday,Light_Load,3.6
2257,10,0,11.16,0,100,29.3,69300,Weekend,Sunday,Light_Load,3.42
2258,12,0,20.7,0,100,22.54,78300,Weekend,Saturday,Medium_Load,4.79
2259,2,6.59,0,0,71.45,100,27900,Weekday,Wednesday,Light_Load,6.73
2260,3,28.22,0,0.02,81.26,100,29700,Weekday,Tuesday,Light_Load,39.35
2261,8,31.57,0,0.03,88.59,100,34200,Weekday,Monday,Medium_Load,60.3
2262,1,4.03,0,0,75.78,100,21600,Weekday,Tuesday,Light_Load,4.68
2263,4,50,0,0.05,91.15,100,72900,Weekday,Friday,Medium_Load,110.81
2264,10,15.37,5,0.02,91.05,98.93,47700,Weekday,Friday,Maximum_Load,33.84
2265,4,3.13,2.92,0.02,99.8,99.83,51300,Weekend,Saturday,Maximum_Load,49.32
2266,12,3.82,0,0,78.18,100,5400,Weekend,Saturday,Light_Load,4.79
2267,10,29.63,0,0.02,84.79,100,65700,Weekday,Monday,Medium_Load,47.38
2268,2,0,12.42,0.01,100,92.81,68400,Weekday,Monday,Maximum_Load,30.96
2269,1,27.94,0,0.03,91.32,100,73800,Weekday,Monday,Medium_Load,62.6
2270,5,5.29,0,0,52.23,100,10800,Weekday,Wednesday,Light_Load,3.24
2271,6,0,16.56,0,100,19.2,74700,Weekend,Saturday,Medium_Load,3.24
2272,6,26.53,0,0.02,89.07,100,36000,Weekday,Friday,Medium_Load,51.98
2273,3,0,26.5,0,100,15.44,79200,Weekday,Friday,Medium_Load,4.14
2274,4,19.69,0,0.02,92.93,100,50400,Weekday,Wednesday,Maximum_Load,49.54
2275,3,4.86,0,0,60.26,100,8100,Weekday,Friday,Light_Load,3.67
2276,4,0,26.5,0,100,13.31,62100,Weekend,Saturday,Medium_Load,3.56
2277,9,6.05,0,0,43.47,100,22500,Weekday,Thursday,Light_Load,2.92
2278,10,0,17.86,0,100,19.39,63900,Weekend,Saturday,Medium_Load,3.53
2279,2,0,22.03,0,100,20.78,52200,Weekend,Sunday,Light_Load,4.68
2280,9,40.39,0,0.03,83.54,100,48600,Weekday,Thursday,Maximum_Load,61.38
2281,10,8.71,0,0,45.9,100,81000,Weekday,Wednesday,Medium_Load,4.5
2282,8,5,0,0,48.99,100,18000,Weekday,Monday,Light_Load,2.81
2283,4,0,26.89,0,100,14.43,72900,Weekday,Wednesday,Medium_Load,3.92
2284,7,4.1,0,0,61.53,100,27000,Weekday,Thursday,Light_Load,3.2
2285,6,0,18.76,0,100,17.73,51300,Weekend,Saturday,Light_Load,3.38
2286,9,6.77,0,0,41.19,100,27000,Weekday,Tuesday,Light_Load,3.06
2287,11,6.44,0,0,47.33,100,24300,Weekend,Sunday,Light_Load,3.46
2288,11,0,13,0,100,27.44,66600,Weekend,Saturday,Light_Load,3.71
2289,1,0,25.56,0,100,25.6,62100,Weekend,Saturday,Maximum_Load,6.77
2290,1,45.72,0,0.06,94.63,100,58500,Weekday,Friday,Medium_Load,133.78
2291,9,5.18,0,0,47.16,100,84600,Weekend,Sunday,Light_Load,2.77
2292,6,12.46,0,0.02,96.65,100,62100,Weekday,Friday,Medium_Load,46.91
2293,2,0,16.24,0,100,21.24,64800,Weekend,Sunday,Light_Load,3.53
2294,12,0,21.38,0,100,20.77,74700,Weekend,Sunday,Medium_Load,4.54
2295,1,5.58,0,0,64.26,100,1800,Weekday,Tuesday,Light_Load,4.68
2296,11,5.65,0,0,51.34,100,3600,Weekday,Monday,Light_Load,3.38
2297,3,0,26.68,0,100,19.45,76500,Weekday,Wednesday,Medium_Load,5.29
2298,12,2.23,0,0,83.47,100,84600,Weekend,Saturday,Light_Load,3.38
2299,12,2.77,0.32,0,81.46,99.66,12600,Weekday,Friday,Light_Load,3.89
2300,11,22.79,0,0.02,91.72,100,72000,Weekday,Friday,Maximum_Load,52.45
2301,12,34.34,0,0.03,89.71,100,58500,Weekday,Friday,Medium_Load,69.73
2302,2,0.65,2.48,0.02,99.99,99.79,39600,Weekend,Saturday,Maximum_Load,38.38
2303,6,0,16.6,0,100,18.36,75600,Weekend,Sunday,Light_Load,3.1
2304,8,5.18,0,0,46.22,100,19800,Weekday,Tuesday,Light_Load,2.7
2305,9,13.46,0.25,0.02,94.7,100,60300,Weekend,Saturday,Maximum_Load,39.67
2306,12,0,20.23,0,100,19.86,45000,Weekend,Sunday,Light_Load,4.1
2307,4,4.32,0,0,57.8,100,13500,Weekend,Sunday,Light_Load,3.06
2308,12,3.24,0,0,78.24,100,12600,Weekend,Saturday,Light_Load,4.07
2309,7,35.93,0,0.03,84.59,100,34200,Weekday,Monday,Medium_Load,56.99
2310,6,4.82,0,0,51.29,100,9900,Weekday,Monday,Light_Load,2.88
2311,4,6.05,0,0,62.94,100,83700,Weekday,Friday,Light_Load,4.9
2312,5,4.82,0,0,52.71,100,10800,Weekday,Wednesday,Light_Load,2.99
2313,1,4.93,0,0,69.38,100,81900,Weekday,Friday,Maximum_Load,4.75
2314,5,0,21.67,0,100,16.21,33300,Weekend,Saturday,Light_Load,3.56
2315,5,0,16.92,0,100,19.03,74700,Weekend,Sunday,Light_Load,3.28
2316,12,14.76,0,0.02,95.85,100,42300,Weekday,Monday,Maximum_Load,49.64
2317,1,26.86,0,0.05,96.47,100,63000,Weekday,Wednesday,Maximum_Load,98.42
2318,4,39.17,0,0.03,87.2,100,48600,Weekday,Friday,Maximum_Load,69.77
2319,12,50.08,0,0.04,86.38,100,58500,Weekday,Monday,Medium_Load,85.86
2320,12,2.59,0.04,0,89.94,100,900,Weekday,Friday,Light_Load,5.33
2321,7,41.33,0,0.02,78.89,100,43200,Weekday,Monday,Maximum_Load,53.06
2322,7,3.89,0,0,57.59,100,1800,Weekend,Sunday,Light_Load,2.74
2323,11,0.14,3.28,0.01,100,99.5,63900,Weekday,Monday,Maximum_Load,32.58
2324,6,4.72,0,0,52.09,100,9900,Weekday,Wednesday,Light_Load,2.88
2325,7,18.22,0,0.03,94.87,100,56700,Weekday,Friday,Maximum_Load,54.65
2326,10,21.35,0.54,0.03,94.64,100,75600,Weekday,Tuesday,Medium_Load,62.53
2327,11,4.75,0.14,0,57.63,99.91,80100,Weekend,Sunday,Light_Load,3.35
2328,2,42.44,0,0.04,90.11,100,84600,Weekday,Wednesday,Light_Load,88.2
2329,5,3.92,0,0,60.65,100,22500,Weekday,Tuesday,Light_Load,2.99
2330,6,0,16.67,0,100,18.45,53100,Weekend,Saturday,Light_Load,3.13
2331,5,0,26.46,0,100,19.21,58500,Weekend,Saturday,Maximum_Load,5.18
2332,10,11.52,0,0.02,96.16,100,40500,Weekend,Saturday,Maximum_Load,40.39
2333,3,3.67,0,0,64.89,100,11700,Weekend,Sunday,Light_Load,3.13
2334,6,1.73,0.36,0.02,99.87,99.99,72000,Weekday,Tuesday,Medium_Load,34.27
2335,4,25.02,0,0.03,91.13,100,53100,Weekday,Wednesday,Maximum_Load,55.37
2336,4,32.33,0,0.03,87.66,100,48600,Weekday,Tuesday,Maximum_Load,58.9
2337,2,3.85,0,0,63.56,100,20700,Weekend,Saturday,Light_Load,3.17
2338,5,4.61,0,0,55.3,100,9900,Weekday,Monday,Light_Load,3.06
2339,6,44.35,0,0.02,68.55,100,30600,Weekday,Tuesday,Light_Load,41.76
2340,7,0,17.14,0,100,17.96,45000,Weekend,Sunday,Light_Load,3.13
2341,6,22.25,0,0.02,91.68,100,51300,Weekday,Friday,Maximum_Load,51.08
2342,3,19.51,0,0.02,94.1,100,37800,Weekday,Thursday,Maximum_Load,54.25
2343,10,6.19,0,0,44.78,100,7200,Weekday,Tuesday,Light_Load,3.1
2344,2,5.76,0,0,55.97,100,2700,Weekday,Thursday,Light_Load,3.89
2345,10,28.15,0,0.03,89.5,100,36000,Weekday,Friday,Medium_Load,56.48
2346,11,28.55,0,0.03,91.61,100,69300,Weekday,Friday,Maximum_Load,65.23
2347,10,52.81,0,0.05,90.06,100,52200,Weekday,Monday,Maximum_Load,109.4
2348,11,22.03,0,0.02,92.61,100,70200,Weekday,Wednesday,Maximum_Load,54.07
2349,3,0,18.25,0,100,18.78,77400,Weekday,Thursday,Medium_Load,3.49
2350,2,25.31,0.58,0.03,91.93,100,65700,Weekday,Wednesday,Maximum_Load,59.11
2351,1,0,25.52,0,100,29.26,46800,Weekday,Monday,Medium_Load,7.81
2352,5,4.07,0,0,60.59,100,18900,Weekday,Thursday,Light_Load,3.1
2353,10,6.7,0.18,0,49.82,99.89,80100,Weekday,Tuesday,Medium_Load,3.85
2354,5,33.84,0,0.05,95.48,100,60300,Weekday,Wednesday,Maximum_Load,108.65
2355,5,5.22,0,0,51.43,100,7200,Weekend,Saturday,Light_Load,3.13
2356,2,4.86,0,0,56.29,100,24300,Weekday,Thursday,Light_Load,3.31
2357,9,4.72,0,0,48.11,100,15300,Weekday,Wednesday,Light_Load,2.59
2358,8,5.54,0,0,46.13,100,9900,Weekday,Friday,Light_Load,2.88
2359,6,0,17.32,0,100,21.91,79200,Weekday,Monday,Medium_Load,3.89
2360,8,4.28,0,0,51.77,100,6300,Weekend,Sunday,Light_Load,2.59
2361,7,7.63,0,0,62.57,100,28800,Weekend,Saturday,Light_Load,6.12
2362,5,26.78,0,0.03,90.51,100,35100,Weekday,Monday,Medium_Load,57.02
2363,5,6.66,0,0,55.38,100,28800,Weekday,Monday,Light_Load,4.43
2364,7,4,0,0,59.35,100,27900,Weekend,Sunday,Light_Load,2.95
2365,2,48.71,0,0.05,91.47,100,54000,Weekday,Thursday,Medium_Load,110.27
2366,3,3.2,0,0,70.38,100,17100,Weekday,Wednesday,Light_Load,3.17
2367,12,34.49,0,0.03,89.97,100,63000,Weekday,Tuesday,Maximum_Load,71.1
2368,2,26.06,0,0.02,81.25,100,82800,Weekday,Tuesday,Maximum_Load,36.32
2369,4,3.35,1.69,0.03,99.86,99.96,35100,Weekend,Saturday,Medium_Load,63.22
2370,2,2.63,8.53,0.02,99.7,96.98,67500,Weekday,Monday,Maximum_Load,33.91
2371,8,38.38,0,0.03,89.17,100,34200,Weekend,Saturday,Medium_Load,75.6
2372,11,0,17.03,0,100,23.24,73800,Weekend,Saturday,Medium_Load,4.07
2373,3,24.16,0,0.03,93.42,100,74700,Weekday,Thursday,Medium_Load,63.29
2374,12,3.78,0,0,73.52,100,19800,Weekend,Sunday,Light_Load,4.1
2375,8,0,16.2,0,100,18.15,64800,Weekday,Friday,Light_Load,2.99
2376,3,9.54,0.29,0.03,99.17,100,71100,Weekday,Friday,Medium_Load,73.55
2377,9,31.28,0,0.02,83.53,100,66600,Weekday,Wednesday,Medium_Load,47.52
2378,12,3.67,0,0,75.15,100,11700,Weekday,Wednesday,Light_Load,4.18
2379,7,6.37,0,0,60.34,100,28800,Weekday,Thursday,Light_Load,4.82
2380,3,5.47,4.25,0.02,99.11,99.46,64800,Weekday,Wednesday,Medium_Load,40.75
2381,5,4.32,0,0,56.91,100,13500,Weekday,Monday,Light_Load,2.99
2382,3,32.4,0,0.02,84.36,100,66600,Weekday,Tuesday,Medium_Load,50.9
2383,4,0,22.21,0,100,20.03,46800,Weekend,Saturday,Medium_Load,4.54
2384,6,0,21.56,0,100,16.29,54000,Weekend,Sunday,Light_Load,3.56
2385,9,5.62,0,0,42.78,100,12600,Weekday,Tuesday,Light_Load,2.66
2386,12,30.49,0,0.03,89.37,100,59400,Weekday,Tuesday,Medium_Load,60.73
2387,7,39.28,0,0.03,86.72,100,37800,Weekday,Thursday,Maximum_Load,68.4
2388,12,0,21.13,0,100,24.76,79200,Weekday,Monday,Medium_Load,5.4
2389,11,0,14.51,0,100,20.18,76500,Weekend,Sunday,Light_Load,2.99
2390,12,0,14.11,0,100,24.46,53100,Weekend,Sunday,Light_Load,3.56
2391,8,5.18,0,0,45.68,100,22500,Weekday,Monday,Light_Load,2.66
2392,7,24.08,0,0.04,96.68,100,60300,Weekend,Sunday,Maximum_Load,91.04
2393,8,0,17.96,0,100,31.21,45900,Weekday,Wednesday,Medium_Load,5.9
2394,3,4.79,0,0,55.55,100,18000,Weekday,Friday,Light_Load,3.2
2395,11,68.65,0,0.05,84.94,100,55800,Weekday,Friday,Medium_Load,110.48
2396,12,0,20.56,0,100,26.67,79200,Weekday,Tuesday,Medium_Load,5.69
2397,11,46.44,0,0.04,89.87,100,55800,Weekend,Saturday,Medium_Load,95.18
2398,12,1.73,5.18,0,94.12,68.12,31500,Weekend,Sunday,Light_Load,4.82
2399,4,0,26.17,0,100,20.46,45000,Weekday,Monday,Medium_Load,5.47
2400,12,0,20.45,0,100,31.89,45000,Weekday,Thursday,Medium_Load,6.88
2401,10,36.68,0,0.03,84.89,100,72000,Weekday,Monday,Medium_Load,58.9
2402,8,0,4.75,0,100,49.42,42300,Weekend,Sunday,Light_Load,2.7
2403,6,27.9,0,0.03,90.31,100,49500,Weekday,Friday,Maximum_Load,58.68
2404,8,26.32,0,0.03,92.95,100,52200,Weekday,Wednesday,Maximum_Load,66.35
2405,1,34.09,0,0.03,86.2,100,9900,Weekday,Friday,Light_Load,57.96
2406,11,0,17.86,0,100,21.44,63900,Weekend,Sunday,Maximum_Load,3.92
2407,6,29.63,0,0.03,92.7,100,52200,Weekday,Tuesday,Maximum_Load,73.26
2408,1,3.02,0,0,72.4,100,9000,Weekend,Sunday,Light_Load,3.17
2409,1,22.14,0,0.03,95.11,100,37800,Weekday,Tuesday,Maximum_Load,68.18
2410,8,83.41,0,0.05,79.87,100,30600,Weekend,Saturday,Light_Load,110.7
2411,9,0,5.51,0,100,44.53,66600,Weekday,Monday,Light_Load,2.74
2412,4,50.72,0,0.03,79.67,100,52200,Weekday,Thursday,Maximum_Load,66.85
2413,1,11.12,0,0.03,98.04,100,38700,Weekend,Saturday,Maximum_Load,55.4
2414,5,5.62,0,0,46.11,100,81000,Weekend,Sunday,Light_Load,2.92
2415,1,5.76,0,0,63.06,100,81000,Weekday,Wednesday,Maximum_Load,4.68
2416,5,39.85,0,0.05,93.73,100,33300,Weekday,Friday,Medium_Load,107.14
2417,9,0,16.52,0,100,20.04,56700,Weekend,Saturday,Light_Load,3.38
2418,5,4.28,0,0,62.42,100,27000,Weekday,Friday,Light_Load,3.42
2419,1,0,26.64,0,100,19.09,63900,Weekend,Sunday,Maximum_Load,5.18
2420,1,0,19.69,0,100,18.18,47700,Weekend,Saturday,Light_Load,3.64
2421,7,0.68,6.3,0,97.19,40.73,32400,Weekend,Sunday,Light_Load,2.81
2422,4,39.71,0.04,0.02,76.18,100,29700,Weekday,Thursday,Light_Load,46.69
2423,1,25.09,0,0.02,81.82,100,21600,Weekday,Wednesday,Light_Load,35.71
2424,9,2.92,9.86,0.01,97.72,80.61,47700,Weekend,Sunday,Maximum_Load,13.43
2425,7,4.1,0,0,56.94,100,9000,Weekend,Sunday,Light_Load,2.84
2426,6,0,16.13,0,100,25.48,46800,Weekday,Friday,Medium_Load,4.25
2427,11,0,11.84,0,100,25.56,74700,Weekend,Sunday,Medium_Load,3.13
2428,4,27.58,0,0.04,95.98,100,36000,Weekday,Friday,Medium_Load,94.36
2429,5,4.36,0,0,53.21,100,0,Weekend,Saturday,Light_Load,2.74
2430,12,0,20.52,0,100,19.78,58500,Weekend,Sunday,Light_Load,4.14
2431,1,64.12,0,0.05,85.53,100,37800,Weekday,Monday,Maximum_Load,105.84
2432,5,4.25,0,0,59.79,100,18000,Weekday,Wednesday,Light_Load,3.17
2433,12,3.49,0.04,0,74.43,99.99,82800,Weekday,Tuesday,Light_Load,3.89
2434,9,69.08,0,0.05,86.31,100,60300,Weekday,Monday,Maximum_Load,118.04
2435,8,0,16.74,0,100,16.96,70200,Weekend,Saturday,Light_Load,2.88
2436,12,2.34,0.14,0,82.83,99.92,18900,Weekday,Tuesday,Light_Load,3.46
2437,11,37.91,0,0.05,93.65,100,54900,Weekend,Saturday,Medium_Load,101.2
2438,7,4.93,0,0,49.92,100,15300,Weekend,Sunday,Light_Load,2.84
2439,10,5.83,0,0,46,100,16200,Weekday,Tuesday,Light_Load,3.02
2440,11,22.32,0,0.02,91.03,100,67500,Weekday,Friday,Maximum_Load,49.07
2441,10,6.34,0.07,0,45.06,99.98,80100,Weekend,Saturday,Medium_Load,3.2
2442,2,0,16.92,0,100,19.81,36000,Weekday,Friday,Light_Load,3.42
2443,9,22.32,0,0.02,91.5,100,38700,Weekend,Saturday,Maximum_Load,50.62
2444,4,1.62,1.22,0.02,99.9,99.94,48600,Weekend,Sunday,Maximum_Load,35.78
2445,3,15.16,0,0.02,96.19,100,39600,Weekday,Thursday,Maximum_Load,53.35
2446,8,0,18.76,0,100,22.98,36000,Weekend,Saturday,Light_Load,4.43
2447,11,7.02,0,0,46.33,100,6300,Weekday,Tuesday,Light_Load,3.67
2448,12,0,20.48,0,100,22.91,75600,Weekday,Wednesday,Medium_Load,4.82
2449,5,56.81,0,0.03,70.6,100,30600,Weekday,Wednesday,Light_Load,56.63
2450,3,1.04,2.38,0.02,99.96,99.79,73800,Weekday,Tuesday,Medium_Load,36.43
2451,9,53.1,0,0.05,90.27,100,58500,Weekday,Friday,Maximum_Load,111.42
2452,2,0,9.61,0,100,47.45,41400,Weekend,Saturday,Light_Load,5.18
2453,3,27.97,0,0.03,90.06,100,52200,Weekday,Monday,Maximum_Load,57.96
2454,7,9.58,2.41,0.02,97.01,99.8,75600,Weekday,Monday,Medium_Load,38.27
2455,5,3.82,0,0,68.98,100,82800,Weekday,Friday,Medium_Load,3.64
2456,2,0,16.7,0,100,20.29,37800,Weekday,Friday,Light_Load,3.46
2457,3,0,22.21,0,100,17.55,34200,Weekend,Sunday,Light_Load,3.96
2458,8,5.29,0,0,50.07,100,11700,Weekday,Friday,Light_Load,3.06
2459,2,23.72,0,0.04,96.83,100,34200,Weekday,Tuesday,Medium_Load,91.98
2460,7,10.62,0,0.02,97.57,100,53100,Weekday,Friday,Maximum_Load,47.27
2461,11,4,0,0,58.43,100,21600,Weekday,Monday,Light_Load,2.88
2462,6,19.91,0,0.02,92.79,100,71100,Weekday,Tuesday,Medium_Load,49.57
2463,2,3.96,1.73,0.02,99.71,99.94,37800,Weekend,Saturday,Maximum_Load,51.8
2464,12,28.73,0,0.02,86.75,100,74700,Weekday,Monday,Medium_Load,50.11
2465,4,0.68,2.2,0.02,99.98,99.82,36900,Weekend,Saturday,Maximum_Load,36.97
2466,10,4.75,0,0,46.87,100,20700,Weekday,Monday,Light_Load,2.52
2467,4,4.82,0,0,54.95,100,20700,Weekend,Sunday,Light_Load,3.17
2468,6,40,0,0.02,70.32,100,31500,Weekday,Tuesday,Light_Load,39.56
2469,1,41.04,0,0.06,95.28,100,38700,Weekday,Thursday,Maximum_Load,128.81
2470,4,2.3,14.26,0,91.19,33.73,80100,Weekday,Friday,Medium_Load,5.11
2471,9,0,15.08,0,100,49.41,54900,Weekday,Friday,Maximum_Load,8.57
2472,1,0,26.78,0,100,19.13,79200,Weekday,Friday,Medium_Load,5.22
2473,1,27.07,0,0.02,81.38,100,15300,Weekday,Thursday,Light_Load,37.91
2474,8,4.75,0,0,51.85,100,20700,Weekday,Monday,Light_Load,2.88
2475,6,0,16.96,0,100,17.14,58500,Weekend,Sunday,Light_Load,2.95
2476,11,5,0,0,50.43,100,10800,Weekend,Sunday,Light_Load,2.92
2477,6,5.36,0,0,56.5,100,82800,Weekday,Tuesday,Medium_Load,3.67
2478,10,5.62,0,0,44.72,100,16200,Weekday,Thursday,Light_Load,2.81
2479,11,2.99,0,0,69.87,100,9900,Weekday,Monday,Light_Load,2.92
2480,1,4.32,0,0,72.67,100,17100,Weekday,Wednesday,Light_Load,4.57
2481,9,0,11.63,0,100,22.61,35100,Weekday,Tuesday,Light_Load,2.7
2482,2,28.69,0,0.05,96.62,100,76500,Weekday,Thursday,Medium_Load,107.5
2483,5,33.41,0,0.05,94.76,100,53100,Weekday,Tuesday,Maximum_Load,99.11
2484,6,27.32,0,0.02,87.91,100,58500,Weekday,Wednesday,Maximum_Load,50.4
2485,1,0,9.04,0.02,100,96.54,64800,Weekday,Monday,Maximum_Load,33.48
2486,4,3.92,0,0,62.03,100,27000,Weekend,Sunday,Light_Load,3.1
2487,2,5.72,0,0,71.38,100,20700,Weekend,Sunday,Light_Load,5.83
2488,6,0,9.22,0.01,100,93.65,57600,Weekend,Saturday,Maximum_Load,24.62
2489,1,10.98,0.14,0.02,95.47,100,65700,Weekday,Wednesday,Maximum_Load,35.24
2490,7,4.86,0,0,50.45,100,18000,Weekend,Sunday,Light_Load,2.84
2491,10,0,17.5,0,100,20.74,73800,Weekend,Sunday,Light_Load,3.71
2492,11,5.94,0,0,55.47,100,7200,Weekday,Thursday,Light_Load,3.96
2493,3,4.68,0,0,62.12,100,12600,Weekday,Wednesday,Light_Load,3.71
2494,4,34.96,0,0.03,89.81,100,34200,Weekday,Friday,Medium_Load,71.39
2495,4,34.42,0,0.03,88.56,100,38700,Weekday,Monday,Maximum_Load,65.63
2496,8,5.26,0,0,48.54,100,4500,Weekday,Thursday,Light_Load,2.92
2497,5,5.33,0,0,50.64,100,12600,Weekend,Saturday,Light_Load,3.13
2498,8,0,20.95,0,100,36.33,76500,Weekday,Monday,Medium_Load,8.17
2499,2,0,20.63,0,100,18.53,61200,Weekend,Saturday,Light_Load,3.89
2500,3,5.26,2.38,0.02,99.04,99.8,34200,Weekend,Saturday,Medium_Load,37.69
2501,5,32.36,0,0.05,95.54,100,61200,Weekday,Wednesday,Maximum_Load,104.69
2502,9,0,13,0,100,22.41,48600,Weekend,Sunday,Light_Load,2.99
2503,12,3.53,0.04,0,76.4,100,15300,Weekday,Friday,Light_Load,4.18
2504,12,2.7,0.4,0,82.15,99.48,900,Weekend,Saturday,Light_Load,3.89
2505,3,24.59,0,0.04,96.75,100,37800,Weekday,Wednesday,Maximum_Load,94.14
2506,6,5.72,0,0,51.76,100,9900,Weekday,Monday,Light_Load,3.46
2507,4,28.37,0,0.04,94.25,100,40500,Weekend,Saturday,Maximum_Load,79.99
2508,11,7.74,0,0.02,98.45,100,67500,Weekday,Monday,Maximum_Load,43.49
2509,12,0,21.1,0,100,21.48,61200,Weekend,Saturday,Medium_Load,4.64
2510,8,5.29,0,0,46.91,100,18000,Weekend,Saturday,Light_Load,2.81
2511,6,5.15,0,0,49.7,100,14400,Weekday,Thursday,Light_Load,2.95
2512,12,2.38,0,0,79.97,100,5400,Weekend,Sunday,Light_Load,3.17
2513,9,41.44,0,0.04,90.41,100,56700,Weekday,Monday,Maximum_Load,87.7
2514,10,41.51,0,0.04,91.8,100,70200,Weekday,Monday,Medium_Load,96.12
2515,3,9.32,1.55,0.03,99.24,99.98,73800,Weekday,Wednesday,Medium_Load,75.24
2516,8,5.22,0,0,46.87,100,7200,Weekday,Friday,Light_Load,2.77
2517,10,7.34,0,0,43.64,100,6300,Weekend,Saturday,Light_Load,3.56
2518,7,0,17.5,0,100,16.62,63900,Weekend,Sunday,Light_Load,2.95
2519,7,26.14,0,0.03,91.21,100,48600,Weekday,Wednesday,Maximum_Load,58.14
2520,9,19.44,0,0.02,89.38,100,58500,Weekday,Friday,Maximum_Load,38.74
2521,9,5.36,0,0,51.26,100,28800,Weekday,Monday,Light_Load,3.2
2522,2,64.15,0,0.04,79.52,100,66600,Weekday,Thursday,Maximum_Load,84.13
2523,6,0.36,5.62,0.01,99.99,98.26,63900,Weekday,Monday,Medium_Load,29.7
2524,3,3.82,0,0,63.38,100,18900,Weekday,Tuesday,Light_Load,3.13
2525,2,3.28,0,0,74.29,100,900,Weekday,Monday,Light_Load,3.64
2526,1,5.4,0,0,73.77,100,18900,Weekday,Wednesday,Light_Load,5.9
2527,9,6.26,0,0,47.51,100,900,Weekend,Sunday,Light_Load,3.38
2528,4,0,26.17,0,100,15.22,72900,Weekend,Saturday,Medium_Load,4.03
2529,11,34.38,0,0.03,86.85,100,60300,Weekday,Friday,Medium_Load,60.23
2530,10,37.37,0,0.03,83.66,100,32400,Weekday,Wednesday,Light_Load,57.06
2531,1,6.37,0,0,78.19,100,7200,Weekday,Tuesday,Light_Load,7.99
2532,8,0,13.18,0,100,23.11,79200,Weekend,Sunday,Medium_Load,3.13
2533,12,0,9.79,0,100,32.98,64800,Weekday,Monday,Light_Load,3.42
2534,7,0,16.34,0,100,21.91,69300,Weekend,Sunday,Light_Load,3.67
2535,7,5.83,0,0,52.54,100,8100,Weekend,Saturday,Light_Load,3.6
2536,4,0,25.78,0,100,20.76,45900,Weekday,Monday,Medium_Load,5.47
2537,3,2.41,0,0,78.56,100,13500,Weekday,Thursday,Light_Load,3.06
2538,5,5.29,0,0,52.23,100,18000,Weekday,Thursday,Light_Load,3.24
2539,7,34.88,0,0.03,88.62,100,37800,Weekday,Wednesday,Maximum_Load,66.71
2540,9,24.73,0,0.02,89.56,100,67500,Weekday,Wednesday,Medium_Load,49.79
2541,12,0,22.36,0,100,18.67,78300,Weekend,Saturday,Light_Load,4.25
2542,9,0,6.19,0,100,38.6,43200,Weekday,Tuesday,Light_Load,2.59
2543,1,0,27,0,100,18.21,76500,Weekend,Sunday,Medium_Load,5
2544,8,0,14.54,0,100,21.04,78300,Weekend,Sunday,Light_Load,3.13
2545,9,65.3,0,0.06,88.27,100,40500,Weekday,Tuesday,Maximum_Load,122.65
2546,5,31.1,0,0.03,89.7,100,50400,Weekday,Thursday,Maximum_Load,63.11
2547,3,4.21,0,0,62.27,100,14400,Weekday,Thursday,Light_Load,3.35
2548,5,5.33,0,0,48.05,100,11700,Weekend,Sunday,Light_Load,2.92
2549,3,4,0,0,62.94,100,22500,Weekday,Friday,Light_Load,3.24
2550,4,3.85,0,0,63.08,100,12600,Weekday,Tuesday,Light_Load,3.13
2551,11,19.94,0,0.02,90.57,100,76500,Weekday,Monday,Medium_Load,42.59
2552,8,53.21,0,0.03,79.22,100,29700,Weekday,Thursday,Light_Load,69.08
2553,3,18.76,0.61,0.02,93.44,99.99,47700,Weekday,Friday,Maximum_Load,49.21
2554,5,5.76,0,0,49.82,100,6300,Weekday,Thursday,Light_Load,3.31
2555,9,4.61,0,0,51.5,100,18000,Weekday,Thursday,Light_Load,2.77
2556,8,0,14.36,0,100,22.01,68400,Weekend,Sunday,Medium_Load,3.24
2557,1,0,24.26,0,100,17.1,75600,Weekday,Monday,Light_Load,4.21
2558,11,37.87,0,0.03,87.39,100,40500,Weekday,Friday,Maximum_Load,68.08
2559,3,46.08,0,0.04,88.72,100,43200,Weekday,Monday,Maximum_Load,88.6
2560,12,2.88,0,0,75.44,100,27000,Weekend,Saturday,Light_Load,3.31
2561,11,7.45,0.18,0.01,97.44,100,64800,Weekday,Thursday,Maximum_Load,32.26
2562,4,0,19.19,0,100,19.67,71100,Weekend,Sunday,Medium_Load,3.85
2563,10,5.8,0,0,44.97,100,12600,Weekday,Wednesday,Light_Load,2.92
2564,11,0,17.14,0,100,25.6,45000,Weekday,Thursday,Medium_Load,4.54
2565,11,5.4,0,0,53.06,100,11700,Weekday,Monday,Light_Load,3.38
2566,12,33.77,0,0.03,87.63,100,63000,Weekday,Monday,Maximum_Load,61.42
2567,6,20.81,0,0.02,90.95,100,33300,Weekday,Friday,Medium_Load,45.54
2568,5,4.68,0,0,65.62,100,82800,Weekday,Monday,Medium_Load,4.07
2569,7,4.72,0,0,54.4,100,27000,Weekday,Monday,Light_Load,3.06
2570,1,19.66,0,0.03,94.28,100,71100,Weekday,Friday,Maximum_Load,55.62
2571,3,0,5.08,0,100,49.83,42300,Weekend,Saturday,Light_Load,2.92
2572,12,0,14.87,0,100,21.98,48600,Weekend,Saturday,Light_Load,3.35
2573,6,15.41,0,0.02,94.49,100,55800,Weekday,Thursday,Maximum_Load,44.5
2574,10,27.9,0,0.02,83.96,100,65700,Weekday,Friday,Medium_Load,43.13
2575,5,6.16,0,0,51.18,100,24300,Weekend,Sunday,Light_Load,3.67
2576,9,4.28,0,0,52.79,100,21600,Weekday,Monday,Light_Load,2.66
2577,1,0,26.96,0,100,18.13,75600,Weekend,Sunday,Medium_Load,4.97
2578,6,39.49,0,0.02,78.78,100,42300,Weekday,Wednesday,Maximum_Load,50.51
2579,9,5.11,0,0,44.79,100,18900,Weekend,Sunday,Light_Load,2.56
2580,1,53.93,0,0.06,93.05,100,60300,Weekday,Monday,Medium_Load,136.98
2581,4,4.39,0,0,54.85,100,4500,Weekday,Monday,Light_Load,2.88
2582,5,40.43,0,0.02,80.03,100,43200,Weekday,Friday,Maximum_Load,53.96
2583,1,49.32,0,0.06,93.01,100,57600,Weekday,Wednesday,Medium_Load,124.88
2584,9,0,11.16,0,100,29.85,45900,Weekday,Thursday,Medium_Load,3.49
2585,12,2.77,0,0,77.07,100,16200,Weekend,Saturday,Light_Load,3.35
2586,10,6.77,0,0,49.82,100,23400,Weekday,Monday,Light_Load,3.89
2587,2,3.67,0,0,72.11,100,81000,Weekend,Sunday,Light_Load,3.82
2588,6,5.33,0,0,51.12,100,4500,Weekday,Friday,Light_Load,3.17
2589,12,0,19.01,0,100,19.7,41400,Weekday,Monday,Light_Load,3.82
2590,7,0.18,7.06,0.01,100,97.54,64800,Weekday,Monday,Medium_Load,31.21
2591,8,0,14.18,0,100,18.97,71100,Weekend,Sunday,Light_Load,2.74
2592,3,4.46,0,0,64.66,100,10800,Weekday,Tuesday,Light_Load,3.78
2593,6,4.03,0,0,57.6,100,17100,Weekend,Sunday,Light_Load,2.84
2594,12,2.95,0.36,0,80.19,99.59,81900,Weekday,Wednesday,Maximum_Load,3.96
2595,11,4.97,0,0,51.55,100,4500,Weekend,Sunday,Light_Load,2.99
2596,1,5.62,0,0,59.95,100,10800,Weekend,Saturday,Light_Load,4.21
2597,4,0,25.09,0,100,14.74,69300,Weekday,Monday,Medium_Load,3.74
2598,8,4.18,0,0,52.67,100,2700,Weekend,Sunday,Light_Load,2.59
2599,2,5.87,0,0,70.71,100,6300,Weekend,Sunday,Light_Load,5.87
2600,9,4.97,0,0,48.28,100,0,Weekend,Sunday,Light_Load,2.74
2601,11,5.22,0,0,53.2,100,13500,Weekday,Friday,Light_Load,3.28
2602,12,26.86,0,0.03,91.71,100,36900,Weekend,Sunday,Maximum_Load,61.81
2603,10,4.28,0,0,54.88,100,18900,Weekend,Saturday,Light_Load,2.81
2604,12,0,12.85,0,100,26.7,64800,Weekend,Saturday,Light_Load,3.56
2605,4,0,26.6,0,100,14.87,79200,Weekday,Thursday,Medium_Load,4
2606,5,5,0,0,60.71,100,8100,Weekday,Wednesday,Light_Load,3.82
2607,12,3.02,0,0,76.96,100,24300,Weekend,Sunday,Light_Load,3.64
2608,8,7.7,0,0,53.06,100,28800,Weekday,Wednesday,Light_Load,4.82
2609,5,0,16.13,0,100,24.64,46800,Weekday,Monday,Medium_Load,4.1
2610,3,0,13.07,0,100,22.51,44100,Weekend,Saturday,Light_Load,3.02
2611,12,3.2,0.04,0,75.72,99.99,8100,Weekend,Saturday,Light_Load,3.71
2612,3,7.09,0.4,0.02,98.43,99.99,69300,Weekday,Wednesday,Medium_Load,39.49
2613,6,30.1,0,0.03,88.96,100,50400,Weekday,Tuesday,Maximum_Load,58.64
2614,4,4.36,0,0,59.17,100,10800,Weekday,Tuesday,Light_Load,3.2
2615,2,12.35,4.03,0.02,97.27,99.7,47700,Weekday,Thursday,Medium_Load,51.8
2616,5,58.25,0,0.03,72.74,100,30600,Weekday,Friday,Light_Load,61.74
2617,10,0.04,16.13,0,99.99,23.84,79200,Weekday,Tuesday,Medium_Load,3.96
2618,10,29.92,0,0.02,87.05,100,63900,Weekday,Wednesday,Medium_Load,52.92
2619,12,3.53,0,0,73.09,100,8100,Weekday,Wednesday,Light_Load,3.78
2620,2,5.26,0,0,77.64,100,19800,Weekend,Saturday,Light_Load,6.48
2621,7,5.36,0,0,47.33,100,14400,Weekday,Friday,Light_Load,2.88
2622,6,0,16.99,0,100,17.33,34200,Weekend,Sunday,Light_Load,2.99
2623,12,0,21.92,0,100,19.94,67500,Weekday,Monday,Maximum_Load,4.46
2624,4,0,25.74,0,100,17.74,45900,Weekday,Wednesday,Medium_Load,4.64
2625,11,4.07,0,0,57.22,100,6300,Weekday,Monday,Light_Load,2.84
2626,2,0,16.27,0,100,25.66,62100,Weekend,Sunday,Light_Load,4.32
2627,6,5.8,0,0,46.18,100,16200,Weekday,Friday,Light_Load,3.02
2628,1,16.42,0,0.01,77.6,100,30600,Weekend,Sunday,Light_Load,20.2
2629,12,0.83,4.72,0.01,99.96,98.66,33300,Weekend,Saturday,Medium_Load,28.58
2630,9,0.54,10.62,0,99.57,47.93,44100,Weekday,Thursday,Medium_Load,5.8
2631,10,23.65,0,0.02,89.47,100,55800,Weekday,Thursday,Maximum_Load,47.38
2632,5,33.44,0,0.03,88.91,100,35100,Weekday,Friday,Medium_Load,64.94
2633,5,5.62,0,0,54.36,100,23400,Weekday,Friday,Light_Load,3.64
2634,7,14.36,0,0.02,96.1,100,59400,Weekday,Wednesday,Maximum_Load,49.93
2635,10,32.65,0,0.03,86.29,100,50400,Weekday,Tuesday,Maximum_Load,55.76
2636,3,1.8,15.44,0,94.87,33.01,80100,Weekday,Thursday,Medium_Load,5.4
2637,12,28.3,0,0.03,91.23,100,36900,Weekday,Tuesday,Maximum_Load,63.04
2638,12,24.08,0,0.02,90.73,100,48600,Weekday,Monday,Medium_Load,51.95
2639,9,5.76,0,0,41.01,100,16200,Weekday,Tuesday,Light_Load,2.59
2640,11,34.2,0,0.03,86.62,100,52200,Weekday,Monday,Medium_Load,59.29
2641,9,4.1,0,0,52.36,100,8100,Weekend,Saturday,Light_Load,2.52
2642,12,20.3,0,0.03,93.79,100,38700,Weekday,Monday,Maximum_Load,54.86
2643,8,22.39,0,0.02,87.61,100,68400,Weekday,Wednesday,Medium_Load,40.68
2644,11,5.94,0.25,0.02,98.88,100,63900,Weekday,Tuesday,Maximum_Load,39.38
2645,7,5.04,0,0,47.76,100,18900,Weekend,Saturday,Light_Load,2.74
2646,3,3.71,0,0,64.12,100,14400,Weekday,Tuesday,Light_Load,3.1
2647,1,4.14,0,0,65.62,100,6300,Weekday,Monday,Light_Load,3.6
2648,7,0,5,0,100,56.46,9900,Weekday,Monday,Light_Load,3.42
2649,12,0,15.55,0,100,21.9,62100,Weekend,Sunday,Light_Load,3.49
2650,10,60.98,0,0.05,87.56,100,43200,Weekday,Thursday,Maximum_Load,110.52
2651,3,4.28,0,0,65.5,100,12600,Weekend,Saturday,Light_Load,3.71
2652,8,62.42,0,0.06,90.28,100,56700,Weekday,Friday,Maximum_Load,131
2653,12,0,20.7,0,100,22.54,77400,Weekend,Saturday,Medium_Load,4.79
2654,6,0,16.81,0,100,17.51,48600,Weekend,Sunday,Light_Load,2.99
2655,1,48.1,0,0.05,92.48,100,53100,Weekday,Friday,Medium_Load,116.89
2656,4,4.68,0,0,59.45,100,18000,Weekend,Sunday,Light_Load,3.46
2657,1,30.6,0,0.03,92.79,100,57600,Weekday,Tuesday,Medium_Load,76.14
2658,11,39.92,0,0.04,90.18,100,60300,Weekday,Wednesday,Medium_Load,83.3
2659,11,42.3,0,0.03,85.05,100,60300,Weekday,Wednesday,Medium_Load,68.4
2660,3,0,17.5,0.01,100,57.75,62100,Weekday,Thursday,Medium_Load,12.38
2661,2,28.8,0,0.03,93.37,100,38700,Weekday,Wednesday,Maximum_Load,75.13
2662,5,37.12,0,0.03,87.39,100,63000,Weekday,Wednesday,Medium_Load,66.74
2663,7,0,16.27,0,100,18.25,78300,Weekday,Tuesday,Medium_Load,3.02
2664,10,33.77,0,0.04,93.56,100,48600,Weekday,Monday,Maximum_Load,89.46
2665,11,3.82,0,0,63.86,100,24300,Weekday,Thursday,Light_Load,3.17
2666,2,19.26,4.64,0.03,96.62,99.79,47700,Weekday,Tuesday,Medium_Load,72.14
2667,10,0,17.46,0,100,30.64,46800,Weekday,Monday,Medium_Load,5.62
2668,8,5.62,0,0,43.3,100,21600,Weekday,Thursday,Light_Load,2.7
2669,6,4.64,0,0,51.26,100,3600,Weekend,Sunday,Light_Load,2.77
2670,10,5.58,0,0,49.75,100,27000,Weekday,Tuesday,Light_Load,3.2
2671,10,6.01,0,0,49.02,100,11700,Weekday,Tuesday,Light_Load,3.38
2672,2,0,16.92,0,100,19.81,46800,Weekday,Friday,Light_Load,3.42
2673,11,4.21,0,0,61.81,100,11700,Weekday,Thursday,Light_Load,3.31
2674,4,0,17.03,0,100,23.41,64800,Weekend,Sunday,Medium_Load,4.1
2675,8,6.66,0,0,48.96,100,22500,Weekday,Wednesday,Light_Load,3.74
2676,2,40.32,0,0.04,91.14,100,42300,Weekday,Monday,Maximum_Load,89.32
2677,12,2.88,0.32,0,82.09,99.7,83700,Weekday,Wednesday,Light_Load,4.14
2678,6,4.9,0,0,51.19,100,9900,Weekday,Thursday,Light_Load,2.92
2679,6,4.9,0,0,58.45,100,4500,Weekday,Tuesday,Light_Load,3.53
2680,8,0,16.7,0,100,18.25,56700,Weekday,Thursday,Light_Load,3.1
2681,8,5.04,0,0,47.76,100,81000,Weekend,Saturday,Light_Load,2.74
2682,1,22.9,0,0.01,78.2,100,7200,Weekday,Tuesday,Light_Load,28.73
2683,1,11.52,0.07,0.03,97.89,100,73800,Weekday,Friday,Medium_Load,55.15
2684,10,7.31,0,0,41.97,100,2700,Weekday,Wednesday,Light_Load,3.38
2685,6,5.4,0,0,47.57,100,18000,Weekday,Monday,Light_Load,2.92
2686,6,19.73,0,0.02,93.61,100,54000,Weekday,Monday,Maximum_Load,52.49
2687,10,0,17.1,0,100,21.8,76500,Weekday,Wednesday,Medium_Load,3.82
2688,8,4.54,0,0,57.61,100,900,Weekday,Wednesday,Light_Load,3.2
2689,2,5.94,0,0,70.71,100,21600,Weekend,Sunday,Light_Load,5.94
2690,5,0,20.52,0,100,17.61,72000,Weekend,Saturday,Light_Load,3.67
2691,7,49.64,0,0.04,87.88,100,40500,Weekday,Wednesday,Maximum_Load,91.4
2692,7,13.54,0,0.02,96.38,100,37800,Weekday,Wednesday,Maximum_Load,48.96
2693,3,31.43,0,0.03,89.87,100,52200,Weekday,Friday,Maximum_Load,64.4
2694,1,40.03,0,0.03,81,100,29700,Weekday,Wednesday,Light_Load,55.3
2695,8,16.34,0,0.02,93.12,100,50400,Weekday,Monday,Maximum_Load,41.76
2696,12,0,14,0,100,23.27,70200,Weekend,Saturday,Light_Load,3.35
2697,1,4.79,0,0,69.58,100,7200,Weekend,Sunday,Light_Load,4.64
2698,1,5.18,0,0,66.72,100,83700,Weekday,Thursday,Light_Load,4.64
2699,7,0,16.74,0,100,17.75,72000,Weekend,Sunday,Light_Load,3.02
2700,9,5.11,0,0,44.79,100,20700,Weekday,Wednesday,Light_Load,2.56
2701,1,43.38,3.82,0.05,92.69,99.94,47700,Weekday,Friday,Medium_Load,107.1
2702,6,4.61,0,0,53.9,100,21600,Weekday,Monday,Light_Load,2.95
2703,7,4.32,0,0,56.39,100,10800,Weekday,Wednesday,Light_Load,2.95
2704,6,40.21,0,0.02,76.91,100,42300,Weekday,Friday,Maximum_Load,48.38
2705,4,42.88,0,0.04,87.41,100,56700,Weekday,Thursday,Maximum_Load,77.15
2706,2,4.97,0,0,76.69,100,19800,Weekend,Saturday,Light_Load,5.94
2707,7,4.93,0,0,61.55,100,27000,Weekend,Saturday,Light_Load,3.85
2708,11,26.1,0,0.03,93.8,100,58500,Weekday,Wednesday,Medium_Load,70.6
2709,3,4.32,0,0.02,99.32,100,70200,Weekday,Monday,Medium_Load,36.86
2710,3,3.85,0,0,78.13,100,84600,Weekday,Tuesday,Light_Load,4.82
2711,11,0,17.06,0,100,20.26,34200,Weekend,Sunday,Light_Load,3.53
2712,1,0,26.06,0,100,28.71,45000,Weekday,Thursday,Medium_Load,7.81
2713,3,3.96,0,0,68.66,100,2700,Weekend,Sunday,Light_Load,3.74
2714,10,36.4,0,0.03,84.13,100,60300,Weekday,Friday,Maximum_Load,56.66
2715,10,4.75,0,0,51.85,100,27000,Weekend,Saturday,Light_Load,2.88
2716,4,14,0,0.03,97.12,100,71100,Weekday,Tuesday,Medium_Load,57.1
2717,12,17.6,0,0.02,94.09,100,72900,Weekday,Tuesday,Medium_Load,48.89
2718,11,36.14,0,0.04,92.57,100,37800,Weekday,Thursday,Maximum_Load,88.42
2719,6,16.42,0.36,0.02,92.89,100,32400,Weekend,Saturday,Light_Load,41.18
2720,3,45.43,0,0.03,81.48,100,42300,Weekday,Tuesday,Maximum_Load,63.86
2721,10,4.97,0,0,55.08,100,27000,Weekday,Friday,Light_Load,3.28
2722,7,27.97,0,0.03,91.91,100,72900,Weekday,Thursday,Medium_Load,65.23
2723,5,69.91,0,0.05,85.07,100,41400,Weekday,Thursday,Maximum_Load,113.15
2724,6,6.37,0,0,54.12,100,3600,Weekday,Tuesday,Light_Load,4.1
2725,11,5.69,0,0,47.84,100,15300,Weekday,Friday,Light_Load,3.1
2726,3,8.86,0.18,0.02,98.63,100,36900,Weekday,Monday,Maximum_Load,52.99
2727,8,5.15,0,0,47.37,100,18900,Weekday,Tuesday,Light_Load,2.77
2728,6,3.71,0,0,57.83,100,24300,Weekday,Tuesday,Light_Load,2.63
2729,12,2.48,0.04,0,80.37,99.99,9900,Weekend,Sunday,Light_Load,3.35
2730,3,3.56,0,0,60.43,100,0,Weekend,Saturday,Light_Load,2.7
2731,3,3.38,0,0,67.11,100,5400,Weekend,Sunday,Light_Load,3.06
2732,5,38.92,0,0.02,81.12,100,42300,Weekday,Thursday,Maximum_Load,54
2733,12,4.07,0,0,72.79,100,9900,Weekday,Monday,Light_Load,4.32
2734,8,5.98,0,0,46.84,100,19800,Weekday,Thursday,Light_Load,3.17
2735,11,6.08,0,0,49.78,100,2700,Weekday,Monday,Light_Load,3.49
2736,5,4.03,0,0,58.14,100,22500,Weekend,Saturday,Light_Load,2.88
2737,3,36.22,0,0.05,94.51,100,54900,Weekday,Thursday,Maximum_Load,104.76
2738,1,33.34,0,0.05,95.2,100,69300,Weekday,Tuesday,Maximum_Load,103.68
2739,8,6.16,0,0,42.83,100,18900,Weekday,Friday,Light_Load,2.92
2740,12,3.31,0.04,0,76.73,99.99,25200,Weekday,Wednesday,Light_Load,3.96
2741,6,0,17.06,0,100,18.44,61200,Weekend,Sunday,Light_Load,3.2
2742,6,4.64,0,0,52.2,100,10800,Weekday,Monday,Light_Load,2.84
2743,9,0,17.14,0,100,28.57,46800,Weekday,Wednesday,Medium_Load,5.11
2744,2,0,17.35,0,100,19.12,70200,Weekend,Saturday,Light_Load,3.38
2745,9,0,14.87,0,100,21.29,36000,Weekday,Monday,Light_Load,3.24
2746,2,6.23,0,0,68.76,100,8100,Weekend,Sunday,Light_Load,5.9
2747,5,3.85,0,0,61.72,100,9900,Weekend,Saturday,Light_Load,3.02
2748,9,0,11.88,0,100,22.16,40500,Weekend,Sunday,Light_Load,2.7
2749,5,57.46,0,0.06,90.75,100,57600,Weekday,Wednesday,Maximum_Load,124.13
2750,1,63.79,0,0.06,89.78,100,42300,Weekday,Friday,Maximum_Load,130.03
2751,1,0,27.04,0,100,17.94,74700,Weekend,Sunday,Medium_Load,4.93
2752,12,3.02,0.25,0,78.68,99.79,81000,Weekday,Thursday,Maximum_Load,3.85
2753,3,22.5,0,0.03,92.45,100,60300,Weekday,Wednesday,Maximum_Load,54.58
2754,3,3.53,0,0,67.62,100,15300,Weekday,Monday,Light_Load,3.24
2755,5,0,18.68,0,100,19.13,46800,Weekend,Saturday,Light_Load,3.64
2756,4,0.94,1.76,0.02,99.97,99.88,74700,Weekday,Thursday,Medium_Load,35.78
2757,11,3.89,0,0,77.17,100,900,Weekday,Tuesday,Light_Load,4.72
2758,5,37.62,0,0.03,87.89,100,65700,Weekday,Monday,Medium_Load,69.3
2759,10,42.7,0,0.03,82.57,100,80100,Weekday,Tuesday,Medium_Load,62.5
2760,9,61.06,0,0.05,87.44,100,54900,Weekday,Thursday,Maximum_Load,110.05
2761,4,6.62,0,0,54.02,100,16200,Weekday,Friday,Light_Load,4.25
2762,6,0,16.78,0,100,17.94,62100,Weekday,Wednesday,Medium_Load,3.06
2763,10,28.62,0,0.02,88.44,100,50400,Weekday,Friday,Maximum_Load,54.22
2764,5,0,26.17,0,100,14.55,38700,Weekend,Saturday,Light_Load,3.85
2765,11,4.61,0,0,65.82,100,83700,Weekday,Thursday,Light_Load,4.03
2766,10,4.54,0,0,53.57,100,10800,Weekday,Friday,Light_Load,2.88
2767,5,3.82,0,0,68.58,100,81900,Weekday,Friday,Medium_Load,3.6
2768,12,24.19,0,0.01,80.03,100,29700,Weekday,Thursday,Light_Load,32.29
2769,8,44.78,0,0.03,80.15,100,41400,Weekday,Friday,Maximum_Load,60.01
2770,1,67.07,0,0.06,88.06,100,66600,Weekday,Friday,Maximum_Load,124.63
2771,2,45.76,0,0.05,91.83,100,33300,Weekday,Friday,Medium_Load,106.16
2772,3,3.56,0,0,81.07,100,82800,Weekday,Thursday,Medium_Load,4.93
2773,9,6.55,0.11,0,51.06,99.96,80100,Weekday,Friday,Medium_Load,3.89
2774,8,51.48,0,0.03,73.46,100,31500,Weekday,Friday,Light_Load,55.73
2775,10,5.51,0,0,46.32,100,18000,Weekday,Monday,Light_Load,2.88
2776,4,3.85,0,0,70.71,100,28800,Weekday,Friday,Light_Load,3.85
2777,3,2.16,7.52,0.01,99.71,96.66,75600,Weekday,Monday,Medium_Load,28.37
2778,10,62.96,0,0.04,83.73,100,49500,Weekday,Tuesday,Maximum_Load,96.41
2779,7,0,7.52,0,100,35.33,47700,Weekend,Sunday,Light_Load,2.84
2780,8,17.82,0,0.02,93.39,100,49500,Weekend,Saturday,Maximum_Load,46.55
2781,9,0,11.23,0,100,23.95,38700,Weekend,Sunday,Light_Load,2.77
2782,2,56.7,0,0.05,88.06,100,82800,Weekday,Thursday,Maximum_Load,105.37
2783,4,0,16.38,0,100,19,54000,Weekend,Sunday,Light_Load,3.17
2784,8,20.88,0,0.02,90.29,100,53100,Weekday,Thursday,Maximum_Load,43.85
2785,3,1.15,1.66,0.01,99.93,99.86,50400,Weekend,Sunday,Maximum_Load,30.85
2786,7,4.64,0,0,60.87,100,8100,Weekday,Thursday,Light_Load,3.56
2787,1,0,22.57,0,100,17.75,68400,Weekday,Monday,Light_Load,4.07
2788,1,4.64,0,0,70.48,100,22500,Weekday,Thursday,Light_Load,4.61
2789,10,0,18.22,0,100,19.59,72000,Weekday,Tuesday,Medium_Load,3.64
2790,8,15.7,0,0.02,95.56,100,56700,Weekday,Monday,Maximum_Load,50.94
2791,1,44.14,0,0.05,92.92,100,55800,Weekday,Monday,Medium_Load,111.02
2792,8,0,20.52,0,100,32.94,76500,Weekday,Wednesday,Medium_Load,7.16
2793,5,32.98,0,0.03,88.7,100,54900,Weekday,Wednesday,Maximum_Load,63.36
2794,6,7.78,0.32,0.02,98.12,100,36000,Weekday,Tuesday,Medium_Load,39.53
2795,11,5.15,0,0,49.7,100,11700,Weekend,Sunday,Light_Load,2.95
2796,1,0.25,6.84,0.02,100,98.33,64800,Weekday,Thursday,Maximum_Load,36.97
2797,1,4.36,0,0,72.13,100,12600,Weekday,Monday,Light_Load,4.54
2798,6,26.21,0,0.03,90.87,100,60300,Weekday,Monday,Maximum_Load,57.06
2799,1,31.28,0,0.03,92.51,100,53100,Weekday,Thursday,Medium_Load,76.18
2800,7,4.39,0,0,58.05,100,18000,Weekday,Wednesday,Light_Load,3.13
2801,2,36.94,0,0.03,83.97,100,82800,Weekday,Friday,Maximum_Load,57.13
2802,9,5.29,0,0,45.99,100,15300,Weekend,Sunday,Light_Load,2.74
2803,6,39.89,0,0.02,72.49,100,30600,Weekend,Saturday,Light_Load,41.98
2804,11,19.08,5.62,0.02,94.29,99.46,47700,Weekday,Thursday,Medium_Load,54
2805,7,0,4.57,0,100,55.13,9900,Weekday,Thursday,Light_Load,3.02
2806,4,25.2,0,0.03,90.81,100,54900,Weekday,Thursday,Maximum_Load,54.65
2807,12,11.23,0.18,0.02,97.26,100,48600,Weekday,Monday,Medium_Load,46.98
2808,6,0,16.34,0,100,19.68,78300,Weekend,Saturday,Medium_Load,3.28
2809,6,22.28,0,0.02,92.45,100,54000,Weekday,Monday,Maximum_Load,54.04
2810,9,18.72,0,0.02,93.03,100,49500,Weekend,Saturday,Maximum_Load,47.48
2811,1,7.45,0.65,0.03,99.42,100,63900,Weekday,Monday,Maximum_Load,68.62
2812,10,36.22,0,0.03,87.67,100,35100,Weekday,Tuesday,Medium_Load,66.02
2813,4,7.99,7.27,0.02,97.31,97.76,47700,Weekday,Friday,Maximum_Load,33.77
2814,11,43.09,0,0.04,88.89,100,50400,Weekday,Thursday,Medium_Load,83.63
2815,6,5.04,0,0,56.15,100,27000,Weekday,Monday,Light_Load,3.42
2816,1,28.87,3.6,0.03,91.75,99.85,47700,Weekday,Wednesday,Medium_Load,66.6
2817,11,19.08,0,0.02,92.38,100,73800,Weekday,Thursday,Medium_Load,46.04
2818,6,30.24,0,0.03,90.16,100,69300,Weekday,Tuesday,Medium_Load,63.04
2819,8,0,22.32,0,100,16.1,38700,Weekday,Thursday,Light_Load,3.64
2820,5,0,25.99,0,100,18.64,45000,Weekday,Tuesday,Medium_Load,4.93
2821,6,0,26.17,0,100,20.85,46800,Weekday,Monday,Medium_Load,5.58
2822,11,5.76,0,0,56.65,100,1800,Weekday,Thursday,Light_Load,3.96
2823,4,50.15,0,0.03,78.78,100,43200,Weekday,Wednesday,Maximum_Load,64.15
2824,10,5.47,0,0,45.18,100,12600,Weekday,Thursday,Light_Load,2.77
2825,3,3.78,0,0,62.92,100,1800,Weekday,Monday,Light_Load,3.06
2826,12,2.84,0.29,0,89.12,99.87,27900,Weekday,Tuesday,Light_Load,5.58
2827,9,5.54,0,0,49.19,100,22500,Weekend,Saturday,Light_Load,3.13
2828,2,6.55,2.23,0.03,99.33,99.92,79200,Weekday,Thursday,Medium_Load,56.48
2829,11,3.17,0,0,70.26,100,8100,Weekday,Monday,Light_Load,3.13
2830,6,38.05,0,0.04,92.12,100,38700,Weekday,Monday,Maximum_Load,90.07
2831,1,70.99,0,0.06,88.19,100,66600,Weekday,Thursday,Maximum_Load,132.77
2832,11,0,18.14,0,100,20.19,76500,Weekend,Saturday,Medium_Load,3.74
2833,5,4.5,0,0,55.34,100,10800,Weekday,Wednesday,Light_Load,2.99
2834,7,4.21,0,0,55.92,100,9900,Weekday,Tuesday,Light_Load,2.84
2835,10,5.69,0,0,45.16,100,25200,Weekday,Thursday,Light_Load,2.88
2836,1,4.61,0,0,70.71,100,2700,Weekday,Wednesday,Light_Load,4.61
2837,9,5.22,0,0,43.47,100,7200,Weekend,Sunday,Light_Load,2.52
2838,3,20.56,0,0.02,92.56,100,62100,Weekday,Monday,Medium_Load,50.29
2839,7,0,16.78,0,100,17.14,72900,Weekday,Tuesday,Medium_Load,2.92
2840,1,35.6,0,0.05,94.81,100,60300,Weekday,Thursday,Medium_Load,106.16
2841,4,3.2,0,0,74.74,100,5400,Weekday,Wednesday,Light_Load,3.6
2842,3,23.98,0,0.04,95.45,100,62100,Weekday,Monday,Medium_Load,76.79
2843,11,0,18.07,0,100,20.11,72000,Weekend,Saturday,Maximum_Load,3.71
2844,6,34.85,0,0.02,72.26,100,31500,Weekday,Thursday,Light_Load,36.43
2845,7,2.16,1.84,0.02,99.78,99.84,60300,Weekend,Sunday,Maximum_Load,32.72
2846,4,29.34,0,0.03,90.39,100,48600,Weekday,Thursday,Maximum_Load,61.99
2847,8,50.65,0,0.05,90.72,100,33300,Weekday,Monday,Medium_Load,109.22
2848,7,0,5.4,0,100,44.72,3600,Weekday,Wednesday,Light_Load,2.7
2849,1,11.2,0.36,0.02,96.15,100,80100,Weekday,Wednesday,Maximum_Load,39.2
2850,6,5.47,0,0,56.44,100,81900,Weekday,Tuesday,Medium_Load,3.74
2851,6,0.04,19.04,0,100,26.77,44100,Weekday,Monday,Medium_Load,5.29
2852,12,27.11,0,0.03,91.31,100,62100,Weekday,Wednesday,Maximum_Load,60.7
2853,1,0,7.99,0.01,100,96.93,71100,Weekday,Wednesday,Maximum_Load,31.5
2854,4,0,27.07,0,100,18.69,45000,Weekday,Monday,Medium_Load,5.15
2855,5,0,16.99,0,100,18.34,62100,Weekend,Sunday,Light_Load,3.17
2856,10,33.08,0,0.02,84.27,100,66600,Weekday,Friday,Medium_Load,51.77
2857,2,9.18,1.84,0.04,99.35,99.97,68400,Weekday,Tuesday,Maximum_Load,79.85
2858,11,32.94,0,0.03,87.53,100,63000,Weekday,Friday,Maximum_Load,59.62
2859,2,0,16.74,0,100,24.39,59400,Weekend,Sunday,Light_Load,4.21
2860,1,37.01,0,0.03,88.96,100,5400,Weekend,Saturday,Light_Load,72.07
2861,10,23.87,0,0.03,95.27,100,79200,Weekday,Friday,Medium_Load,74.84
2862,1,50.26,0,0.04,88.62,100,69300,Weekday,Tuesday,Maximum_Load,96.16
2863,1,8.78,2.88,0.02,98.25,99.81,75600,Weekday,Monday,Medium_Load,46.33
2864,10,4.32,0,0,54.53,100,12600,Weekend,Saturday,Light_Load,2.81
2865,6,8.64,0,0,60.41,100,28800,Weekend,Saturday,Light_Load,6.55
2866,8,0,16.92,0,100,17.01,73800,Weekend,Saturday,Light_Load,2.92
2867,11,31.54,0,0.03,90.24,100,42300,Weekday,Friday,Maximum_Load,66.06
2868,4,3.64,0,0,64.35,100,12600,Weekday,Thursday,Light_Load,3.06
2869,10,41.58,0,0.03,85.18,100,54900,Weekday,Friday,Maximum_Load,67.61
2870,6,5.62,0,0,45.1,100,9900,Weekday,Friday,Light_Load,2.84
2871,8,10.87,0,0.02,96.88,100,62100,Weekday,Thursday,Medium_Load,42.48
2872,2,3.82,0,0,73.16,100,23400,Weekend,Saturday,Light_Load,4.1
2873,6,3.67,0,0,57.21,100,24300,Weekend,Sunday,Light_Load,2.56
2874,5,30.67,0,0.02,86.95,100,48600,Weekday,Monday,Maximum_Load,54
2875,8,29.09,0,0.02,87.62,100,61200,Weekday,Wednesday,Maximum_Load,52.88
2876,10,36.83,0,0.05,93.92,100,72900,Weekday,Wednesday,Medium_Load,100.73
2877,6,0,7.13,0,100,41.37,66600,Weekend,Saturday,Medium_Load,3.24
2878,7,4.68,0,0,62.12,100,81000,Weekday,Thursday,Medium_Load,3.71
2879,6,0,18.5,0,100,19.46,63000,Weekend,Saturday,Light_Load,3.67
2880,2,8.5,0.36,0.03,99.33,100,73800,Weekday,Monday,Medium_Load,72.9
2881,9,5.62,0,0,42.78,100,81000,Weekday,Monday,Medium_Load,2.66
2882,1,4.54,0,0,82.9,100,28800,Weekday,Tuesday,Light_Load,6.73
2883,10,4.75,0,0,48.86,100,27000,Weekend,Sunday,Light_Load,2.66
2884,6,0.61,13.32,0,98.51,25.35,32400,Weekend,Sunday,Light_Load,3.49
2885,7,4.43,0.07,0.02,99.4,100,77400,Weekday,Thursday,Medium_Load,40.28
2886,12,1.66,4.18,0.01,99.78,98.6,64800,Weekday,Monday,Maximum_Load,24.73
2887,6,21.28,0,0.01,71.17,100,29700,Weekend,Sunday,Light_Load,21.56
2888,11,45.32,0,0.04,88.74,100,53100,Weekday,Wednesday,Medium_Load,87.26
2889,1,0.18,12.92,0.01,100,86.05,59400,Weekend,Saturday,Medium_Load,21.82
2890,1,50.94,0,0.06,93.7,100,48600,Weekday,Tuesday,Medium_Load,136.69
2891,2,9.86,0,0.02,97.79,100,51300,Weekday,Friday,Medium_Load,46.15
2892,3,2.09,1.12,0.02,99.83,99.95,60300,Weekend,Saturday,Maximum_Load,35.93
2893,2,28.19,0,0.03,92.02,100,49500,Weekday,Friday,Medium_Load,66.28
2894,12,36.25,0,0.03,88.87,100,61200,Weekday,Tuesday,Medium_Load,70.27
2895,3,1.22,0.72,0.02,99.94,99.98,45000,Weekday,Monday,Medium_Load,34.38
2896,8,4.39,0,0,51.39,100,18000,Weekday,Wednesday,Light_Load,2.63
2897,12,1.84,0.43,0,85.99,99.05,19800,Weekday,Wednesday,Light_Load,3.1
2898,11,4.5,0,0,53.37,100,26100,Weekend,Sunday,Light_Load,2.84
2899,9,5.36,0,0,47.33,100,24300,Weekday,Tuesday,Light_Load,2.88
2900,2,41.54,0,0.04,87.92,100,4500,Weekday,Thursday,Light_Load,76.64
2901,6,4.61,0,0,53.51,100,14400,Weekday,Thursday,Light_Load,2.92
2902,4,4,0,0,56.93,100,9900,Weekend,Sunday,Light_Load,2.77
2903,8,30.24,0,0.02,84.22,100,48600,Weekday,Thursday,Maximum_Load,47.23
2904,3,3.35,0,0,66.59,100,23400,Weekday,Wednesday,Light_Load,2.99
2905,1,0,26.96,0,100,19.78,78300,Weekend,Sunday,Medium_Load,5.44
2906,8,36.22,0,0.04,91.73,100,37800,Weekday,Tuesday,Maximum_Load,83.41
2907,7,3.92,0,0,64.97,100,83700,Weekday,Monday,Light_Load,3.35
2908,2,19.37,0,0.03,95.7,100,39600,Weekday,Friday,Maximum_Load,63.94
2909,4,27.43,0,0.04,95.41,100,36000,Weekday,Tuesday,Medium_Load,87.41
2910,11,15.37,0,0.01,82.53,100,18900,Weekday,Wednesday,Light_Load,22.46
2911,8,4.93,0,0,48.58,100,12600,Weekend,Sunday,Light_Load,2.74
2912,6,8.6,0.04,0.02,97.52,100,73800,Weekday,Friday,Medium_Load,37.91
2913,12,1.26,3.17,0,92.93,70.71,31500,Weekend,Sunday,Light_Load,3.17
2914,2,22.86,0,0.04,96.17,100,72900,Weekday,Thursday,Medium_Load,80.21
2915,12,0,13.46,0,100,26.57,38700,Weekend,Sunday,Light_Load,3.71
2916,1,4.46,0,0,72.39,100,18000,Weekday,Wednesday,Light_Load,4.68
2917,6,0,24.84,0,100,19.47,45900,Weekday,Tuesday,Medium_Load,4.93
2918,6,5.08,0,0,49.32,100,2700,Weekend,Sunday,Light_Load,2.88
2919,11,0,16.31,0,100,34.22,45900,Weekday,Friday,Medium_Load,5.94
2920,11,26.39,0,0.02,88.43,100,56700,Weekday,Tuesday,Medium_Load,49.97
2921,1,33.62,0,0.04,91.58,100,61200,Weekday,Tuesday,Medium_Load,76.64
2922,8,0,16.52,0,100,36.86,76500,Weekday,Thursday,Medium_Load,6.55
2923,4,4,0,0,62.11,100,18000,Weekday,Tuesday,Light_Load,3.17
2924,7,37.22,0,0.05,93.6,100,60300,Weekday,Wednesday,Maximum_Load,98.93
2925,6,3.67,0,0,59.26,100,23400,Weekday,Monday,Light_Load,2.7
2926,8,50.87,0,0.02,68.09,100,31500,Weekday,Thursday,Light_Load,47.3
2927,2,4.86,0,0,70.71,100,24300,Weekday,Monday,Light_Load,4.86
2928,11,15.66,0,0.01,84.63,100,81900,Weekday,Tuesday,Maximum_Load,24.88
2929,12,4.93,0,0,76.19,100,5400,Weekday,Tuesday,Light_Load,5.8
2930,8,0,13.03,0,100,27.86,78300,Weekday,Friday,Medium_Load,3.78
2931,9,0,11.09,0,100,28.6,45900,Weekend,Saturday,Medium_Load,3.31
2932,2,5.76,0.72,0.02,99.14,99.99,64800,Weekday,Thursday,Maximum_Load,43.6
2933,5,43.24,0,0.03,78.66,100,40500,Weekday,Tuesday,Maximum_Load,55.08
2934,5,0,13.54,0.01,100,86.15,38700,Weekend,Saturday,Maximum_Load,22.97
2935,3,3.2,0,0,68.64,100,83700,Weekend,Sunday,Light_Load,3.02
2936,7,27.9,0,0.03,89.81,100,54000,Weekday,Wednesday,Maximum_Load,56.99
2937,11,26.42,0,0.04,96.22,100,42300,Weekend,Sunday,Maximum_Load,93.31
2938,12,3.85,0.04,0,72.05,100,5400,Weekday,Thursday,Light_Load,4
2939,9,6.23,0.07,0,46.92,99.98,80100,Weekday,Tuesday,Medium_Load,3.31
2940,3,3.02,0,0,72.4,100,20700,Weekend,Sunday,Light_Load,3.17
2941,3,2.77,0.04,0,90.12,100,27900,Weekday,Thursday,Light_Load,5.76
2942,10,6.08,0,0,51.37,100,900,Weekday,Wednesday,Light_Load,3.64
2943,10,6.91,0,0,46.2,100,21600,Weekday,Friday,Light_Load,3.6
2944,7,57.17,0,0.03,73.35,100,40500,Weekday,Friday,Maximum_Load,61.7
2945,9,7.38,0.29,0.02,97.83,100,63900,Weekday,Thursday,Medium_Load,34.81
2946,10,5.51,0,0,46.83,100,18900,Weekend,Saturday,Light_Load,2.92
2947,10,4.32,0,0,56.91,100,11700,Weekday,Tuesday,Light_Load,2.99
2948,8,0,12.78,0,100,22.49,79200,Weekend,Saturday,Light_Load,2.95
2949,6,0,9.07,0,100,35.28,65700,Weekend,Sunday,Light_Load,3.42
2950,1,52.06,0,0.06,92.19,100,38700,Weekday,Friday,Maximum_Load,123.84
2951,7,0,16.24,0,100,18.52,64800,Weekend,Sunday,Light_Load,3.06
2952,6,29.88,0,0.02,85.17,100,32400,Weekday,Friday,Light_Load,48.56
2953,7,52.56,0,0.05,89.99,100,36900,Weekend,Sunday,Maximum_Load,108.47
2954,7,36.94,0,0.04,91.91,100,67500,Weekday,Tuesday,Medium_Load,86.18
2955,7,4.79,0,0,50.06,100,11700,Weekend,Saturday,Light_Load,2.77
2956,8,63.86,0,0.03,67.25,100,31500,Weekday,Friday,Light_Load,58.03
2957,11,11.81,0,0.01,93.84,100,64800,Weekday,Friday,Maximum_Load,32.08
2958,7,0,11.3,0.01,100,89.61,61200,Weekend,Saturday,Maximum_Load,22.82
2959,4,3.17,0,0,63.27,100,85500,Weekend,Saturday,Light_Load,2.59
2960,7,4.18,0,0,62.54,100,900,Weekend,Sunday,Light_Load,3.35
2961,12,0,13.68,0,100,25.71,36000,Weekend,Sunday,Light_Load,3.64
2962,7,21.31,0,0.03,93.66,100,38700,Weekday,Friday,Maximum_Load,56.95
2963,8,6.23,0,0,41.12,100,23400,Weekend,Saturday,Light_Load,2.81
2964,1,3.24,2.16,0.02,99.7,99.87,59400,Weekend,Saturday,Medium_Load,42.08
2965,3,4.79,0,0,60.08,100,85500,Weekday,Wednesday,Light_Load,3.6
2966,11,0,12.53,0,100,22.92,78300,Weekend,Sunday,Light_Load,2.95
2967,5,14.15,0,0.02,94.7,100,58500,Weekend,Saturday,Maximum_Load,41.72
2968,10,6.91,0,0,45.8,100,21600,Weekend,Saturday,Light_Load,3.56
2969,12,31.43,0,0.03,90.15,100,56700,Weekday,Friday,Medium_Load,65.48
2970,9,8.42,0,0.01,96.15,100,50400,Weekend,Sunday,Maximum_Load,29.48
2971,2,6.12,0,0,66.16,100,81000,Weekday,Wednesday,Maximum_Load,5.4
2972,5,4.64,0,0,62.76,100,27900,Weekday,Thursday,Light_Load,3.74
2973,6,5.62,0,0,47.34,100,9000,Weekday,Friday,Light_Load,3.02
2974,4,4.5,0,0,57.1,100,15300,Weekday,Thursday,Light_Load,3.13
2975,3,4.28,0,0,65.5,100,4500,Weekend,Saturday,Light_Load,3.71
2976,6,5.76,0,0,46.07,100,1800,Weekday,Thursday,Light_Load,2.99
2977,3,6.05,0,0,59.34,100,84600,Weekday,Monday,Light_Load,4.46
2978,7,0,16.02,0,100,22.16,79200,Weekday,Thursday,Medium_Load,3.64
2979,12,36.9,0,0.03,84.26,100,31500,Weekday,Friday,Light_Load,57.74
2980,5,0,26.57,0,100,20.06,76500,Weekday,Wednesday,Medium_Load,5.44
2981,5,3.46,0,0,72.1,100,85500,Weekday,Thursday,Light_Load,3.6
2982,8,4.54,0,0,50.13,100,0,Weekend,Sunday,Light_Load,2.63
2983,5,4.93,0,0,53.6,100,8100,Weekday,Thursday,Light_Load,3.13
2984,6,5.04,0,0,49.09,100,900,Weekday,Monday,Light_Load,2.84
2985,11,0,7.81,0,100,45.86,65700,Weekend,Saturday,Maximum_Load,4.03
2986,7,30.2,0,0.02,84.79,100,32400,Weekday,Monday,Light_Load,48.31
2987,11,29.2,0,0.03,88.19,100,65700,Weekday,Friday,Maximum_Load,54.61
2988,12,3.71,0,0,78.81,100,82800,Weekend,Saturday,Maximum_Load,4.75
2989,5,44.57,0,0.03,78.45,100,40500,Weekday,Friday,Maximum_Load,56.38
2990,4,0,16.52,0,100,18.62,46800,Weekend,Sunday,Light_Load,3.13
2991,5,8.21,0.07,0.02,98.41,100,49500,Weekday,Wednesday,Maximum_Load,45.47
2992,5,40.39,0,0.03,85.5,100,32400,Weekday,Monday,Light_Load,66.6
2993,12,12.28,0,0.02,96.59,100,37800,Weekday,Thursday,Maximum_Load,45.83
2994,5,3.46,0,0,72.48,100,3600,Weekday,Thursday,Light_Load,3.64
2995,1,4.61,0,0,70.94,100,22500,Weekday,Wednesday,Light_Load,4.64
2996,3,14.22,0,0.02,91.71,100,41400,Weekend,Saturday,Maximum_Load,32.72
2997,11,2.92,0,0,74.28,100,16200,Weekday,Monday,Light_Load,3.24
2998,1,9.9,0,0.02,98.03,100,58500,Weekend,Saturday,Medium_Load,49.18
2999,4,6.37,0,0,53.84,100,900,Weekday,Friday,Light_Load,4.07
3000,8,19.58,0,0.02,93.19,100,73800,Weekday,Tuesday,Medium_Load,50.29
3001,5,4.54,0,0,56.76,100,21600,Weekday,Wednesday,Light_Load,3.13
3002,4,4.97,0,0,58.23,100,84600,Weekday,Wednesday,Light_Load,3.56
3003,12,1.73,0.72,0,87.97,97.56,80100,Weekend,Sunday,Light_Load,3.2
3004,6,5.33,0,0,51.94,100,27900,Weekday,Thursday,Light_Load,3.24
3005,12,25.09,0,0.03,91.67,100,60300,Weekday,Thursday,Medium_Load,57.56
3006,4,4.36,0,0,62.16,100,18000,Weekday,Friday,Light_Load,3.46
3007,1,24.98,0,0.02,79.87,100,26100,Weekday,Thursday,Light_Load,33.16
3008,3,0.47,4.28,0.02,99.99,99.18,69300,Weekday,Friday,Medium_Load,33.12
3009,9,37.87,0,0.03,84.95,100,52200,Weekday,Friday,Maximum_Load,60.98
3010,11,48.24,0,0.04,87.83,100,52200,Weekday,Monday,Medium_Load,88.63
3011,8,0,13.57,0,100,21.04,75600,Weekday,Wednesday,Medium_Load,2.92
3012,11,6.34,0,0,50.1,100,6300,Weekday,Tuesday,Light_Load,3.67
3013,12,3.46,0.07,0,76.42,99.99,0,Weekday,Friday,Light_Load,4.1
3014,6,0,20.2,0,100,27.73,76500,Weekday,Friday,Medium_Load,5.83
3015,7,4.79,0,0,49.65,100,84600,Weekday,Monday,Light_Load,2.74
3016,12,2.81,0,0,86.57,100,84600,Weekday,Friday,Light_Load,4.86
3017,9,49.86,0,0.03,79.87,100,42300,Weekday,Wednesday,Maximum_Load,66.17
3018,10,0,10.91,0,100,26.68,45000,Weekend,Sunday,Light_Load,3.02
3019,9,35.5,0,0.02,83.56,100,43200,Weekday,Thursday,Maximum_Load,54
3020,4,3.53,0,0,64.13,100,16200,Weekend,Saturday,Light_Load,2.95
3021,4,5.44,0,0,50.7,100,20700,Weekend,Saturday,Light_Load,3.2
3022,12,2.48,0,0,78.09,100,21600,Weekend,Sunday,Light_Load,3.1
3023,6,0,16.92,0,100,22.79,77400,Weekday,Tuesday,Medium_Load,3.96
3024,1,31.82,0,0.02,79.57,100,6300,Weekday,Friday,Light_Load,41.8
3025,7,3.71,0,0,60.78,100,18000,Weekend,Sunday,Light_Load,2.84
3026,11,2.74,0.25,0,89.76,99.9,28800,Weekday,Monday,Light_Load,5.58
3027,12,1.91,0.32,0,84.83,99.46,24300,Weekday,Friday,Light_Load,3.06
3028,4,9.11,0,0.02,98.16,100,56700,Weekday,Monday,Maximum_Load,46.8
3029,3,25.13,0,0.03,93.43,100,33300,Weekday,Tuesday,Medium_Load,65.84
3030,12,15.16,0,0.02,95.62,100,37800,Weekday,Monday,Maximum_Load,49.54
3031,10,7.85,0,0,48.81,100,83700,Weekday,Wednesday,Light_Load,4.39
3032,9,7.49,0,0,43.32,100,17100,Weekday,Thursday,Light_Load,3.6
3033,11,31.07,0,0.03,90.59,100,70200,Weekday,Friday,Maximum_Load,66.46
3034,11,2.81,0,0,72.05,100,14400,Weekend,Sunday,Light_Load,2.92
3035,10,40.61,0,0.03,81.32,100,52200,Weekday,Tuesday,Maximum_Load,56.74
3036,10,5.22,0,0,56.34,100,85500,Weekday,Wednesday,Light_Load,3.56
3037,1,4.79,0,0,69.34,100,22500,Weekday,Friday,Light_Load,4.61
3038,12,13.43,0,0.02,96.52,100,59400,Weekend,Saturday,Medium_Load,49.54
3039,2,4.82,0,0,62.11,100,24300,Weekend,Sunday,Light_Load,3.82
3040,6,0,17.28,0,100,17.05,79200,Weekend,Sunday,Light_Load,2.99
3041,4,50.26,0,0.02,73.17,100,29700,Weekday,Wednesday,Light_Load,53.96
3042,12,3.42,0.11,0,77.1,99.96,10800,Weekday,Wednesday,Light_Load,4.14
3043,12,0,21.35,0,100,29.62,45000,Weekday,Thursday,Medium_Load,6.62
3044,12,2.59,0,0,77.44,100,18000,Weekend,Sunday,Light_Load,3.17
3045,7,40.5,0,0.05,93.34,100,35100,Weekday,Friday,Medium_Load,105.37
3046,8,5.22,0,0,46.48,100,85500,Weekday,Thursday,Light_Load,2.74
3047,10,5.72,0,0,45.84,100,14400,Weekday,Monday,Light_Load,2.95
3048,3,0,4.79,0.01,100,98.88,36000,Weekend,Saturday,Medium_Load,31.79
3049,5,4,0,0,68,100,81000,Weekday,Monday,Medium_Load,3.71
3050,9,5.47,0,0,45.69,100,4500,Weekend,Saturday,Light_Load,2.81
3051,9,0,7.78,0,100,41.32,66600,Weekend,Sunday,Medium_Load,3.53
3052,5,43.99,0,0.05,92.86,100,37800,Weekday,Thursday,Maximum_Load,110.09
3053,7,4.79,0,0,49.65,100,2700,Weekday,Monday,Light_Load,2.74
3054,1,26.39,0,0.03,93.76,100,39600,Weekday,Monday,Maximum_Load,71.14
3055,2,0,26.06,0,100,30.15,46800,Weekday,Tuesday,Medium_Load,8.24
3056,6,0,16.24,0,100,18.93,70200,Weekend,Saturday,Light_Load,3.13
3057,8,1.12,3.74,0,93.65,62.44,80100,Weekend,Sunday,Light_Load,2.99
3058,8,9.54,0,0,65.23,100,28800,Weekday,Thursday,Light_Load,8.21
3059,2,0,25.31,0,100,34.23,45000,Weekday,Thursday,Medium_Load,9.22
3060,5,0,23.36,0,100,33.41,64800,Weekday,Tuesday,Medium_Load,8.28
3061,12,0,20.02,0,100,25.86,45900,Weekend,Saturday,Medium_Load,5.36
3062,4,0,17.53,0,100,18.55,79200,Weekend,Saturday,Medium_Load,3.31
3063,8,5,0,0,54.85,100,11700,Weekend,Saturday,Light_Load,3.28
3064,1,30.53,0,0.03,87.77,100,43200,Weekend,Saturday,Maximum_Load,55.91
3065,7,59.08,0,0.03,75.42,100,32400,Weekday,Tuesday,Light_Load,67.86
3066,2,0,22.57,0,100,16.05,51300,Weekday,Wednesday,Light_Load,3.67
3067,9,35.68,0.04,0.02,83.35,100,74700,Weekday,Monday,Medium_Load,53.82
3068,10,28.98,0,0.03,89.98,100,54000,Weekday,Tuesday,Maximum_Load,59.76
3069,12,3.28,0.18,0,79.64,99.91,27000,Weekday,Wednesday,Light_Load,4.32
3070,9,6.08,0,0,46.23,100,24300,Weekend,Sunday,Light_Load,3.17
3071,12,4.25,0,0,68.54,100,81000,Weekday,Wednesday,Maximum_Load,4
3072,6,0,5.11,0,100,50,40500,Weekend,Sunday,Light_Load,2.95
3073,2,5.29,0,0,69.76,100,12600,Weekday,Wednesday,Light_Load,5.15
3074,5,9.04,0.11,0.02,97.91,100,71100,Weekday,Wednesday,Medium_Load,43.49
3075,4,4.07,0,0,63.1,100,24300,Weekday,Monday,Light_Load,3.31
3076,1,3.92,0,0,72.03,100,83700,Weekend,Saturday,Light_Load,4.07
3077,1,25.24,0,0.02,81.01,100,13500,Weekday,Thursday,Light_Load,34.88
3078,7,0,4.68,0,100,53.84,6300,Weekend,Saturday,Light_Load,2.99
3079,8,5.72,0,0,47.17,100,9900,Weekday,Tuesday,Light_Load,3.06
3080,8,4.43,0,0,51.05,100,82800,Weekday,Friday,Medium_Load,2.63
3081,12,20.88,0,0.03,93.7,100,37800,Weekday,Monday,Maximum_Load,56.02
3082,1,20.16,0,0.03,94.99,100,57600,Weekday,Wednesday,Medium_Load,61.24
3083,6,9.86,0,0.02,96.58,100,37800,Weekday,Friday,Maximum_Load,36.72
3084,12,3.13,0.22,0,80.25,99.86,16200,Weekday,Thursday,Light_Load,4.21
3085,7,28.26,0,0.03,89.49,100,36000,Weekday,Friday,Medium_Load,56.66
3086,4,4.93,0,0,56.2,100,18000,Weekday,Wednesday,Light_Load,3.35
3087,9,1.55,9.65,0.01,99.07,76.04,75600,Weekday,Tuesday,Medium_Load,11.3
3088,2,0,21.82,0,100,18.03,76500,Weekday,Wednesday,Light_Load,4
3089,10,0,17.53,0,100,23.56,45000,Weekday,Friday,Medium_Load,4.25
3090,1,20.7,0,0.03,94.17,100,59400,Weekday,Friday,Medium_Load,57.96
3091,11,23.94,0,0.02,90.85,100,51300,Weekday,Wednesday,Medium_Load,52.06
3092,7,3.35,0.04,0.02,99.57,100,68400,Weekday,Monday,Medium_Load,35.96
3093,11,43.56,0,0.03,84.7,100,58500,Weekday,Wednesday,Medium_Load,69.41
3094,11,0,17.5,0,100,23.23,78300,Weekday,Friday,Medium_Load,4.18
3095,7,4,0,0,59.87,100,18000,Weekday,Wednesday,Light_Load,2.99
3096,7,0.36,6.01,0.02,99.99,98.39,63900,Weekday,Wednesday,Medium_Load,33.08
3097,6,4.03,0,0,56.64,100,4500,Weekday,Monday,Light_Load,2.77
3098,8,4.97,0,0,48.28,100,81900,Weekend,Saturday,Medium_Load,2.74
3099,11,2.34,0.47,0,84.32,99.19,7200,Weekday,Friday,Light_Load,3.67
3100,1,41.51,0,0.04,89,100,82800,Weekday,Thursday,Maximum_Load,81.04
3101,5,4.1,0,0,58.01,100,18900,Weekday,Monday,Light_Load,2.92
3102,12,2.84,0,0,77.3,100,7200,Weekend,Sunday,Light_Load,3.46
3103,12,28.58,0,0.04,93.97,100,70200,Weekday,Thursday,Maximum_Load,78.52
3104,8,5.22,0,0,45.94,100,23400,Weekday,Friday,Light_Load,2.7
3105,12,2.05,0.11,0,81.84,99.93,28800,Weekend,Saturday,Light_Load,2.92
3106,11,3.28,0,0,72.87,100,20700,Weekday,Thursday,Light_Load,3.49
3107,10,37.33,0,0.02,82.17,100,66600,Weekday,Monday,Medium_Load,53.82
3108,12,2.38,0.07,0,81.52,99.98,14400,Weekday,Monday,Light_Load,3.35
3109,2,6.52,0,0,67.78,100,11700,Weekday,Thursday,Light_Load,6.01
3110,4,3.2,0,0,72.31,100,82800,Weekday,Friday,Medium_Load,3.35
3111,6,0,17.17,0,100,16.93,62100,Weekend,Sunday,Light_Load,2.95
3112,5,0,11.12,0.01,100,77.02,49500,Weekend,Sunday,Maximum_Load,13.43
3113,2,39.92,0,0.06,95.22,100,51300,Weekday,Monday,Medium_Load,124.42
3114,9,36.68,0,0.03,85.6,100,59400,Weekday,Thursday,Maximum_Load,60.73
3115,2,38.3,0,0.05,94.31,100,54000,Weekday,Thursday,Medium_Load,108.65
3116,7,3.92,0,0,68.05,100,85500,Weekday,Thursday,Light_Load,3.64
3117,5,0,5.36,0,100,53,66600,Weekend,Sunday,Light_Load,3.35
3118,8,4.82,0,0,49.42,100,1800,Weekday,Tuesday,Light_Load,2.74
3119,1,5,0,0,69.18,100,82800,Weekday,Friday,Maximum_Load,4.79
3120,7,21.82,0,0.02,92.75,100,39600,Weekday,Monday,Maximum_Load,54.14
3121,4,72.36,0,0.05,84.14,100,30600,Weekday,Tuesday,Light_Load,112.64
3122,5,5.08,0,0,51.1,100,22500,Weekday,Wednesday,Light_Load,3.02
3123,11,5.18,0,0,62.06,100,9000,Weekday,Friday,Light_Load,4.1
3124,8,5.11,0,0,46.72,100,14400,Weekday,Thursday,Light_Load,2.7
3125,11,5.18,0,0,65.91,100,27000,Weekday,Tuesday,Light_Load,4.54
3126,1,17.71,0,0.05,98.43,100,72900,Weekday,Wednesday,Medium_Load,98.82
3127,3,4.79,0,0,62.35,100,900,Weekday,Wednesday,Light_Load,3.82
3128,3,0,6.01,0,100,46.19,65700,Weekend,Sunday,Light_Load,3.13
3129,5,2.16,2.38,0.02,99.8,99.76,49500,Weekend,Saturday,Maximum_Load,34.27
3130,5,5.9,0,0,47.33,100,21600,Weekend,Saturday,Light_Load,3.17
3131,8,25.38,0,0.02,89.24,100,54000,Weekday,Tuesday,Maximum_Load,50.18
3132,8,0,14.76,0,100,20.05,60300,Weekend,Sunday,Light_Load,3.02
3133,4,1.33,9.79,0,92.34,31.07,80100,Weekend,Saturday,Medium_Load,3.2
3134,6,3.31,1.01,0.01,99.49,99.95,54000,Weekday,Friday,Maximum_Load,32.58
3135,2,3.46,0,0,74.12,100,83700,Weekend,Sunday,Light_Load,3.82
3136,2,57.13,0,0.06,92.4,100,51300,Weekday,Friday,Medium_Load,138.06
3137,1,27.29,0,0.02,80.4,100,0,Weekday,Wednesday,Light_Load,36.9
3138,8,5.04,0,0,48.7,100,81900,Weekend,Saturday,Light_Load,2.81
3139,8,32.18,0,0.03,87.32,100,58500,Weekday,Thursday,Maximum_Load,57.67
3140,10,6.16,0,0,45.3,100,9900,Weekend,Saturday,Light_Load,3.13
3141,4,3.35,0,0,67.92,100,16200,Weekday,Wednesday,Light_Load,3.1
3142,8,31.72,0,0.03,90.95,100,32400,Weekday,Tuesday,Light_Load,69.41
3143,9,5.4,0,0,45.64,100,15300,Weekend,Saturday,Light_Load,2.77
3144,9,0,15.84,0,100,28.95,79200,Weekday,Thursday,Medium_Load,4.79
3145,11,6.23,0,0,52.57,100,5400,Weekday,Wednesday,Light_Load,3.85
3146,8,1.08,5.11,0,96.01,58.75,80100,Weekday,Wednesday,Medium_Load,3.71
3147,9,5.65,0,0,42.6,100,18000,Weekday,Tuesday,Light_Load,2.66
3148,11,7.63,0,0,44.39,100,16200,Weekend,Saturday,Light_Load,3.78
3149,9,7.27,0,0,44.38,100,82800,Weekday,Monday,Medium_Load,3.6
3150,6,5.44,0,0,46.28,100,18900,Weekday,Monday,Light_Load,2.84
3151,3,3.6,0,0,64.76,100,16200,Weekday,Monday,Light_Load,3.06
3152,4,0,25.24,0,100,19.06,45000,Weekend,Saturday,Medium_Load,4.9
3153,12,45.54,0,0.04,87.97,100,42300,Weekday,Tuesday,Maximum_Load,84.24
3154,1,4.72,0,0,70.93,100,83700,Weekday,Thursday,Light_Load,4.75
3155,4,5.33,0,0,61.34,100,27900,Weekday,Friday,Light_Load,4.14
3156,12,2.63,0,0,78.92,100,21600,Weekday,Thursday,Light_Load,3.38
3157,4,0,16.92,0,100,18.02,77400,Weekend,Sunday,Light_Load,3.1
3158,8,4.86,0,0,49.11,100,21600,Weekday,Wednesday,Light_Load,2.74
3159,5,4.43,0,0,57.7,100,10800,Weekday,Wednesday,Light_Load,3.13
3160,6,8.78,0,0.02,97.44,100,38700,Weekday,Wednesday,Maximum_Load,38.02
3161,5,5,0.18,0.02,99.07,100,68400,Weekday,Tuesday,Medium_Load,36.5
3162,5,4.07,0,0,58.29,100,26100,Weekday,Friday,Light_Load,2.92
3163,11,3.6,0,0.01,99.39,100,39600,Weekend,Sunday,Maximum_Load,32.54
3164,2,0,16.67,0,100,20.72,73800,Weekend,Sunday,Light_Load,3.53
3165,3,2.63,0.04,0,77.64,99.99,18900,Weekday,Friday,Light_Load,3.24
3166,2,0,16.81,0,100,20.33,73800,Weekday,Wednesday,Light_Load,3.49
3167,12,0,13.79,0,100,31.46,45000,Weekend,Saturday,Medium_Load,4.57
3168,12,4.07,0,0,82.49,100,28800,Weekday,Tuesday,Light_Load,5.94
3169,11,0,13.75,0,100,21.99,44100,Weekend,Sunday,Light_Load,3.1
3170,9,22.79,0,0.02,87.09,100,72900,Weekday,Wednesday,Medium_Load,40.39
3171,7,0,26.53,0,100,19.31,49500,Weekday,Thursday,Maximum_Load,5.22
3172,10,4.86,0,0,49.11,100,23400,Weekend,Sunday,Light_Load,2.74
3173,1,35.75,0,0.04,91.5,100,51300,Weekday,Thursday,Medium_Load,81.07
3174,12,0,14.69,0,100,24.49,34200,Weekend,Sunday,Light_Load,3.71
3175,7,4.36,0,0,63.25,100,27900,Weekday,Thursday,Light_Load,3.56
3176,7,0,17.39,0,100,17.33,72900,Weekend,Sunday,Light_Load,3.06
3177,4,5.04,0,0,53.6,100,15300,Weekend,Sunday,Light_Load,3.2
3178,9,25.6,0,0.02,88.97,100,70200,Weekday,Thursday,Medium_Load,49.9
3179,6,0,16.88,0,100,18.06,63000,Weekend,Sunday,Medium_Load,3.1
3180,2,5.51,0,0,71.59,100,6300,Weekday,Thursday,Light_Load,5.65
3181,11,38.74,0,0.04,91.87,100,72000,Weekday,Tuesday,Maximum_Load,90.14
3182,9,5.98,0.76,0.01,98.18,99.97,64800,Weekday,Monday,Medium_Load,30.92
3183,10,5.62,0,0,44.21,100,24300,Weekday,Thursday,Light_Load,2.77
3184,4,0,17.39,0,100,18.92,54900,Weekend,Sunday,Light_Load,3.35
3185,2,56.2,0,0.06,90.76,100,33300,Weekday,Wednesday,Medium_Load,121.46
3186,9,1.33,2.02,0.01,99.88,99.72,44100,Weekday,Thursday,Medium_Load,26.78
3187,8,40.86,0,0.05,93.26,100,52200,Weekend,Saturday,Maximum_Load,105.59
3188,11,0,16.85,0,100,28.45,63900,Weekend,Saturday,Maximum_Load,5
3189,3,21.42,0.07,0.04,96.74,100,63000,Weekday,Friday,Medium_Load,81.83
3190,8,5.9,0,0,43,100,24300,Weekend,Sunday,Light_Load,2.81
3191,1,27.43,0,0.02,79.45,100,81000,Weekday,Thursday,Maximum_Load,35.89
3192,3,8.82,0.5,0.02,98.23,99.99,33300,Weekday,Wednesday,Medium_Load,46.26
3193,9,35.82,0.29,0.03,85.51,100,43200,Weekday,Monday,Maximum_Load,59.08
3194,10,0,10.69,0,100,27.85,41400,Weekend,Sunday,Light_Load,3.1
3195,2,4.86,0,0,63.83,100,24300,Weekday,Friday,Light_Load,4.03
3196,12,1.26,5.29,0,94.77,57.73,31500,Weekday,Monday,Light_Load,3.74
3197,7,21.82,0,0.03,94.1,100,37800,Weekday,Friday,Maximum_Load,60.66
3198,3,0,26.57,0,100,26.76,45900,Weekday,Friday,Medium_Load,7.38
3199,11,2.81,0,0,72.41,100,18000,Weekday,Monday,Light_Load,2.95
3200,1,4.54,0,0,71.48,100,900,Weekday,Wednesday,Light_Load,4.64
3201,5,4.5,0,0,56.23,100,24300,Weekday,Friday,Light_Load,3.06
3202,8,0,15.98,0,100,19.46,53100,Weekend,Sunday,Light_Load,3.17
3203,11,39.96,0,0.03,87.13,100,33300,Weekday,Tuesday,Medium_Load,70.96
3204,2,39.67,0,0.03,86.77,100,83700,Weekday,Thursday,Light_Load,69.26
3205,9,55.98,0.07,0.05,87.06,100,43200,Weekday,Tuesday,Maximum_Load,99.04
3206,9,0,11.59,0,100,22.37,58500,Weekday,Tuesday,Light_Load,2.66
3207,3,5,0,0,58.86,100,3600,Weekday,Thursday,Light_Load,3.64
3208,4,29.48,0,0.03,90.98,100,33300,Weekday,Thursday,Medium_Load,64.62
3209,3,0,17.42,0,100,19.05,75600,Weekend,Saturday,Medium_Load,3.38
3210,1,13.25,0,0.03,97.96,100,35100,Weekday,Monday,Medium_Load,64.62
3211,9,8.93,0.18,0.01,94.46,100,42300,Weekend,Saturday,Maximum_Load,25.7
3212,1,4.03,0,0,71.99,100,21600,Weekday,Wednesday,Light_Load,4.18
3213,12,3.31,0.07,0,77.81,99.99,26100,Weekday,Wednesday,Light_Load,4.1
3214,6,2.74,0.22,0.02,99.66,100,74700,Weekday,Thursday,Medium_Load,33.16
3215,4,3.56,0,0,71.1,100,84600,Weekday,Tuesday,Light_Load,3.6
3216,7,4.14,0,0,54.63,100,42300,Weekend,Sunday,Light_Load,2.7
3217,9,6.34,0,0,46.28,100,9000,Weekday,Monday,Light_Load,3.31
3218,2,4.68,0,0,57.39,100,9900,Weekday,Thursday,Light_Load,3.28
3219,9,0.43,6.66,0.01,99.97,93.6,57600,Weekend,Sunday,Maximum_Load,17.71
3220,3,18.4,0,0.03,94.8,100,58500,Weekday,Thursday,Maximum_Load,54.83
3221,7,43.49,0,0.03,84.99,100,32400,Weekday,Tuesday,Light_Load,70.13
3222,5,23.62,0,0.02,91.19,100,68400,Weekday,Monday,Medium_Load,52.49
3223,4,3.96,0,0,61.64,100,10800,Weekday,Monday,Light_Load,3.1
3224,11,4.5,0,0,54.83,100,8100,Weekday,Friday,Light_Load,2.95
3225,5,13.28,0,0.02,96.52,100,51300,Weekday,Wednesday,Maximum_Load,49.03
3226,2,6.41,0,0,68.4,100,13500,Weekday,Thursday,Light_Load,6.01
3227,4,9.22,0.04,0.03,99.07,100,39600,Weekend,Saturday,Maximum_Load,67.07
3228,10,38.16,0,0.03,83.71,100,42300,Weekday,Friday,Maximum_Load,58.39
3229,6,15.55,0,0.02,94.21,100,59400,Weekday,Monday,Maximum_Load,43.67
3230,2,25.09,0,0.02,83.02,100,83700,Weekday,Tuesday,Light_Load,37.37
3231,4,0,8.46,0,100,40.79,65700,Weekend,Saturday,Medium_Load,3.78
3232,9,0,11.66,0,100,22.88,71100,Weekday,Wednesday,Light_Load,2.74
3233,10,26.75,0,0.02,88.96,100,52200,Weekday,Monday,Maximum_Load,52.09
3234,9,0.4,13.86,0,99.87,49.61,76500,Weekday,Thursday,Medium_Load,7.92
3235,8,10.08,5.29,0.01,94,98.23,47700,Weekday,Thursday,Maximum_Load,27.76
3236,1,44.35,0,0.06,93.9,100,53100,Weekday,Thursday,Medium_Load,121.07
3237,12,3.46,0.4,0,77.55,99.56,80100,Weekday,Tuesday,Maximum_Load,4.25
3238,12,2.34,0,0,84.12,100,900,Weekday,Monday,Light_Load,3.64
3239,2,2.2,1.73,0.02,99.86,99.91,64800,Weekday,Monday,Maximum_Load,41.83
3240,3,18.22,0.04,0.03,95.23,100,48600,Weekday,Wednesday,Maximum_Load,56.88
3241,8,31.57,0,0.02,73.01,100,29700,Weekday,Wednesday,Light_Load,33.73
3242,7,0,4.57,0,100,53.84,11700,Weekday,Monday,Light_Load,2.92
3243,9,58.28,0,0.04,85.96,100,31500,Weekday,Wednesday,Light_Load,98.06
3244,3,15.41,0,0.02,95.43,100,72900,Weekday,Monday,Medium_Load,49.18
3245,11,5.8,0,0,51.99,100,14400,Weekday,Friday,Light_Load,3.53
3246,12,0,20.52,0,100,20.42,47700,Weekend,Saturday,Light_Load,4.28
3247,7,3.92,0,0,59.21,100,0,Weekend,Sunday,Light_Load,2.88
3248,6,5.08,0,0,57.06,100,1800,Weekday,Tuesday,Light_Load,3.53
3249,1,7.31,0.25,0,69.06,99.94,31500,Weekend,Sunday,Light_Load,6.98
3250,5,5.11,0,0,52.72,100,11700,Weekend,Saturday,Light_Load,3.17
3251,5,41.8,0,0.04,90.17,100,42300,Weekday,Thursday,Maximum_Load,87.16
3252,10,6.23,0,0,44.55,100,20700,Weekend,Saturday,Light_Load,3.1
3253,8,6.08,0,0,42.32,100,15300,Weekday,Friday,Light_Load,2.84
3254,9,0,7.42,0,100,41.86,65700,Weekend,Sunday,Medium_Load,3.42
3255,2,3.82,0,0,63.86,100,7200,Weekend,Saturday,Light_Load,3.17
3256,5,0,24.7,0,100,14.42,79200,Weekend,Saturday,Medium_Load,3.6
3257,5,4.57,0,0,59.12,100,4500,Weekday,Monday,Light_Load,3.35
3258,6,25.06,0,0.02,89.93,100,61200,Weekday,Wednesday,Maximum_Load,51.52
3259,7,5.76,0,0,44.72,100,81900,Weekday,Tuesday,Medium_Load,2.88
3260,5,5.54,0,0,52.08,100,20700,Weekday,Friday,Light_Load,3.38
3261,9,5.11,0,0,46.72,100,3600,Weekday,Tuesday,Light_Load,2.7
3262,10,25.74,0,0.03,92.25,100,62100,Weekday,Tuesday,Medium_Load,61.52
3263,3,0,26.21,0,100,17.83,45000,Weekday,Friday,Medium_Load,4.75
3264,6,21.67,1.94,0.02,91.83,99.93,47700,Weekday,Friday,Maximum_Load,50.26
3265,1,0,22.46,0,100,17.96,45000,Weekend,Sunday,Light_Load,4.1
3266,11,0,18.25,0,100,20.85,63900,Weekend,Saturday,Maximum_Load,3.89
3267,6,5.4,0,0,47.06,100,19800,Weekday,Thursday,Light_Load,2.88
3268,5,5.11,0,0,54.02,100,2700,Weekday,Thursday,Light_Load,3.28
3269,2,0,16.78,0,100,23.74,39600,Weekend,Sunday,Light_Load,4.1
3270,6,20.09,0,0.02,91.46,100,70200,Weekday,Wednesday,Medium_Load,45.43
3271,6,0,21.31,0,100,29.67,56700,Weekend,Saturday,Light_Load,6.62
3272,1,39.28,0,0.03,85.74,100,66600,Weekday,Tuesday,Maximum_Load,65.45
3273,5,4,0,0,66.9,100,84600,Weekday,Wednesday,Light_Load,3.6
3274,7,0,15.91,0,100,21.84,46800,Weekend,Sunday,Medium_Load,3.56
3275,8,1.04,5.11,0,96.49,59.87,80100,Weekday,Tuesday,Medium_Load,3.82
3276,1,4.57,0,0,84.43,100,28800,Weekend,Saturday,Light_Load,7.2
3277,11,3.02,0,0,70.71,100,9900,Weekday,Tuesday,Light_Load,3.02
3278,1,31.39,0,0.02,80.5,100,13500,Weekday,Wednesday,Light_Load,42.59
3279,3,0,26.1,0,100,15.52,68400,Weekend,Saturday,Medium_Load,4.1
3280,12,4.03,0,0,73.67,100,18900,Weekend,Sunday,Light_Load,4.39
3281,10,54.86,0,0.04,84.3,100,50400,Weekday,Monday,Maximum_Load,85.97
3282,5,36.25,0,0.02,78.55,100,41400,Weekday,Thursday,Maximum_Load,46.01
3283,2,23.98,3.2,0.03,93.49,99.87,47700,Weekday,Monday,Medium_Load,63.18
3284,11,16.99,0,0.02,93.93,100,55800,Weekday,Tuesday,Medium_Load,46.51
3285,10,27.29,0,0.02,86.93,100,58500,Weekday,Friday,Maximum_Load,47.99
3286,11,0,16.88,0,100,23.82,67500,Weekend,Saturday,Maximum_Load,4.14
3287,8,5.36,0,0,45.52,100,82800,Weekday,Friday,Light_Load,2.74
3288,4,4.36,0,0,57.95,100,18900,Weekend,Sunday,Light_Load,3.1
3289,10,3.78,0,0,60.07,100,19800,Weekday,Tuesday,Light_Load,2.84
3290,8,6.7,0,0,48.74,100,18000,Weekday,Monday,Light_Load,3.74
3291,2,0,16.96,0,100,19.99,54000,Weekday,Friday,Light_Load,3.46
3292,2,54.54,0,0.06,92.23,100,54000,Weekday,Friday,Medium_Load,130.18
3293,9,30.28,0,0.03,87.61,100,34200,Weekday,Wednesday,Medium_Load,55.01
3294,7,6.01,0,0,66.35,100,28800,Weekday,Thursday,Light_Load,5.33
3295,11,0,11.88,0,100,25.78,68400,Weekend,Sunday,Maximum_Load,3.17
3296,7,4.43,0,0,57.33,100,2700,Weekday,Thursday,Light_Load,3.1
3297,5,4.79,0,0,56.5,100,22500,Weekend,Sunday,Light_Load,3.28
3298,10,14.9,4.18,0.01,90.8,99.17,47700,Weekday,Tuesday,Maximum_Load,32.29
3299,7,30.56,0,0.02,75.95,100,41400,Weekend,Saturday,Maximum_Load,35.68
3300,12,4.07,0,0,69.74,100,83700,Weekday,Thursday,Light_Load,3.96
3301,10,48.64,0,0.05,90.66,100,54900,Weekend,Saturday,Maximum_Load,104.51
3302,9,9.54,0,0.02,96.88,100,32400,Weekday,Wednesday,Light_Load,37.3
3303,4,4.36,0,0,58.32,100,11700,Weekday,Thursday,Light_Load,3.13
3304,4,3.74,0,0,62.82,100,18900,Weekday,Friday,Light_Load,3.02
3305,9,5.58,0,0,47.6,100,17100,Weekend,Saturday,Light_Load,3.02
3306,5,29.95,0,0.03,90.58,100,48600,Weekday,Tuesday,Maximum_Load,64.04
3307,1,4.25,0,0,84.8,100,10800,Weekend,Saturday,Light_Load,6.8
3308,7,4.64,0,0,50.85,100,23400,Weekend,Sunday,Light_Load,2.74
3309,6,5.9,0,0,45.2,100,13500,Weekend,Sunday,Light_Load,2.99
3310,10,23.33,0,0.02,88.6,100,60300,Weekday,Tuesday,Maximum_Load,44.57
3311,11,4.9,0,0,67.96,100,23400,Weekday,Thursday,Light_Load,4.54
3312,6,26.42,0,0.03,91.06,100,55800,Weekend,Saturday,Maximum_Load,58.21
3313,9,0,11.3,0,100,25.26,75600,Weekend,Saturday,Medium_Load,2.95
3314,9,5.26,0,0,47.12,100,81900,Weekend,Sunday,Light_Load,2.81
3315,3,1.87,13.72,0,91.13,28.89,80100,Weekday,Tuesday,Medium_Load,4.14
3316,7,5,0,0,50.43,100,23400,Weekday,Thursday,Light_Load,2.92
3317,7,3.82,0,0,68.18,100,900,Weekday,Thursday,Light_Load,3.56
3318,7,30.24,0,0.02,86.02,100,40500,Weekday,Thursday,Maximum_Load,51.01
3319,8,53.46,0,0.02,68.88,100,30600,Weekday,Thursday,Light_Load,50.8
3320,12,2.59,0.07,0,89.71,99.99,83700,Weekday,Thursday,Light_Load,5.26
3321,3,3.85,0,0,62.72,100,22500,Weekday,Monday,Light_Load,3.1
3322,9,5.8,0,0,43.6,100,13500,Weekday,Monday,Light_Load,2.81
3323,7,13.86,1.12,0.04,98.42,99.99,75600,Weekday,Tuesday,Medium_Load,77.04
3324,3,5,5.18,0.02,99.52,99.48,61200,Weekend,Saturday,Maximum_Load,50.65
3325,8,0,16.34,0,100,17.77,71100,Weekday,Thursday,Light_Load,2.95
3326,4,4.36,0,0,60.12,100,900,Weekend,Sunday,Light_Load,3.28
3327,11,4.5,0,0,52.97,100,27000,Weekend,Sunday,Light_Load,2.81
3328,1,34.16,0,0.04,91.84,100,52200,Weekday,Wednesday,Medium_Load,79.27
3329,1,5.83,0,0,62.6,100,15300,Weekday,Tuesday,Light_Load,4.68
3330,1,4.39,0,0,72.93,100,2700,Weekday,Monday,Light_Load,4.68
3331,7,0,17.53,0,100,19.36,53100,Weekend,Sunday,Light_Load,3.46
3332,10,7.31,0.07,0,42.78,99.98,80100,Weekday,Tuesday,Medium_Load,3.46
3333,12,0,21.56,0,100,24.89,72900,Weekday,Monday,Medium_Load,5.54
3334,1,32.08,0,0.04,92.74,100,55800,Weekday,Wednesday,Medium_Load,79.52
3335,9,6.7,0,0,49.14,100,81900,Weekday,Friday,Medium_Load,3.78
3336,1,2.02,6.98,0.02,99.81,97.8,74700,Weekday,Wednesday,Medium_Load,32.72
3337,1,4.07,0,0,75.94,100,10800,Weekend,Saturday,Light_Load,4.75
3338,10,4.28,0,0,54.88,100,18000,Weekend,Saturday,Light_Load,2.81
3339,9,0,13.64,0,100,24.05,72000,Weekend,Saturday,Light_Load,3.38
3340,3,4.07,0,0,61.81,100,20700,Weekday,Friday,Light_Load,3.2
3341,8,5.83,0,0,44.29,100,13500,Weekday,Friday,Light_Load,2.88
3342,7,0,4.57,0,100,55.13,5400,Weekend,Saturday,Light_Load,3.02
3343,6,3.6,0,0,57.35,100,25200,Weekend,Sunday,Light_Load,2.52
3344,6,52.06,0,0.05,90.5,100,58500,Weekday,Tuesday,Maximum_Load,110.77
3345,9,24.59,0,0.02,87.77,100,71100,Weekday,Thursday,Medium_Load,45.04
3346,4,3.96,0,0,61.64,100,5400,Weekday,Monday,Light_Load,3.1
3347,8,0,16.2,0,100,19.2,78300,Weekend,Sunday,Light_Load,3.17
3348,10,0,11.99,0,100,21.43,40500,Weekend,Sunday,Light_Load,2.63
3349,10,17.24,0,0.02,91.51,100,68400,Weekday,Monday,Medium_Load,39.13
3350,7,4.03,0,0,61.83,100,15300,Weekday,Thursday,Light_Load,3.17
3351,9,4.86,0,0,47.03,100,20700,Weekday,Tuesday,Light_Load,2.59
3352,2,0,27.22,0,100,20.7,54000,Weekend,Saturday,Light_Load,5.76
3353,6,0,18.68,0,100,18.57,79200,Weekend,Saturday,Medium_Load,3.53
3354,6,4.57,0,0,61.88,100,81900,Weekday,Tuesday,Medium_Load,3.6
3355,11,32.4,0,0.03,86.69,100,60300,Weekday,Friday,Medium_Load,56.34
3356,12,2.2,0.07,0,81.19,99.97,14400,Weekday,Monday,Light_Load,3.06
3357,10,0,11.48,0,100,25.44,71100,Weekend,Sunday,Light_Load,3.02
3358,5,4.64,2.09,0.02,99.61,99.92,54000,Weekday,Tuesday,Maximum_Load,52.2
3359,2,7.81,0,0,80.56,100,5400,Weekday,Tuesday,Light_Load,10.62
3360,5,5.36,0,0,47.84,100,11700,Weekday,Thursday,Light_Load,2.92
3361,11,0,16.78,0,100,22.2,75600,Weekend,Sunday,Medium_Load,3.82
3362,12,3.92,0,0,78.27,100,81900,Weekday,Friday,Maximum_Load,4.93
3363,9,5.22,0,0,47.79,100,25200,Weekday,Tuesday,Light_Load,2.84
3364,3,0,26.96,0,100,21.76,69300,Weekday,Wednesday,Medium_Load,6.01
3365,4,21.53,0,0.03,93.98,100,52200,Weekday,Tuesday,Maximum_Load,59.22
3366,8,0,12.89,0,100,28.89,48600,Weekend,Sunday,Light_Load,3.89
3367,4,3.85,0,0,61.72,100,25200,Weekday,Thursday,Light_Load,3.02
3368,11,0,18.47,0,100,19.85,72000,Weekend,Saturday,Maximum_Load,3.74
3369,3,25.06,0,0.03,90.87,100,62100,Weekday,Wednesday,Medium_Load,54.54
3370,12,0,21.53,0,100,24.03,67500,Weekday,Monday,Maximum_Load,5.33
3371,11,27.36,0,0.03,89.41,100,52200,Weekday,Thursday,Medium_Load,54.61
3372,5,4.86,0,0,58.77,100,0,Weekday,Wednesday,Light_Load,3.53
3373,11,5.51,0,0,50.69,100,15300,Weekend,Sunday,Light_Load,3.24
3374,7,5.04,0,0,50.13,100,1800,Weekend,Saturday,Light_Load,2.92
3375,5,7.6,0,0,62.03,100,30600,Weekend,Saturday,Light_Load,6.01
3376,10,5.65,0,0,52.22,100,83700,Weekday,Thursday,Light_Load,3.46
3377,6,4.1,0,0,56.53,100,26100,Weekday,Monday,Light_Load,2.81
3378,8,28.15,0,0.02,88.43,100,48600,Weekday,Tuesday,Maximum_Load,53.32
3379,1,31.5,6.66,0.03,92.33,99.62,47700,Weekday,Monday,Medium_Load,75.74
3380,5,5.22,0,0,50.57,100,81900,Weekday,Tuesday,Medium_Load,3.06
3381,11,44.17,0,0.03,85.81,100,42300,Weekday,Monday,Maximum_Load,73.8
3382,1,21.82,0,0.03,94.79,100,59400,Weekday,Monday,Medium_Load,64.94
3383,3,3.53,5.54,0.02,99.47,98.71,75600,Weekday,Thursday,Medium_Load,34.09
3384,2,5.54,0,0,72.9,100,9000,Weekday,Friday,Light_Load,5.9
3385,10,5.83,0,0,50.6,100,18000,Weekday,Thursday,Light_Load,3.42
3386,9,26.71,0,0.02,83.92,100,65700,Weekday,Thursday,Medium_Load,41.22
3387,2,5.47,0,0,73.56,100,0,Weekday,Tuesday,Light_Load,5.94
3388,1,8.42,0.22,0.01,81.99,99.98,31500,Weekend,Sunday,Light_Load,12.06
3389,8,0,14.47,0,100,20.69,45900,Weekend,Sunday,Light_Load,3.06
3390,7,27.14,0,0.02,85.5,100,36900,Weekday,Wednesday,Maximum_Load,44.75
3391,12,3.24,0.04,0,76.26,99.99,4500,Weekend,Saturday,Light_Load,3.82
3392,7,13.93,0,0.02,96.17,100,72900,Weekday,Thursday,Medium_Load,48.89
3393,11,0,20.95,0,100,27.74,45900,Weekday,Monday,Medium_Load,6.05
3394,1,43.81,0,0.04,90.22,100,25200,Weekend,Saturday,Light_Load,91.66
3395,2,3.38,0,0,73.56,100,8100,Weekday,Monday,Light_Load,3.67
3396,5,0,21.1,0,100,19.07,79200,Weekday,Thursday,Medium_Load,4.1
3397,6,4.57,0,0,59.92,100,11700,Weekday,Thursday,Light_Load,3.42
3398,4,1.84,0.43,0.02,99.88,99.99,68400,Weekday,Thursday,Medium_Load,37.58
3399,1,25.99,0,0.02,81.79,100,82800,Weekday,Wednesday,Maximum_Load,36.94
3400,12,0,13.39,0,100,24.75,74700,Weekday,Monday,Light_Load,3.42
3401,11,0,14.08,0,100,22.16,36000,Weekend,Sunday,Light_Load,3.2
3402,2,2.2,1.76,0.02,99.88,99.92,63900,Weekday,Monday,Maximum_Load,44.78
3403,8,28.26,0,0.04,94.49,100,73800,Weekday,Tuesday,Medium_Load,81.61
3404,5,0,17.24,0,100,18.25,54000,Weekend,Saturday,Light_Load,3.2
3405,3,33.23,0,0.03,91.03,100,36000,Weekday,Wednesday,Medium_Load,73.08
3406,9,63.5,0,0.04,81.06,100,31500,Weekday,Wednesday,Light_Load,87.91
3407,9,21.89,0,0.02,91.92,100,40500,Weekday,Monday,Maximum_Load,51.08
3408,11,14.22,0,0.03,97.31,100,36900,Weekend,Sunday,Maximum_Load,60.05
3409,11,64.76,0,0.06,88.03,100,49500,Weekday,Thursday,Medium_Load,120.17
3410,1,38.38,0,0.05,93.37,100,47700,Weekday,Thursday,Medium_Load,100.12
3411,11,0,13.97,0,100,21.4,73800,Weekend,Saturday,Light_Load,3.06
3412,2,12.28,0,0.03,97.73,100,33300,Weekday,Friday,Medium_Load,56.66
3413,9,17.39,0,0.02,91.14,100,54900,Weekday,Friday,Maximum_Load,38.52
3414,9,6.16,0,0,39.27,100,28800,Weekday,Tuesday,Light_Load,2.63
3415,5,0,16.96,0,100,18.15,54900,Weekend,Sunday,Light_Load,3.13
3416,12,3.17,0,0,86.07,100,81900,Weekday,Thursday,Maximum_Load,5.36
3417,9,5.47,0,0,48.33,100,9900,Weekend,Saturday,Light_Load,3.02
3418,4,0,26.53,0,100,19.45,77400,Weekday,Tuesday,Medium_Load,5.26
3419,9,31.36,0,0.03,87.02,100,59400,Weekday,Tuesday,Maximum_Load,55.4
3420,1,0,26.82,0,100,18.22,68400,Weekend,Saturday,Maximum_Load,4.97
3421,7,0,10.15,0,100,46.7,45900,Weekday,Monday,Medium_Load,5.36
3422,7,19.55,0,0.03,94.14,100,55800,Weekday,Thursday,Maximum_Load,54.54
3423,1,36.61,0,0.03,87.34,100,83700,Weekday,Friday,Light_Load,65.66
3424,1,4.32,0,0,73.48,100,4500,Weekday,Tuesday,Light_Load,4.68
3425,8,5.18,0,0,50.37,100,2700,Weekday,Monday,Light_Load,3.02
3426,12,3.46,0.54,0.02,99.64,99.99,73800,Weekday,Thursday,Medium_Load,40.93
3427,11,0,19.04,0,100,25.26,78300,Weekday,Wednesday,Medium_Load,4.97
3428,10,40.39,0,0.02,78.32,100,31500,Weekday,Friday,Light_Load,50.87
3429,9,29.02,0,0.03,88.41,100,36900,Weekday,Friday,Maximum_Load,54.9
3430,5,5.22,0,0,48.82,100,16200,Weekday,Monday,Light_Load,2.92
3431,4,8.93,0,0.02,97.65,100,39600,Weekday,Thursday,Maximum_Load,40.46
3432,6,0,16.99,0,100,17.11,39600,Weekend,Sunday,Light_Load,2.95
3433,10,19.98,0,0.02,91.73,100,60300,Weekday,Friday,Maximum_Load,46.04
3434,11,9.07,0,0.02,98.07,100,60300,Weekday,Tuesday,Medium_Load,45.47
3435,11,32.11,0,0.03,89.19,100,36900,Weekday,Tuesday,Maximum_Load,63.32
3436,12,9,0,0.02,97.94,100,54900,Weekend,Saturday,Medium_Load,43.67
3437,11,0,14.54,0,100,19.88,77400,Weekend,Sunday,Light_Load,2.95
3438,4,3.67,0,0,63.54,100,2700,Weekday,Thursday,Light_Load,3.02
3439,7,31.07,0,0.05,95.39,100,56700,Weekend,Saturday,Maximum_Load,98.71
3440,1,45.83,0,0.05,93.29,100,39600,Weekday,Friday,Maximum_Load,118.69
3441,10,3.78,0,0,60.07,100,24300,Weekday,Wednesday,Light_Load,2.84
3442,1,4.25,0,0,74.31,100,25200,Weekend,Saturday,Light_Load,4.72
3443,11,35.64,0,0.03,85.87,100,60300,Weekday,Friday,Medium_Load,59.72
3444,2,0,7.85,0,100,46.03,40500,Weekend,Saturday,Light_Load,4.07
3445,7,4.64,0,0,51.26,100,24300,Weekday,Monday,Light_Load,2.77
3446,7,3.96,0,0,63.32,100,26100,Weekday,Thursday,Light_Load,3.24
3447,6,12.02,0,0.02,96.16,100,37800,Weekday,Tuesday,Maximum_Load,42.12
3448,6,0,17.28,0,100,16.83,73800,Weekend,Sunday,Light_Load,2.95
3449,10,7.49,0,0,41.54,100,4500,Weekday,Wednesday,Light_Load,3.42
3450,2,5.58,0,0,64.58,100,23400,Weekday,Tuesday,Light_Load,4.72
3451,12,2.59,0.07,0,83.43,99.98,21600,Weekday,Thursday,Light_Load,3.92
3452,2,5.4,0,0,76.82,100,11700,Weekend,Saturday,Light_Load,6.48
3453,5,4.64,0,0,53.65,100,24300,Weekday,Wednesday,Light_Load,2.95
3454,4,51.3,0,0.03,73.22,100,31500,Weekday,Tuesday,Light_Load,55.15
3455,5,50.4,0,0.05,92.12,100,55800,Weekday,Monday,Maximum_Load,119.34
3456,5,58.25,0,0.05,88.47,100,33300,Weekday,Tuesday,Medium_Load,110.56
3457,5,7.34,0.29,0.02,97.78,100,67500,Weekday,Friday,Medium_Load,34.27
3458,10,4.97,0,0,48.68,100,0,Weekend,Sunday,Light_Load,2.77
3459,4,11.66,1.55,0.03,98.55,99.97,37800,Weekend,Sunday,Maximum_Load,67.72
3460,7,0,24.88,0,100,23.48,45900,Weekday,Monday,Medium_Load,6.01
3461,1,6.73,0.83,0.01,97.85,99.97,40500,Weekend,Saturday,Maximum_Load,31.9
3462,3,3.56,0,0,65.18,100,26100,Weekday,Tuesday,Light_Load,3.06
3463,1,44.96,0,0.04,87.31,100,81000,Weekday,Wednesday,Maximum_Load,80.5
3464,8,0,17.21,0,100,15.72,71100,Weekday,Wednesday,Light_Load,2.74
3465,3,21.31,0,0.04,96.41,100,37800,Weekday,Thursday,Maximum_Load,77.4
3466,3,1.55,15.37,0,95.65,31.38,80100,Weekday,Wednesday,Medium_Load,5.08
3467,3,0,21.6,0,100,44.12,47700,Weekend,Saturday,Maximum_Load,10.62
3468,6,0,20.48,0,100,18.15,72900,Weekday,Wednesday,Medium_Load,3.78
3469,4,5.44,0,0,51.63,100,11700,Weekday,Friday,Light_Load,3.28
3470,12,3.38,0.04,0,75.15,99.99,27000,Weekday,Tuesday,Light_Load,3.85
3471,11,5.51,0,0,57.67,100,900,Weekday,Thursday,Light_Load,3.89
3472,11,3.67,0,0,68.17,100,15300,Weekday,Friday,Light_Load,3.42
3473,6,37.22,0,0.03,86.06,100,69300,Weekday,Thursday,Medium_Load,62.89
3474,3,2.34,13.93,0,94.72,44.44,80100,Weekday,Thursday,Medium_Load,6.91
3475,12,33.01,0,0.03,89.63,100,55800,Weekday,Monday,Medium_Load,66.71
3476,5,4.64,0,0,54.17,100,14400,Weekday,Monday,Light_Load,2.99
3477,7,28.48,0,0.03,89.64,100,53100,Weekday,Monday,Maximum_Load,57.6
3478,10,0,17.78,0,100,19.63,78300,Weekend,Saturday,Medium_Load,3.56
3479,3,32.62,0,0.03,91.56,100,58500,Weekday,Monday,Maximum_Load,74.27
3480,9,0,17.82,0,100,19.43,71100,Weekday,Monday,Medium_Load,3.53
3481,2,0,18.83,0,100,21.82,72900,Weekend,Sunday,Light_Load,4.21
3482,7,5.36,0,0,51.73,100,15300,Weekend,Saturday,Light_Load,3.24
3483,3,14.94,0,0.02,96.43,100,58500,Weekday,Friday,Maximum_Load,54.4
3484,8,5.29,0,0,45.99,100,2700,Weekend,Saturday,Light_Load,2.74
3485,3,4.93,0,0,55.39,100,13500,Weekday,Wednesday,Light_Load,3.28
3486,12,3.78,0,0,73.27,100,27000,Weekday,Tuesday,Light_Load,4.07
3487,7,4.9,0,0,51.58,100,12600,Weekday,Tuesday,Light_Load,2.95
3488,3,4.43,0,0,62.32,100,5400,Weekday,Friday,Light_Load,3.53
3489,12,0,20.27,0,100,25.92,45900,Weekend,Sunday,Medium_Load,5.44
3490,5,3.92,0.25,0.02,99.46,100,71100,Weekday,Tuesday,Medium_Load,37.51
3491,9,0,13.39,0,100,24,46800,Weekend,Saturday,Medium_Load,3.31
3492,11,0,16.16,0,100,28.42,46800,Weekend,Saturday,Medium_Load,4.79
3493,12,26.57,0,0.03,91.46,100,58500,Weekday,Thursday,Medium_Load,60.08
3494,10,6.12,0,0,48.78,100,3600,Weekday,Friday,Light_Load,3.42
3495,11,0,13.97,0,100,21.66,72900,Weekend,Saturday,Light_Load,3.1
3496,11,50.65,0,0.04,85.76,100,51300,Weekday,Wednesday,Medium_Load,84.46
3497,4,5.22,0,0,52.74,100,16200,Weekend,Saturday,Light_Load,3.24
3498,4,5.26,0,0,57.22,100,24300,Weekday,Thursday,Light_Load,3.67
3499,11,5.22,0,0,51.43,100,14400,Weekday,Friday,Light_Load,3.13
3500,11,3.1,0,0,71.82,100,14400,Weekday,Thursday,Light_Load,3.2
3501,1,4.36,0,0,72.35,100,23400,Weekday,Wednesday,Light_Load,4.57
3502,9,3.17,1.69,0,72.22,89.06,31500,Weekend,Saturday,Light_Load,3.31
3503,4,21.82,0,0.04,96.29,100,69300,Weekday,Wednesday,Medium_Load,77.87
3504,2,3.28,0,0,68.69,100,5400,Weekday,Friday,Light_Load,3.1
3505,6,0,23.22,0,100,21.05,45000,Weekday,Monday,Medium_Load,5
3506,3,3.53,0,0,65.5,100,6300,Weekend,Sunday,Light_Load,3.06
3507,9,0,11.7,0,100,22.8,72000,Weekday,Wednesday,Light_Load,2.74
3508,3,0,13.07,0,100,24.34,32400,Weekend,Sunday,Light_Load,3.28
3509,6,4.25,0,0,57.54,100,12600,Weekday,Thursday,Light_Load,2.99
3510,8,4.68,0,0,55.22,100,900,Weekend,Sunday,Light_Load,3.1
3511,11,31.39,0,0.03,91.04,100,37800,Weekday,Wednesday,Maximum_Load,69.08
3512,4,0,25.85,0,100,15.14,73800,Weekend,Saturday,Medium_Load,3.96
3513,11,15.01,0,0.01,85.38,100,27900,Weekday,Wednesday,Light_Load,24.62
3514,12,30.2,0,0.03,90.12,100,39600,Weekday,Thursday,Maximum_Load,62.78
3515,4,5.87,0.68,0.02,98.95,99.99,67500,Weekday,Monday,Medium_Load,40.1
3516,6,44.78,0,0.04,89.58,100,37800,Weekday,Monday,Maximum_Load,90.25
3517,3,1.84,14.8,0,90.09,24.99,80100,Weekday,Thursday,Medium_Load,3.82
3518,3,20.09,0,0.02,92.35,100,54900,Weekday,Tuesday,Maximum_Load,48.38
3519,10,25.99,0,0.02,89.58,100,58500,Weekday,Monday,Maximum_Load,52.38
3520,3,4.54,0,0,63.58,100,81000,Weekday,Friday,Medium_Load,3.74
3521,6,0,17.42,0,100,16.53,71100,Weekend,Sunday,Light_Load,2.92
3522,3,19.94,2.88,0.03,94.79,99.88,47700,Weekday,Thursday,Maximum_Load,59.36
3523,12,2.84,0.4,0,82.9,99.55,0,Weekday,Wednesday,Light_Load,4.21
3524,12,32.33,0,0.03,90.49,100,37800,Weekday,Thursday,Maximum_Load,68.72
3525,4,2.77,0,0,75.3,100,3600,Weekend,Saturday,Light_Load,3.17
3526,7,28.3,0,0.02,84.59,100,47700,Weekday,Wednesday,Maximum_Load,44.89
3527,3,25.74,0,0.03,91.98,100,51300,Weekday,Friday,Maximum_Load,60.34
3528,11,0,21.17,0,100,16.76,74700,Weekend,Sunday,Light_Load,3.6
3529,4,39.06,0,0.04,90.09,100,55800,Weekday,Monday,Maximum_Load,81.07
3530,3,35.5,0,0.02,79.4,100,42300,Weekday,Tuesday,Maximum_Load,46.37
3531,7,0,5.22,0,100,46.87,0,Weekend,Saturday,Light_Load,2.77
3532,11,4.21,0,0,60.51,100,22500,Weekend,Saturday,Light_Load,3.2
3533,4,3.42,0,0,69.55,100,27000,Weekday,Friday,Light_Load,3.31
3534,12,31.1,0,0.04,93.27,100,68400,Weekday,Thursday,Maximum_Load,80.46
3535,5,4.64,0,0,53.65,100,16200,Weekday,Thursday,Light_Load,2.95
3536,6,13.61,0,0.02,95.48,100,62100,Weekday,Monday,Medium_Load,43.74
3537,12,0,21.1,0,100,25.4,69300,Weekday,Friday,Maximum_Load,5.54
3538,7,31.68,0,0.04,95.14,100,58500,Weekend,Sunday,Maximum_Load,97.85
3539,2,23.44,0,0.02,84.69,100,4500,Weekday,Wednesday,Light_Load,37.33
3540,2,26.06,0,0.02,81.31,100,83700,Weekday,Tuesday,Light_Load,36.4
3541,10,6.3,0,0,50.03,100,81000,Weekday,Thursday,Medium_Load,3.64
3542,11,3.02,0,0,65.1,100,24300,Weekday,Monday,Light_Load,2.59
3543,1,46.73,0,0.04,88.91,100,81900,Weekday,Tuesday,Maximum_Load,90.79
3544,12,2.3,0.07,0,81.2,99.98,12600,Weekday,Tuesday,Light_Load,3.2
3545,3,0,25.06,0,100,25.54,46800,Weekday,Tuesday,Medium_Load,6.62
3546,12,0.07,7.31,0.01,100,96.49,49500,Weekend,Saturday,Medium_Load,26.86
3547,8,6.8,0,0,43.01,100,28800,Weekday,Friday,Light_Load,3.24
3548,1,0,18,0,100,18.46,63000,Weekend,Saturday,Light_Load,3.38
3549,11,0,16.78,0,100,29.91,76500,Weekday,Wednesday,Medium_Load,5.26
3550,12,0,10.76,0,100,34,65700,Weekend,Sunday,Light_Load,3.89
3551,7,27.83,0,0.02,86.8,100,51300,Weekday,Monday,Maximum_Load,48.64
3552,8,4.14,0,0,54.06,100,84600,Weekday,Monday,Light_Load,2.66
3553,7,9.9,0,0,73.93,100,43200,Weekend,Saturday,Maximum_Load,10.87
3554,5,3.49,0,0,72.84,100,83700,Weekday,Tuesday,Light_Load,3.71
3555,5,5.22,0,0,50.08,100,16200,Weekday,Thursday,Light_Load,3.02
3556,8,4.1,0,0,52.36,100,22500,Weekday,Friday,Light_Load,2.52
3557,8,29.84,0,0.02,87.39,100,62100,Weekday,Wednesday,Medium_Load,53.64
3558,6,20.66,0,0.02,91.8,100,55800,Weekday,Thursday,Maximum_Load,47.84
3559,11,3.42,0,0,72.88,100,4500,Weekday,Tuesday,Light_Load,3.64
3560,8,0,16.34,0,100,18.64,70200,Weekend,Sunday,Light_Load,3.1
3561,12,0,14.15,0,100,22.78,35100,Weekend,Sunday,Light_Load,3.31
3562,9,4.86,0,0,47.03,100,19800,Weekday,Tuesday,Light_Load,2.59
3563,6,36.61,0,0.03,84.72,100,32400,Weekday,Thursday,Light_Load,58.39
3564,10,4.64,0,0,48.31,100,21600,Weekday,Tuesday,Light_Load,2.56
3565,12,2.84,0.04,0,90.33,100,27900,Weekday,Monday,Light_Load,5.98
3566,4,3.64,0,0,59.58,100,29700,Weekend,Sunday,Light_Load,2.7
3567,11,54.97,0,0.05,89.95,100,35100,Weekday,Thursday,Medium_Load,113.15
3568,3,6.8,0,0,55.53,100,8100,Weekday,Tuesday,Light_Load,4.54
3569,1,43.56,0,0.06,94.17,100,52200,Weekday,Thursday,Medium_Load,121.93
3570,8,0,10.76,0,100,26.19,67500,Weekday,Thursday,Light_Load,2.92
3571,7,14.62,0,0.02,95.68,100,72000,Weekday,Monday,Medium_Load,48.1
3572,5,0.04,14.9,0.01,100,81.21,75600,Weekday,Wednesday,Medium_Load,20.74
3573,3,0,26.39,0,100,20.54,63000,Weekend,Saturday,Medium_Load,5.54
3574,8,53.03,0,0.04,87.58,100,40500,Weekday,Tuesday,Maximum_Load,96.23
3575,12,8.75,0,0.02,97.56,100,73800,Weekday,Thursday,Medium_Load,38.84
3576,11,0,18.5,0,100,19.82,72900,Weekend,Saturday,Medium_Load,3.74
3577,3,42.8,0.47,0.03,80.71,100,65700,Weekday,Thursday,Medium_Load,58.5
3578,8,4.28,0,0,50.74,100,19800,Weekday,Tuesday,Light_Load,2.52
3579,10,51.84,0,0.03,82.33,100,60300,Weekday,Thursday,Maximum_Load,75.2
3580,10,0,10.84,0,100,26.59,39600,Weekend,Sunday,Light_Load,2.99
3581,7,0,23.69,0,100,22.38,45000,Weekday,Wednesday,Medium_Load,5.44
3582,12,2.77,0,0,79.25,100,14400,Weekday,Monday,Light_Load,3.6
3583,3,3.6,0,0,60.56,100,12600,Weekend,Saturday,Light_Load,2.74
3584,11,5.15,0,0,56.86,100,11700,Weekday,Thursday,Light_Load,3.56
3585,9,0,11.52,0,100,25.12,73800,Weekend,Saturday,Medium_Load,2.99
3586,9,0,17.24,0,100,25.62,45000,Weekday,Monday,Medium_Load,4.57
3587,4,3.64,0,0,60.56,100,21600,Weekend,Sunday,Light_Load,2.77
3588,11,31.03,0,0.03,91.35,100,38700,Weekday,Wednesday,Maximum_Load,69.66
3589,4,24.23,0,0.03,93.12,100,37800,Weekday,Tuesday,Maximum_Load,61.92
3590,10,38.02,0,0.02,78.61,100,31500,Weekday,Monday,Light_Load,48.35
3591,4,19.62,0,0.02,92.37,100,39600,Weekday,Monday,Maximum_Load,47.3
3592,11,2.81,0,0,68.33,100,83700,Weekend,Sunday,Light_Load,2.63
3593,4,17.64,0.04,0.03,97.09,100,73800,Weekday,Wednesday,Medium_Load,71.5
3594,12,2.74,0,0,77.68,100,26100,Weekend,Sunday,Light_Load,3.38
3595,1,49.18,0,0.03,78.71,100,31500,Weekday,Wednesday,Light_Load,62.75
3596,2,5.22,0,0,64.96,100,24300,Weekend,Sunday,Light_Load,4.46
3597,6,1.66,13,0,90.99,26.96,80100,Weekday,Friday,Medium_Load,3.64
3598,6,4.68,0,0,51.88,100,17100,Weekend,Saturday,Light_Load,2.84
3599,11,3.35,0,0,65.71,100,28800,Weekend,Sunday,Light_Load,2.92
3600,4,3.78,0,0,63.41,100,7200,Weekday,Monday,Light_Load,3.1
3601,6,0,25.16,0,100,14.16,72900,Weekday,Friday,Medium_Load,3.6
3602,1,3.67,0,0,66.64,100,2700,Weekday,Tuesday,Light_Load,3.28
3603,7,4.32,0.43,0.02,99.26,99.99,32400,Weekend,Sunday,Light_Load,35.39
3604,6,5.47,0,0,47.09,100,9000,Weekend,Saturday,Light_Load,2.92
3605,5,6.01,0,0,44.9,100,6300,Weekday,Monday,Light_Load,3.02
3606,3,5.58,0,0,52.7,100,18900,Weekday,Thursday,Light_Load,3.46
3607,2,27.04,0,0.03,93.17,100,36900,Weekday,Wednesday,Maximum_Load,69.34
3608,3,4.39,0,0,64.55,100,5400,Weekday,Thursday,Light_Load,3.71
3609,9,0,11.77,0,100,22.04,41400,Weekday,Tuesday,Light_Load,2.66
3610,2,48.1,0,0.05,90.97,100,50400,Weekday,Thursday,Medium_Load,105.37
3611,6,23.47,1.55,0.03,95.45,99.98,47700,Weekday,Monday,Maximum_Load,75.13
3612,6,32.62,0,0.03,89.96,100,50400,Weekday,Wednesday,Maximum_Load,67.21
3613,12,20.41,0,0.03,93.72,100,38700,Weekend,Sunday,Maximum_Load,54.86
3614,6,0.94,13.32,0,96.87,26.56,80100,Weekday,Wednesday,Medium_Load,3.67
3615,7,4.72,0,0,49.1,100,1800,Weekday,Monday,Light_Load,2.66
3616,12,0,21.85,0,100,24.91,70200,Weekday,Monday,Maximum_Load,5.62
3617,4,4.21,0,0,62.6,100,13500,Weekday,Tuesday,Light_Load,3.38
3618,5,40.25,0,0.04,92.37,100,54000,Weekday,Thursday,Maximum_Load,97.02
3619,6,4.93,0,0,57.45,100,81900,Weekday,Friday,Medium_Load,3.46
3620,5,3.46,0,0,66.73,100,19800,Weekday,Friday,Light_Load,3.1
3621,8,40.64,0,0.03,81.01,100,67500,Weekday,Wednesday,Medium_Load,56.16
3622,1,5.44,0,0,73.35,100,15300,Weekday,Wednesday,Light_Load,5.87
3623,1,2.63,3.35,0.02,99.81,99.69,75600,Weekday,Tuesday,Medium_Load,42.44
3624,11,15.19,0,0.02,94.74,100,69300,Weekday,Friday,Maximum_Load,44.96
3625,12,0,13.64,0,100,25.98,49500,Weekend,Sunday,Light_Load,3.67
3626,1,0,13.21,0,100,25.82,44100,Weekend,Sunday,Light_Load,3.53
3627,2,0,25.88,0,100,21.87,78300,Weekday,Wednesday,Medium_Load,5.8
3628,6,4.1,0,0,62.82,100,9900,Weekday,Thursday,Light_Load,3.31
3629,2,24.34,0,0.03,93.97,100,50400,Weekday,Friday,Medium_Load,66.85
3630,12,2.63,0,0,88.66,100,82800,Weekday,Thursday,Maximum_Load,5.04
3631,5,16.7,0,0.02,89.73,100,42300,Weekend,Saturday,Maximum_Load,33.95
3632,8,4.9,0,0,55.16,100,27000,Weekday,Wednesday,Light_Load,3.24
3633,7,21.6,0,0.03,94.73,100,37800,Weekday,Tuesday,Maximum_Load,63.86
3634,7,0,4.5,0,100,53.91,9000,Weekend,Sunday,Light_Load,2.88
3635,9,0,15.08,0,100,49.54,53100,Weekday,Friday,Maximum_Load,8.6
3636,1,47.77,0,0.04,89.89,100,0,Weekday,Tuesday,Light_Load,97.99
3637,5,5.29,0,0,48.33,100,17100,Weekday,Thursday,Light_Load,2.92
3638,11,3.2,0,0,74.09,100,27900,Weekend,Saturday,Light_Load,3.53
3639,10,0.04,15.98,0,99.99,23.82,79200,Weekday,Thursday,Medium_Load,3.92
3640,3,3.6,0,0,60.56,100,8100,Weekend,Saturday,Light_Load,2.74
3641,2,13.28,0,0.03,97.42,100,37800,Weekday,Friday,Maximum_Load,57.28
3642,2,3.49,0,0,74.09,100,8100,Weekday,Monday,Light_Load,3.85
3643,11,25.31,7.2,0.03,91.27,99.2,47700,Weekday,Monday,Medium_Load,56.52
3644,1,49.03,0,0.06,92.92,100,57600,Weekday,Tuesday,Medium_Load,123.3
3645,7,0,5.15,0,100,50.21,66600,Weekend,Saturday,Medium_Load,2.99
3646,9,21.96,0,0.02,90.21,100,68400,Weekday,Wednesday,Medium_Load,45.9
3647,8,5.29,0,0,46.39,100,22500,Weekend,Saturday,Light_Load,2.77
3648,9,5.76,0,0,41.53,100,81000,Weekend,Sunday,Light_Load,2.63
3649,7,25.49,0,0.03,90.7,100,34200,Weekend,Saturday,Medium_Load,54.9
3650,11,34.63,0,0.04,92.41,100,62100,Weekday,Wednesday,Maximum_Load,83.74
3651,7,5.22,0,0,53.2,100,23400,Weekend,Saturday,Light_Load,3.28
3652,2,0,4.75,0,100,57.17,41400,Weekday,Friday,Light_Load,3.31
3653,2,30.28,0.04,0.03,88.74,100,43200,Weekday,Monday,Maximum_Load,58.28
3654,10,4.36,0,0,53.21,100,9000,Weekend,Sunday,Light_Load,2.74
3655,10,0,11.45,0,100,25.27,72000,Weekend,Sunday,Light_Load,2.99
3656,4,4.28,0.9,0.03,99.81,99.99,34200,Weekend,Saturday,Medium_Load,69.3
3657,9,4.93,0,0,51.86,100,27900,Weekday,Tuesday,Light_Load,2.99
3658,12,2.7,0.36,0,82.62,99.59,26100,Weekday,Thursday,Light_Load,3.96
3659,11,15.7,0,0.01,81.96,100,26100,Weekday,Wednesday,Light_Load,22.46
3660,12,0,21.96,0,100,19,78300,Weekday,Wednesday,Medium_Load,4.25
3661,11,4.18,0,0,57.27,100,83700,Weekend,Sunday,Light_Load,2.92
3662,8,0,13.9,0,100,21.97,76500,Weekend,Sunday,Medium_Load,3.13
3663,2,3.49,0,0,65.93,100,29700,Weekday,Friday,Light_Load,3.06
3664,4,4.36,0,0,55.65,100,6300,Weekday,Monday,Light_Load,2.92
3665,12,0,21.35,0,100,24.69,73800,Weekday,Friday,Medium_Load,5.44
3666,7,5,0,0.02,99.12,100,72900,Weekday,Tuesday,Medium_Load,37.48
3667,2,13,0,0.04,98.94,100,36000,Weekend,Saturday,Medium_Load,88.78
3668,2,5.15,0,0,67.8,100,22500,Weekday,Tuesday,Light_Load,4.75
3669,6,5.29,0,0,47.82,100,85500,Weekend,Saturday,Light_Load,2.88
3670,9,0.58,1.94,0.01,99.98,99.73,55800,Weekend,Saturday,Maximum_Load,26.17
3671,7,14.54,6.12,0.02,94.7,99,47700,Weekday,Wednesday,Maximum_Load,42.88
3672,2,3.85,0,0,63.08,100,6300,Weekend,Saturday,Light_Load,3.13
3673,3,3.24,0,0,69.13,100,20700,Weekday,Monday,Light_Load,3.1
3674,5,3.82,0,0,61.64,100,16200,Weekend,Saturday,Light_Load,2.99
3675,11,3.31,0,0,71.13,100,25200,Weekday,Friday,Light_Load,3.35
3676,5,0,25.99,0,100,14.65,77400,Weekday,Friday,Medium_Load,3.85
3677,5,5.15,0,0,66.7,100,8100,Weekday,Friday,Light_Load,4.61
3678,10,5.58,0,0,44.98,100,30600,Weekend,Sunday,Light_Load,2.81
3679,11,0,20.02,0,100,27.16,78300,Weekday,Thursday,Medium_Load,5.65
3680,1,0.14,20.3,0.01,99.99,55.57,76500,Weekday,Monday,Medium_Load,13.57
3681,4,0,8.24,0.01,100,95.65,57600,Weekend,Sunday,Maximum_Load,27
3682,4,33.23,0,0.03,89.33,100,55800,Weekday,Thursday,Maximum_Load,66.06
3683,5,8.57,0,0.02,97.76,100,61200,Weekday,Thursday,Maximum_Load,39.78
3684,3,3.71,0,0,62.75,100,900,Weekday,Monday,Light_Load,2.99
3685,1,5.36,0,0,65.77,100,4500,Weekday,Friday,Light_Load,4.68
3686,7,0,20.77,0,100,21.67,46800,Weekday,Thursday,Medium_Load,4.61
3687,3,3.96,0,0,60.64,100,21600,Weekday,Thursday,Light_Load,3.02
3688,9,54.58,0,0.05,89.42,100,54900,Weekday,Thursday,Maximum_Load,109.01
3689,10,28.08,0,0.03,89.72,100,72000,Weekday,Thursday,Medium_Load,57.06
3690,6,1.01,12.71,0,96.68,28.78,80100,Weekday,Thursday,Medium_Load,3.82
3691,6,0.61,15.7,0.01,99.92,69.03,75600,Weekday,Tuesday,Medium_Load,14.98
3692,10,4.97,0.04,0,46.21,99.99,80100,Weekend,Sunday,Light_Load,2.59
3693,7,0,16.78,0,100,20.59,70200,Weekend,Sunday,Light_Load,3.53
3694,7,44.28,0,0.05,92.91,100,56700,Weekday,Friday,Maximum_Load,111.24
3695,4,26.93,0,0.03,91.13,100,51300,Weekday,Wednesday,Maximum_Load,59.62
3696,6,0.32,4.25,0,99.77,74.03,43200,Weekend,Saturday,Maximum_Load,4.68
3697,3,0,12.67,0.01,100,90.17,58500,Weekday,Friday,Maximum_Load,26.42
3698,9,0,17.71,0,100,19.33,72000,Weekday,Monday,Medium_Load,3.49
3699,10,0,14.72,0,100,25.55,46800,Weekday,Tuesday,Medium_Load,3.89
3700,10,36.79,0,0.03,84.06,100,36000,Weekday,Wednesday,Medium_Load,57.1
3701,9,5.54,0,0,44.33,100,25200,Weekday,Monday,Light_Load,2.74
3702,6,22.82,2.05,0.03,95.4,99.96,47700,Weekday,Monday,Maximum_Load,72.65
3703,5,4.32,0,0,55.47,100,9000,Weekday,Wednesday,Light_Load,2.88
3704,11,2.59,0,0,87.49,100,83700,Weekday,Friday,Light_Load,4.68
3705,9,0,11.66,0,100,23.11,36000,Weekend,Sunday,Light_Load,2.77
3706,12,2.27,0,0,79.65,100,20700,Weekend,Saturday,Light_Load,2.99
3707,2,4.68,0,0,78.35,100,15300,Weekend,Saturday,Light_Load,5.9
3708,8,5.08,0,0,57.06,100,27000,Weekday,Friday,Light_Load,3.53
3709,11,5.26,0,0,60.82,100,82800,Weekday,Thursday,Maximum_Load,4.03
3710,4,3.46,0,0,70.71,100,84600,Weekday,Friday,Light_Load,3.46
3711,3,3.13,0.61,0.02,99.67,99.99,54900,Weekday,Tuesday,Maximum_Load,38.41
3712,11,0,11.99,0,100,24.42,46800,Weekend,Sunday,Light_Load,3.02
3713,5,0,16.99,0,100,18.51,77400,Weekend,Sunday,Light_Load,3.2
3714,6,6.3,0,0,48.46,100,23400,Weekday,Wednesday,Light_Load,3.49
3715,7,0,4.86,0,100,50.05,83700,Weekday,Wednesday,Light_Load,2.81
3716,11,6.48,0,0,49.28,100,19800,Weekday,Tuesday,Light_Load,3.67
3717,9,4.14,0,0,53.04,100,14400,Weekend,Saturday,Light_Load,2.59
3718,2,27.97,0,0.02,82.26,100,29700,Weekday,Tuesday,Light_Load,40.46
3719,2,5.26,0,0,78.66,100,5400,Weekend,Saturday,Light_Load,6.7
3720,6,47.84,0,0.04,87.86,100,54900,Weekday,Monday,Maximum_Load,88.02
3721,1,4.07,0,0,70.97,100,27000,Weekend,Sunday,Light_Load,4.1
3722,8,0,13.72,0,100,21.77,69300,Weekend,Sunday,Medium_Load,3.06
3723,6,48.96,0,0.02,72.42,100,31500,Weekday,Wednesday,Light_Load,51.41
3724,3,2.74,0,0,75.24,100,13500,Weekend,Saturday,Light_Load,3.13
3725,5,4.07,0,0,58.69,100,17100,Weekday,Monday,Light_Load,2.95
3726,1,0,6.7,0,100,51.26,42300,Weekday,Monday,Light_Load,4
3727,5,38.7,0,0.04,91.32,100,57600,Weekday,Thursday,Maximum_Load,86.72
3728,12,2.7,0.22,0,83.52,99.86,17100,Weekday,Friday,Light_Load,4.1
3729,10,36.4,0,0.02,82.8,100,53100,Weekday,Tuesday,Maximum_Load,53.75
3730,11,50.51,0,0.03,76.7,100,31500,Weekday,Tuesday,Light_Load,60.37
3731,5,5.98,0,0,60.47,100,0,Weekday,Monday,Light_Load,4.54
3732,5,0,16.92,0,100,18.58,76500,Weekend,Sunday,Light_Load,3.2
3733,6,5.18,0.97,0.02,99.05,99.97,36900,Weekday,Tuesday,Maximum_Load,37.26
3734,12,17.93,0,0.03,95.37,100,36000,Weekday,Thursday,Medium_Load,56.84
3735,2,5.8,0,0,77.27,100,7200,Weekend,Saturday,Light_Load,7.06
3736,6,5.29,0,0,50.56,100,27000,Weekday,Friday,Light_Load,3.1
3737,1,47.88,0,0.05,92.44,100,67500,Weekday,Thursday,Maximum_Load,116.06
3738,11,29.38,0,0.02,87.26,100,67500,Weekday,Wednesday,Maximum_Load,52.49
3739,3,3.24,0,0,67.32,100,25200,Weekday,Wednesday,Light_Load,2.95
3740,6,0,4.61,0,100,53.51,43200,Weekend,Saturday,Light_Load,2.92
3741,4,46.76,0,0.04,86.51,100,66600,Weekday,Tuesday,Medium_Load,80.64
3742,6,39.53,0,0.04,91.39,100,62100,Weekday,Wednesday,Medium_Load,88.99
3743,5,5.11,0,0,51.38,100,15300,Weekday,Tuesday,Light_Load,3.06
3744,10,34.42,0,0.03,85.55,100,57600,Weekday,Wednesday,Maximum_Load,56.88
3745,1,5.22,0,0,67.61,100,9000,Weekday,Friday,Light_Load,4.79
3746,5,3.78,0,0,66.66,100,84600,Weekday,Wednesday,Light_Load,3.38
3747,11,11.63,0,0.02,96.78,100,59400,Weekday,Friday,Medium_Load,44.75
3748,9,61.56,0,0.05,88.19,100,33300,Weekday,Tuesday,Medium_Load,115.13
3749,8,0,14.15,0,100,31.16,45000,Weekday,Thursday,Medium_Load,4.64
3750,6,42.48,0,0.03,81.96,100,42300,Weekday,Tuesday,Maximum_Load,60.77
3751,2,0,16.96,0,100,19.54,50400,Weekday,Friday,Light_Load,3.38
3752,1,4.68,0,0,86.09,100,27900,Weekday,Wednesday,Light_Load,7.92
3753,1,0.47,5.94,0.01,99.99,98.19,50400,Weekend,Sunday,Medium_Load,30.78
3754,4,23.22,0,0.03,92.57,100,51300,Weekday,Thursday,Maximum_Load,56.81
3755,5,47.27,0,0.03,82.8,100,59400,Weekday,Friday,Maximum_Load,69.8
3756,10,0,11.3,0,100,25.58,38700,Weekend,Sunday,Light_Load,2.99
3757,3,4.82,0,0,56.61,100,19800,Weekday,Wednesday,Light_Load,3.31
3758,5,4.28,0,0,57.65,100,26100,Weekday,Friday,Light_Load,3.02
3759,11,4.25,0,0,56.1,100,18000,Weekday,Friday,Light_Load,2.88
3760,7,4.07,0,0,58.69,100,11700,Weekday,Tuesday,Light_Load,2.95
3761,9,0,11.66,0,100,24.84,71100,Weekend,Sunday,Medium_Load,2.99
3762,8,5.18,0,0,46.76,100,24300,Weekday,Monday,Light_Load,2.74
3763,9,29.41,0,0.02,86.34,100,62100,Weekday,Thursday,Medium_Load,50.33
3764,6,27.86,0,0.02,87.34,100,37800,Weekday,Tuesday,Maximum_Load,49.97
3765,3,0,9.18,0.01,100,95.71,64800,Weekday,Tuesday,Medium_Load,30.31
3766,10,33.62,0,0.04,92.92,100,61200,Weekend,Saturday,Maximum_Load,84.56
3767,3,0,26.24,0,100,16.76,70200,Weekend,Saturday,Medium_Load,4.46
3768,1,27.43,0,0.02,81.17,100,16200,Weekday,Tuesday,Light_Load,38.12
3769,7,5.98,0,0,51.99,100,10800,Weekend,Saturday,Light_Load,3.64
3770,7,45.61,0,0.02,72.2,100,43200,Weekday,Wednesday,Maximum_Load,47.59
3771,10,48.17,0,0.03,81.35,100,56700,Weekday,Wednesday,Maximum_Load,67.39
3772,2,58.32,0,0.03,78.73,100,31500,Weekday,Monday,Light_Load,74.48
3773,10,7.52,0,0,48.23,100,81000,Weekday,Wednesday,Medium_Load,4.14
3774,10,6.48,0,0,46.68,100,2700,Weekday,Friday,Light_Load,3.42
3775,9,5.58,0,0,47.23,100,9900,Weekday,Thursday,Light_Load,2.99
3776,6,4.43,0,0,52.04,100,2700,Weekend,Saturday,Light_Load,2.7
3777,2,1.76,15.34,0,93.5,28.95,80100,Weekend,Saturday,Light_Load,4.64
3778,5,37.44,0,0.03,87.92,100,35100,Weekday,Friday,Medium_Load,69.08
3779,4,8.32,0,0.02,98.49,100,38700,Weekday,Tuesday,Maximum_Load,47.27
3780,12,0,20.84,0,100,25.56,77400,Weekend,Saturday,Light_Load,5.51
3781,4,0,21.24,0,100,18.82,69300,Weekend,Sunday,Medium_Load,4.07
3782,10,5.18,0.11,0,46.76,99.92,80100,Weekday,Wednesday,Medium_Load,2.74
3783,9,52.63,0,0.03,76.94,100,43200,Weekday,Friday,Maximum_Load,63.4
3784,3,3.92,0,0,62.03,100,20700,Weekday,Thursday,Light_Load,3.1
3785,11,15.66,0,0.01,84.63,100,80100,Weekday,Tuesday,Maximum_Load,24.88
3786,4,18.14,0.43,0.02,94.2,100,63900,Weekday,Monday,Medium_Load,50.9
3787,7,4.54,3.06,0.01,92.55,96.4,43200,Weekend,Sunday,Maximum_Load,11.09
3788,12,18.4,0,0.02,92.67,100,73800,Weekday,Monday,Medium_Load,45.36
3789,2,12.56,2.45,0.02,94.91,99.79,80100,Weekday,Wednesday,Maximum_Load,37.84
3790,8,10.37,0.54,0.01,95.08,99.99,65700,Weekday,Friday,Medium_Load,31.82
3791,1,37.66,0,0.03,89.63,100,48600,Weekday,Monday,Medium_Load,76.14
3792,6,0,17.24,0,100,22.01,64800,Weekend,Saturday,Medium_Load,3.89
3793,1,4.07,0,0,70.71,100,82800,Weekday,Friday,Maximum_Load,4.07
3794,1,3.35,0,0,69.52,100,81900,Weekday,Monday,Light_Load,3.24
3795,11,6.52,0,0,49.76,100,11700,Weekday,Tuesday,Light_Load,3.74
3796,12,1.84,0.4,0,85.7,99.16,21600,Weekday,Friday,Light_Load,3.06
3797,2,40.1,0,0.03,85.62,100,41400,Weekday,Friday,Maximum_Load,66.46
3798,7,2.12,1.22,0.01,99.79,99.93,59400,Weekend,Sunday,Maximum_Load,32.54
3799,10,6.91,0,0,42.45,100,81900,Weekday,Monday,Medium_Load,3.24
3800,5,31.82,0,0.04,93.04,100,57600,Weekday,Thursday,Maximum_Load,80.78
3801,7,20.09,0.11,0.02,93.42,100,73800,Weekday,Thursday,Medium_Load,52.6
3802,6,4.86,0,0,55.47,100,2700,Weekday,Wednesday,Light_Load,3.24
3803,9,0,11.92,0,100,22.64,71100,Weekday,Friday,Medium_Load,2.77
3804,5,5.15,0,0,50.21,100,16200,Weekday,Wednesday,Light_Load,2.99
3805,5,4.79,0,0,61.23,100,1800,Weekday,Friday,Light_Load,3.71
3806,11,27.9,0,0.03,92.7,100,74700,Weekday,Thursday,Medium_Load,68.98
3807,3,3.6,0,0,67.68,100,14400,Weekday,Wednesday,Light_Load,3.31
3808,2,49.14,0,0.04,87.45,100,900,Weekend,Saturday,Light_Load,88.6
3809,2,14.9,0.11,0.04,98.68,100,67500,Weekday,Tuesday,Maximum_Load,90.86
3810,5,30.78,0,0.03,88.36,100,73800,Weekday,Thursday,Medium_Load,58.07
3811,5,31.82,0,0.02,74.43,100,30600,Weekend,Saturday,Light_Load,35.46
3812,12,0,22.36,0,100,23.19,72000,Weekday,Wednesday,Maximum_Load,5.33
3813,5,23.98,0,0.02,91.45,100,58500,Weekday,Monday,Maximum_Load,54.22
3814,2,0,16.92,0,100,24.74,47700,Weekend,Sunday,Light_Load,4.32
3815,2,6.26,0,0,53.07,100,20700,Weekday,Thursday,Light_Load,3.92
3816,5,32.65,0,0.03,87.98,100,70200,Weekday,Monday,Medium_Load,60.44
3817,1,0,17.96,0,100,20.39,45900,Weekend,Sunday,Light_Load,3.74
3818,6,4.21,6.08,0.01,98.97,97.88,47700,Weekend,Saturday,Maximum_Load,29.05
3819,7,0,17.24,0,100,16.25,75600,Weekend,Saturday,Medium_Load,2.84
3820,7,4.5,0,0,55.73,100,26100,Weekend,Saturday,Light_Load,3.02
3821,12,29.38,0,0.02,87.64,100,53100,Weekday,Tuesday,Medium_Load,53.46
3822,11,45.83,0,0.03,76.79,100,30600,Weekday,Wednesday,Light_Load,54.94
3823,3,5.08,0,0,60.1,100,9900,Weekday,Monday,Light_Load,3.82
3824,12,2.74,0,0,77.41,100,21600,Weekend,Sunday,Light_Load,3.35
3825,1,29.02,0,0.02,80.58,100,26100,Weekday,Tuesday,Light_Load,39.49
3826,12,14.94,0,0.02,95.99,100,40500,Weekday,Thursday,Maximum_Load,51.16
3827,8,46.33,0,0.04,86.84,100,48600,Weekday,Friday,Maximum_Load,81.14
3828,2,21.92,0,0.03,95.43,100,61200,Weekday,Wednesday,Medium_Load,70.02
3829,3,0,22.32,0,100,16.53,79200,Weekend,Sunday,Light_Load,3.74
3830,3,20.41,0,0.02,91.93,100,55800,Weekday,Thursday,Maximum_Load,47.66
3831,7,17.71,0,0.02,94.96,100,59400,Weekday,Thursday,Maximum_Load,53.64
3832,12,3.38,0,0,74.89,100,9000,Weekend,Saturday,Light_Load,3.82
3833,2,40.1,0,0.04,89.9,100,2700,Weekend,Saturday,Light_Load,82.3
3834,7,27.61,0,0.04,94.66,100,54900,Weekday,Thursday,Maximum_Load,81.04
3835,12,35.42,0,0.04,92.26,100,53100,Weekday,Friday,Medium_Load,84.74
3836,12,2.7,0.5,0,90.34,99.62,27900,Weekday,Thursday,Light_Load,5.69
3837,9,23.29,0,0.02,91.07,100,70200,Weekday,Wednesday,Medium_Load,51.34
3838,3,0,26.1,0,100,24.1,46800,Weekday,Wednesday,Medium_Load,6.48
3839,9,5.29,0,0,43.01,100,7200,Weekday,Thursday,Light_Load,2.52
3840,11,5.18,0,0,64.99,100,13500,Weekday,Thursday,Light_Load,4.43
3841,8,0,14.58,0,100,20.8,74700,Weekend,Saturday,Medium_Load,3.1
3842,6,4.18,0,0,56.74,100,5400,Weekend,Sunday,Light_Load,2.88
3843,9,4.9,0,0,48.81,100,11700,Weekday,Thursday,Light_Load,2.74
3844,4,14.65,0,0.01,76.48,100,29700,Weekend,Saturday,Light_Load,17.39
3845,5,4.1,0,0,59.81,100,14400,Weekday,Tuesday,Light_Load,3.06
3846,7,3.1,3.85,0.02,99.64,99.45,64800,Weekday,Wednesday,Medium_Load,36.68
3847,10,56.09,0,0.05,89.88,100,71100,Weekday,Thursday,Medium_Load,114.98
3848,4,4.18,0,0,56.2,100,12600,Weekend,Sunday,Light_Load,2.84
3849,8,40.43,0,0.05,92.67,100,57600,Weekday,Wednesday,Maximum_Load,99.68
3850,11,2.84,0,0,70.33,100,25200,Weekend,Sunday,Light_Load,2.81
3851,2,1.04,2.09,0.02,99.96,99.85,36900,Weekend,Saturday,Maximum_Load,38.12
3852,1,8.96,0.5,0.03,99.19,100,76500,Weekday,Tuesday,Medium_Load,70.13
3853,7,17.17,0,0.03,95.43,100,54900,Weekday,Thursday,Maximum_Load,54.86
3854,7,4.5,0,0,59.71,100,24300,Weekday,Wednesday,Light_Load,3.35
3855,11,31.54,0,0.03,89,100,36900,Weekday,Monday,Maximum_Load,61.56
3856,8,0,17.46,0,100,15.28,35100,Weekday,Thursday,Light_Load,2.7
3857,5,28.58,0,0.03,90.38,100,48600,Weekday,Thursday,Maximum_Load,60.34
3858,10,7.2,0,0,43.62,100,24300,Weekend,Saturday,Light_Load,3.49
3859,4,0,26.39,0,100,17.97,76500,Weekday,Wednesday,Medium_Load,4.82
3860,3,4.64,0,0,60.11,100,0,Weekday,Thursday,Light_Load,3.49
3861,5,0,13.18,0,100,23.11,32400,Weekend,Sunday,Light_Load,3.13
3862,11,4.68,0,0,65.25,100,9000,Weekday,Thursday,Light_Load,4.03
3863,2,41.62,0,0.04,90.69,100,0,Weekday,Friday,Light_Load,89.57
3864,3,20.52,0.04,0.02,92.31,100,65700,Weekday,Tuesday,Medium_Load,49.25
3865,8,32.51,0,0.03,86.59,100,69300,Weekday,Tuesday,Medium_Load,56.27
3866,1,3.6,0,0,71.1,100,2700,Weekend,Sunday,Light_Load,3.64
3867,3,0,17.21,0,100,24.72,46800,Weekday,Thursday,Medium_Load,4.39
3868,7,1.15,15.84,0,99.08,46.94,44100,Weekday,Thursday,Medium_Load,8.42
3869,2,58.32,0,0.05,88.01,100,41400,Weekday,Thursday,Maximum_Load,108.11
3870,3,38.09,0,0.03,88.39,100,52200,Weekday,Thursday,Maximum_Load,72
3871,1,26.35,0,0.02,81.41,100,4500,Weekday,Thursday,Light_Load,36.94
3872,12,2.59,0,0,80.3,100,7200,Weekday,Monday,Light_Load,3.49
3873,1,4.5,0,0,71.79,100,16200,Weekday,Wednesday,Light_Load,4.64
3874,7,0.47,3.78,0.02,99.99,99.35,64800,Weekday,Friday,Medium_Load,32.98
3875,8,4.82,0,0,48.87,100,2700,Weekday,Thursday,Light_Load,2.7
3876,7,5.15,0,0,47.9,100,13500,Weekday,Friday,Light_Load,2.81
3877,5,5.22,0,0,59.06,100,29700,Weekend,Saturday,Light_Load,3.82
3878,12,26.78,0.11,0.02,82.76,100,29700,Weekday,Thursday,Light_Load,39.49
3879,3,7.27,0.04,0.02,98.58,100,63900,Weekday,Friday,Medium_Load,42.62
3880,5,27.11,0,0.03,89.82,100,39600,Weekday,Monday,Maximum_Load,55.4
3881,5,0,14.15,0.01,100,84.96,39600,Weekend,Saturday,Maximum_Load,22.79
3882,8,5.36,0,0,46.43,100,16200,Weekday,Monday,Light_Load,2.81
3883,11,7.52,0,0,45.57,100,81000,Weekday,Thursday,Maximum_Load,3.85
3884,10,1.12,0.97,0.01,99.94,99.96,63900,Weekday,Wednesday,Medium_Load,32.54
3885,10,18.86,0,0.02,92.92,100,33300,Weekday,Monday,Medium_Load,47.41
3886,7,0,4.82,0,100,52.71,1800,Weekend,Saturday,Light_Load,2.99
3887,7,10.84,0,0.02,97.57,100,50400,Weekday,Friday,Maximum_Load,48.24
3888,12,3.24,0.18,0,79.25,99.91,10800,Weekday,Thursday,Light_Load,4.21
3889,7,23.26,0,0.02,90.97,100,49500,Weekday,Thursday,Maximum_Load,50.94
3890,10,6.37,0,0,47.3,100,18000,Weekend,Saturday,Light_Load,3.42
3891,11,32.08,0,0.04,93.05,100,57600,Weekend,Saturday,Medium_Load,81.5
3892,12,2.7,0,0,78.84,100,20700,Weekend,Sunday,Light_Load,3.46
3893,5,4.86,0,0,60.68,100,28800,Weekday,Friday,Light_Load,3.71
3894,12,31.61,0,0.03,88.53,100,31500,Weekday,Friday,Light_Load,60.19
3895,5,0,22.07,0,100,15.92,52200,Weekend,Sunday,Light_Load,3.56
3896,12,0,13.97,0,100,23.32,67500,Weekend,Saturday,Light_Load,3.35
3897,12,35.5,0,0.03,89.56,100,42300,Weekday,Thursday,Maximum_Load,71.46
3898,6,0,5.15,0,100,48.29,66600,Weekend,Sunday,Medium_Load,2.84
3899,5,1.76,10.37,0,91.23,35.36,80100,Weekday,Wednesday,Medium_Load,3.92
3900,11,23.26,0,0.02,91.7,100,59400,Weekday,Tuesday,Medium_Load,53.46
3901,2,48.31,0,0.06,92.97,100,71100,Weekday,Tuesday,Maximum_Load,121.93
3902,3,47.38,0,0.06,93.1,100,32400,Weekday,Tuesday,Light_Load,120.89
3903,4,55.4,0,0.04,81.47,100,40500,Weekday,Monday,Maximum_Load,77.83
3904,2,51.34,0,0.05,91.17,100,48600,Weekday,Thursday,Medium_Load,113.94
3905,3,43.78,0,0.05,91.93,100,48600,Weekday,Wednesday,Maximum_Load,102.28
3906,12,1.98,0.32,0,85.04,99.5,85500,Weekend,Saturday,Light_Load,3.2
3907,4,0.83,6.16,0.01,99.97,98.25,63000,Weekday,Friday,Medium_Load,32.54
3908,11,4.03,0,0,81.27,100,22500,Weekday,Tuesday,Light_Load,5.62
3909,9,0,14.58,0,100,26.89,45900,Weekday,Tuesday,Medium_Load,4.07
3910,4,52.56,0,0.04,84.64,100,69300,Weekday,Tuesday,Medium_Load,83.52
3911,1,42.59,0,0.04,88.8,100,8100,Weekday,Friday,Light_Load,82.26
3912,12,0,14.83,0,100,21.78,50400,Weekend,Saturday,Light_Load,3.31
3913,10,0,11.48,0,100,25.2,72000,Weekend,Sunday,Light_Load,2.99
3914,12,3.13,0.18,0,80.98,99.91,27900,Weekday,Wednesday,Light_Load,4.32
3915,10,5.98,0,0,57.93,100,28800,Weekday,Wednesday,Light_Load,4.25
3916,6,4.9,0,0,50.67,100,9000,Weekday,Thursday,Light_Load,2.88
3917,12,2.34,0.22,0,94.12,99.94,28800,Weekday,Monday,Light_Load,6.52
3918,4,26.96,0,0.03,90.11,100,48600,Weekday,Wednesday,Maximum_Load,56.02
3919,6,5.44,0,0,50.7,100,4500,Weekday,Monday,Light_Load,3.2
3920,12,0,13.93,0,100,25.02,63000,Weekend,Sunday,Light_Load,3.6
3921,1,0.04,8.71,0.01,100,95.64,50400,Weekend,Sunday,Medium_Load,28.51
3922,11,9.29,0,0.01,96.07,100,76500,Weekday,Tuesday,Medium_Load,32.15
3923,2,0,17.53,0,100,18.55,55800,Weekday,Wednesday,Light_Load,3.31
3924,6,22.97,0.54,0.02,86.03,99.99,65700,Weekday,Thursday,Medium_Load,38.77
3925,3,3.96,0,0,57.32,100,81900,Weekend,Saturday,Light_Load,2.77
3926,10,4.79,0,0,49.1,100,21600,Weekday,Monday,Light_Load,2.7
3927,3,4.28,0,0,65.09,100,13500,Weekend,Saturday,Light_Load,3.67
3928,11,15.16,0,0.01,83.42,100,27000,Weekday,Wednesday,Light_Load,22.93
3929,2,6.12,17.53,0.01,96.04,76.92,44100,Weekday,Tuesday,Medium_Load,21.1
3930,10,24.48,0.18,0.02,88.7,100,75600,Weekday,Friday,Medium_Load,47.02
3931,2,4.86,0,0,55.94,100,11700,Weekday,Monday,Light_Load,3.28
3932,6,5,0,0,48.46,100,23400,Weekday,Monday,Light_Load,2.77
3933,6,28.51,0,0.04,95.73,100,52200,Weekday,Monday,Maximum_Load,94.36
3934,10,6.05,0,0,46.41,100,9000,Weekend,Saturday,Light_Load,3.17
3935,8,4.75,0,0,59.21,100,27000,Weekday,Thursday,Light_Load,3.49
3936,9,0.22,8.68,0,99.98,76,45000,Weekday,Thursday,Medium_Load,10.15
3937,12,0,14.08,0,100,24.51,60300,Weekend,Saturday,Light_Load,3.56
3938,12,20.52,0,0.03,94.09,100,51300,Weekday,Wednesday,Medium_Load,57.02
3939,1,4.57,0,0,71.84,100,11700,Weekday,Tuesday,Light_Load,4.72
3940,12,3.85,0,0,74.96,100,26100,Weekend,Sunday,Light_Load,4.36
3941,12,13.28,0.29,0.02,96.33,100,38700,Weekend,Saturday,Maximum_Load,47.66
3942,3,4.79,0,0,62.35,100,1800,Weekday,Tuesday,Light_Load,3.82
3943,3,2.56,0,0,76.28,100,1800,Weekend,Saturday,Light_Load,3.02
3944,7,23.98,0,0.03,92.29,100,58500,Weekday,Thursday,Maximum_Load,57.46
3945,4,3.6,0,0,63.89,100,16200,Weekday,Thursday,Light_Load,2.99
3946,9,5.18,0,0,43.75,100,25200,Weekday,Tuesday,Light_Load,2.52
3947,7,3.64,4,0,84.24,81.81,44100,Weekday,Monday,Medium_Load,5.69
3948,6,3.82,0,0,65.14,100,85500,Weekday,Friday,Light_Load,3.28
3949,5,0,17.78,0,100,21.53,77400,Weekday,Monday,Medium_Load,3.92
3950,7,0,14.44,0,100,20.02,80100,Weekend,Saturday,Medium_Load,2.95
3951,12,33.73,0,0.03,89.11,100,53100,Weekday,Thursday,Medium_Load,66.24
3952,2,0,23.33,0,100,18.04,58500,Weekday,Thursday,Light_Load,4.28
3953,12,2.38,0.04,0,82.08,99.99,24300,Weekday,Wednesday,Light_Load,3.42
3954,3,11.3,0.22,0.04,99,100,54000,Weekend,Saturday,Maximum_Load,79.16
3955,1,4.5,0,0,64.72,100,4500,Weekday,Monday,Light_Load,3.82
3956,4,0,7.27,0.01,100,97.25,64800,Weekday,Tuesday,Medium_Load,30.38
3957,7,3.71,0,0,61.32,100,83700,Weekend,Saturday,Light_Load,2.88
3958,3,15.34,0,0.03,96.3,100,52200,Weekday,Friday,Maximum_Load,54.83
3959,1,34.7,0,0.03,86.57,100,0,Weekday,Wednesday,Light_Load,60.01
3960,4,3.2,0,0,75.1,100,81000,Weekday,Thursday,Medium_Load,3.64
3961,12,0,21.17,0,100,18.7,36000,Weekend,Saturday,Light_Load,4.03
3962,7,0,26.21,0,100,13.46,72900,Weekend,Sunday,Medium_Load,3.56
3963,7,4.64,0.32,0.01,98.48,99.99,46800,Weekday,Thursday,Medium_Load,26.32
3964,2,53.24,0,0.03,79.5,100,31500,Weekday,Monday,Light_Load,69.77
3965,10,0,11.34,0,100,25.18,73800,Weekend,Sunday,Light_Load,2.95
3966,5,4.9,0,0,52.47,100,5400,Weekday,Wednesday,Light_Load,3.02
3967,12,3.38,0,0,74.89,100,2700,Weekend,Sunday,Light_Load,3.82
3968,2,4,0,0,69.72,100,9900,Weekend,Sunday,Light_Load,3.89
3969,1,55.62,0,0.05,88.64,100,41400,Weekday,Tuesday,Maximum_Load,106.49
3970,2,58.79,0,0.06,92.06,100,56700,Weekday,Friday,Medium_Load,138.64
3971,12,5.04,0.04,0.02,99.41,100,37800,Weekday,Friday,Maximum_Load,46.22
3972,7,5.18,0,0,53.5,100,18000,Weekday,Thursday,Light_Load,3.28
3973,2,3.92,0,0,66.5,100,81900,Weekday,Thursday,Light_Load,3.49
3974,4,0,24.73,0,100,15.66,76500,Weekend,Sunday,Medium_Load,3.92
3975,11,0,17.78,0,100,27.82,72900,Weekday,Wednesday,Medium_Load,5.15
3976,1,3.38,0,0,80.83,100,84600,Weekday,Friday,Light_Load,4.64
3977,7,0,5.04,0,100,50.13,0,Weekend,Sunday,Light_Load,2.92
3978,9,27.86,0,0.02,86.87,100,52200,Weekday,Thursday,Maximum_Load,48.85
3979,7,3.82,0,0,59.26,100,15300,Weekday,Wednesday,Light_Load,2.81
3980,10,45.65,0,0.03,79.68,100,72000,Weekday,Friday,Medium_Load,60.19
3981,8,4.36,0,0,51.07,100,3600,Weekend,Sunday,Light_Load,2.59
3982,11,0,20.16,0,100,17.06,35100,Weekend,Sunday,Light_Load,3.49
3983,12,3.92,0,0,78.52,100,81000,Weekday,Friday,Maximum_Load,4.97
3984,1,63.29,0,0.04,82.58,100,43200,Weekday,Tuesday,Maximum_Load,92.66
3985,11,14.98,0,0.01,83.19,100,17100,Weekday,Wednesday,Light_Load,22.46
3986,7,4.79,0,0,50.06,100,8100,Weekday,Friday,Light_Load,2.77
3987,11,3.6,0,0,69.29,100,17100,Weekday,Friday,Light_Load,3.46
3988,5,4.82,0,0,62.11,100,2700,Weekday,Friday,Light_Load,3.82
3989,12,2.74,0.32,0,81.75,99.66,0,Weekday,Thursday,Light_Load,3.89
3990,12,0,22.14,0,100,18.08,71100,Weekday,Thursday,Maximum_Load,4.07
3991,6,66.49,0,0.05,86.78,100,42300,Weekday,Tuesday,Maximum_Load,116.1
3992,7,0,5.4,0,100,47.57,85500,Weekend,Saturday,Light_Load,2.92
3993,9,5.22,0,0,45.94,100,2700,Weekday,Tuesday,Light_Load,2.7
3994,2,0,16.13,0,100,22.01,58500,Weekend,Sunday,Light_Load,3.64
3995,2,48.13,0,0.05,92.21,100,33300,Weekday,Friday,Medium_Load,114.73
3996,10,24.26,0,0.02,88.99,100,67500,Weekday,Friday,Medium_Load,47.34
3997,6,6.26,0,0,58.37,100,900,Weekday,Thursday,Light_Load,4.5
3998,11,27.07,0,0.03,91.24,100,39600,Weekday,Friday,Maximum_Load,60.34
3999,9,0,10.73,0,100,25.33,63000,Weekend,Saturday,Light_Load,2.81
4000,5,5.29,0,0,51.4,100,10800,Weekend,Saturday,Light_Load,3.17
4001,6,0,16.96,0,100,17.36,58500,Weekend,Sunday,Light_Load,2.99
4002,10,56.34,0,0.04,83.88,100,56700,Weekday,Tuesday,Maximum_Load,86.8
4003,10,4.72,0,0,58.22,100,20700,Weekday,Wednesday,Light_Load,3.38
4004,12,2.92,0.04,0,82.17,100,24300,Weekday,Thursday,Light_Load,4.21
4005,3,0,17.35,0,100,17.15,53100,Weekend,Saturday,Light_Load,3.02
4006,7,13.61,0.29,0.02,96.12,100,70200,Weekend,Sunday,Medium_Load,47.45
4007,7,3.67,0,0,62.26,100,84600,Weekend,Sunday,Light_Load,2.92
4008,10,0,11.45,0,100,23.27,45000,Weekend,Sunday,Light_Load,2.74
4009,3,40.28,0,0.03,84.97,100,32400,Weekday,Friday,Light_Load,64.91
4010,10,4.75,0,0,49.97,100,84600,Weekend,Sunday,Light_Load,2.74
4011,3,54.43,0,0.04,86.14,100,42300,Weekday,Friday,Maximum_Load,92.3
4012,2,0,26.28,0,100,18.83,77400,Weekend,Sunday,Light_Load,5.04
4013,3,5.51,0,0,58.75,100,81000,Weekday,Tuesday,Medium_Load,4
4014,11,6.73,0,0,49.36,100,9000,Weekend,Saturday,Light_Load,3.82
4015,4,42.95,0,0.05,93.01,100,49500,Weekday,Tuesday,Maximum_Load,108.79
4016,2,0,16.67,0,100,20.88,72900,Weekend,Sunday,Light_Load,3.56
4017,7,32.44,0,0.03,89.79,100,48600,Weekday,Tuesday,Maximum_Load,66.17
4018,6,0,18.47,0,100,17.07,36000,Weekend,Sunday,Light_Load,3.2
4019,7,25.38,2.34,0.02,85.63,99.85,47700,Weekday,Tuesday,Maximum_Load,42.08
4020,8,60.41,0,0.03,72.96,100,31500,Weekday,Friday,Light_Load,64.44
4021,11,0,14.4,0,100,20.07,62100,Weekend,Sunday,Light_Load,2.95
4022,8,6.01,0,0,41.48,100,21600,Weekday,Friday,Light_Load,2.74
4023,5,0,16.92,0,100,18.58,63000,Weekend,Saturday,Light_Load,3.2
4024,11,4.46,3.74,0.01,96.46,97.47,65700,Weekday,Thursday,Maximum_Load,16.31
4025,10,0,14.9,0,100,19.86,37800,Weekend,Sunday,Light_Load,3.02
4026,4,3.49,0,0,72.18,100,7200,Weekday,Wednesday,Light_Load,3.64
4027,9,0,10.76,0,100,25.86,79200,Weekend,Saturday,Medium_Load,2.88
4028,12,3.46,0.07,0,76.73,99.99,13500,Weekday,Friday,Light_Load,4.14
4029,9,0,11.99,0,100,22.51,75600,Weekend,Sunday,Light_Load,2.77
4030,12,2.23,0.5,0,85.89,99.12,900,Weekday,Friday,Light_Load,3.74
4031,5,42.08,0,0.02,78.8,100,43200,Weekday,Wednesday,Maximum_Load,53.86
4032,4,68.65,0,0.04,81.38,100,31500,Weekday,Tuesday,Light_Load,96.12
4033,3,14.15,1.01,0.04,98.63,99.99,50400,Weekday,Friday,Maximum_Load,84.71
4034,4,35.42,0,0.03,90.6,100,40500,Weekday,Friday,Maximum_Load,75.82
4035,6,5.4,0,0,48.81,100,85500,Weekday,Wednesday,Light_Load,3.02
4036,6,5.51,0,0,45.81,100,23400,Weekday,Monday,Light_Load,2.84
4037,11,4.28,0,0,56.36,100,20700,Weekday,Monday,Light_Load,2.92
4038,4,3.31,0,0,73.24,100,84600,Weekday,Wednesday,Light_Load,3.56
4039,7,49.75,0,0.04,86.72,100,36900,Weekday,Wednesday,Maximum_Load,86.62
4040,10,1.01,1.4,0.01,99.94,99.89,63900,Weekday,Wednesday,Medium_Load,29.77
4041,5,0,16.88,0,100,18.46,53100,Weekend,Sunday,Light_Load,3.17
4042,7,34.7,0,0.03,86.39,100,63000,Weekday,Friday,Medium_Load,59.51
4043,6,7.52,0.04,0.02,98.13,100,37800,Weekday,Tuesday,Maximum_Load,38.38
4044,4,0,10.48,0,100,46.73,65700,Weekday,Wednesday,Medium_Load,5.54
4045,4,4.21,0,0,58.79,100,24300,Weekday,Tuesday,Light_Load,3.06
4046,7,34.49,0,0.05,95.01,100,39600,Weekday,Wednesday,Maximum_Load,105.05
4047,8,4.03,0,0,56.23,100,5400,Weekday,Tuesday,Light_Load,2.74
4048,11,5.04,0,0,54.89,100,14400,Weekday,Monday,Light_Load,3.31
4049,7,30.46,0,0.04,93.36,100,55800,Weekday,Thursday,Maximum_Load,79.38
4050,12,0,21.31,0,100,25.8,68400,Weekend,Sunday,Maximum_Load,5.69
4051,4,4.72,0,0,55.75,100,19800,Weekend,Sunday,Light_Load,3.17
4052,3,4.32,0,0,66.24,100,25200,Weekday,Wednesday,Light_Load,3.82
4053,8,0,13.03,0,100,26.63,79200,Weekday,Thursday,Medium_Load,3.6
4054,9,5.26,0,0,46.2,100,1800,Weekday,Wednesday,Light_Load,2.74
4055,1,4.32,0,0,65.85,100,21600,Weekday,Monday,Light_Load,3.78
4056,6,4.28,0,0,63.95,100,81900,Weekday,Thursday,Medium_Load,3.56
4057,9,38.81,0,0.04,91.79,100,49500,Weekday,Monday,Maximum_Load,89.75
4058,10,61.52,0,0.04,79.71,100,62100,Weekday,Thursday,Medium_Load,81.22
4059,3,30.2,0,0.03,90.87,100,54000,Weekday,Thursday,Maximum_Load,65.74
4060,6,4.82,0,0,55.79,100,27900,Weekday,Friday,Light_Load,3.24
4061,12,2.12,0.18,0,83.98,99.85,26100,Weekday,Tuesday,Light_Load,3.28
4062,5,5.83,0,0,44.78,100,20700,Weekday,Thursday,Light_Load,2.92
4063,5,0,24.98,0,100,20.3,34200,Weekend,Saturday,Medium_Load,5.18
4064,4,4.68,0,0,57.39,100,13500,Weekday,Wednesday,Light_Load,3.28
4065,8,33.26,0,0.03,87.52,100,73800,Weekday,Tuesday,Medium_Load,60.16
4066,8,6.05,0,0,42.49,100,17100,Weekend,Saturday,Light_Load,2.84
4067,1,36.43,0,0.05,95.26,100,49500,Weekday,Friday,Medium_Load,114.05
4068,6,1.26,1.08,0.01,99.91,99.93,48600,Weekend,Sunday,Maximum_Load,29.41
4069,12,0,21.6,0,100,25.77,78300,Weekday,Wednesday,Medium_Load,5.76
4070,1,30.6,0,0.04,92.86,100,51300,Weekday,Wednesday,Medium_Load,76.57
4071,5,57.28,0,0.06,90.89,100,49500,Weekday,Wednesday,Maximum_Load,124.88
4072,2,27.07,0,0.04,95.5,100,62100,Weekday,Monday,Maximum_Load,87.19
4073,6,0,16.6,0,100,22.43,79200,Weekday,Wednesday,Medium_Load,3.82
4074,5,5.87,0,0,67.7,100,28800,Weekday,Tuesday,Light_Load,5.4
4075,6,4.32,0,0,62.07,100,84600,Weekday,Friday,Light_Load,3.42
4076,3,3.53,0,0,65.99,100,18000,Weekday,Monday,Light_Load,3.1
4077,4,3.64,0,0,59.58,100,26100,Weekend,Sunday,Light_Load,2.7
4078,1,43.09,0,0.05,92.75,100,57600,Weekday,Thursday,Medium_Load,106.92
4079,10,4.54,0,0,49.55,100,9000,Weekday,Tuesday,Light_Load,2.59
4080,9,0,10.87,0,100,25.61,76500,Weekday,Monday,Light_Load,2.88
4081,9,29.3,0,0.02,87.04,100,38700,Weekday,Thursday,Maximum_Load,51.8
4082,10,4.82,0,0,50.36,100,6300,Weekday,Wednesday,Light_Load,2.81
4083,12,43.96,0,0.04,88.39,100,39600,Weekday,Wednesday,Maximum_Load,83.09
4084,10,0,17.75,0,100,21.41,62100,Weekday,Wednesday,Medium_Load,3.89
4085,9,5.11,0,0,46.17,100,14400,Weekday,Tuesday,Light_Load,2.66
4086,10,51.62,0,0.03,81.31,100,69300,Weekday,Tuesday,Medium_Load,72.11
4087,8,4.86,0,0,50.05,100,13500,Weekday,Wednesday,Light_Load,2.81
4088,11,3.6,0,0,66.09,100,26100,Weekday,Thursday,Light_Load,3.17
4089,1,17.64,0.5,0.03,95.33,100,63900,Weekday,Tuesday,Maximum_Load,55.69
4090,12,16.96,0.04,0.02,95.3,100,74700,Weekday,Wednesday,Medium_Load,53.35
4091,2,3.78,0,0,71.98,100,16200,Weekday,Wednesday,Light_Load,3.92
4092,11,34.13,0,0.03,85.29,100,53100,Weekday,Friday,Medium_Load,55.76
4093,11,5.15,0,0,70.43,100,21600,Weekday,Friday,Light_Load,5.11
4094,2,5.47,0,0,73.56,100,7200,Weekday,Wednesday,Light_Load,5.94
4095,1,5.29,0,0,62.63,100,29700,Weekend,Sunday,Light_Load,4.25
4096,11,39.67,0,0.04,91.32,100,54900,Weekday,Tuesday,Medium_Load,88.88
4097,11,4.57,0,0,53.84,100,14400,Weekday,Monday,Light_Load,2.92
4098,8,0,19.12,0,100,28.2,51300,Weekend,Sunday,Maximum_Load,5.62
4099,12,0,22.21,0,100,24.2,68400,Weekday,Monday,Maximum_Load,5.54
4100,7,0,4.9,0,100,50.67,5400,Weekend,Sunday,Light_Load,2.88
4101,8,0,20.48,0,100,15.96,51300,Weekday,Wednesday,Light_Load,3.31
4102,11,0,21.92,0,100,26.73,45000,Weekday,Monday,Medium_Load,6.08
4103,5,6.88,18.14,0.01,91.55,65.35,44100,Weekday,Tuesday,Medium_Load,15.66
4104,4,0,26.39,0,100,13.66,78300,Weekday,Friday,Medium_Load,3.64
4105,5,4.28,0,0,59.03,100,2700,Weekday,Tuesday,Light_Load,3.13
4106,8,5.83,0,0,49.82,100,2700,Weekday,Friday,Light_Load,3.35
4107,8,5,0,0,46.97,100,25200,Weekend,Sunday,Light_Load,2.66
4108,5,14.94,0,0.04,98.71,100,51300,Weekday,Tuesday,Maximum_Load,92.09
4109,11,27.76,0,0.03,89.99,100,51300,Weekday,Thursday,Medium_Load,57.28
4110,9,4.93,0,0,50.44,100,8100,Weekday,Wednesday,Light_Load,2.88
4111,4,33.44,0,0.05,95.64,100,36000,Weekday,Wednesday,Medium_Load,109.55
4112,9,31.86,0,0.02,85.99,100,53100,Weekday,Friday,Maximum_Load,53.68
4113,9,21.24,0,0.02,91.45,100,40500,Weekend,Saturday,Maximum_Load,48.02
4114,10,7.31,0,0,43.78,100,85500,Weekday,Wednesday,Light_Load,3.56
4115,2,3.38,0,0,74.19,100,84600,Weekend,Sunday,Light_Load,3.74
4116,5,17.75,0,0.02,94.25,100,63000,Weekday,Wednesday,Medium_Load,50.08
4117,12,34.27,0,0.03,86.42,100,38700,Weekday,Tuesday,Maximum_Load,58.86
4118,8,7.88,0,0,50.74,100,82800,Weekday,Friday,Medium_Load,4.64
4119,9,6.59,0,0,44.56,100,27000,Weekday,Thursday,Light_Load,3.28
4120,10,11.05,1.8,0.01,92.24,99.77,64800,Weekday,Tuesday,Medium_Load,26.39
4121,11,2.84,0,0,80.98,100,20700,Weekday,Tuesday,Light_Load,3.92
4122,4,0,23.08,0,100,16.91,78300,Weekend,Saturday,Medium_Load,3.96
4123,1,24.55,0,0.02,83.58,100,3600,Weekend,Saturday,Light_Load,37.37
4124,8,14.22,0,0.02,94.43,100,49500,Weekday,Tuesday,Maximum_Load,40.82
4125,2,18.04,0,0.03,96.15,100,35100,Weekday,Monday,Medium_Load,63.11
4126,4,0.94,2.52,0.02,99.96,99.71,49500,Weekend,Sunday,Maximum_Load,32.83
4127,8,5.22,0,0,52.74,100,18900,Weekday,Tuesday,Light_Load,3.24
4128,3,4.79,0,0,61.23,100,9900,Weekday,Tuesday,Light_Load,3.71
4129,4,31.75,0,0.03,91.42,100,56700,Weekday,Friday,Maximum_Load,71.6
4130,8,0,9.9,0,100,42.74,44100,Weekday,Friday,Medium_Load,4.68
4131,1,0.04,4.14,0.02,100,99.51,64800,Weekday,Tuesday,Maximum_Load,41.72
4132,8,0,17.35,0,100,15.6,34200,Weekday,Thursday,Light_Load,2.74
4133,1,5.29,0,0,62.27,100,23400,Weekend,Saturday,Light_Load,4.21
4134,1,35.28,0,0.05,95.29,100,72000,Weekday,Tuesday,Maximum_Load,110.81
4135,5,2.12,0.68,0.02,99.83,99.98,72900,Weekday,Friday,Medium_Load,36.68
4136,7,4.61,0,0,49.98,100,26100,Weekend,Saturday,Light_Load,2.66
4137,9,25.78,0,0.02,88.76,100,54900,Weekday,Wednesday,Maximum_Load,49.68
4138,5,0,24.59,0,100,16.45,77400,Weekday,Wednesday,Medium_Load,4.1
4139,4,32.15,0,0.04,93.51,100,48600,Weekday,Tuesday,Maximum_Load,84.85
4140,2,27.79,0,0.04,94.07,100,53100,Weekday,Wednesday,Medium_Load,77.04
4141,9,4.14,0,0,52.59,100,84600,Weekend,Saturday,Light_Load,2.56
4142,10,21.89,0,0.02,91.95,100,54000,Weekday,Wednesday,Maximum_Load,51.19
4143,12,3.02,0.11,0,77.22,99.96,5400,Weekday,Thursday,Light_Load,3.67
4144,7,0,5.15,0,100,59.57,81000,Weekday,Thursday,Medium_Load,3.82
4145,5,3.85,0,0,69.68,100,2700,Weekday,Thursday,Light_Load,3.74
4146,5,1.76,11.23,0,91.11,32.73,80100,Weekday,Thursday,Medium_Load,3.89
4147,5,24.19,0.97,0.04,96.19,99.99,63000,Weekday,Wednesday,Medium_Load,85.14
4148,2,4.54,0,0,67.38,100,25200,Weekday,Wednesday,Light_Load,4.14
4149,3,3.89,0,0,59.5,100,26100,Weekday,Friday,Light_Load,2.88
4150,7,0.68,15.8,0.01,99.91,70.71,75600,Weekday,Friday,Medium_Load,15.8
4151,5,22.97,0,0.03,93.17,100,59400,Weekday,Monday,Maximum_Load,58.9
4152,12,22.61,0,0.02,92.37,100,43200,Weekday,Monday,Maximum_Load,54.5
4153,12,2.81,0.32,0,81.55,99.68,26100,Weekday,Monday,Light_Load,3.96
4154,5,0,26.35,0,100,13.79,60300,Weekend,Saturday,Maximum_Load,3.67
4155,9,10.76,2.99,0.01,94.59,99.55,47700,Weekday,Thursday,Maximum_Load,31.36
4156,8,5.04,0,0,53.6,100,12600,Weekday,Tuesday,Light_Load,3.2
4157,4,4.18,0,0,58.56,100,4500,Weekend,Sunday,Light_Load,3.02
4158,11,7.52,0,0,45.29,100,9900,Weekend,Saturday,Light_Load,3.82
4159,1,39.17,0,0.04,91.66,100,69300,Weekday,Monday,Maximum_Load,89.82
4160,6,31,0,0.04,93.1,100,54000,Weekday,Wednesday,Maximum_Load,79.09
4161,12,0,22.07,0,100,18.26,72000,Weekday,Thursday,Maximum_Load,4.1
4162,2,0,16.88,0,100,24.42,55800,Weekend,Sunday,Light_Load,4.25
4163,10,7.06,0,0,62.95,100,4500,Weekend,Saturday,Light_Load,5.72
4164,6,0,16.45,0,100,18.69,35100,Weekend,Saturday,Light_Load,3.13
4165,12,24.12,0,0.03,92.26,100,61200,Weekday,Wednesday,Medium_Load,57.67
4166,3,0,16.2,0,100,22.49,45900,Weekend,Saturday,Medium_Load,3.74
4167,2,67.75,0,0.06,88.92,100,42300,Weekday,Tuesday,Maximum_Load,131.65
4168,3,0,27.04,0,100,25.26,45000,Weekday,Friday,Medium_Load,7.06
4169,2,0,18.11,0,100,18.35,47700,Weekday,Thursday,Light_Load,3.38
4170,11,8.53,0,0,50.87,100,82800,Weekday,Monday,Maximum_Load,5.04
4171,2,4.07,0,0,66.97,100,27000,Weekday,Friday,Light_Load,3.67
4172,8,0.4,2.84,0.01,99.99,99.57,64800,Weekday,Tuesday,Medium_Load,30.53
4173,3,0,27.58,0,100,18.97,71100,Weekday,Thursday,Medium_Load,5.33
4174,3,0,17.35,0,100,21.66,45900,Weekend,Saturday,Medium_Load,3.85
4175,3,3.24,0,0,70.71,100,24300,Weekend,Sunday,Light_Load,3.24
4176,7,20.09,0,0.03,96.41,100,55800,Weekday,Tuesday,Maximum_Load,72.97
4177,7,5,0,0,49.91,100,24300,Weekend,Sunday,Light_Load,2.88
4178,6,0,23.76,0,100,26.58,76500,Weekday,Wednesday,Medium_Load,6.55
4179,11,29.34,0,0.03,89.64,100,69300,Weekday,Monday,Maximum_Load,59.33
4180,8,0,13.21,0,100,25.54,51300,Weekend,Sunday,Light_Load,3.49
4181,10,25.42,0,0.02,90.44,100,56700,Weekend,Saturday,Maximum_Load,53.89
4182,4,4.9,0,0,66.73,100,2700,Weekday,Thursday,Light_Load,4.39
4183,1,0,23.04,0,100,20.92,67500,Weekend,Sunday,Light_Load,4.93
4184,4,3.13,0,0,75.47,100,0,Weekday,Tuesday,Light_Load,3.6
4185,11,2.84,0.61,0,79.64,98.7,80100,Weekday,Thursday,Maximum_Load,3.74
4186,10,26.32,0,0.02,87.34,100,59400,Weekday,Friday,Maximum_Load,47.2
4187,10,46.48,0,0.03,81.69,100,61200,Weekday,Tuesday,Maximum_Load,65.84
4188,10,5.04,0,0,47.76,100,24300,Weekend,Sunday,Light_Load,2.74
4189,9,6.41,0.47,0.01,97.96,99.99,64800,Weekday,Tuesday,Medium_Load,31.28
4190,3,28.08,0,0.03,93.02,100,50400,Weekday,Thursday,Maximum_Load,71.14
4191,4,4.46,0,0,63.54,100,12600,Weekday,Tuesday,Light_Load,3.67
4192,10,5.51,0,0,67.78,100,27900,Weekday,Thursday,Light_Load,5.08
4193,11,21.13,0,0.02,91.18,100,66600,Weekday,Thursday,Maximum_Load,46.91
4194,6,5.08,0,0,56.63,100,8100,Weekday,Tuesday,Light_Load,3.49
4195,6,59.11,0,0.04,82.52,100,66600,Weekday,Monday,Medium_Load,86.36
4196,1,37.44,0,0.04,91.16,100,38700,Weekday,Tuesday,Maximum_Load,83.05
4197,3,22.07,0,0.03,93.48,100,59400,Weekday,Wednesday,Maximum_Load,58.07
4198,11,4.61,0,0,65.54,100,1800,Weekday,Friday,Light_Load,4
4199,3,4.54,0,0,63.28,100,5400,Weekday,Friday,Light_Load,3.71
4200,1,31.21,0,0.02,79.42,100,10800,Weekend,Sunday,Light_Load,40.79
4201,6,0,4.28,0,100,56.36,66600,Weekend,Saturday,Light_Load,2.92
4202,1,18.61,0,0.05,98.29,100,63900,Weekday,Wednesday,Maximum_Load,99.29
4203,8,40.1,0,0.04,89.4,100,33300,Weekday,Thursday,Medium_Load,80.03
4204,4,26.93,0,0.02,88.73,100,54900,Weekday,Thursday,Maximum_Load,51.8
4205,10,36.83,0,0.02,82.85,100,37800,Weekday,Wednesday,Maximum_Load,54.5
4206,1,34.02,0,0.03,86.31,100,5400,Weekend,Saturday,Light_Load,58.14
4207,2,1.08,2.45,0.02,99.96,99.81,69300,Weekday,Wednesday,Maximum_Load,39.92
4208,9,4.97,0,0,47.19,100,7200,Weekend,Saturday,Light_Load,2.66
4209,11,45.68,0,0.03,83.48,100,49500,Weekday,Monday,Medium_Load,69.26
4210,3,0.29,4.36,0.01,100,99.09,48600,Weekend,Sunday,Maximum_Load,32.08
4211,1,4.46,0,0,71.57,100,18000,Weekday,Thursday,Light_Load,4.57
4212,5,0,25.6,0,100,20.79,45900,Weekday,Friday,Medium_Load,5.44
4213,9,0,18.14,0,100,26.42,61200,Weekend,Saturday,Maximum_Load,4.97
4214,11,1.94,0.25,0,82.94,99.63,23400,Weekday,Wednesday,Light_Load,2.88
4215,11,7.45,0,0,55.5,100,81900,Weekday,Friday,Maximum_Load,4.97
4216,5,53.28,0,0.05,90.07,100,36900,Weekday,Thursday,Maximum_Load,110.45
4217,8,67.07,0,0.03,72.09,100,30600,Weekday,Tuesday,Light_Load,69.77
4218,11,33.48,0,0.03,85.79,100,57600,Weekday,Wednesday,Medium_Load,55.91
4219,1,5,0,0,68.65,100,81900,Weekday,Monday,Maximum_Load,4.72
4220,12,1.73,0.58,0,87.97,98.4,81900,Weekend,Sunday,Light_Load,3.2
4221,12,28.33,0,0.03,90.83,100,62100,Weekday,Tuesday,Maximum_Load,61.52
4222,3,5.54,0,0,57.07,100,9000,Weekday,Friday,Light_Load,3.85
4223,12,0,8.86,0.01,100,94.89,70200,Weekday,Friday,Maximum_Load,26.64
4224,1,45.47,0,0.06,94.56,100,36000,Weekday,Friday,Medium_Load,132.16
4225,3,3.82,0,0,70.34,100,27000,Weekday,Friday,Light_Load,3.78
4226,11,4.79,0,0,57.31,100,27000,Weekday,Friday,Light_Load,3.35
4227,11,44.42,0,0.04,87.57,100,56700,Weekday,Thursday,Medium_Load,80.57
4228,6,3.96,0,0,56.9,100,10800,Weekday,Wednesday,Light_Load,2.74
4229,5,0,16.67,0,100,18.45,33300,Weekend,Sunday,Light_Load,3.13
4230,1,43.92,0,0.04,89.31,100,84600,Weekday,Wednesday,Light_Load,87.19
4231,9,34.92,0,0.03,86.6,100,49500,Weekday,Tuesday,Maximum_Load,60.48
4232,1,16.63,0,0.01,76.57,100,29700,Weekend,Sunday,Light_Load,19.8
4233,9,5.62,0,0,47.34,100,8100,Weekday,Monday,Light_Load,3.02
4234,11,6.23,0,0,49.61,100,18000,Weekday,Wednesday,Light_Load,3.56
4235,4,5.11,0,0,59.87,100,6300,Weekend,Saturday,Light_Load,3.82
4236,11,25.13,0,0.03,91.47,100,61200,Weekday,Thursday,Medium_Load,56.88
4237,12,17.71,0,0.02,94,100,55800,Weekday,Thursday,Medium_Load,48.78
4238,3,0,25.74,0,100,16.14,63000,Weekend,Sunday,Medium_Load,4.21
4239,10,28.37,0,0.02,87.14,100,37800,Weekday,Friday,Maximum_Load,50.4
4240,8,4.32,0,0,51.42,100,18900,Weekday,Friday,Light_Load,2.59
4241,12,13.57,0,0.02,95.7,100,54900,Weekday,Thursday,Medium_Load,44.75
4242,12,0,14.58,0,100,21.44,67500,Weekend,Sunday,Light_Load,3.2
4243,9,5.36,0,0,48.72,100,19800,Weekday,Friday,Light_Load,2.99
4244,11,0,11.84,0,100,30.7,44100,Weekend,Sunday,Medium_Load,3.82
4245,7,20.81,0,0.02,90.18,100,67500,Weekday,Friday,Medium_Load,43.42
4246,6,3.31,0,0,62.21,100,3600,Weekend,Sunday,Light_Load,2.63
4247,4,33.16,0,0.05,95.16,100,72000,Weekday,Monday,Medium_Load,102.67
4248,5,22.14,0,0.03,94.12,100,62100,Weekday,Friday,Medium_Load,61.7
4249,10,6.91,0,0,44.77,100,17100,Weekday,Wednesday,Light_Load,3.46
4250,1,36.58,0,0.03,87.73,100,13500,Weekend,Saturday,Light_Load,66.85
4251,11,0,12.92,0,100,53.45,66600,Weekday,Tuesday,Maximum_Load,8.17
4252,2,4.75,0,0,70.71,100,9900,Weekday,Monday,Light_Load,4.75
4253,5,5.51,0,0,46.32,100,0,Weekend,Sunday,Light_Load,2.88
4254,7,45.07,0,0.03,78.78,100,42300,Weekday,Tuesday,Maximum_Load,57.64
4255,1,0,26.78,0,100,18.74,78300,Weekday,Wednesday,Medium_Load,5.11
4256,1,6.05,0,0,54.08,100,9000,Weekday,Monday,Light_Load,3.89
4257,5,4.82,0,0,50.76,100,17100,Weekend,Sunday,Light_Load,2.84
4258,2,46.62,0,0.05,90.94,100,54000,Weekday,Wednesday,Medium_Load,101.95
4259,10,19.76,0,0.02,91.55,100,33300,Weekday,Monday,Medium_Load,44.96
4260,3,0,25.52,0,100,26.66,77400,Weekday,Monday,Medium_Load,7.06
4261,2,3.6,0,0,73.65,100,18000,Weekday,Wednesday,Light_Load,3.92
4262,3,4.57,0,0,62.3,100,9000,Weekday,Thursday,Light_Load,3.64
4263,8,4.93,0,0,47.48,100,9900,Weekday,Thursday,Light_Load,2.66
4264,2,0,17.46,0,100,19.01,72900,Weekend,Saturday,Light_Load,3.38
4265,5,3.56,0,0,71.49,100,900,Weekday,Friday,Light_Load,3.64
4266,3,15.19,0,0.03,96.6,100,34200,Weekday,Monday,Medium_Load,56.77
4267,10,4.72,0,0,51.15,100,84600,Weekend,Sunday,Light_Load,2.81
4268,4,3.53,0,0,71.79,100,12600,Weekday,Wednesday,Light_Load,3.64
4269,11,4.93,0,0,55.39,100,14400,Weekend,Saturday,Light_Load,3.28
4270,7,3.78,0,0,58.69,100,6300,Weekday,Wednesday,Light_Load,2.74
4271,12,0,21.74,0,100,17.92,74700,Weekday,Wednesday,Medium_Load,3.96
4272,3,3.31,0,0,67.03,100,28800,Weekend,Sunday,Light_Load,2.99
4273,3,4.36,0,0,64.09,100,0,Weekday,Monday,Light_Load,3.64
4274,10,5,0,0,49.39,100,11700,Weekday,Wednesday,Light_Load,2.84
4275,10,4.72,0,0,73.72,100,28800,Weekday,Tuesday,Light_Load,5.15
4276,9,5.11,0,0,48.58,100,4500,Weekday,Friday,Light_Load,2.84
4277,5,0,16.99,0,100,18.51,34200,Weekday,Tuesday,Light_Load,3.2
4278,2,5.29,0,0,57.73,100,8100,Weekend,Saturday,Light_Load,3.74
4279,6,1.3,1.76,0.01,99.9,99.81,57600,Weekend,Saturday,Maximum_Load,28.73
4280,8,27.76,0,0.02,88.37,100,51300,Weekday,Monday,Maximum_Load,52.42
4281,9,31.86,0,0.03,87.59,100,67500,Weekday,Thursday,Medium_Load,57.85
4282,6,0,17.35,0,100,20.91,70200,Weekend,Saturday,Medium_Load,3.71
4283,8,28.62,0,0.03,89.9,100,51300,Weekday,Tuesday,Maximum_Load,58.75
4284,8,0,13.97,0,100,21.66,73800,Weekend,Sunday,Medium_Load,3.1
4285,2,1.8,0.18,0.02,99.91,100,60300,Weekend,Saturday,Medium_Load,41.54
4286,2,0,19.91,0,100,22.56,60300,Weekend,Sunday,Light_Load,4.61
4287,12,0,14.54,0,100,21.75,36000,Weekday,Monday,Light_Load,3.24
4288,9,33.91,0.04,0.02,80.57,100,43200,Weekday,Friday,Maximum_Load,46.12
4289,7,0,17.5,0.01,100,54.01,62100,Weekend,Saturday,Medium_Load,11.23
4290,7,6.41,0,0,46.32,100,18900,Weekend,Saturday,Light_Load,3.35
4291,2,5.58,0.25,0,71.4,99.9,31500,Weekend,Saturday,Light_Load,5.69
4292,10,24.95,0,0.01,70.61,100,29700,Weekday,Monday,Light_Load,24.88
4293,11,25.42,0,0.01,69.31,100,81000,Weekday,Monday,Maximum_Load,24.44
4294,4,3.85,0,0,65.97,100,27000,Weekday,Wednesday,Light_Load,3.38
4295,10,0,11.02,0,100,24.71,79200,Weekend,Sunday,Light_Load,2.81
4296,1,5.4,0,0,78.18,100,9000,Weekend,Saturday,Light_Load,6.77
4297,12,0,20.84,0,100,19.3,61200,Weekend,Saturday,Light_Load,4.1
4298,12,22.18,0,0.03,92.67,100,60300,Weekday,Wednesday,Medium_Load,54.68
4299,8,0,4.1,0,100,56.53,66600,Weekday,Wednesday,Medium_Load,2.81
4300,2,4.36,0,0,71.27,100,24300,Weekday,Thursday,Light_Load,4.43
4301,6,0,17.03,0,100,17.07,60300,Weekend,Sunday,Light_Load,2.95
4302,3,0,26.6,0,100,16.43,62100,Weekend,Saturday,Medium_Load,4.43
4303,5,0,16.88,0,100,18.23,60300,Weekend,Sunday,Light_Load,3.13
4304,6,5.29,0,0,55.51,100,82800,Weekday,Monday,Medium_Load,3.53
4305,1,27.68,0,0.02,81.08,100,25200,Weekday,Thursday,Light_Load,38.34
4306,2,3.49,0,0,66.77,100,26100,Weekend,Sunday,Light_Load,3.13
4307,7,0,5.36,0,100,46.43,83700,Weekend,Saturday,Light_Load,2.81
4308,12,47.16,0,0.03,81.76,100,31500,Weekday,Thursday,Light_Load,66.96
4309,10,5.26,0.04,0,48.03,99.99,80100,Weekend,Sunday,Light_Load,2.88
4310,3,4.39,0,0,64.14,100,6300,Weekday,Thursday,Light_Load,3.67
4311,8,4.28,0,0,54.88,100,0,Weekday,Friday,Light_Load,2.81
4312,7,1.48,6.88,0.01,99.89,97.75,63900,Weekday,Thursday,Medium_Load,31.86
4313,10,52.02,0,0.04,87.84,100,39600,Weekend,Saturday,Maximum_Load,95.62
4314,5,24.88,0.18,0.03,93.49,100,43200,Weekday,Tuesday,Maximum_Load,65.56
4315,3,23.62,0,0.03,91.82,100,38700,Weekday,Thursday,Maximum_Load,54.76
4316,1,4.36,0,0,72.35,100,23400,Weekday,Thursday,Light_Load,4.57
4317,9,0,12.13,0,100,20.88,40500,Weekday,Wednesday,Light_Load,2.59
4318,10,6.66,0,0,47.55,100,85500,Weekday,Monday,Light_Load,3.6
4319,7,5.04,0,0,48.17,100,900,Weekday,Friday,Light_Load,2.77
4320,12,0,14.15,0,100,23.95,58500,Weekend,Saturday,Light_Load,3.49
4321,1,4.72,0,0,69.87,100,15300,Weekday,Thursday,Light_Load,4.61
4322,1,34.06,0,0.03,87.23,100,5400,Weekday,Wednesday,Light_Load,60.77
4323,6,49.5,0,0.03,75,100,66600,Weekday,Thursday,Medium_Load,56.12
4324,8,4.5,0,0,50.89,100,20700,Weekday,Wednesday,Light_Load,2.66
4325,12,3.49,0,0,73.47,100,7200,Weekend,Sunday,Light_Load,3.78
4326,6,38.63,0,0.03,85.34,100,56700,Weekday,Wednesday,Maximum_Load,63.25
4327,10,27.18,0,0.02,88.79,100,37800,Weekday,Friday,Maximum_Load,52.45
4328,12,2.52,0.4,0,83.47,99.46,82800,Weekday,Thursday,Maximum_Load,3.82
4329,2,4.75,0,0,77.37,100,5400,Weekday,Tuesday,Light_Load,5.8
4330,1,4.21,0,0,71.29,100,18000,Weekday,Monday,Light_Load,4.28
4331,4,81.18,0,0.04,75.58,100,31500,Weekday,Thursday,Light_Load,93.71
4332,5,4.75,0,0,53.27,100,9000,Weekend,Sunday,Light_Load,2.99
4333,2,5.65,0,0,66.86,100,26100,Weekday,Wednesday,Light_Load,5.08
4334,9,5.29,0,0,50.56,100,6300,Weekday,Friday,Light_Load,3.1
4335,10,66.53,0,0.04,79.43,100,31500,Weekday,Tuesday,Light_Load,86.98
4336,8,0,13.75,0,100,19.75,54900,Weekend,Sunday,Light_Load,2.77
4337,4,4.1,0.4,0.02,99.48,99.99,36900,Weekday,Friday,Maximum_Load,39.96
4338,1,24.62,0,0.04,95.71,100,55800,Weekend,Saturday,Medium_Load,81.29
4339,2,5.98,0,0,70.71,100,4500,Weekday,Wednesday,Light_Load,5.98
4340,8,5.18,0,0,46.76,100,12600,Weekday,Thursday,Light_Load,2.74
4341,7,0,4.57,0,100,52.38,8100,Weekday,Friday,Light_Load,2.81
4342,12,3.89,0,0,71.69,100,10800,Weekend,Saturday,Light_Load,4
4343,7,0,16.49,0,100,24.13,77400,Weekday,Friday,Medium_Load,4.1
4344,12,38.66,0,0.03,88.91,100,59400,Weekday,Wednesday,Medium_Load,75.1
4345,3,4.57,0,0,63.03,100,15300,Weekday,Tuesday,Light_Load,3.71
4346,9,42.7,0,0.03,81.87,100,54000,Weekday,Monday,Maximum_Load,60.88
4347,12,2.95,0.25,0,78.52,99.78,84600,Weekend,Sunday,Light_Load,3.74
4348,9,5.36,0,0,46.82,100,21600,Weekday,Tuesday,Light_Load,2.84
4349,5,1.48,13.25,0,93.46,28.17,80100,Weekday,Thursday,Medium_Load,3.89
4350,8,39.28,0,0.03,82.81,100,40500,Weekday,Thursday,Maximum_Load,58.03
4351,5,4.03,0,0,67.03,100,81900,Weekday,Monday,Medium_Load,3.64
4352,2,20.05,0,0.03,95.46,100,66600,Weekday,Tuesday,Maximum_Load,64.22
4353,10,30.6,0.04,0.02,85.33,100,63000,Weekday,Thursday,Medium_Load,50.08
4354,3,4.64,0,0,58.07,100,81000,Weekday,Friday,Medium_Load,3.31
4355,4,2.92,0.04,0.02,99.74,100,64800,Weekday,Wednesday,Medium_Load,40.25
4356,11,6.55,0,0,52.4,100,1800,Weekend,Saturday,Light_Load,4.03
4357,7,5.29,0,0,51.76,100,9000,Weekday,Friday,Light_Load,3.2
4358,1,42.19,0,0.06,95.2,100,69300,Weekday,Friday,Maximum_Load,131.26
4359,12,0,19.87,0,100,27.22,78300,Weekday,Monday,Medium_Load,5.62
4360,6,3.82,0,0,58.28,100,0,Weekend,Sunday,Light_Load,2.74
4361,1,4.9,0,0,69.38,100,4500,Weekday,Friday,Light_Load,4.72
4362,7,0,17.1,0,100,17.39,72900,Weekend,Saturday,Medium_Load,3.02
4363,8,0.14,3.1,0.01,100,99.4,64800,Weekday,Thursday,Medium_Load,28.08
4364,11,6.19,0,0,47.15,100,11700,Weekday,Friday,Light_Load,3.31
4365,7,33.16,0,0.05,95.33,100,34200,Weekend,Sunday,Medium_Load,104.69
4366,4,0.07,5.87,0.02,100,98.59,54000,Weekend,Saturday,Maximum_Load,34.56
4367,11,62.78,0,0.05,85.67,100,60300,Weekday,Friday,Medium_Load,104.29
4368,4,70.16,0,0.05,85.34,100,43200,Weekday,Tuesday,Maximum_Load,114.88
4369,3,28.3,0,0.03,89.91,100,72900,Weekday,Tuesday,Medium_Load,58.14
4370,9,14.11,0,0.02,95.07,100,49500,Weekday,Wednesday,Maximum_Load,43.27
4371,9,5.65,0,0,42.2,100,14400,Weekday,Tuesday,Light_Load,2.63
4372,5,0,25.16,0,100,27.51,61200,Weekend,Saturday,Maximum_Load,7.2
4373,3,2.59,0,0,78.48,100,2700,Weekday,Friday,Light_Load,3.28
4374,7,4.1,0,0,56.53,100,21600,Weekday,Wednesday,Light_Load,2.81
4375,6,0,20.63,0,100,34.97,76500,Weekday,Tuesday,Medium_Load,7.7
4376,6,5.83,0,0,44.29,100,9000,Weekday,Friday,Light_Load,2.88
4377,8,0,5.08,0,100,46.93,41400,Weekday,Friday,Light_Load,2.7
4378,3,3.31,0,0,69.95,100,11700,Weekday,Wednesday,Light_Load,3.24
4379,10,0,17.06,0,100,22.23,77400,Weekday,Thursday,Medium_Load,3.89
4380,10,0,17.68,0,100,25.23,76500,Weekend,Saturday,Medium_Load,4.61
4381,3,1.48,0.68,0.02,99.93,99.99,74700,Weekday,Tuesday,Medium_Load,39.64
4382,4,4.61,0,0,62.28,100,1800,Weekday,Wednesday,Light_Load,3.67
4383,12,0,21.71,0,100,23.08,72000,Weekday,Friday,Maximum_Load,5.15
4384,9,27.29,0,0.02,88.35,100,63000,Weekday,Friday,Medium_Load,51.48
4385,9,4.68,0,0,50.52,100,12600,Weekday,Thursday,Light_Load,2.74
4386,7,29.77,0,0.03,87.92,100,48600,Weekday,Friday,Maximum_Load,54.94
4387,6,5.62,0,0,46.97,100,21600,Weekday,Monday,Light_Load,2.99
4388,4,25.06,0,0.01,77.66,100,31500,Weekend,Saturday,Light_Load,30.89
4389,6,0,16.92,0,100,17.4,49500,Weekend,Sunday,Light_Load,2.99
4390,12,2.12,0.25,0,84.99,99.73,26100,Weekday,Thursday,Light_Load,3.42
4391,12,0.36,2.77,0.01,99.99,99.63,74700,Weekday,Friday,Medium_Load,31.93
4392,7,0,4.82,0,100,54.95,4500,Weekend,Sunday,Light_Load,3.17
4393,5,5.08,0,0,57.06,100,27000,Weekday,Wednesday,Light_Load,3.53
4394,4,0,16.85,0,100,19.89,75600,Weekend,Sunday,Medium_Load,3.42
4395,11,5.54,0,0,50.02,100,6300,Weekend,Sunday,Light_Load,3.2
4396,8,4.86,0,0,51.5,100,10800,Weekend,Saturday,Light_Load,2.92
4397,11,21.82,0,0.02,91.76,100,58500,Weekday,Thursday,Medium_Load,50.36
4398,4,0.29,6.77,0.01,100,97.51,63900,Weekday,Tuesday,Medium_Load,29.77
4399,6,15.62,0,0.02,93,100,36900,Weekday,Friday,Maximum_Load,39.53
4400,2,34.24,0,0.03,88.4,100,54900,Weekday,Friday,Medium_Load,64.76
4401,9,0,11.92,0,100,22.09,69300,Weekday,Tuesday,Light_Load,2.7
4402,5,31.18,0,0.03,89.38,100,52200,Weekday,Monday,Maximum_Load,62.14
4403,8,29.59,0,0.02,80.79,100,43200,Weekday,Monday,Maximum_Load,40.57
4404,11,2.52,0.47,0,84.37,99.3,0,Weekday,Friday,Light_Load,3.96
4405,12,2.27,0.07,0,80.95,99.98,29700,Weekend,Sunday,Light_Load,3.13
4406,3,2.59,0,0,76.33,100,83700,Weekend,Saturday,Light_Load,3.06
4407,9,40.07,0,0.02,78.43,100,66600,Weekday,Thursday,Medium_Load,50.65
4408,9,5.47,0,0,45.18,100,7200,Weekday,Tuesday,Light_Load,2.77
4409,6,5.54,0,0,52.08,100,23400,Weekday,Wednesday,Light_Load,3.38
4410,10,39.42,0,0.03,84.54,100,40500,Weekday,Thursday,Maximum_Load,62.39
4411,7,0,8.17,0,100,33.25,65700,Weekend,Sunday,Light_Load,2.88
4412,10,40.39,0,0.02,78.95,100,66600,Weekday,Tuesday,Medium_Load,51.95
4413,12,2.84,0,0,77.3,100,14400,Weekend,Sunday,Light_Load,3.46
4414,1,4.86,0,0,69.36,100,12600,Weekday,Wednesday,Light_Load,4.68
4415,2,1.15,2.63,0.02,99.96,99.79,79200,Weekday,Wednesday,Medium_Load,40.54
4416,5,4.64,0,0,53.65,100,12600,Weekday,Monday,Light_Load,2.95
4417,10,6.55,0,0,49.59,100,81900,Weekday,Monday,Medium_Load,3.74
4418,10,53.93,0,0.05,89.94,100,62100,Weekday,Monday,Medium_Load,110.99
4419,8,4.86,0,0,55.94,100,25200,Weekend,Saturday,Light_Load,3.28
4420,7,15.84,0,0.01,73.93,100,29700,Weekday,Monday,Light_Load,17.39
4421,4,0,25.74,0,100,19.36,76500,Weekday,Friday,Medium_Load,5.08
4422,8,0,5.58,0,100,42.1,42300,Weekday,Thursday,Light_Load,2.59
4423,6,32.44,0,0.01,68.45,100,29700,Weekday,Monday,Light_Load,30.46
4424,11,44.75,0.04,0.05,92.5,100,63000,Weekday,Monday,Maximum_Load,108.97
4425,4,35.28,0,0.04,93.28,100,57600,Weekday,Friday,Maximum_Load,91.3
4426,12,2.74,0,0,78.4,100,8100,Weekend,Sunday,Light_Load,3.46
4427,4,0.68,6.66,0.01,99.97,97.57,75600,Weekday,Friday,Medium_Load,29.63
4428,11,56.81,0,0.06,91.54,100,36900,Weekday,Tuesday,Maximum_Load,129.2
4429,2,3.24,0,0,76.26,100,11700,Weekday,Monday,Light_Load,3.82
4430,3,5.36,0,0,72.55,100,18900,Weekday,Tuesday,Light_Load,5.65
4431,11,3.64,0,0,69.92,100,82800,Weekday,Monday,Maximum_Load,3.56
4432,12,35.64,0,0.03,89.1,100,40500,Weekend,Sunday,Maximum_Load,69.95
4433,8,4.64,0,0,48.74,100,10800,Weekday,Monday,Light_Load,2.59
4434,2,5.29,0,0,69.76,100,10800,Weekday,Wednesday,Light_Load,5.15
4435,6,5.72,0,0,51.32,100,15300,Weekday,Wednesday,Light_Load,3.42
4436,8,39.6,0,0.05,93.39,100,58500,Weekday,Friday,Maximum_Load,103.46
4437,7,0,5.36,0,100,44.99,4500,Weekday,Wednesday,Light_Load,2.7
4438,12,2.84,0,0,79.95,100,18000,Weekday,Monday,Light_Load,3.78
4439,9,4.93,0,0,49.52,100,1800,Weekend,Sunday,Light_Load,2.81
4440,5,5,0,0,58.43,100,18000,Weekday,Monday,Light_Load,3.6
4441,12,0,20.23,0,100,20.05,67500,Weekday,Monday,Light_Load,4.14
4442,6,33.98,0,0.03,89.83,100,49500,Weekday,Friday,Maximum_Load,69.48
4443,12,4.36,0,0,72.13,100,18000,Weekend,Sunday,Light_Load,4.54
4444,11,27.97,0,0.03,89.61,100,58500,Weekday,Thursday,Medium_Load,56.48
4445,7,21.42,0,0.03,93.96,100,71100,Weekday,Monday,Medium_Load,58.82
4446,12,0,10.66,0,100,45.65,65700,Weekday,Monday,Maximum_Load,5.47
4447,5,2.16,0.83,0.02,99.83,99.97,73800,Weekday,Friday,Medium_Load,36.72
4448,5,46.62,0,0.05,93.08,100,53100,Weekday,Wednesday,Maximum_Load,118.76
4449,11,0,20.95,0,100,18.07,78300,Weekday,Tuesday,Medium_Load,3.85
4450,4,3.53,0,0,59.16,100,7200,Weekend,Sunday,Light_Load,2.59
4451,6,6.91,0.58,0.02,98.15,99.99,54900,Weekday,Friday,Maximum_Load,35.42
4452,5,0,4.79,0,100,52.95,43200,Weekday,Tuesday,Light_Load,2.99
4453,6,4.61,0,0,52.45,100,15300,Weekday,Monday,Light_Load,2.84
4454,1,3.6,0,0,68.12,100,3600,Weekday,Tuesday,Light_Load,3.35
4455,10,61.92,0,0.05,87.87,100,73800,Weekday,Tuesday,Medium_Load,113.98
4456,12,42.55,0,0.03,81.95,100,31500,Weekday,Thursday,Light_Load,60.84
4457,2,44.89,0,0.06,94.16,100,49500,Weekday,Tuesday,Medium_Load,125.57
4458,3,15.12,0,0.02,96.21,100,56700,Weekday,Friday,Maximum_Load,53.32
4459,8,36.14,0,0.04,92.15,100,52200,Weekday,Monday,Maximum_Load,85.75
4460,11,1.98,0.25,0,82.03,99.61,18000,Weekday,Tuesday,Light_Load,2.84
4461,9,5.4,0,0,49.3,100,28800,Weekend,Saturday,Light_Load,3.06
4462,3,1.69,14.18,0,92.22,27.34,80100,Weekday,Thursday,Medium_Load,4.03
4463,9,31.64,0,0.02,85.55,100,65700,Weekday,Friday,Medium_Load,52.27
4464,4,3.78,0,0,62.92,100,24300,Weekend,Sunday,Light_Load,3.06
4465,6,3.53,0,0,60.18,100,4500,Weekday,Tuesday,Light_Load,2.66
4466,4,3.82,0,0,69.28,100,81900,Weekday,Wednesday,Medium_Load,3.67
4467,3,9.54,1.08,0.04,99.25,99.99,75600,Weekday,Wednesday,Medium_Load,77.65
4468,5,4.32,0,0,60.47,100,3600,Weekday,Wednesday,Light_Load,3.28
4469,5,4.79,0,0,53.33,100,9900,Weekday,Wednesday,Light_Load,3.02
4470,12,2.77,0,0,82.67,100,22500,Weekday,Wednesday,Light_Load,4.07
4471,3,5.54,0,0,86.64,100,28800,Weekday,Friday,Light_Load,9.61
4472,1,4.32,2.2,0.02,99.39,99.84,67500,Weekday,Wednesday,Maximum_Load,38.92
4473,6,5.11,0,0,57.59,100,2700,Weekday,Friday,Light_Load,3.6
4474,2,5.54,0,0,64.85,100,26100,Weekday,Friday,Light_Load,4.72
4475,10,26.42,0,0.02,87.08,100,59400,Weekday,Tuesday,Maximum_Load,46.8
4476,1,11.81,1.12,0.02,97.64,99.98,63900,Weekday,Wednesday,Maximum_Load,53.35
4477,4,26.82,0,0.03,91.72,100,60300,Weekday,Tuesday,Maximum_Load,61.74
4478,2,15.23,0,0.03,96.53,100,39600,Weekday,Friday,Maximum_Load,56.3
4479,8,0,14.69,0,100,20.14,62100,Weekend,Sunday,Light_Load,3.02
4480,12,2.41,0.04,0,81.74,99.99,18900,Weekend,Saturday,Light_Load,3.42
4481,4,0,25.99,0,100,15.58,63000,Weekend,Sunday,Medium_Load,4.1
4482,11,0,18.25,0,100,20.85,70200,Weekday,Thursday,Maximum_Load,3.89
4483,7,50.33,0,0.04,87.36,100,67500,Weekday,Friday,Medium_Load,90.36
4484,11,0,17.86,0,100,20.92,79200,Weekend,Sunday,Medium_Load,3.82
4485,1,18.83,0.07,0,83.89,100,29700,Weekday,Tuesday,Light_Load,29.02
4486,2,28.69,0,0.03,93.58,100,34200,Weekday,Monday,Medium_Load,76.14
4487,5,6.37,0,0.02,98.7,100,54900,Weekend,Saturday,Maximum_Load,39.17
4488,8,0,16.99,0,100,16.32,45000,Weekday,Thursday,Light_Load,2.81
4489,10,8.06,0,0,40.12,100,81000,Weekday,Tuesday,Medium_Load,3.53
4490,1,26.75,0,0.04,95.38,100,73800,Weekday,Tuesday,Medium_Load,84.92
4491,3,3.53,0,0,65.01,100,25200,Weekday,Tuesday,Light_Load,3.02
4492,3,0.58,1.94,0.01,99.98,99.8,60300,Weekend,Sunday,Maximum_Load,30.38
4493,4,37.62,0,0.03,88.32,100,60300,Weekday,Monday,Maximum_Load,70.85
4494,5,0,25.6,0,100,19.98,77400,Weekday,Monday,Medium_Load,5.22
4495,12,0,14,0,100,23.99,34200,Weekday,Tuesday,Light_Load,3.46
4496,12,31.14,0,0.02,81.76,100,29700,Weekday,Tuesday,Light_Load,44.21
4497,5,39.53,0,0.05,93.4,100,36000,Weekday,Monday,Medium_Load,103.36
4498,8,5.62,0,0,44.21,100,900,Weekday,Tuesday,Light_Load,2.77
4499,9,26.21,0,0.03,90.21,100,42300,Weekday,Monday,Maximum_Load,54.79
4500,3,3.6,0,0,65.25,100,7200,Weekend,Sunday,Light_Load,3.1
4501,12,22.54,0,0.03,93.15,100,40500,Weekday,Wednesday,Maximum_Load,57.71
4502,3,5.47,0,0,57.95,100,5400,Weekday,Monday,Light_Load,3.89
4503,1,31.72,0,0.02,79.02,100,3600,Weekday,Thursday,Light_Load,40.9
4504,1,0,23.08,0,100,21.17,67500,Weekend,Saturday,Maximum_Load,5
4505,11,27.58,0,0.02,84.69,100,65700,Weekday,Tuesday,Maximum_Load,43.92
4506,12,2.74,0.11,0,86.11,99.97,9000,Weekday,Wednesday,Light_Load,4.64
4507,9,7.42,0,0,44.04,100,21600,Weekday,Friday,Light_Load,3.64
4508,8,4.9,0,0,50.15,100,1800,Weekday,Thursday,Light_Load,2.84
4509,4,4.03,0,0,60.97,100,23400,Weekday,Tuesday,Light_Load,3.1
4510,11,28.22,0,0.02,88.46,100,61200,Weekday,Friday,Medium_Load,53.53
4511,7,48.74,0,0.03,82.94,100,33300,Weekday,Monday,Medium_Load,72.36
4512,9,37.91,0,0.03,86.28,100,50400,Weekday,Tuesday,Maximum_Load,64.69
4513,10,15.44,0,0.02,94.11,100,42300,Weekend,Saturday,Maximum_Load,42.98
4514,6,6.16,0,0,45.3,100,18900,Weekday,Wednesday,Light_Load,3.13
4515,5,0,17.53,0,100,18.17,35100,Weekend,Sunday,Light_Load,3.24
4516,5,35.17,0.11,0.04,93.6,100,47700,Weekday,Wednesday,Maximum_Load,93.53
4517,2,5,0,0,63.13,100,25200,Weekday,Friday,Light_Load,4.07
4518,1,3.46,0,0,79.98,100,900,Weekend,Saturday,Light_Load,4.61
4519,4,0,17.46,0,100,25.53,45000,Weekday,Friday,Medium_Load,4.61
4520,11,28.01,0,0.03,92.27,100,41400,Weekday,Friday,Maximum_Load,67.03
4521,4,0,9.5,0.01,100,94.92,58500,Weekend,Saturday,Maximum_Load,28.66
4522,4,26.03,0,0.03,92.58,100,36000,Weekday,Friday,Medium_Load,63.76
4523,8,39.92,0,0.05,92.73,100,49500,Weekday,Monday,Maximum_Load,98.93
4524,10,37.94,0,0.03,82.11,100,62100,Weekday,Tuesday,Medium_Load,54.58
4525,8,35.57,0,0.04,92.56,100,70200,Weekday,Monday,Medium_Load,86.98
4526,11,56.34,0,0.05,88,100,59400,Weekday,Monday,Medium_Load,104.4
4527,1,0,7.78,0,100,45.36,66600,Weekend,Sunday,Light_Load,3.96
4528,12,4.61,0,0,66.18,100,20700,Weekday,Friday,Light_Load,4.07
4529,1,5,0,0,76.72,100,20700,Weekend,Saturday,Light_Load,5.98
4530,9,10.44,0,0.02,96.07,100,56700,Weekend,Saturday,Maximum_Load,36.14
4531,3,3.13,0,0,69.91,100,9000,Weekend,Sunday,Light_Load,3.06
4532,10,20.66,0,0.02,90.47,100,51300,Weekend,Saturday,Maximum_Load,43.88
4533,6,0,16.7,0,100,18.02,47700,Weekend,Sunday,Light_Load,3.06
4534,8,0,7.2,0,100,44.72,65700,Weekend,Sunday,Medium_Load,3.6
4535,1,14.22,0,0.03,97.04,100,73800,Weekday,Thursday,Medium_Load,57.1
4536,11,4.28,0,0,74.08,100,10800,Weekday,Tuesday,Light_Load,4.72
4537,12,2.27,0.04,0,79.94,99.99,15300,Weekend,Saturday,Light_Load,3.02
4538,4,34.02,0,0.02,84.45,100,35100,Weekday,Wednesday,Medium_Load,53.64
4539,6,0,24.12,0,100,15.92,61200,Weekend,Sunday,Maximum_Load,3.89
4540,10,54.76,0,0.03,72.41,100,30600,Weekday,Friday,Light_Load,57.49
4541,6,5.69,0,0,50.74,100,28800,Weekday,Friday,Light_Load,3.35
4542,6,0,12.92,0,100,22.04,32400,Weekend,Sunday,Light_Load,2.92
4543,9,5.72,0.07,0,42.17,99.97,80100,Weekday,Monday,Light_Load,2.66
4544,4,5.8,0,0,56.39,100,84600,Weekday,Thursday,Light_Load,3.96
4545,6,27.61,0,0.02,88.28,100,71100,Weekday,Thursday,Medium_Load,51.88
4546,6,0,20.56,0,100,32.48,45000,Weekday,Thursday,Medium_Load,7.06
4547,10,6.66,0,0,44.18,100,2700,Weekend,Saturday,Light_Load,3.28
4548,9,0,6.95,0,100,37.02,64800,Weekday,Monday,Light_Load,2.77
4549,3,4.36,0,0,64.09,100,9000,Weekend,Saturday,Light_Load,3.64
4550,5,1.76,0.94,0.02,99.88,99.96,70200,Weekday,Monday,Medium_Load,35.21
4551,4,4.61,0,0,61.97,100,900,Weekday,Wednesday,Light_Load,3.64
4552,2,40.5,0,0.06,95.13,100,48600,Weekday,Tuesday,Medium_Load,125.03
4553,11,57.89,0,0.06,90.59,100,42300,Weekday,Tuesday,Maximum_Load,123.8
4554,1,5.33,0,0,73.8,100,12600,Weekday,Wednesday,Light_Load,5.83
4555,10,22.75,3.6,0.02,82.37,99.41,43200,Weekday,Wednesday,Maximum_Load,33.05
4556,11,4.86,0,0,53.78,100,22500,Weekday,Friday,Light_Load,3.1
4557,1,0,25.74,0,100,28.66,46800,Weekday,Wednesday,Medium_Load,7.7
4558,8,0,13.86,0,100,22.76,79200,Weekend,Saturday,Medium_Load,3.24
4559,3,49.28,0,0.05,91.36,100,36900,Weekday,Friday,Maximum_Load,110.74
4560,7,72.76,0,0.05,81.84,100,41400,Weekday,Tuesday,Maximum_Load,103.64
4561,6,0,16.38,0,100,22.88,45000,Weekend,Saturday,Medium_Load,3.85
4562,7,0,4.5,0,100,54.43,4500,Weekday,Tuesday,Light_Load,2.92
4563,7,12.49,2.02,0.01,93.03,99.8,65700,Weekday,Monday,Medium_Load,31.68
4564,5,0,16.42,0,100,19.76,79200,Weekday,Tuesday,Medium_Load,3.31
4565,8,5.62,0,0,56.91,100,82800,Weekend,Sunday,Medium_Load,3.89
4566,5,5.26,0,0,67.02,100,83700,Weekday,Monday,Light_Load,4.75
4567,3,4.72,0,0,63.21,100,9900,Weekday,Tuesday,Light_Load,3.85
4568,2,0,25.67,0,100,18.2,48600,Weekend,Sunday,Light_Load,4.75
4569,10,28.73,0,0.01,73.88,100,29700,Weekday,Wednesday,Light_Load,31.5
4570,8,5.4,0,0,45.25,100,12600,Weekday,Friday,Light_Load,2.74
4571,3,1.48,1.33,0.02,99.91,99.93,59400,Weekend,Saturday,Maximum_Load,34.74
4572,12,1.91,0.25,0,83.94,99.64,21600,Weekday,Monday,Light_Load,2.95
4573,8,4.82,0,0,48.32,100,28800,Weekday,Wednesday,Light_Load,2.66
4574,8,61.38,0,0.05,87.6,100,50400,Weekday,Monday,Maximum_Load,111.46
4575,9,0,11.3,0,100,26.14,78300,Weekend,Saturday,Medium_Load,3.06
4576,6,3.56,0,0,59.86,100,83700,Weekend,Sunday,Light_Load,2.66
4577,4,3.28,0,0,74.92,100,4500,Weekday,Wednesday,Light_Load,3.71
4578,7,23.94,0,0.02,88.13,100,38700,Weekend,Saturday,Maximum_Load,44.64
4579,1,4.36,0,0,72.88,100,20700,Weekday,Monday,Light_Load,4.64
4580,8,17.93,0,0.02,92.73,100,60300,Weekday,Monday,Maximum_Load,44.42
4581,8,0,13.72,0,100,20.54,78300,Weekend,Sunday,Light_Load,2.88
4582,2,3.74,0,0,72.35,100,27900,Weekend,Sunday,Light_Load,3.92
4583,3,25.78,0,0.03,91.29,100,59400,Weekday,Wednesday,Maximum_Load,57.64
4584,2,3.49,0,0,74.43,100,84600,Weekend,Sunday,Light_Load,3.89
4585,11,4.07,0,0,66.97,100,13500,Weekday,Tuesday,Light_Load,3.67
4586,12,2.34,0.07,0,82.22,99.98,19800,Weekday,Thursday,Light_Load,3.38
4587,1,0,26.17,0,100,32.52,45000,Weekday,Friday,Medium_Load,9
4588,6,45.47,0,0.03,84.59,100,53100,Weekday,Wednesday,Maximum_Load,72.11
4589,10,37.62,0,0.03,86.56,100,48600,Weekday,Thursday,Maximum_Load,65.02
4590,10,5.08,0,0,47.87,100,20700,Weekday,Tuesday,Light_Load,2.77
4591,8,40.68,0,0.04,91.76,100,50400,Weekday,Wednesday,Maximum_Load,93.92
4592,10,4.64,0,0,51.8,100,18000,Weekend,Sunday,Light_Load,2.81
4593,2,39.71,0,0.05,93.02,100,61200,Weekday,Monday,Medium_Load,100.66
4594,8,0,16.99,0,100,38.7,58500,Weekend,Saturday,Light_Load,7.13
4595,12,3.96,0,0,72.26,100,4500,Weekend,Saturday,Light_Load,4.14
4596,11,0,13.64,0,100,21.62,45000,Weekend,Sunday,Light_Load,3.02
4597,1,20.02,0,0.03,94.82,100,56700,Weekday,Monday,Medium_Load,59.76
4598,9,50.22,0,0.05,90.36,100,39600,Weekday,Tuesday,Maximum_Load,105.95
4599,10,5.15,0,0,47.9,100,14400,Weekday,Monday,Light_Load,2.81
4600,9,5.4,0,0,42.84,100,81900,Weekday,Tuesday,Light_Load,2.56
4601,12,0,20.59,0,100,25.54,72000,Weekday,Wednesday,Maximum_Load,5.44
4602,4,71.5,0,0.05,84.7,100,30600,Weekday,Wednesday,Light_Load,113.9
4603,5,1.91,10.91,0,86.87,29.35,80100,Weekday,Thursday,Medium_Load,3.35
4604,8,5.87,0,0,47.05,100,11700,Weekday,Friday,Light_Load,3.13
4605,12,0,21.02,0,100,25.83,67500,Weekday,Friday,Maximum_Load,5.62
4606,12,7.27,0,0.02,98.27,100,70200,Weekday,Thursday,Maximum_Load,38.63
4607,10,51.12,0,0.05,91.41,100,57600,Weekday,Monday,Maximum_Load,115.24
4608,1,0,10.37,0.02,100,95.53,36900,Weekend,Saturday,Maximum_Load,33.52
4609,11,5.72,0,0,53.27,100,26100,Weekday,Tuesday,Light_Load,3.6
4610,7,4,0,0,56.93,100,24300,Weekday,Wednesday,Light_Load,2.77
4611,11,2.38,0.36,0,82.39,99.46,2700,Weekday,Wednesday,Light_Load,3.46
4612,12,14.54,0.07,0.02,96.23,100,50400,Weekday,Wednesday,Medium_Load,51.41
4613,11,15.01,0,0.01,83.19,100,16200,Weekday,Wednesday,Light_Load,22.5
4614,7,53.46,0,0.05,88.43,100,36900,Weekday,Monday,Maximum_Load,101.27
4615,12,0,21.71,0,100,21.37,63900,Weekend,Sunday,Light_Load,4.75
4616,8,0,16.31,0,100,24.83,77400,Weekday,Wednesday,Medium_Load,4.18
4617,7,0,23.58,0,100,35.17,75600,Weekday,Wednesday,Medium_Load,8.86
4618,4,0,16.6,0,100,24.97,45900,Weekend,Saturday,Medium_Load,4.28
4619,7,1.12,5.26,0,93.65,49.42,80100,Weekend,Sunday,Medium_Load,2.99
4620,11,4.79,0,0,55.55,100,26100,Weekend,Saturday,Light_Load,3.2
4621,4,39.46,0,0.05,94.21,100,55800,Weekday,Friday,Maximum_Load,110.81
4622,7,34.24,0,0.04,93.73,100,70200,Weekday,Wednesday,Medium_Load,92.09
4623,6,7.88,0.4,0.02,98.29,100,35100,Weekend,Saturday,Medium_Load,42.01
4624,7,0,12.13,0,100,33.55,45000,Weekend,Saturday,Medium_Load,4.32
4625,2,12.92,0,0.04,99.11,100,73800,Weekday,Tuesday,Medium_Load,95.98
4626,11,3.02,0,0,78.45,100,24300,Weekday,Tuesday,Light_Load,3.82
4627,1,46.4,0,0.05,92.87,100,60300,Weekday,Friday,Medium_Load,116.24
4628,4,41.51,0,0.04,90.39,100,33300,Weekday,Thursday,Medium_Load,87.73
4629,8,63.4,0,0.05,86.96,100,36900,Weekday,Thursday,Maximum_Load,111.67
4630,12,31.64,0,0.03,89.36,100,57600,Weekday,Friday,Medium_Load,63
4631,9,0,11.12,0,100,28.29,45000,Weekend,Saturday,Medium_Load,3.28
4632,9,0,11.88,0,100,33.4,46800,Weekday,Friday,Medium_Load,4.21
4633,3,0,21.53,0,100,15.37,38700,Weekend,Saturday,Light_Load,3.35
4634,4,23.87,0,0.03,93.11,100,61200,Weekday,Wednesday,Maximum_Load,60.91
4635,9,6.66,0.11,0,48.96,99.96,80100,Weekend,Sunday,Medium_Load,3.74
4636,8,5.69,0,0,42.87,100,22500,Weekend,Sunday,Light_Load,2.7
4637,2,1.98,15.59,0.01,99.53,79.31,76500,Weekday,Tuesday,Medium_Load,20.3
4638,1,27.9,0,0.02,80.18,100,3600,Weekend,Sunday,Light_Load,37.44
4639,11,1.04,1.51,0.01,99.93,99.86,75600,Weekday,Thursday,Medium_Load,28.37
4640,12,48.56,0,0.05,90.29,100,43200,Weekday,Wednesday,Maximum_Load,101.99
4641,9,0,12.92,0,100,24.32,64800,Weekday,Friday,Medium_Load,3.24
4642,5,38.56,0,0.05,93.66,100,73800,Weekday,Thursday,Medium_Load,103.1
4643,6,20.99,0,0.02,87.23,100,66600,Weekday,Thursday,Medium_Load,37.44
4644,5,3.56,0,0,71.49,100,1800,Weekday,Tuesday,Light_Load,3.64
4645,11,4.57,0,0,54.23,100,9900,Weekday,Wednesday,Light_Load,2.95
4646,5,5.4,0,0,50.98,100,16200,Weekday,Friday,Light_Load,3.2
4647,10,6.23,0,0,46.14,100,0,Weekday,Monday,Light_Load,3.24
4648,11,2.09,0.54,0,85.79,98.82,84600,Weekday,Tuesday,Light_Load,3.49
4649,12,0,20.95,0,100,18.57,56700,Weekend,Saturday,Light_Load,3.96
4650,6,28.55,0,0.02,82.71,100,42300,Weekday,Tuesday,Maximum_Load,42.01
4651,8,4.25,0,0,57.54,100,23400,Weekday,Wednesday,Light_Load,2.99
4652,9,6.59,0,0,42.57,100,23400,Weekend,Saturday,Light_Load,3.1
4653,7,36.94,0,0.05,93.79,100,51300,Weekend,Sunday,Maximum_Load,99.86
4654,7,0,8.86,0,100,52.81,45900,Weekday,Tuesday,Medium_Load,5.51
4655,11,4.57,0,0,72.35,100,1800,Weekday,Tuesday,Light_Load,4.79
4656,9,5.36,0,0,44.05,100,18900,Weekday,Wednesday,Light_Load,2.63
4657,2,4.72,0,0,57.88,100,5400,Weekday,Thursday,Light_Load,3.35
4658,7,5.08,0,0,48.8,100,24300,Weekday,Tuesday,Light_Load,2.84
4659,12,2.84,0.04,0,88.36,100,0,Weekday,Monday,Light_Load,5.36
4660,2,23.69,0,0.02,81.37,100,81000,Weekday,Monday,Maximum_Load,33.16
4661,11,5.04,0,0,51.02,100,23400,Weekend,Sunday,Light_Load,2.99
4662,10,40.18,0,0.03,83.59,100,72900,Weekday,Tuesday,Medium_Load,61.2
4663,10,43.34,0,0.04,91,100,67500,Weekday,Thursday,Medium_Load,95.15
4664,9,6.3,0,0,45.29,100,15300,Weekend,Sunday,Light_Load,3.2
4665,3,48.82,0,0.04,88.95,100,32400,Weekday,Monday,Light_Load,95.04
4666,6,38.12,0,0.02,71.01,100,29700,Weekday,Wednesday,Light_Load,38.45
4667,3,49.75,0,0.06,92.55,100,34200,Weekday,Thursday,Medium_Load,121.57
4668,1,4.64,0,0,58.88,100,12600,Weekday,Monday,Light_Load,3.38
4669,4,0.07,15.26,0.01,100,74.75,75600,Weekday,Monday,Medium_Load,17.17
4670,12,42.62,0,0.04,91.52,100,58500,Weekday,Friday,Medium_Load,96.8
4671,6,11.52,0.04,0.02,97.09,100,68400,Weekday,Thursday,Medium_Load,46.73
4672,8,0,17.32,0,100,16.01,38700,Weekday,Wednesday,Light_Load,2.81
4673,8,52.85,0,0.03,75.47,100,40500,Weekday,Tuesday,Maximum_Load,60.8
4674,11,2.95,0,0,66.97,100,85500,Weekend,Sunday,Light_Load,2.66
4675,8,5.04,0,0,47.76,100,82800,Weekday,Friday,Medium_Load,2.74
4676,1,45.68,0,0.05,92.12,100,52200,Weekday,Monday,Medium_Load,108.14
4677,10,0,11.66,0,100,22.88,73800,Weekend,Sunday,Light_Load,2.74
4678,2,36.25,0,0.02,81.74,100,31500,Weekday,Friday,Light_Load,51.44
4679,2,0,26.75,0,100,24.16,46800,Weekday,Monday,Medium_Load,6.66
4680,12,24.98,0,0.03,91.56,100,54000,Weekday,Thursday,Medium_Load,56.88
4681,2,27.94,0,0.02,81.05,100,81900,Weekday,Tuesday,Maximum_Load,38.66
4682,6,4.97,0,0,55.43,100,16200,Weekday,Monday,Light_Load,3.31
4683,3,4.39,0,0,64.85,100,24300,Weekday,Monday,Light_Load,3.74
4684,3,4.03,0,0,62.66,100,16200,Weekday,Friday,Light_Load,3.24
4685,1,0,9.36,0.02,100,96.35,64800,Weekday,Thursday,Maximum_Load,33.7
4686,6,1.12,12.31,0,95.65,28.57,80100,Weekday,Monday,Medium_Load,3.67
4687,2,7.63,0,0.02,98.89,100,55800,Weekday,Tuesday,Medium_Load,50.69
4688,4,4.03,0,0,64.26,100,12600,Weekday,Friday,Light_Load,3.38
4689,3,5.08,1.84,0.02,99.1,99.88,49500,Weekend,Saturday,Maximum_Load,37.55
4690,8,45.61,0,0.05,91.07,100,65700,Weekday,Thursday,Medium_Load,100.58
4691,12,2.3,0.32,0,81.2,99.5,80100,Weekday,Tuesday,Light_Load,3.2
4692,5,0,24.16,0,100,24.97,45900,Weekend,Saturday,Medium_Load,6.23
4693,8,4.93,0,0,47.07,100,23400,Weekday,Monday,Light_Load,2.63
4694,1,33.34,0,0.04,91.97,100,52200,Weekday,Thursday,Medium_Load,78.12
4695,2,3.35,0,0,79.5,100,22500,Weekday,Tuesday,Light_Load,4.39
4696,4,0.47,4.86,0.02,99.99,99.04,35100,Weekend,Saturday,Medium_Load,34.74
4697,2,29.45,0,0.05,95.81,100,70200,Weekday,Tuesday,Maximum_Load,98.57
4698,7,0,16.27,0,100,23.03,78300,Weekday,Tuesday,Medium_Load,3.85
4699,9,0,10.73,0,100,26.84,51300,Weekend,Saturday,Light_Load,2.99
4700,1,1.37,15.62,0,96.19,29.49,80100,Weekend,Sunday,Maximum_Load,4.82
4701,3,18.83,0,0.03,94.96,100,37800,Weekday,Wednesday,Maximum_Load,57.06
4702,12,42.37,3.67,0.04,89.9,99.91,47700,Weekday,Friday,Medium_Load,86.98
4703,12,2.84,4.79,0.01,99.35,98.19,64800,Weekday,Thursday,Maximum_Load,24.8
4704,12,3.53,0.07,0,74.98,99.98,85500,Weekday,Friday,Light_Load,4
4705,3,28.55,0,0.03,88.63,100,55800,Weekday,Wednesday,Maximum_Load,54.65
4706,1,27.79,0,0.02,80.21,100,81000,Weekday,Tuesday,Maximum_Load,37.33
4707,6,38.59,0,0.03,87.57,100,39600,Weekday,Monday,Maximum_Load,69.98
4708,12,23.87,0,0.03,92.9,100,34200,Weekday,Friday,Medium_Load,59.9
4709,11,16.7,0,0.02,94.7,100,36900,Weekday,Friday,Maximum_Load,49.21
4710,10,6.19,0,0,44.78,100,25200,Weekday,Friday,Light_Load,3.1
4711,7,41.87,0,0.04,91.22,100,53100,Weekday,Friday,Maximum_Load,93.24
4712,6,4.9,0,0,58.78,100,2700,Weekday,Wednesday,Light_Load,3.56
4713,7,32.94,0,0.03,88.38,100,35100,Weekday,Monday,Medium_Load,62.21
4714,10,25.38,0,0.02,90.06,100,70200,Weekday,Tuesday,Medium_Load,52.6
4715,2,5.29,0,0,73.65,100,11700,Weekday,Tuesday,Light_Load,5.76
4716,1,31.21,0,0.02,79.13,100,21600,Weekday,Thursday,Light_Load,40.39
4717,6,5.87,0,0,46.23,100,18900,Weekday,Friday,Light_Load,3.06
4718,12,0,20.27,0,100,23.32,44100,Weekend,Sunday,Light_Load,4.86
4719,12,2.81,0,0,86.39,100,0,Weekday,Friday,Light_Load,4.82
4720,9,0,17.6,0,100,21.21,67500,Weekday,Monday,Medium_Load,3.82
4721,3,3.24,0,0,72.99,100,23400,Weekend,Saturday,Light_Load,3.46
4722,9,5.33,0,0,43.3,100,18000,Weekday,Wednesday,Light_Load,2.56
4723,7,39.02,0,0.03,87.74,100,36000,Weekday,Monday,Medium_Load,71.35
4724,4,15.77,0.11,0.01,89.58,100,40500,Weekend,Sunday,Maximum_Load,31.79
4725,12,0,21.24,0,100,19.44,50400,Weekend,Saturday,Light_Load,4.21
4726,2,4.1,0,0,73.08,100,84600,Weekend,Sunday,Light_Load,4.39
4727,3,24.55,0,0.03,93.72,100,49500,Weekday,Thursday,Maximum_Load,65.95
4728,1,34.92,0,0.04,91.63,100,39600,Weekday,Monday,Maximum_Load,79.88
4729,1,5.47,0.18,0.02,99.2,100,68400,Weekday,Wednesday,Maximum_Load,42.98
4730,6,18.25,0,0.02,94.82,100,62100,Weekday,Friday,Medium_Load,54.5
4731,8,5.58,0,0,44.08,100,27000,Weekend,Sunday,Light_Load,2.74
4732,2,15.73,0,0.02,95.62,100,58500,Weekday,Tuesday,Medium_Load,51.41
4733,10,35.64,0,0.03,88.84,100,59400,Weekday,Tuesday,Maximum_Load,68.98
4734,4,0,17.28,0,100,18.81,74700,Weekend,Saturday,Medium_Load,3.31
4735,10,27.72,0,0.02,87.04,100,61200,Weekday,Monday,Maximum_Load,49
4736,9,16.02,0,0.02,92.67,100,40500,Weekend,Saturday,Maximum_Load,39.49
4737,5,41.15,0,0.05,93.65,100,62100,Weekday,Thursday,Medium_Load,109.87
4738,12,3.67,0,0,74.83,100,6300,Weekend,Sunday,Light_Load,4.14
4739,4,3.78,0,0,68.97,100,4500,Weekday,Friday,Light_Load,3.6
4740,11,34.31,0,0.03,89.55,100,53100,Weekday,Monday,Medium_Load,69.05
4741,10,45.94,0,0.03,81.32,100,55800,Weekday,Thursday,Maximum_Load,64.19
4742,5,5.04,0,0,58.86,100,4500,Weekend,Saturday,Light_Load,3.67
4743,9,0,10.55,0,100,25.4,63900,Weekday,Monday,Light_Load,2.77
4744,7,3.96,0,0,58.28,100,12600,Weekday,Wednesday,Light_Load,2.84
4745,10,0,18,0,100,22.62,69300,Weekend,Saturday,Medium_Load,4.18
4746,6,0,17.39,0,100,16.34,72000,Weekend,Saturday,Medium_Load,2.88
4747,10,30.38,0,0.02,85.21,100,70200,Weekday,Friday,Medium_Load,49.46
4748,5,4.72,0,0,53.51,100,6300,Weekday,Wednesday,Light_Load,2.99
4749,4,0,5.62,0,100,49.13,42300,Weekend,Sunday,Light_Load,3.17
4750,12,0,13.93,0,100,24.11,60300,Weekday,Tuesday,Light_Load,3.46
4751,2,3.53,0,0,76.09,100,27900,Weekend,Saturday,Light_Load,4.14
4752,12,33.34,0,0.03,90.36,100,41400,Weekday,Monday,Maximum_Load,70.31
4753,9,0,17.06,0,100,21.03,72900,Weekday,Wednesday,Medium_Load,3.67
4754,8,4.5,0,0,59.25,100,81000,Weekday,Monday,Medium_Load,3.31
4755,11,42.95,0,0.04,89.34,100,36000,Weekday,Monday,Medium_Load,85.43
4756,8,0,15.91,0,100,18.65,34200,Weekend,Sunday,Light_Load,3.02
4757,4,47.48,0,0.03,78.69,100,41400,Weekday,Friday,Maximum_Load,60.55
4758,11,26.78,0,0.03,92.14,100,71100,Weekday,Thursday,Maximum_Load,63.5
4759,6,0,14.15,0,100,26.25,67500,Weekday,Wednesday,Medium_Load,3.85
4760,3,22.1,4.54,0.03,95.4,99.79,47700,Weekday,Friday,Maximum_Load,70.34
4761,2,0,8.96,0,100,40.42,66600,Weekday,Thursday,Light_Load,3.96
4762,6,4.79,0,0,59.33,100,82800,Weekday,Tuesday,Medium_Load,3.53
4763,4,0,4.68,0,100,53.84,41400,Weekend,Sunday,Light_Load,2.99
4764,8,0,16.13,0,100,26.65,78300,Weekday,Thursday,Medium_Load,4.46
4765,2,0,26.64,0,100,25.01,45900,Weekday,Monday,Medium_Load,6.88
4766,10,6.05,0,0,43.47,100,20700,Weekday,Wednesday,Light_Load,2.92
4767,1,47.52,0,0.06,93.17,100,33300,Weekday,Thursday,Medium_Load,121.9
4768,9,33.91,0,0.04,93.79,100,37800,Weekday,Friday,Maximum_Load,91.69
4769,5,0,24.23,0,100,17.98,76500,Weekday,Tuesday,Medium_Load,4.43
4770,5,0,21.38,0,100,18.83,79200,Weekday,Thursday,Medium_Load,4.1
4771,11,5.18,0,0,61.78,100,27900,Weekday,Monday,Light_Load,4.07
4772,12,2.09,0.04,0,84.55,99.99,83700,Weekend,Sunday,Light_Load,3.31
4773,10,39.31,0,0.03,83.32,100,53100,Weekday,Thursday,Maximum_Load,59.22
4774,8,4.18,0,0,56.74,100,22500,Weekend,Saturday,Light_Load,2.88
4775,12,2.12,0.29,0,84.21,99.62,84600,Weekend,Saturday,Light_Load,3.31
4776,9,5.33,0,0,46.64,100,7200,Weekend,Sunday,Light_Load,2.81
4777,9,32.72,0,0.03,86.78,100,69300,Weekday,Thursday,Medium_Load,57.13
4778,1,19.15,0,0.03,95.24,100,61200,Weekday,Monday,Medium_Load,59.83
4779,6,4.25,0,0,63.89,100,27900,Weekday,Tuesday,Light_Load,3.53
4780,11,0,15.08,0,100,26.71,45900,Weekend,Sunday,Medium_Load,4.18
4781,12,34.45,0,0.03,86.49,100,35100,Weekday,Tuesday,Medium_Load,59.36
4782,11,5.65,0,0,48.46,100,25200,Weekend,Sunday,Light_Load,3.13
4783,2,14.22,0,0.03,96.9,100,38700,Weekday,Thursday,Maximum_Load,55.73
4784,10,0,11.05,0,100,26.36,53100,Weekend,Sunday,Light_Load,3.02
4785,1,25.88,0,0.05,96.79,100,74700,Weekday,Tuesday,Medium_Load,99.72
4786,1,29.66,0,0.02,80.35,100,900,Weekday,Wednesday,Light_Load,40.03
4787,5,0,17.46,0,100,19.98,54000,Weekend,Sunday,Light_Load,3.56
4788,5,41.33,0,0.05,92.36,100,58500,Weekday,Wednesday,Maximum_Load,99.58
4789,9,0,11.74,0,100,24.14,51300,Weekend,Sunday,Light_Load,2.92
4790,7,16.13,0.04,0.02,92.9,100,67500,Weekday,Monday,Medium_Load,40.5
4791,4,24.01,0,0.03,92.5,100,57600,Weekday,Thursday,Maximum_Load,58.46
4792,12,74.56,0,0.07,89.45,100,51300,Weekday,Wednesday,Medium_Load,149.18
4793,4,0,26.1,0,100,15.26,64800,Weekend,Sunday,Medium_Load,4.03
4794,9,0,13.46,0,100,21.2,77400,Weekday,Wednesday,Light_Load,2.92
4795,12,0.83,6.91,0.01,99.95,96.51,75600,Weekday,Monday,Medium_Load,25.45
4796,4,4.46,0,0,57.07,100,14400,Weekend,Sunday,Light_Load,3.1
4797,8,6.34,2.7,0.02,98.62,99.74,75600,Weekday,Tuesday,Medium_Load,37.73
4798,4,4.07,0,0,68.05,100,82800,Weekday,Monday,Medium_Load,3.78
4799,1,28.26,0,0.02,81.27,100,81900,Weekday,Wednesday,Maximum_Load,39.42
4800,6,5.87,0,0,44.54,100,20700,Weekday,Friday,Light_Load,2.92
4801,12,69.77,0,0.06,89.6,100,40500,Weekday,Wednesday,Maximum_Load,140.8
4802,7,4.9,0,0,50.67,100,22500,Weekday,Tuesday,Light_Load,2.88
4803,3,40.93,0,0.03,80.58,100,42300,Weekday,Monday,Maximum_Load,55.69
4804,1,2.63,1.51,0.02,99.82,99.94,76500,Weekday,Thursday,Medium_Load,43.63
4805,4,0,9.65,0.01,100,95.2,64800,Weekday,Tuesday,Medium_Load,30.02
4806,3,35.5,0,0.04,93.36,100,58500,Weekday,Thursday,Maximum_Load,92.52
4807,12,3.1,0.43,0,79.04,99.43,80100,Weekday,Wednesday,Maximum_Load,4
4808,12,0,14.04,0,100,24.58,33300,Weekend,Saturday,Light_Load,3.56
4809,2,58.61,0,0.05,87.87,100,81900,Weekday,Friday,Maximum_Load,107.89
4810,5,5.62,0,0,49.13,100,10800,Weekend,Sunday,Light_Load,3.17
4811,6,20.48,0,0.03,96.24,100,37800,Weekday,Monday,Maximum_Load,72.54
4812,4,4.32,0,0,64.02,100,82800,Weekend,Sunday,Medium_Load,3.6
4813,9,5.58,0,0,45.86,100,82800,Weekend,Saturday,Medium_Load,2.88
4814,8,5.44,0,0,44.98,100,30600,Weekend,Sunday,Light_Load,2.74
4815,3,59.44,0,0.04,85.41,100,40500,Weekday,Wednesday,Maximum_Load,97.6
4816,8,19.22,0,0.02,90.62,100,72000,Weekday,Monday,Medium_Load,41.18
4817,4,48.13,0,0.03,78.76,100,36900,Weekday,Wednesday,Maximum_Load,61.52
4818,6,6.01,0,0,45.37,100,15300,Weekend,Sunday,Light_Load,3.06
4819,1,35.82,0,0.04,91.68,100,58500,Weekday,Monday,Medium_Load,82.22
4820,8,5.51,0,0,45.43,100,22500,Weekday,Thursday,Light_Load,2.81
4821,6,4.25,0,0,62.69,100,83700,Weekday,Tuesday,Light_Load,3.42
4822,3,3.78,0,0,62.42,100,20700,Weekday,Monday,Light_Load,3.02
4823,10,4.25,0,0,51,100,900,Weekday,Tuesday,Light_Load,2.52
4824,3,0,26.57,0,100,15.14,70200,Weekend,Saturday,Medium_Load,4.07
4825,3,6.12,0.25,0.02,99.01,100,36900,Weekday,Wednesday,Maximum_Load,43.09
4826,2,55.33,0,0.06,91.4,100,51300,Weekday,Thursday,Medium_Load,124.63
4827,3,5.87,0,0,59.27,100,11700,Weekday,Thursday,Light_Load,4.32
4828,1,26.64,0,0.02,80.8,100,4500,Weekday,Friday,Light_Load,36.54
4829,8,4.36,0,0,57.95,100,27000,Weekday,Wednesday,Light_Load,3.1
4830,5,3.64,0,0,70.71,100,3600,Weekday,Tuesday,Light_Load,3.64
4831,7,54.65,0,0.03,79.6,100,41400,Weekday,Tuesday,Maximum_Load,71.86
4832,9,7.34,0,0,52.6,100,27900,Weekday,Tuesday,Light_Load,4.54
4833,3,3.82,0,0,63.01,100,7200,Weekday,Tuesday,Light_Load,3.1
4834,8,6.23,0,0,46.14,100,14400,Weekday,Friday,Light_Load,3.24
4835,2,0,26.35,0,100,27.44,46800,Weekday,Tuesday,Medium_Load,7.52
4836,1,0,25.45,0.01,100,42.18,45000,Weekday,Thursday,Medium_Load,11.84
4837,7,3.78,0,0,69.36,100,12600,Weekday,Thursday,Light_Load,3.64
4838,6,0,16.88,0,100,17.61,64800,Weekend,Sunday,Light_Load,3.02
4839,10,5.04,0,0,48.17,100,18900,Weekend,Sunday,Light_Load,2.77
4840,7,3.56,0.36,0.02,99.58,100,56700,Weekday,Wednesday,Maximum_Load,38.92
4841,3,7.45,0,0,67.25,100,28800,Weekday,Tuesday,Light_Load,6.77
4842,4,19.87,0.47,0.04,97.35,100,72900,Weekday,Wednesday,Medium_Load,84.56
4843,2,0,16.6,0,100,24.97,34200,Weekend,Sunday,Light_Load,4.28
4844,7,4.18,0,0,59.07,100,13500,Weekday,Tuesday,Light_Load,3.06
4845,10,0,10.08,0,100,28.7,42300,Weekend,Sunday,Light_Load,3.02
4846,4,21.1,0,0.02,92.34,100,39600,Weekday,Wednesday,Maximum_Load,50.76
4847,9,24.34,0,0.02,89.35,100,69300,Weekday,Friday,Medium_Load,48.42
4848,6,0,24.84,0,100,15.04,79200,Weekday,Friday,Medium_Load,3.78
4849,11,2.77,0,0,74.89,100,23400,Weekday,Thursday,Light_Load,3.13
4850,3,4.03,0,0,63.47,100,26100,Weekday,Thursday,Light_Load,3.31
4851,11,7.27,0,0,55.89,100,2700,Weekend,Saturday,Light_Load,4.9
4852,9,4.75,0,0,47.87,100,19800,Weekend,Saturday,Light_Load,2.59
4853,8,14.54,0.58,0.02,92.15,99.99,65700,Weekday,Tuesday,Medium_Load,34.49
4854,9,0,15.84,0,100,24.25,77400,Weekday,Thursday,Medium_Load,3.96
4855,3,67.9,0,0.03,73.16,100,31500,Weekday,Wednesday,Light_Load,72.86
4856,2,0,16.52,0,100,25.3,37800,Weekend,Sunday,Light_Load,4.32
4857,8,0,13.68,0,100,20.33,78300,Weekday,Monday,Medium_Load,2.84
4858,10,23.65,0,0.02,90.09,100,56700,Weekday,Friday,Maximum_Load,49.1
4859,2,0.65,0.9,0.02,99.99,99.98,74700,Weekday,Friday,Medium_Load,42.3
4860,11,38.66,0,0.03,86.17,100,68400,Weekday,Wednesday,Maximum_Load,65.66
4861,5,37.76,0,0.03,86.24,100,61200,Weekday,Tuesday,Maximum_Load,64.33
4862,1,7.09,2.12,0.03,99.42,99.95,64800,Weekday,Thursday,Maximum_Load,65.38
4863,7,0,4.79,0,100,50.6,4500,Weekday,Thursday,Light_Load,2.81
4864,9,7.56,0,0,47.67,100,9000,Weekday,Friday,Light_Load,4.1
4865,8,5.54,0,0,45.24,100,81000,Weekday,Friday,Light_Load,2.81
4866,9,7.49,0,0.01,97.32,100,55800,Weekend,Sunday,Maximum_Load,31.68
4867,6,0,19.87,0,100,19.36,77400,Weekday,Thursday,Medium_Load,3.92
4868,2,30.89,0,0.02,77.76,100,0,Weekend,Saturday,Light_Load,38.2
4869,11,7.45,0,0,44.87,100,10800,Weekend,Saturday,Light_Load,3.74
4870,6,0,16.6,0,100,17.9,34200,Weekend,Saturday,Light_Load,3.02
4871,6,4.28,0,0,55.29,100,14400,Weekday,Thursday,Light_Load,2.84
4872,8,47.16,0,0.04,86.56,100,41400,Weekday,Monday,Maximum_Load,81.54
4873,7,0,4.82,0,100,57.87,66600,Weekday,Tuesday,Medium_Load,3.42
4874,9,5.36,0,0,44.05,100,23400,Weekday,Tuesday,Light_Load,2.63
4875,4,3.56,0,0,63.42,100,27900,Weekend,Saturday,Light_Load,2.92
4876,7,0,25.31,0,100,17.35,76500,Weekday,Monday,Medium_Load,4.46
4877,5,32.36,0,0.03,87.29,100,39600,Weekday,Thursday,Maximum_Load,57.89
4878,8,61.96,0,0.04,83.58,100,41400,Weekday,Friday,Maximum_Load,94.32
4879,1,0,27.04,0,100,18.08,72900,Weekend,Sunday,Medium_Load,4.97
4880,10,39.06,0,0.03,87.37,100,58500,Weekday,Tuesday,Maximum_Load,70.16
4881,8,29.77,0,0.02,87.3,100,60300,Weekday,Thursday,Maximum_Load,53.28
4882,3,3.92,0,0,57.71,100,27900,Weekend,Saturday,Light_Load,2.77
4883,2,22.54,0,0.03,93.99,100,72000,Weekday,Monday,Maximum_Load,62.03
4884,2,5.29,0,0,76.78,100,13500,Weekday,Tuesday,Light_Load,6.34
4885,3,0,17.28,0,100,18.81,76500,Weekend,Sunday,Light_Load,3.31
4886,6,5.08,0,0,49.32,100,85500,Weekend,Saturday,Light_Load,2.88
4887,3,23.4,0,0.03,92.3,100,52200,Weekday,Wednesday,Maximum_Load,56.12
4888,8,4.18,0,0,52.67,100,18000,Weekend,Sunday,Light_Load,2.59
4889,8,6.08,0,0,41.95,100,18900,Weekday,Friday,Light_Load,2.81
4890,8,6.01,0,0,56.36,100,28800,Weekday,Tuesday,Light_Load,4.1
4891,7,0,20.56,0,100,43.24,75600,Weekday,Tuesday,Medium_Load,9.86
4892,11,6.8,0,0,47.89,100,3600,Weekday,Friday,Light_Load,3.71
4893,5,4.03,0,0,60.97,100,18000,Weekday,Tuesday,Light_Load,3.1
4894,1,48.17,0,0.05,90.11,100,4500,Weekday,Wednesday,Light_Load,100.08
4895,6,0,16.74,0,100,17.75,50400,Weekend,Saturday,Light_Load,3.02
4896,12,2.3,0.07,0,81.2,99.98,24300,Weekday,Tuesday,Light_Load,3.2
4897,5,53.28,0,0.03,79.49,100,52200,Weekday,Tuesday,Maximum_Load,69.8
4898,9,5.29,0,0,51.4,100,16200,Weekend,Saturday,Light_Load,3.17
4899,8,0,17.53,0,100,15.22,55800,Weekday,Wednesday,Light_Load,2.7
4900,3,3.64,0,0,66.94,100,21600,Weekend,Saturday,Light_Load,3.28
4901,9,51.73,0,0.02,70.61,100,30600,Weekday,Tuesday,Light_Load,51.59
4902,8,0.22,3.1,0.01,100,99.41,63900,Weekday,Friday,Medium_Load,28.4
4903,1,4.61,0,0,67.43,100,9900,Weekend,Sunday,Light_Load,4.21
4904,9,5.72,0,0,45.84,100,13500,Weekend,Sunday,Light_Load,2.95
4905,7,3.74,0,0,66.72,100,84600,Weekday,Monday,Light_Load,3.35
4906,6,3.89,0.04,0.01,99.29,100,74700,Weekday,Tuesday,Medium_Load,32.44
4907,11,39.35,0,0.05,93.47,100,37800,Weekday,Thursday,Maximum_Load,103.5
4908,7,0,5.65,0,100,43.12,84600,Weekday,Tuesday,Light_Load,2.7
4909,5,27.14,0,0.01,70.62,100,29700,Weekday,Monday,Light_Load,27.07
4910,8,6.3,0,0,41.1,100,4500,Weekday,Friday,Light_Load,2.84
4911,4,0,26.68,0,100,12.71,70200,Weekend,Saturday,Medium_Load,3.42
4912,8,4.57,0,0,49.88,100,1800,Weekend,Sunday,Light_Load,2.63
4913,4,30.92,0,0.04,95.15,100,73800,Weekday,Thursday,Medium_Load,95.62
4914,9,0,12.92,0,100,24.32,54000,Weekday,Monday,Light_Load,3.24
4915,3,50.29,0,0.03,78.55,100,42300,Weekday,Friday,Maximum_Load,63.83
4916,3,4.25,0,0,61.9,100,18900,Weekday,Thursday,Light_Load,3.35
4917,8,34.74,0,0.04,92.48,100,73800,Weekday,Friday,Medium_Load,84.46
4918,5,51.55,0,0.05,91.68,100,38700,Weekday,Thursday,Maximum_Load,118.37
4919,7,44.21,0,0.05,92.66,100,36900,Weekday,Friday,Maximum_Load,108.94
4920,5,34.92,0,0.05,94.58,100,63000,Weekday,Tuesday,Medium_Load,101.74
4921,5,4.03,0,0,65.89,100,81900,Weekday,Friday,Medium_Load,3.53
4922,3,4.72,0,0,60.22,100,9900,Weekday,Thursday,Light_Load,3.56
4923,3,2.38,3.2,0.02,99.8,99.64,72000,Weekday,Thursday,Medium_Load,37.48
4924,5,4.75,0,0,55.87,100,20700,Weekday,Monday,Light_Load,3.2
4925,3,4,0,0,78.74,100,84600,Weekday,Friday,Light_Load,5.11
4926,11,1.94,0.25,0,82.94,99.63,19800,Weekday,Tuesday,Light_Load,2.88
4927,5,0,22.28,0,100,21.02,76500,Weekday,Monday,Medium_Load,4.79
4928,6,4.82,0,0,54.46,100,15300,Weekday,Thursday,Light_Load,3.13
4929,9,66.17,0,0.06,88.45,100,36900,Weekday,Tuesday,Maximum_Load,125.46
4930,12,0,13.9,0,100,24.35,51300,Weekday,Tuesday,Light_Load,3.49
4931,11,0,16.92,0,100,33.67,46800,Weekday,Thursday,Medium_Load,6.05
4932,3,17.21,0,0.02,94.08,100,70200,Weekday,Monday,Medium_Load,47.77
4933,3,3.53,0,0,65.01,100,82800,Weekend,Sunday,Light_Load,3.02
4934,4,44.68,0,0.05,91.21,100,54000,Weekday,Friday,Maximum_Load,99.43
4935,4,3.06,0,0,70.24,100,17100,Weekday,Wednesday,Light_Load,3.02
4936,2,0,7.56,0.02,100,97.73,79200,Weekday,Monday,Medium_Load,34.85
4937,6,26.96,0,0.03,93.71,100,70200,Weekday,Monday,Medium_Load,72.36
4938,5,0,19.84,0,100,18.72,53100,Weekend,Sunday,Light_Load,3.78
4939,8,4.18,0,0,53.69,100,3600,Weekend,Sunday,Light_Load,2.66
4940,11,31.28,0,0.03,90.71,100,34200,Weekday,Wednesday,Medium_Load,67.43
4941,9,50.08,0,0.05,90.02,100,35100,Weekday,Wednesday,Medium_Load,103.54
4942,7,33.84,0,0.05,94.83,100,72900,Weekday,Monday,Medium_Load,101.09
4943,11,7.34,0,0,45.4,100,81000,Weekday,Thursday,Maximum_Load,3.74
4944,2,4.79,0,0,70.19,100,6300,Weekday,Tuesday,Light_Load,4.72
4945,4,3.1,0,0,74.48,100,2700,Weekend,Saturday,Light_Load,3.46
4946,10,15.26,0.11,0.02,95.57,100,77400,Weekday,Thursday,Medium_Load,49.57
4947,2,31.32,0,0.02,86.03,100,81000,Weekday,Wednesday,Maximum_Load,52.85
4948,4,3.92,0,0,60.65,100,900,Weekend,Sunday,Light_Load,2.99
4949,8,0,14,0,100,19.21,64800,Weekend,Sunday,Light_Load,2.74
4950,10,0,11.48,0,100,24.89,63900,Weekend,Sunday,Light_Load,2.95
4951,8,3.6,0,0,57.35,100,12600,Weekend,Saturday,Light_Load,2.52
4952,1,47.99,0,0.05,89.97,100,35100,Weekday,Monday,Medium_Load,98.89
4953,2,4.72,0,0,66.3,100,22500,Weekend,Sunday,Light_Load,4.18
4954,10,5.04,0,0,49.61,100,4500,Weekday,Monday,Light_Load,2.88
4955,6,33.26,0,0.03,88.3,100,57600,Weekday,Wednesday,Maximum_Load,62.57
4956,6,7.74,7.38,0.01,97.22,97.47,47700,Weekday,Friday,Maximum_Load,32.15
4957,10,5.76,0,0,44.22,100,11700,Weekend,Saturday,Light_Load,2.84
4958,6,43.56,0,0.03,81.41,100,40500,Weekday,Monday,Maximum_Load,61.06
4959,12,38.02,0,0.04,92.54,100,38700,Weekday,Friday,Maximum_Load,92.81
4960,2,0,25.74,0,100,17.48,59400,Weekend,Saturday,Light_Load,4.57
4961,4,13.79,0.04,0.02,95.97,100,32400,Weekday,Tuesday,Light_Load,47.09
4962,8,4.9,0,0,47.29,100,23400,Weekend,Sunday,Light_Load,2.63
4963,8,0,16.38,0,100,18.6,75600,Weekend,Sunday,Light_Load,3.1
4964,8,5.72,0,0,44.47,100,2700,Weekday,Tuesday,Light_Load,2.84
4965,3,26.21,0,0.02,78.19,100,28800,Weekday,Wednesday,Light_Load,32.87
4966,11,14.98,0,0.03,96.55,100,40500,Weekday,Thursday,Maximum_Load,55.55
4967,1,0,20.56,0.01,100,57.95,46800,Weekday,Tuesday,Medium_Load,14.62
4968,5,36.47,0,0.03,86.81,100,32400,Weekday,Friday,Light_Load,63.79
4969,1,4.25,0,0,61.45,100,5400,Weekday,Monday,Light_Load,3.31
4970,7,4.93,0,0,48.58,100,18900,Weekend,Sunday,Light_Load,2.74
4971,4,4.5,0,0,62.47,100,8100,Weekday,Tuesday,Light_Load,3.6
4972,7,19.73,1.44,0.02,90.51,99.94,65700,Weekday,Friday,Medium_Load,42.01
4973,9,4.72,0,0,49.65,100,8100,Weekday,Thursday,Light_Load,2.7
4974,10,0,11.84,0,100,22.55,36900,Weekend,Sunday,Light_Load,2.74
4975,12,39.67,0,0.03,83.5,100,30600,Weekday,Friday,Light_Load,60.19
4976,5,4.14,0,0,64.45,100,12600,Weekday,Tuesday,Light_Load,3.49
4977,5,42.44,0,0.03,81.06,100,40500,Weekday,Thursday,Maximum_Load,58.75
4978,5,40.14,0,0.04,92.13,100,58500,Weekday,Wednesday,Maximum_Load,95.08
4979,1,4.75,0,0,66.68,100,22500,Weekend,Sunday,Light_Load,4.25
4980,2,4.07,0,0,61.45,100,12600,Weekend,Saturday,Light_Load,3.17
4981,4,1.91,14.08,0,90.8,28.21,80100,Weekday,Thursday,Medium_Load,4.14
4982,7,0,19.04,0,100,18.23,68400,Weekend,Saturday,Medium_Load,3.53
4983,5,4.5,0,0,54.43,100,11700,Weekday,Tuesday,Light_Load,2.92
4984,12,4,0,0,69.99,100,4500,Weekday,Thursday,Light_Load,3.92
4985,1,1.51,10.01,0,94.3,39.31,80100,Weekend,Saturday,Maximum_Load,4.28
4986,10,17.93,0,0.02,93.01,100,65700,Weekday,Thursday,Medium_Load,45.4
4987,7,0,4.28,0,100,54.88,66600,Weekend,Sunday,Medium_Load,2.81
4988,1,25.34,0,0.02,79.8,100,23400,Weekday,Friday,Light_Load,33.55
4989,8,0,17.32,0,100,34.37,36900,Weekend,Sunday,Maximum_Load,6.34
4990,3,0,11.99,0.01,100,92.59,64800,Weekday,Monday,Medium_Load,29.38
4991,11,79.63,0,0.06,84.1,100,31500,Weekday,Wednesday,Light_Load,123.77
4992,6,19.19,0,0.02,92.06,100,61200,Weekday,Friday,Maximum_Load,45.25
4993,6,24.55,3.31,0.02,90.07,99.79,47700,Weekday,Monday,Maximum_Load,50.9
4994,2,0,17.5,0,100,18.58,50400,Weekday,Thursday,Light_Load,3.31
4995,11,0,18.04,0,100,27.11,76500,Weekday,Wednesday,Medium_Load,5.08
4996,7,0,10.44,0,100,50.82,46800,Weekday,Monday,Medium_Load,6.16
4997,6,4.5,0,0,50.46,100,19800,Weekend,Saturday,Light_Load,2.63
4998,7,0,4.46,0,100,64.66,9900,Weekend,Saturday,Light_Load,3.78
4999,3,14.72,1.15,0.03,98.14,99.99,38700,Weekday,Thursday,Maximum_Load,75.31
5000,4,3.24,0,0,73.96,100,900,Weekday,Wednesday,Light_Load,3.56
5001,1,0,26.64,0,100,16.8,78300,Weekday,Friday,Medium_Load,4.54
5002,11,21.46,0,0.02,92.01,100,69300,Weekday,Friday,Maximum_Load,50.4
5003,1,0.04,9.68,0.02,100,96.26,64800,Weekday,Wednesday,Maximum_Load,34.38
5004,3,10.73,0.18,0.02,97.92,100,62100,Weekday,Tuesday,Medium_Load,51.73
5005,3,2.84,12.28,0,94.76,56.55,80100,Weekday,Wednesday,Medium_Load,8.42
5006,12,0,13.39,0,100,24.75,46800,Weekend,Saturday,Light_Load,3.42
5007,9,5.58,0,0,42.1,100,25200,Weekday,Wednesday,Light_Load,2.59
5008,1,4.1,0,0,71.39,100,25200,Weekday,Monday,Light_Load,4.18
5009,6,5.08,0,0,53.3,100,27000,Weekday,Tuesday,Light_Load,3.2
5010,7,0,21.74,0,100,18.4,78300,Weekday,Thursday,Medium_Load,4.07
5011,7,6.19,0,0,59.4,100,82800,Weekday,Thursday,Medium_Load,4.57
5012,2,31.43,0,0.02,83.09,100,29700,Weekday,Tuesday,Light_Load,46.94
5013,3,5.51,0,0,77.7,100,5400,Weekday,Tuesday,Light_Load,6.8
5014,1,4.79,0,0,69.58,100,84600,Weekday,Thursday,Light_Load,4.64
5015,1,20.38,0,0.03,95.72,100,35100,Weekday,Wednesday,Medium_Load,67.36
5016,12,24.01,0,0.03,93.17,100,72900,Weekday,Thursday,Medium_Load,61.6
5017,5,40.1,0,0.04,92.27,100,49500,Weekday,Tuesday,Maximum_Load,96.01
5018,11,57.1,0,0.05,87.44,100,33300,Weekday,Friday,Medium_Load,102.89
5019,4,4.93,2.41,0.02,99.13,99.79,63900,Weekday,Thursday,Medium_Load,37.04
5020,1,0,10.76,0.02,100,95.11,34200,Weekend,Saturday,Medium_Load,33.12
5021,1,4.28,0,0,63.95,100,16200,Weekday,Monday,Light_Load,3.56
5022,2,0.83,1.04,0.02,99.98,99.97,70200,Weekend,Saturday,Maximum_Load,41.26
5023,11,28.33,0,0.02,87.88,100,70200,Weekday,Monday,Maximum_Load,52.16
5024,7,38.23,0,0.05,93.3,100,67500,Weekday,Thursday,Medium_Load,99.14
5025,7,4.97,0,0,58.23,100,6300,Weekday,Thursday,Light_Load,3.56
5026,6,0,11.81,0,100,26.99,32400,Weekend,Saturday,Light_Load,3.31
5027,10,0,11.34,0,100,25.18,69300,Weekend,Sunday,Light_Load,2.95
5028,5,34.2,0,0.03,87.78,100,60300,Weekday,Wednesday,Maximum_Load,62.68
5029,8,0,13.64,0,100,30.19,45000,Weekday,Tuesday,Medium_Load,4.32
5030,8,22,0,0.02,90.11,100,38700,Weekday,Wednesday,Maximum_Load,45.72
5031,6,43.88,0,0.02,69.09,100,29700,Weekday,Monday,Light_Load,41.94
5032,1,4.28,0,0,64.37,100,7200,Weekday,Monday,Light_Load,3.6
5033,5,36.54,0,0.05,94.74,100,69300,Weekday,Thursday,Medium_Load,108.14
5034,5,0.04,8.39,0.01,100,95.08,55800,Weekend,Saturday,Maximum_Load,25.74
5035,3,3.67,0,0,64.04,100,27900,Weekend,Sunday,Light_Load,3.06
5036,7,4.39,0,0,52.39,100,5400,Weekend,Sunday,Light_Load,2.7
5037,9,14,0,0.02,94.62,100,72900,Weekday,Tuesday,Medium_Load,40.93
5038,11,0,17.57,0,100,26.3,63000,Weekend,Saturday,Light_Load,4.79
5039,11,5.54,0,0,50.95,100,19800,Weekend,Sunday,Light_Load,3.28
5040,6,57.64,0,0.04,80.52,100,29700,Weekday,Thursday,Light_Load,78.26
5041,6,4.64,0,0,54.55,100,4500,Weekend,Saturday,Light_Load,3.02
5042,10,6.98,0,0,46.24,100,3600,Weekday,Tuesday,Light_Load,3.64
5043,12,23.15,0,0.03,93.63,100,52200,Weekday,Thursday,Medium_Load,61.74
5044,6,4.46,0,0,61.3,100,85500,Weekday,Thursday,Light_Load,3.46
5045,6,40.18,0,0.04,92.52,100,68400,Weekday,Friday,Medium_Load,97.99
5046,6,6.12,0,0,43.9,100,9000,Weekend,Sunday,Light_Load,2.99
5047,10,27.76,2.88,0.04,95.3,99.95,43200,Weekday,Monday,Maximum_Load,87.3
5048,7,34.67,0,0.03,86.59,100,53100,Weekday,Friday,Maximum_Load,60.01
5049,12,39.89,0,0.03,87.7,100,43200,Weekday,Tuesday,Maximum_Load,72.79
5050,11,43.45,0,0.04,89.43,100,62100,Weekday,Monday,Maximum_Load,86.83
5051,2,10.15,0.11,0.03,98.73,100,32400,Weekend,Saturday,Light_Load,63.11
5052,6,3.89,0,0,56.01,100,21600,Weekday,Tuesday,Light_Load,2.63
5053,2,5.51,0,0,73.93,100,9000,Weekday,Thursday,Light_Load,6.05
5054,1,32.98,0,0.03,86.74,100,1800,Weekend,Saturday,Light_Load,57.49
5055,1,26.42,0,0.03,92.98,100,53100,Weekday,Wednesday,Medium_Load,66.74
5056,6,5.18,0,0,57.81,100,83700,Weekday,Monday,Light_Load,3.67
5057,4,3.64,9.97,0.02,99.41,95.83,47700,Weekend,Saturday,Maximum_Load,33.44
5058,11,5.26,0,0,51.14,100,16200,Weekday,Thursday,Light_Load,3.13
5059,12,2.59,0.4,0,85,99.55,27000,Weekday,Thursday,Light_Load,4.18
5060,10,0,9.65,0,100,34.01,66600,Weekday,Wednesday,Medium_Load,3.49
5061,6,15.52,3.53,0.02,92.97,99.6,47700,Weekday,Thursday,Maximum_Load,39.17
5062,1,35.42,0,0.05,95.18,100,33300,Weekday,Wednesday,Medium_Load,109.91
5063,3,8.93,0,0.01,95.74,100,42300,Weekend,Sunday,Maximum_Load,29.59
5064,1,58.28,0,0.06,91.51,100,52200,Weekday,Friday,Medium_Load,132.3
5065,7,5.15,0,0,50.21,100,24300,Weekend,Saturday,Light_Load,2.99
5066,9,4.36,0,0,52.65,100,15300,Weekday,Monday,Light_Load,2.7
5067,7,5.94,0,0,43.13,100,18900,Weekday,Friday,Light_Load,2.84
5068,11,0.54,9.58,0.01,99.95,86.61,76500,Weekday,Friday,Medium_Load,16.6
5069,12,0,18.22,0,100,20.52,32400,Weekend,Saturday,Light_Load,3.82
5070,8,4.39,0,0,50.81,100,6300,Weekday,Wednesday,Light_Load,2.59
5071,9,0,10.87,0,100,25.03,54000,Weekend,Sunday,Light_Load,2.81
5072,3,22.43,0,0.03,93.54,100,72000,Weekday,Tuesday,Medium_Load,59.33
5073,3,1.69,9.47,0.01,99.73,92.39,44100,Weekday,Thursday,Medium_Load,22.86
5074,7,4,0,0,57.48,100,3600,Weekend,Sunday,Light_Load,2.81
5075,4,45.07,0,0.03,84.57,100,42300,Weekday,Friday,Maximum_Load,71.42
5076,10,4.61,0,0,48.98,100,17100,Weekend,Sunday,Light_Load,2.59
5077,11,11.63,0,0.02,96.9,100,67500,Weekday,Friday,Maximum_Load,45.61
5078,8,0,17.32,0,100,15.63,62100,Weekend,Saturday,Light_Load,2.74
5079,8,6.59,0,0,40.05,100,24300,Weekday,Friday,Light_Load,2.88
5080,2,3.56,0,0,77.67,100,17100,Weekday,Tuesday,Light_Load,4.39
5081,9,0,11.09,0,100,25.46,76500,Weekend,Sunday,Light_Load,2.92
5082,1,27.11,0,0.02,79.79,100,17100,Weekday,Thursday,Light_Load,35.89
5083,3,3.92,0,0,62.4,100,16200,Weekend,Saturday,Light_Load,3.13
5084,3,24.84,0,0.02,85.51,100,43200,Weekday,Thursday,Maximum_Load,40.97
5085,12,2.05,0.14,0,82.48,99.89,19800,Weekday,Monday,Light_Load,2.99
5086,9,5.62,0,0,44.72,100,5400,Weekday,Monday,Light_Load,2.81
5087,10,49.57,0,0.03,80.03,100,52200,Weekday,Tuesday,Maximum_Load,66.17
5088,10,5.18,0,0,49.11,100,9000,Weekend,Sunday,Light_Load,2.92
5089,5,5.18,0,0,54.65,100,11700,Weekday,Monday,Light_Load,3.38
5090,11,30.24,0,0.03,88.99,100,49500,Weekday,Thursday,Medium_Load,59
5091,12,0.32,5.15,0.02,100,98.96,63900,Weekday,Monday,Maximum_Load,35.35
5092,7,33.23,0,0.03,87.36,100,56700,Weekday,Monday,Maximum_Load,59.65
5093,12,2.48,0,0,79.41,100,1800,Weekday,Wednesday,Light_Load,3.24
5094,2,5.98,0,0,70.23,100,23400,Weekend,Sunday,Light_Load,5.9
5095,11,6.91,0,0,46.91,100,9900,Weekday,Tuesday,Light_Load,3.67
5096,8,5.18,0,0,49.99,100,3600,Weekday,Monday,Light_Load,2.99
5097,11,5.29,0,0,53.04,100,10800,Weekday,Monday,Light_Load,3.31
5098,6,50.87,0,0.05,89.97,100,59400,Weekday,Tuesday,Maximum_Load,104.87
5099,5,16.78,0,0.02,94.82,100,72900,Weekday,Tuesday,Medium_Load,50.08
5100,7,29.81,0,0.03,89.7,100,53100,Weekday,Wednesday,Maximum_Load,60.48
5101,9,0,16.09,0,100,23.27,78300,Weekday,Thursday,Medium_Load,3.85
5102,4,3.89,0,0,63.17,100,17100,Weekday,Monday,Light_Load,3.17
5103,7,5.58,0,0,53.03,100,28800,Weekday,Tuesday,Light_Load,3.49
5104,6,4.21,0,0,55.52,100,25200,Weekday,Thursday,Light_Load,2.81
5105,8,0,12.96,0,100,28.27,45900,Weekend,Sunday,Light_Load,3.82
5106,9,5.65,0,0,47.14,100,27000,Weekday,Monday,Light_Load,3.02
5107,11,25.67,0,0.04,96.37,100,39600,Weekend,Saturday,Maximum_Load,92.59
5108,7,32.08,0,0.04,93.09,100,59400,Weekday,Wednesday,Maximum_Load,81.76
5109,10,5.18,0,0,46.76,100,14400,Weekend,Sunday,Light_Load,2.74
5110,5,0.94,2.09,0.01,99.96,99.79,68400,Weekday,Friday,Medium_Load,32.54
5111,7,4.28,0,0,59.03,100,4500,Weekday,Wednesday,Light_Load,3.13
5112,11,32.54,0.11,0.03,88.77,100,63000,Weekday,Monday,Maximum_Load,62.75
5113,2,0,25.78,0,100,23.24,77400,Weekday,Wednesday,Medium_Load,6.16
5114,5,56.95,0,0.03,74.73,100,42300,Weekday,Thursday,Maximum_Load,64.04
5115,7,3.89,0,0,57.59,100,9000,Weekday,Wednesday,Light_Load,2.74
5116,2,5.15,0,0,74.95,100,12600,Weekday,Tuesday,Light_Load,5.83
5117,8,5.54,0,0,44.72,100,18000,Weekday,Friday,Light_Load,2.77
5118,10,60.73,0,0.05,87.95,100,51300,Weekday,Wednesday,Maximum_Load,112.25
5119,12,0,9.47,0.01,100,94.09,68400,Weekday,Friday,Maximum_Load,26.32
5120,7,0,25.52,0,100,17.63,64800,Weekday,Tuesday,Medium_Load,4.57
5121,7,3.82,0,0,64.68,100,81900,Weekday,Wednesday,Medium_Load,3.24
5122,11,0,9.32,0,100,39.69,66600,Weekend,Saturday,Maximum_Load,4.03
5123,3,3.71,0,0,67.78,100,20700,Weekday,Wednesday,Light_Load,3.42
5124,2,0,17.5,0,100,20.36,59400,Weekend,Saturday,Light_Load,3.64
5125,9,8.71,0,0.02,96.67,100,34200,Weekend,Saturday,Medium_Load,32.9
5126,1,3.71,0,0,78.62,100,83700,Weekday,Friday,Light_Load,4.72
5127,2,28.4,0,0.02,82.28,100,82800,Weekday,Tuesday,Maximum_Load,41.11
5128,9,5.83,0,0,46.47,100,18000,Weekday,Thursday,Light_Load,3.06
5129,2,27.11,0,0.05,96.49,100,54000,Weekday,Tuesday,Medium_Load,99.58
5130,10,37.62,0,0.04,92.1,100,55800,Weekday,Monday,Maximum_Load,88.96
5131,9,43.38,0,0.02,66.47,100,30600,Weekday,Friday,Light_Load,38.59
5132,12,2.74,0.04,0,77.68,99.99,9900,Weekday,Thursday,Light_Load,3.38
5133,2,11.09,0,0.02,97.42,100,49500,Weekday,Friday,Medium_Load,47.84
5134,5,4.75,0,0,51.32,100,83700,Weekday,Thursday,Light_Load,2.84
5135,4,11.34,0.25,0.04,98.92,100,35100,Weekend,Saturday,Medium_Load,76.36
5136,6,5.11,0,0,48.58,100,12600,Weekend,Saturday,Light_Load,2.84
5137,1,26.39,0,0.02,81.66,100,19800,Weekday,Thursday,Light_Load,37.33
5138,9,5.11,0,0,47.26,100,9900,Weekday,Wednesday,Light_Load,2.74
5139,12,2.7,0.36,0,81.87,99.57,81000,Weekday,Thursday,Maximum_Load,3.85
5140,12,2.99,0.25,0,79.29,99.79,2700,Weekday,Tuesday,Light_Load,3.89
5141,7,0,13.1,0,100,25.74,67500,Weekend,Saturday,Medium_Load,3.49
5142,2,0,17.64,0,100,18.44,72900,Weekday,Thursday,Light_Load,3.31
5143,11,5.18,0,0,50.86,100,16200,Weekday,Tuesday,Light_Load,3.06
5144,11,0,16.81,0,100,28.51,45000,Weekday,Monday,Medium_Load,5
5145,1,56.56,0,0.07,93.06,100,52200,Weekday,Wednesday,Medium_Load,143.82
5146,9,0,8.5,0,100,35.23,43200,Weekend,Sunday,Light_Load,3.2
5147,4,27.29,0,0.03,90.46,100,36900,Weekday,Wednesday,Maximum_Load,57.92
5148,2,29.02,0,0.04,95.44,100,65700,Weekday,Tuesday,Maximum_Load,92.77
5149,4,4.86,0,0,55.94,100,81900,Weekend,Sunday,Light_Load,3.28
5150,9,0,10.44,0,100,26.25,34200,Weekday,Monday,Light_Load,2.84
5151,10,27.43,0,0.02,88.2,100,39600,Weekday,Friday,Maximum_Load,51.34
5152,2,4.93,1.19,0.02,99.53,99.97,59400,Weekday,Monday,Medium_Load,50.9
5153,3,4.93,0,0,58.22,100,17100,Weekday,Thursday,Light_Load,3.53
5154,8,60.88,0,0.05,88.04,100,33300,Weekday,Friday,Medium_Load,113.04
5155,12,18.72,0,0.03,95.81,100,63000,Weekday,Friday,Maximum_Load,62.64
5156,6,33.8,0,0.02,80.68,100,42300,Weekday,Tuesday,Maximum_Load,46.15
5157,3,3.89,0,0,57.59,100,22500,Weekend,Saturday,Light_Load,2.74
5158,4,4.57,0,0,59.92,100,8100,Weekday,Thursday,Light_Load,3.42
5159,8,4.75,0,0,47.87,100,19800,Weekend,Sunday,Light_Load,2.59
5160,4,4.03,0,0,57.6,100,7200,Weekend,Sunday,Light_Load,2.84
5161,1,0,23.33,0,100,18.04,36900,Weekend,Saturday,Light_Load,4.28
5162,12,3.74,0,0,76.41,100,5400,Weekend,Sunday,Light_Load,4.43
5163,8,6.3,0,0,42.88,100,6300,Weekday,Friday,Light_Load,2.99
5164,2,15.37,0.04,0.03,96.72,100,55800,Weekday,Monday,Medium_Load,58.5
5165,8,15.91,0,0.02,94.4,100,70200,Weekday,Thursday,Medium_Load,45.54
5166,6,36.72,0,0.04,91.39,100,53100,Weekday,Thursday,Maximum_Load,82.69
5167,5,21.02,0,0.03,96.3,100,70200,Weekday,Wednesday,Medium_Load,75.13
5168,11,27.22,0,0.03,90.44,100,39600,Weekday,Monday,Maximum_Load,57.71
5169,11,36.47,0,0.03,90.08,100,36000,Weekday,Friday,Medium_Load,75.67
5170,1,40.54,0,0.04,92.03,100,47700,Weekday,Thursday,Medium_Load,95.4
5171,12,36.94,0,0.03,86.95,100,50400,Weekday,Monday,Medium_Load,65.02
5172,5,4.36,0,0,62.16,100,18000,Weekday,Tuesday,Light_Load,3.46
5173,9,0,10.98,0,100,24.46,47700,Weekend,Sunday,Light_Load,2.77
5174,2,5.29,0,0,66.81,100,25200,Weekday,Wednesday,Light_Load,4.75
5175,3,20.99,0,0.02,89.55,100,66600,Weekday,Thursday,Medium_Load,42.23
5176,5,4.25,0,0,57.54,100,25200,Weekend,Saturday,Light_Load,2.99
5177,5,25.92,0,0.01,76.38,100,29700,Weekday,Tuesday,Light_Load,30.67
5178,3,0.14,8.35,0.01,100,96.12,52200,Weekend,Saturday,Maximum_Load,29.09
5179,3,4.14,0.25,0,59.94,99.68,31500,Weekend,Sunday,Light_Load,3.1
5180,11,4.07,0,0,57.76,100,19800,Weekday,Friday,Light_Load,2.88
5181,9,37.48,0,0.02,80.82,100,52200,Weekday,Thursday,Maximum_Load,51.44
5182,12,3.56,0.07,0,74.7,99.98,83700,Weekday,Wednesday,Light_Load,4
5183,4,0,25.85,0,100,20.3,78300,Weekday,Monday,Medium_Load,5.36
5184,2,54.86,0,0.05,88.66,100,84600,Weekday,Thursday,Light_Load,105.16
5185,2,33.84,0,0.03,87.61,100,41400,Weekday,Monday,Maximum_Load,61.49
5186,9,0,11.27,0,100,23.3,37800,Weekend,Sunday,Light_Load,2.7
5187,5,5.69,1.01,0.02,98.8,99.96,55800,Weekend,Saturday,Maximum_Load,36.43
5188,7,0,6.48,0,100,54.84,46800,Weekday,Tuesday,Medium_Load,4.25
5189,1,41.15,0,0.05,94.2,100,54900,Weekday,Thursday,Medium_Load,115.49
5190,2,38.16,0,0.04,91.78,100,43200,Weekday,Tuesday,Maximum_Load,88.2
5191,10,6.84,0,0,46.57,100,18900,Weekend,Saturday,Light_Load,3.6
5192,2,5.54,0,0,75.3,100,12600,Weekday,Tuesday,Light_Load,6.34
5193,7,13.03,7.52,0.02,94.97,98.24,51300,Weekday,Thursday,Maximum_Load,39.53
5194,6,12.89,0,0.02,96.23,100,36000,Weekday,Thursday,Medium_Load,45.58
5195,6,0.25,6.05,0.01,99.99,96.99,34200,Weekend,Saturday,Medium_Load,24.08
5196,2,42.01,0,0.04,89.77,100,53100,Weekday,Thursday,Medium_Load,85.61
5197,11,4.5,0,0,54.43,100,7200,Weekday,Wednesday,Light_Load,2.92
5198,5,35.57,0,0.05,94.36,100,64800,Weekday,Friday,Medium_Load,101.38
5199,4,3.89,0,0,62.32,100,11700,Weekday,Monday,Light_Load,3.1
5200,12,0,20.74,0,100,20.21,79200,Weekday,Friday,Medium_Load,4.28
5201,1,4.43,0,0,71.8,100,20700,Weekday,Wednesday,Light_Load,4.57
5202,4,24.12,0,0.03,92.03,100,55800,Weekday,Tuesday,Maximum_Load,56.74
5203,2,57.13,0,0.06,91.3,100,36900,Weekday,Monday,Maximum_Load,127.87
5204,6,49.68,0,0.05,90.42,100,40500,Weekday,Wednesday,Maximum_Load,105.16
5205,5,1.87,5.65,0.01,99.82,98.43,75600,Weekday,Tuesday,Medium_Load,31.46
5206,1,40.57,0,0.02,79.62,100,29700,Weekday,Thursday,Light_Load,53.39
5207,1,34.2,0,0.03,91.12,100,53100,Weekday,Tuesday,Medium_Load,75.64
5208,6,43.56,0,0.04,88.68,100,66600,Weekday,Tuesday,Medium_Load,83.59
5209,11,5.33,0,0,52.41,100,85500,Weekend,Saturday,Light_Load,3.28
5210,12,40.93,0,0.03,83.26,100,52200,Weekday,Wednesday,Medium_Load,61.52
5211,11,4.9,0,0,55.98,100,27900,Weekend,Saturday,Light_Load,3.31
5212,3,3.53,0,0,65.99,100,17100,Weekday,Monday,Light_Load,3.1
5213,6,10.08,0,0,65.55,100,28800,Weekday,Friday,Light_Load,8.75
5214,6,5.08,0,0,57.06,100,1800,Weekday,Friday,Light_Load,3.53
5215,9,6.77,0,0,37.87,100,82800,Weekend,Saturday,Light_Load,2.77
5216,12,2.3,0.14,0,82.44,99.91,18900,Weekday,Thursday,Light_Load,3.35
5217,7,18.76,0,0.01,68.73,100,29700,Weekday,Wednesday,Light_Load,17.75
5218,11,31.54,0,0.05,95.25,100,73800,Weekday,Wednesday,Medium_Load,98.6
5219,11,36.32,0,0.03,86.31,100,61200,Weekday,Wednesday,Medium_Load,62.06
5220,6,25.06,0,0.03,91.09,100,53100,Weekday,Tuesday,Maximum_Load,55.33
5221,11,14.62,0,0.01,85.03,100,83700,Weekday,Tuesday,Light_Load,23.62
5222,9,4.97,0,0,46.77,100,83700,Weekday,Monday,Light_Load,2.63
5223,6,18.97,1.48,0.02,88.37,99.91,65700,Weekday,Tuesday,Medium_Load,35.82
5224,2,4.03,0.14,0,61.83,99.9,31500,Weekday,Friday,Light_Load,3.17
5225,7,0,16.24,0,100,18.11,63900,Weekend,Sunday,Medium_Load,2.99
5226,3,3.46,0,0,72.76,100,17100,Weekday,Thursday,Light_Load,3.67
5227,7,0,16.92,0,100,21.8,77400,Weekday,Thursday,Medium_Load,3.78
5228,1,1.19,10.33,0,96.35,38.28,80100,Weekend,Sunday,Maximum_Load,4.28
5229,6,14.47,0,0.02,94.37,100,56700,Weekday,Friday,Maximum_Load,41.26
5230,1,32.51,0,0.04,93.78,100,52200,Weekday,Friday,Medium_Load,87.8
5231,2,3.71,0,0,64.12,100,27900,Weekend,Sunday,Light_Load,3.1
5232,12,14.9,1.8,0.02,95.78,99.93,43200,Weekday,Wednesday,Maximum_Load,49.64
5233,2,11.66,0,0.03,97.87,100,54900,Weekday,Friday,Medium_Load,55.62
5234,8,0,19.33,0,100,26.91,62100,Weekday,Wednesday,Medium_Load,5.4
5235,2,17.5,0,0.02,94.08,100,55800,Weekday,Tuesday,Medium_Load,48.56
5236,8,0,16.42,0,100,17.68,68400,Weekday,Thursday,Light_Load,2.95
5237,6,1.51,1.51,0.01,99.87,99.87,56700,Weekend,Saturday,Maximum_Load,29.12
5238,7,34.7,0,0.03,88.8,100,54900,Weekday,Tuesday,Maximum_Load,67
5239,4,0,9.11,0.01,100,95.6,64800,Weekday,Thursday,Medium_Load,29.7
5240,12,0,6.12,0.01,100,97.69,44100,Weekday,Wednesday,Medium_Load,27.97
5241,6,37.48,0,0.02,80.55,100,43200,Weekday,Thursday,Maximum_Load,50.94
5242,10,4.46,0,0,49.78,100,14400,Weekday,Tuesday,Light_Load,2.56
5243,10,5.87,0.04,0,50.34,99.99,80100,Weekday,Thursday,Medium_Load,3.42
5244,1,29.02,0.54,0.02,86.4,99.99,65700,Weekday,Tuesday,Maximum_Load,49.79
5245,4,15.73,0.94,0.04,98.08,99.99,36000,Weekend,Sunday,Medium_Load,79.09
5246,12,28.3,0,0.03,91.99,100,35100,Weekday,Monday,Medium_Load,66.38
5247,11,59.04,0,0.05,86.44,100,30600,Weekday,Thursday,Light_Load,101.48
5248,11,23.4,1.73,0.02,89.89,99.94,75600,Weekday,Friday,Medium_Load,48.02
5249,3,26.53,0,0.03,90.49,100,54000,Weekday,Monday,Maximum_Load,56.41
5250,12,3.42,0.14,0,77.91,99.95,81900,Weekday,Wednesday,Maximum_Load,4.25
5251,8,4.79,0,0,47.56,100,19800,Weekday,Monday,Light_Load,2.59
5252,12,3.82,0,0,80.32,100,4500,Weekend,Saturday,Light_Load,5.15
5253,11,6.26,0,0,50.27,100,15300,Weekday,Monday,Light_Load,3.64
5254,11,32.51,0,0.03,85.94,100,60300,Weekday,Monday,Medium_Load,54.65
5255,3,2.3,1.12,0.02,99.84,99.96,68400,Weekday,Tuesday,Medium_Load,40.28
5256,6,5.58,0,0,47.23,100,15300,Weekend,Saturday,Light_Load,2.99
5257,11,3.1,0,0,75.14,100,21600,Weekend,Sunday,Light_Load,3.53
5258,9,5.4,0,0,47.94,100,9000,Weekday,Tuesday,Light_Load,2.95
5259,6,5.51,0,0,49.03,100,9000,Weekday,Tuesday,Light_Load,3.1
5260,8,5.4,0,0,45.25,100,13500,Weekday,Friday,Light_Load,2.74
5261,3,46.26,0,0.05,91.75,100,49500,Weekday,Tuesday,Maximum_Load,106.7
5262,6,3.67,0,0,58.69,100,9900,Weekday,Tuesday,Light_Load,2.66
5263,2,5,0,0,56.46,100,21600,Weekday,Thursday,Light_Load,3.42
5264,6,4.68,0.04,0.02,99,100,73800,Weekday,Tuesday,Medium_Load,32.87
5265,12,32.4,0,0.03,90.66,100,54900,Weekday,Monday,Medium_Load,69.62
5266,7,3.96,0,0,55.76,100,84600,Weekday,Thursday,Light_Load,2.66
5267,3,4.1,0.43,0.02,99.55,100,68400,Weekday,Thursday,Medium_Load,43.2
5268,2,0,22.86,0,100,16.61,76500,Weekday,Thursday,Light_Load,3.85
5269,5,0,18.04,0,100,35.95,47700,Weekend,Sunday,Maximum_Load,6.95
5270,3,0,17.5,0,100,16.46,62100,Weekend,Saturday,Light_Load,2.92
5271,2,29.95,0,0.05,96.51,100,53100,Weekday,Monday,Medium_Load,110.41
5272,3,23.51,0,0.04,96.62,100,52200,Weekday,Monday,Maximum_Load,88.16
5273,10,22.1,0,0.02,91.58,100,58500,Weekday,Friday,Maximum_Load,50.4
5274,5,0,19.76,0,100,18.26,79200,Weekday,Thursday,Medium_Load,3.67
5275,5,5.51,0,0,47.2,100,3600,Weekday,Thursday,Light_Load,2.95
5276,9,5.51,0,0,41.59,100,26100,Weekday,Wednesday,Light_Load,2.52
5277,10,0,12.67,0,100,22.97,76500,Weekend,Sunday,Light_Load,2.99
5278,11,5.8,0,0,47.96,100,28800,Weekend,Sunday,Light_Load,3.17
5279,9,5.44,0,0,43.53,100,12600,Weekday,Wednesday,Light_Load,2.63
5280,6,9.25,0,0.02,97.07,100,72000,Weekday,Monday,Medium_Load,37.37
5281,10,7.42,0,0,44.72,100,9900,Weekday,Thursday,Light_Load,3.71
5282,6,12.56,1.15,0.02,95.89,99.96,63000,Weekday,Monday,Medium_Load,42.44
5283,2,5.72,0,0,75.86,100,9900,Weekend,Saturday,Light_Load,6.66
5284,4,0,17.35,0,100,18.58,68400,Weekend,Sunday,Light_Load,3.28
5285,1,4.72,0,0,69.87,100,16200,Weekday,Friday,Light_Load,4.61
5286,3,0,8.39,0,100,41.44,65700,Weekend,Sunday,Medium_Load,3.82
5287,11,0,21.64,0,100,17.38,77400,Weekday,Monday,Medium_Load,3.82
5288,2,4.68,0.14,0,56.44,99.9,31500,Weekend,Saturday,Light_Load,3.2
5289,3,5.36,0,0,80.49,100,28800,Weekday,Wednesday,Light_Load,7.27
5290,9,38.74,0,0.05,93.7,100,35100,Weekday,Friday,Medium_Load,103.9
5291,5,45.97,0,0.05,93.07,100,57600,Weekday,Thursday,Maximum_Load,116.93
5292,12,0,20.63,0,100,22.44,76500,Weekend,Saturday,Medium_Load,4.75
5293,8,5.47,0,0,45.69,100,7200,Weekend,Sunday,Light_Load,2.81
5294,8,4.54,0,0,54.49,100,2700,Weekday,Monday,Light_Load,2.95
5295,10,0,16.09,0,100,22.24,79200,Weekday,Tuesday,Medium_Load,3.67
5296,3,3.42,0,0,72.88,100,26100,Weekday,Wednesday,Light_Load,3.64
5297,8,0,24.23,0,100,22.59,62100,Weekend,Saturday,Medium_Load,5.62
5298,10,0.43,2.7,0.01,99.99,99.6,63900,Weekday,Tuesday,Medium_Load,30.1
5299,10,4.64,0,0,50.85,100,24300,Weekday,Wednesday,Light_Load,2.74
5300,12,0,14.44,0,100,21.89,72000,Weekend,Sunday,Light_Load,3.24
5301,7,5.15,0,0,46.97,100,84600,Weekday,Thursday,Light_Load,2.74
5302,12,2.84,0.32,0,81.74,99.69,25200,Weekday,Thursday,Light_Load,4.03
5303,8,25.49,0,0.02,89.24,100,52200,Weekday,Tuesday,Maximum_Load,50.4
5304,11,5.76,0,0,50.28,100,22500,Weekend,Sunday,Light_Load,3.35
5305,2,20.27,0,0.03,95.91,100,72900,Weekday,Tuesday,Medium_Load,68.69
5306,9,24.26,0,0.02,90.08,100,40500,Weekday,Thursday,Maximum_Load,50.33
5307,5,24.62,0,0.02,89.42,100,33300,Weekday,Tuesday,Medium_Load,49.18
5308,12,31.25,0,0.03,91.63,100,49500,Weekday,Thursday,Medium_Load,71.5
5309,8,17.14,0,0.02,93.26,100,48600,Weekend,Saturday,Maximum_Load,44.28
5310,5,4.86,0,0,51.89,100,7200,Weekday,Wednesday,Light_Load,2.95
5311,7,54.11,0,0.02,70.38,100,31500,Weekday,Tuesday,Light_Load,53.6
5312,3,32.76,0,0.04,93.24,100,67500,Weekday,Friday,Medium_Load,84.53
5313,10,56.38,0,0.05,88.7,100,60300,Weekday,Monday,Maximum_Load,108.32
5314,6,5.8,0,0,45.34,100,21600,Weekday,Thursday,Light_Load,2.95
5315,9,5.8,0,0,43.98,100,81900,Weekday,Friday,Medium_Load,2.84
5316,11,0,12.1,0,100,24.22,41400,Weekend,Sunday,Light_Load,3.02
5317,11,0,14.47,0,100,20.24,68400,Weekend,Sunday,Light_Load,2.99
5318,9,4.64,0,0,51.8,100,17100,Weekday,Thursday,Light_Load,2.81
5319,1,0,5.08,0,100,55.85,41400,Weekend,Sunday,Light_Load,3.42
5320,8,0,16.02,0,100,34.04,45900,Weekday,Tuesday,Medium_Load,5.8
5321,7,0,21.28,0,100,18.47,79200,Weekday,Thursday,Medium_Load,4
5322,12,0.29,4.07,0.01,100,99.17,37800,Weekend,Saturday,Maximum_Load,31.43
5323,10,6.34,0,0,48.96,100,83700,Weekend,Saturday,Light_Load,3.56
5324,11,0,11.77,0,100,25.7,77400,Weekend,Sunday,Medium_Load,3.13
5325,6,25.16,0,0.02,89.32,100,70200,Weekday,Thursday,Medium_Load,49.97
5326,7,17.5,0,0.02,95.2,100,61200,Weekday,Friday,Maximum_Load,54.4
5327,2,49.36,0,0.04,86.28,100,83700,Weekday,Thursday,Light_Load,84.24
5328,11,0,17.78,0,100,21.37,63000,Weekend,Sunday,Maximum_Load,3.89
5329,7,16.06,0,0.02,94.75,100,54000,Weekday,Thursday,Maximum_Load,47.59
5330,11,6.84,0,0,48.37,100,84600,Weekday,Monday,Light_Load,3.78
5331,8,6.12,0,0,48.78,100,6300,Weekend,Saturday,Light_Load,3.42
5332,1,27.76,0,0.02,80.24,100,16200,Weekend,Sunday,Light_Load,37.33
5333,7,31.9,0,0.02,76.72,100,42300,Weekend,Saturday,Maximum_Load,38.16
5334,10,10.19,0,0.02,96.45,100,36000,Weekend,Saturday,Medium_Load,37.22
5335,4,0,26.39,0,100,14.58,79200,Weekday,Wednesday,Medium_Load,3.89
5336,4,36.4,0,0.03,88.36,100,39600,Weekday,Friday,Maximum_Load,68.69
5337,9,14.8,0,0.02,94.63,100,39600,Weekday,Wednesday,Maximum_Load,43.34
5338,11,58.43,0,0.06,90.97,100,42300,Weekend,Saturday,Maximum_Load,127.98
5339,5,3.96,0,0,67.27,100,82800,Weekday,Friday,Medium_Load,3.6
5340,2,0,16.85,0,100,20.5,72900,Weekday,Wednesday,Light_Load,3.53
5341,3,20.45,0,0.01,71.74,100,29700,Weekday,Tuesday,Light_Load,21.06
5342,2,5,0,0,54.38,100,25200,Weekday,Thursday,Light_Load,3.24
5343,12,0.04,4.9,0.02,100,98.91,63900,Weekday,Wednesday,Maximum_Load,32.9
5344,12,3.13,0.18,0,78.98,99.9,85500,Weekday,Friday,Light_Load,4.03
5345,6,4.32,0,0,54.93,100,2700,Weekday,Thursday,Light_Load,2.84
5346,6,0,25.06,0,100,14.64,79200,Weekday,Friday,Medium_Load,3.71
5347,9,5.4,0,0,42.84,100,16200,Weekday,Wednesday,Light_Load,2.56
5348,10,1.44,1.15,0.01,99.89,99.93,63900,Weekday,Tuesday,Medium_Load,31.03
5349,5,37.08,0,0.04,91.26,100,56700,Weekday,Thursday,Maximum_Load,82.76
5350,10,53.32,0,0.05,90.67,100,36000,Weekday,Tuesday,Medium_Load,114.62
5351,2,31.18,0,0.04,93.13,100,35100,Weekday,Thursday,Medium_Load,79.74
5352,2,0,17.53,0,100,22.77,72900,Weekend,Sunday,Light_Load,4.1
5353,5,4.5,0,0,61.72,100,82800,Weekday,Tuesday,Medium_Load,3.53
5354,7,21.53,0,0.02,92.69,100,61200,Weekday,Wednesday,Maximum_Load,53.17
5355,1,4.46,0.18,0,61.63,99.87,31500,Weekday,Monday,Light_Load,3.49
5356,11,64.84,0,0.06,88.25,100,42300,Weekday,Thursday,Maximum_Load,121.64
5357,12,2.52,0,0,80.83,100,18900,Weekday,Wednesday,Light_Load,3.46
5358,12,2.34,0.5,0,85.03,99.14,1800,Weekday,Friday,Light_Load,3.78
5359,11,0,21.46,0,100,20.83,51300,Weekend,Saturday,Light_Load,4.57
5360,9,14.9,0,0.02,93.98,100,48600,Weekend,Saturday,Maximum_Load,40.97
5361,8,47.88,0,0.04,88.66,100,37800,Weekday,Tuesday,Maximum_Load,91.8
5362,11,4.21,0,0,61.46,100,21600,Weekend,Saturday,Light_Load,3.28
5363,4,4.03,0,0,65.46,100,26100,Weekday,Wednesday,Light_Load,3.49
5364,1,0,19.84,0,100,21.09,76500,Weekend,Sunday,Light_Load,4.28
5365,7,21.02,0,0.01,76.01,100,43200,Weekend,Saturday,Maximum_Load,24.59
5366,2,38.77,0,0.05,94.36,100,50400,Weekday,Thursday,Medium_Load,110.48
5367,10,6.55,0,0,66.93,100,28800,Weekday,Thursday,Light_Load,5.9
5368,11,35.86,0,0.03,85.31,100,58500,Weekday,Tuesday,Medium_Load,58.64
5369,12,3.38,0.11,0,77.46,99.96,83700,Weekday,Tuesday,Light_Load,4.14
5370,2,4.68,0,0,68.74,100,18000,Weekday,Monday,Light_Load,4.43
5371,2,3.35,0,0,73.21,100,26100,Weekend,Sunday,Light_Load,3.6
5372,12,40.14,0,0.04,88.85,100,35100,Weekday,Tuesday,Medium_Load,77.72
5373,6,27.4,0,0.03,90.67,100,34200,Weekday,Friday,Medium_Load,58.9
5374,4,3.89,0,0,67.2,100,19800,Weekday,Thursday,Light_Load,3.53
5375,2,0,24.41,0,100,18.4,75600,Weekend,Saturday,Light_Load,4.57
5376,10,20.2,0,0.02,88.72,100,66600,Weekday,Thursday,Medium_Load,38.84
5377,4,1.87,14.94,0,90.42,25.62,80100,Weekday,Monday,Medium_Load,3.96
5378,5,0,25.56,0,100,15.73,46800,Weekend,Saturday,Medium_Load,4.07
5379,3,3.35,0,0,68.27,100,18900,Weekend,Saturday,Light_Load,3.13
5380,5,3.78,0,0,61.52,100,19800,Weekday,Friday,Light_Load,2.95
5381,11,25.2,0,0.02,87.56,100,53100,Weekday,Monday,Medium_Load,45.68
5382,8,4.28,0,0,55.29,100,15300,Weekend,Sunday,Light_Load,2.84
5383,3,3.89,0,0,61.83,100,8100,Weekday,Monday,Light_Load,3.06
5384,6,36.9,0,0.03,86.16,100,54900,Weekday,Friday,Maximum_Load,62.64
5385,4,21.28,0.36,0.03,94.22,100,63000,Weekday,Monday,Medium_Load,59.83
5386,3,0,26.53,0,100,19.8,45000,Weekday,Tuesday,Medium_Load,5.36
5387,12,26.06,0,0.03,90.91,100,36000,Weekday,Monday,Medium_Load,56.88
5388,7,0,17.39,0,100,16.95,52200,Weekend,Sunday,Light_Load,2.99
5389,1,44.17,0,0.04,90.11,100,81900,Weekday,Friday,Maximum_Load,91.8
5390,12,3.1,0.11,0,76.99,99.96,15300,Weekday,Monday,Light_Load,3.74
5391,12,3.71,1.98,0.01,99.3,99.8,64800,Weekday,Tuesday,Maximum_Load,31.25
5392,3,39.6,0,0.03,86.53,100,36000,Weekday,Friday,Medium_Load,68.36
5393,3,4.79,0,0,63.33,100,2700,Weekday,Thursday,Light_Load,3.92
5394,5,3.85,0,0,68.7,100,4500,Weekday,Friday,Light_Load,3.64
5395,11,38.09,0,0.05,94.35,100,69300,Weekday,Monday,Maximum_Load,108.5
5396,1,46.3,0,0.05,93,100,68400,Weekday,Monday,Maximum_Load,117.14
5397,6,0,16.31,0,100,18.44,64800,Weekend,Saturday,Light_Load,3.06
5398,12,3.42,0.04,0,74.15,99.99,4500,Weekend,Sunday,Light_Load,3.78
5399,9,5.4,0,0,46.55,100,2700,Weekday,Friday,Light_Load,2.84
5400,3,3.78,0,0,65.54,100,27000,Weekday,Friday,Light_Load,3.28
5401,7,4.28,0,0,62.87,100,81900,Weekday,Monday,Medium_Load,3.46
5402,12,0,13.28,0,100,37.67,66600,Weekend,Saturday,Maximum_Load,5.4
5403,3,3.67,0,0,62.26,100,18900,Weekday,Friday,Light_Load,2.92
5404,9,0,10.84,0,100,25.34,59400,Weekend,Saturday,Light_Load,2.84
5405,1,29.23,0,0.02,79.33,100,1800,Weekend,Sunday,Light_Load,38.09
5406,7,24.37,0,0.03,92.84,100,68400,Weekday,Thursday,Medium_Load,60.91
5407,7,9.36,0,0,68.74,100,28800,Weekend,Sunday,Light_Load,8.86
5408,3,2.92,0,0,73.12,100,8100,Weekday,Wednesday,Light_Load,3.13
5409,12,10.76,0,0.02,96.82,100,68400,Weekday,Tuesday,Maximum_Load,41.65
5410,5,0,25.85,0,100,22.54,45900,Weekday,Wednesday,Medium_Load,5.98
5411,3,27.76,0,0.03,93.17,100,38700,Weekday,Tuesday,Maximum_Load,71.21
5412,5,3.42,0,0,71.82,100,0,Weekday,Thursday,Light_Load,3.53
5413,9,6.16,0,0,41.87,100,9900,Weekend,Sunday,Light_Load,2.84
5414,10,5.29,0,0,49.21,100,27000,Weekday,Friday,Light_Load,2.99
5415,10,32.72,0,0.02,84.62,100,61200,Weekday,Thursday,Maximum_Load,51.95
5416,4,3.71,0,0,70.71,100,0,Weekday,Monday,Light_Load,3.71
5417,4,3.71,0,0,63.13,100,18000,Weekend,Saturday,Light_Load,3.02
5418,12,3.02,0.25,0,81.06,99.82,5400,Weekday,Thursday,Light_Load,4.18
5419,8,62.14,0,0.05,87.32,100,35100,Weekday,Monday,Medium_Load,111.31
5420,4,45.86,0,0.03,78.25,100,31500,Weekday,Friday,Light_Load,57.64
5421,6,44.32,0,0.05,92.19,100,33300,Weekday,Thursday,Medium_Load,105.48
5422,2,5,0.36,0,67.79,99.7,31500,Weekend,Sunday,Light_Load,4.61
5423,11,5.4,0,0,53.06,100,3600,Weekday,Friday,Light_Load,3.38
5424,7,31.93,0,0.02,81.9,100,41400,Weekday,Thursday,Maximum_Load,45.58
5425,9,0,11.92,0,100,23.79,72000,Weekday,Monday,Light_Load,2.92
5426,8,5.98,0,0,42.53,100,21600,Weekend,Sunday,Light_Load,2.81
5427,11,1.69,0.5,0,86.55,98.57,24300,Weekday,Friday,Light_Load,2.92
5428,12,1.48,5.47,0,93.25,57.26,31500,Weekend,Sunday,Light_Load,3.82
5429,10,5.15,0,0,47.9,100,26100,Weekend,Sunday,Light_Load,2.81
5430,9,35.53,0,0.03,85.34,100,49500,Weekday,Thursday,Maximum_Load,58.18
5431,10,49.93,0,0.03,82.95,100,53100,Weekday,Wednesday,Maximum_Load,74.16
5432,3,5.11,0,0,66.98,100,23400,Weekday,Tuesday,Light_Load,4.61
5433,10,7.13,0,0,46.16,100,6300,Weekday,Tuesday,Light_Load,3.71
5434,8,41.18,0,0.04,89.75,100,32400,Weekday,Monday,Light_Load,83.81
5435,3,0,8.17,0,100,38.23,66600,Weekend,Saturday,Light_Load,3.38
5436,4,3.67,0,0,71.75,100,84600,Weekday,Monday,Light_Load,3.78
5437,2,0,17.96,0,100,18.12,72900,Weekday,Friday,Light_Load,3.31
5438,4,0,21.92,0,100,15.42,75600,Weekend,Sunday,Light_Load,3.42
5439,7,5.08,0,0,47.47,100,18000,Weekday,Monday,Light_Load,2.74
5440,2,9.76,0.68,0.03,99.19,100,36900,Weekend,Saturday,Maximum_Load,76.21
5441,5,33.01,0,0.03,89.83,100,33300,Weekday,Tuesday,Medium_Load,67.5
5442,11,30.89,0,0.03,89.31,100,38700,Weekday,Monday,Maximum_Load,61.31
5443,2,3.46,0,0,74.38,100,12600,Weekday,Tuesday,Light_Load,3.85
5444,10,53.89,0,0.02,69.42,100,30600,Weekend,Saturday,Light_Load,51.98
5445,2,0,17.28,0,100,19.03,64800,Weekday,Thursday,Light_Load,3.35
5446,3,3.89,0,0,67.92,100,0,Weekday,Friday,Light_Load,3.6
5447,3,4.61,0,0,62.7,100,25200,Weekday,Wednesday,Light_Load,3.71
5448,2,0,25.45,0,100,29.58,45900,Weekday,Friday,Medium_Load,7.88
5449,5,4.36,0,0,59.65,100,22500,Weekday,Monday,Light_Load,3.24
5450,6,1.48,1.04,0.01,99.87,99.94,49500,Weekend,Sunday,Maximum_Load,29.34
5451,8,22.86,0,0.02,91.07,100,49500,Weekday,Wednesday,Maximum_Load,50.4
5452,7,0,4.5,0,100,54.43,9900,Weekday,Monday,Light_Load,2.92
5453,11,22,5.72,0.02,91.42,99.34,47700,Weekday,Thursday,Medium_Load,49.64
5454,8,0,15.3,0,100,37.14,54900,Weekend,Sunday,Maximum_Load,6.12
5455,2,12.78,0,0.03,97.38,100,55800,Weekday,Tuesday,Medium_Load,54.72
5456,12,0,21.42,0,100,25.8,67500,Weekend,Sunday,Maximum_Load,5.72
5457,10,36.22,0,0.05,94.01,100,63000,Weekday,Monday,Medium_Load,99.9
5458,6,18.83,0,0.02,91.66,100,37800,Weekday,Wednesday,Maximum_Load,43.16
5459,3,0.04,6.98,0.01,100,97.63,39600,Weekend,Sunday,Maximum_Load,31.5
5460,3,2.02,4.18,0.02,99.84,99.3,75600,Weekday,Friday,Medium_Load,35.24
5461,12,33.52,0,0.04,93.34,100,55800,Weekday,Wednesday,Medium_Load,87.16
5462,10,2.2,8.64,0,97.88,77.25,66600,Weekend,Saturday,Medium_Load,10.51
5463,7,4.79,0,0,60.82,100,27900,Weekend,Sunday,Light_Load,3.67
5464,12,0.07,13.82,0.01,100,63.3,47700,Weekend,Saturday,Medium_Load,11.3
5465,2,3.56,0,0,74.37,100,25200,Weekend,Saturday,Light_Load,3.96
5466,5,0,15.84,0,100,21.34,78300,Weekend,Sunday,Medium_Load,3.46
5467,1,59.69,0,0.05,85.74,100,29700,Weekday,Tuesday,Light_Load,99.43
5468,3,2.48,0,0,78.09,100,18000,Weekday,Thursday,Light_Load,3.1
5469,8,5.29,0,0,45.46,100,2700,Weekday,Thursday,Light_Load,2.7
5470,2,8.32,18.25,0.01,91.49,71.86,44100,Weekday,Thursday,Medium_Load,18.86
5471,3,3.53,0,0,81.14,100,4500,Weekday,Friday,Light_Load,4.9
5472,3,26.39,0,0.03,91.58,100,52200,Weekday,Tuesday,Maximum_Load,60.16
5473,7,3.74,0,0,60.07,100,20700,Weekend,Sunday,Light_Load,2.81
5474,1,15.73,0.32,0.03,97.72,100,75600,Weekday,Thursday,Medium_Load,72.43
5475,7,0,17.78,0,100,23.82,77400,Weekday,Friday,Medium_Load,4.36
5476,9,0,11.77,0,100,27.6,45900,Weekend,Saturday,Medium_Load,3.38
5477,6,0,23.15,0,100,30.78,50400,Weekday,Wednesday,Maximum_Load,7.49
5478,1,35.89,0,0.03,86.93,100,12600,Weekday,Friday,Light_Load,63.11
5479,4,4,0,0,61.63,100,10800,Weekday,Monday,Light_Load,3.13
5480,9,0,11.3,0,100,24.13,79200,Weekend,Saturday,Medium_Load,2.81
5481,2,7.34,1.8,0.03,99.38,99.96,71100,Weekday,Wednesday,Maximum_Load,65.41
5482,4,4.14,0,0,56.16,100,83700,Weekend,Sunday,Light_Load,2.81
5483,12,3.6,0,0,69.29,100,27900,Weekend,Sunday,Light_Load,3.46
5484,7,0,23.72,0,100,15.74,63000,Weekend,Saturday,Medium_Load,3.78
5485,4,0,9.4,0,100,37.65,65700,Weekend,Sunday,Medium_Load,3.82
5486,2,12.67,0.04,0.04,98.99,100,33300,Weekend,Saturday,Medium_Load,88.38
5487,7,18.4,0,0.02,89.88,100,49500,Weekend,Saturday,Maximum_Load,37.73
5488,2,13.28,0,0.01,76.19,100,4500,Weekend,Sunday,Light_Load,15.62
5489,3,33.16,0,0.03,91.06,100,51300,Weekday,Thursday,Maximum_Load,73.04
5490,3,0,26.96,0,100,19.15,72000,Weekday,Wednesday,Medium_Load,5.26
5491,9,19.04,0,0.02,90.12,100,36000,Weekday,Friday,Medium_Load,39.6
5492,12,3.13,0.07,0,76.09,99.98,4500,Weekday,Thursday,Light_Load,3.67
5493,4,4.32,0,0,66.53,100,27000,Weekday,Monday,Light_Load,3.85
5494,2,3.64,0,0,74.21,100,27000,Weekend,Saturday,Light_Load,4.03
5495,1,3.89,0,0,76.15,100,25200,Weekday,Tuesday,Light_Load,4.57
5496,9,5.11,0,0,48.58,100,13500,Weekday,Friday,Light_Load,2.84
5497,1,37.4,0,0.03,86.72,100,41400,Weekday,Tuesday,Maximum_Load,65.12
5498,12,21.64,0,0.03,93.26,100,36900,Weekday,Friday,Maximum_Load,55.91
5499,2,41.54,0,0.04,90.15,100,3600,Weekday,Wednesday,Light_Load,86.51
5500,7,0,4.64,0,100,52.74,0,Weekend,Sunday,Light_Load,2.88
5501,12,5.15,4.21,0.02,98.96,99.3,43200,Weekday,Monday,Maximum_Load,35.35
5502,10,5.04,0,0,46.68,100,6300,Weekday,Monday,Light_Load,2.66
5503,11,7.99,0,0,51.97,100,82800,Weekday,Monday,Maximum_Load,4.86
5504,4,31.72,0,0.02,81.49,100,66600,Weekday,Tuesday,Medium_Load,44.6
5505,3,5.04,0,0,61.1,100,900,Weekday,Thursday,Light_Load,3.89
5506,2,0.11,5,0.02,100,99.01,78300,Weekday,Friday,Medium_Load,35.32
5507,10,0,11.16,0,100,26.44,53100,Weekend,Sunday,Light_Load,3.06
5508,8,11.95,0,0.02,96.85,100,55800,Weekday,Monday,Maximum_Load,46.51
5509,7,29.16,0,0.03,89,100,67500,Weekday,Thursday,Medium_Load,56.92
5510,7,0,4.72,0,100,53,7200,Weekday,Monday,Light_Load,2.95
5511,2,26.17,0,0.03,94.31,100,52200,Weekday,Friday,Medium_Load,74.2
5512,1,0,24.73,0.01,100,44.24,46800,Weekday,Friday,Medium_Load,12.2
5513,5,0,17.14,0,100,18.19,35100,Weekend,Sunday,Light_Load,3.17
5514,1,4.21,0,0,73.84,100,10800,Weekday,Thursday,Light_Load,4.61
5515,7,16.34,0,0.02,95.19,100,37800,Weekday,Monday,Maximum_Load,50.76
5516,7,0,17.46,0,100,16.88,62100,Weekend,Sunday,Light_Load,2.99
5517,3,3.82,0,0,63.38,100,81000,Weekend,Sunday,Medium_Load,3.13
5518,9,0,11.99,0,100,22.82,78300,Weekend,Saturday,Medium_Load,2.81
5519,5,27.36,0,0.03,90.54,100,51300,Weekday,Tuesday,Maximum_Load,58.36
5520,11,4.21,0,0,55.92,100,23400,Weekday,Friday,Light_Load,2.84
5521,5,37.44,0,0.03,83.32,100,43200,Weekday,Thursday,Maximum_Load,56.41
5522,11,4.79,0,0,64.1,100,2700,Weekday,Friday,Light_Load,4
5523,7,18.25,0,0.03,95.85,100,74700,Weekday,Monday,Medium_Load,61.38
5524,1,29.38,0,0.03,91.27,100,68400,Weekday,Monday,Maximum_Load,65.63
5525,5,5.36,0,0,57.22,100,6300,Weekday,Thursday,Light_Load,3.74
5526,11,36.04,0,0.05,94.72,100,39600,Weekend,Saturday,Maximum_Load,106.49
5527,5,41.04,0,0.03,86.18,100,60300,Weekday,Monday,Maximum_Load,69.73
5528,9,2.88,1.91,0,68.93,82.04,31500,Weekday,Monday,Light_Load,2.74
5529,5,3.92,0,0,60.13,100,31500,Weekend,Sunday,Light_Load,2.95
5530,11,3.1,0,0,66.23,100,22500,Weekday,Monday,Light_Load,2.74
5531,2,3.71,0,0,64.12,100,4500,Weekend,Sunday,Light_Load,3.1
5532,6,4.25,0,0,55.15,100,13500,Weekday,Thursday,Light_Load,2.81
5533,5,5.11,0,0,50.88,100,9000,Weekday,Tuesday,Light_Load,3.02
5534,5,33.95,0,0.04,94.24,100,35100,Weekday,Wednesday,Medium_Load,95.65
5535,6,0,5.08,0,100,57.82,65700,Weekend,Saturday,Light_Load,3.6
5536,8,4.18,0,0,53.25,100,17100,Weekday,Friday,Light_Load,2.63
5537,12,2.88,0,0,86.03,100,85500,Weekday,Friday,Light_Load,4.86
5538,3,0,5.22,0,100,47.79,41400,Weekend,Saturday,Light_Load,2.84
5539,6,5.26,0,0,49.79,100,12600,Weekday,Wednesday,Light_Load,3.02
5540,9,5.15,0,0,49.32,100,22500,Weekday,Wednesday,Light_Load,2.92
5541,9,5.87,0,0,47.86,100,12600,Weekday,Wednesday,Light_Load,3.2
5542,10,6.16,0,0,44.49,100,13500,Weekday,Thursday,Light_Load,3.06
5543,11,4.72,0,0,55.27,100,85500,Weekend,Saturday,Light_Load,3.13
5544,7,0,4.68,0,100,53.32,1800,Weekday,Monday,Light_Load,2.95
5545,3,0,24.8,0,100,28.77,78300,Weekday,Monday,Medium_Load,7.45
5546,10,5.58,0,0,46.37,100,17100,Weekday,Monday,Light_Load,2.92
5547,1,0,19.91,0,100,24.72,44100,Weekend,Sunday,Light_Load,5.08
5548,5,4.46,0,0,58.3,100,4500,Weekday,Tuesday,Light_Load,3.2
5549,7,3.78,0,0,57.55,100,83700,Weekday,Wednesday,Light_Load,2.66
5550,2,8.93,0,0.02,98.34,100,48600,Weekday,Friday,Medium_Load,48.42
5551,6,0,17.93,0,100,20.26,73800,Weekend,Saturday,Light_Load,3.71
5552,12,3.74,0.04,0,73.04,100,84600,Weekday,Thursday,Light_Load,4
5553,2,4.43,0,0,69.48,100,12600,Weekday,Monday,Light_Load,4.28
5554,7,5,0,0,48.46,100,19800,Weekday,Monday,Light_Load,2.77
5555,5,13.25,0,0.02,95.6,100,54900,Weekday,Friday,Maximum_Load,43.2
5556,6,48.17,0,0.05,91.48,100,34200,Weekday,Wednesday,Medium_Load,109.08
5557,11,4.82,0,0,64.52,100,15300,Weekday,Thursday,Light_Load,4.07
5558,2,4.64,0,0,82.76,100,28800,Weekday,Tuesday,Light_Load,6.84
5559,2,0,20.63,0,100,24.04,46800,Weekend,Sunday,Light_Load,5.11
5560,9,6.8,0.61,0.01,97.39,99.98,64800,Weekday,Thursday,Medium_Load,29.2
5561,9,4.46,0,0,49.78,100,9000,Weekend,Sunday,Light_Load,2.56
5562,8,5.83,0,0,42.53,100,30600,Weekday,Friday,Light_Load,2.74
5563,4,3.96,0,0,62.01,100,12600,Weekend,Sunday,Light_Load,3.13
5564,2,29.52,0,0.04,94.93,100,38700,Weekday,Thursday,Maximum_Load,89.1
5565,2,37.94,0,0.03,85.87,100,3600,Weekend,Saturday,Light_Load,63.58
5566,2,5.18,0,0,75.96,100,10800,Weekend,Saturday,Light_Load,6.05
5567,11,24.08,0,0.02,91.11,100,48600,Weekday,Tuesday,Medium_Load,53.24
5568,2,21.53,0,0.03,95.17,100,63000,Weekday,Monday,Maximum_Load,66.71
5569,9,6.01,0,0,42.35,100,12600,Weekday,Thursday,Light_Load,2.81
5570,8,38.48,0,0.04,91.11,100,67500,Weekday,Tuesday,Medium_Load,85.03
5571,4,3.92,0.58,0.02,99.52,99.99,72900,Weekday,Thursday,Medium_Load,39.82
5572,10,0,17.82,0,100,19.22,77400,Weekend,Saturday,Medium_Load,3.49
5573,2,56.52,0,0.06,91.8,100,69300,Weekday,Thursday,Maximum_Load,130.86
5574,7,15.73,0.04,0.02,94.14,100,67500,Weekday,Wednesday,Medium_Load,43.92
5575,11,15.23,0,0.01,84.04,100,6300,Weekday,Wednesday,Light_Load,23.62
5576,5,4.14,0,0,64.13,100,7200,Weekend,Sunday,Light_Load,3.46
5577,8,0,12.78,0,100,28.09,79200,Weekday,Wednesday,Medium_Load,3.74
5578,10,40.1,0,0.03,85.47,100,48600,Weekday,Friday,Maximum_Load,66.02
5579,1,26.89,0,0.03,94.07,100,62100,Weekday,Wednesday,Maximum_Load,74.59
5580,5,5.54,0,0,49.19,100,20700,Weekday,Thursday,Light_Load,3.13
5581,6,3.38,0,0,60.38,100,17100,Weekend,Sunday,Light_Load,2.56
5582,11,5.9,0,0,48.93,100,18900,Weekend,Sunday,Light_Load,3.31
5583,12,0.65,16.02,0.01,99.85,59.34,43200,Weekend,Sunday,Maximum_Load,11.81
5584,12,3.06,0.18,0,78.28,99.89,25200,Weekday,Wednesday,Light_Load,3.85
5585,2,0,26.5,0,100,16.99,55800,Weekend,Saturday,Light_Load,4.57
5586,5,5.11,0,0,53.07,100,5400,Weekday,Thursday,Light_Load,3.2
5587,7,0,5.22,0,100,54.35,0,Weekday,Wednesday,Light_Load,3.38
5588,2,0,26.17,0,100,18.66,49500,Weekend,Sunday,Light_Load,4.97
5589,12,0,14.08,0,100,23.15,59400,Weekend,Sunday,Light_Load,3.35
5590,8,4.75,0,0,65.34,100,27900,Weekday,Thursday,Light_Load,4.1
5591,7,4.75,0,0,64.03,100,28800,Weekday,Friday,Light_Load,3.96
5592,1,50.62,0,0.06,92.2,100,70200,Weekday,Friday,Maximum_Load,120.53
5593,12,3.17,0.11,0,76.28,99.96,900,Weekend,Sunday,Light_Load,3.74
5594,12,0,11.41,0,100,40.67,65700,Weekday,Friday,Maximum_Load,5.08
5595,1,6.26,0,0,60.77,100,81000,Weekday,Monday,Maximum_Load,4.79
5596,6,0,17.46,0,100,16.49,74700,Weekend,Saturday,Medium_Load,2.92
5597,11,34.63,0,0.03,86.73,100,49500,Weekday,Tuesday,Medium_Load,60.34
5598,12,2.74,0,0,78.04,100,17100,Weekend,Saturday,Light_Load,3.42
5599,12,18.25,0.11,0.02,94.55,100,63000,Weekday,Monday,Maximum_Load,52.99
5600,10,12.56,0,0.02,95.39,100,32400,Weekend,Saturday,Light_Load,39.92
5601,3,5.72,0,0,63.32,100,11700,Weekday,Tuesday,Light_Load,4.68
5602,3,4,0,0,60.76,100,18000,Weekday,Monday,Light_Load,3.06
5603,1,29.45,0,0.02,81.77,100,27000,Weekday,Tuesday,Light_Load,41.83
5604,9,4.72,0,0,49.1,100,2700,Weekend,Sunday,Light_Load,2.66
5605,7,37.12,0,0.05,94.07,100,61200,Weekday,Friday,Maximum_Load,102.89
5606,3,0.72,4.43,0.02,99.98,99.15,75600,Weekday,Tuesday,Medium_Load,33.84
5607,8,4.25,0,0,57.02,100,10800,Weekday,Wednesday,Light_Load,2.95
5608,12,2.09,0.14,0,82.58,99.9,13500,Weekend,Sunday,Light_Load,3.06
5609,5,5.18,0,0,50.37,100,5400,Weekday,Tuesday,Light_Load,3.02
5610,2,0,17.53,0,100,19.53,52200,Weekend,Sunday,Light_Load,3.49
5611,3,3.13,0,0,69.43,100,21600,Weekday,Wednesday,Light_Load,3.02
5612,9,32.69,0,0.03,86.54,100,42300,Weekday,Thursday,Maximum_Load,56.45
5613,7,12.74,0,0.04,98.88,100,56700,Weekend,Saturday,Maximum_Load,84.28
5614,10,4.9,0,0,50.15,100,25200,Weekend,Saturday,Light_Load,2.84
5615,3,42.52,0,0.02,76.84,100,31500,Weekday,Wednesday,Light_Load,51.05
5616,2,4.36,0,0,70.71,100,21600,Weekday,Monday,Light_Load,4.36
5617,5,41.51,0,0.05,92.82,100,62100,Weekday,Wednesday,Medium_Load,103.57
5618,7,4.9,0,0,51.19,100,22500,Weekday,Monday,Light_Load,2.92
5619,11,0.4,1.26,0.01,99.99,99.92,56700,Weekend,Saturday,Medium_Load,30.96
5620,8,36.65,0,0.03,89.73,100,51300,Weekday,Tuesday,Maximum_Load,74.48
5621,1,38.77,0,0.04,90.14,100,32400,Weekday,Friday,Light_Load,80.71
5622,6,28.04,0,0.04,95.72,100,38700,Weekday,Thursday,Maximum_Load,92.74
5623,2,3.67,0,0,73.35,100,17100,Weekday,Thursday,Light_Load,3.96
5624,6,0.5,1.62,0.01,99.98,99.84,55800,Weekend,Sunday,Maximum_Load,28.19
5625,1,5.58,0,0,64.58,100,3600,Weekday,Friday,Light_Load,4.72
5626,5,3.82,0,0,60.2,100,29700,Weekend,Sunday,Light_Load,2.88
5627,3,20.2,0.61,0.02,87.91,99.99,65700,Weekday,Tuesday,Medium_Load,37.26
5628,12,45.58,0,0.05,91.8,100,53100,Weekday,Wednesday,Medium_Load,105.48
5629,3,23.11,0,0.05,97.39,100,34200,Weekday,Monday,Medium_Load,99.25
5630,8,4,0,0,54.35,100,84600,Weekday,Tuesday,Light_Load,2.59
5631,1,0,17.5,0,100,19.4,53100,Weekend,Saturday,Light_Load,3.46
5632,6,63.5,0,0.05,85.16,100,43200,Weekday,Wednesday,Maximum_Load,103.18
5633,10,53.71,0,0.05,90.05,100,42300,Weekday,Monday,Maximum_Load,111.2
5634,4,5.26,0,0,58.36,100,7200,Weekday,Wednesday,Light_Load,3.78
5635,6,58.46,0,0.03,68.81,100,31500,Weekday,Monday,Light_Load,55.44
5636,11,0,20.3,0,100,34.17,70200,Weekday,Tuesday,Maximum_Load,7.38
5637,5,0,16.88,0,100,18.23,55800,Weekend,Sunday,Light_Load,3.13
5638,8,5.36,0,0,45.52,100,26100,Weekday,Monday,Light_Load,2.74
5639,9,5.44,0,0,47.67,100,3600,Weekday,Tuesday,Light_Load,2.95
5640,3,3.13,0,0,75.47,100,81900,Weekday,Thursday,Medium_Load,3.6
5641,5,0,17.93,0,100,17.41,49500,Weekday,Tuesday,Light_Load,3.17
5642,10,0,17.89,0,100,24.6,62100,Weekend,Saturday,Medium_Load,4.54
5643,4,0,16.24,0,100,19.16,59400,Weekend,Sunday,Light_Load,3.17
5644,1,4.82,0,0,65.78,100,11700,Weekend,Sunday,Light_Load,4.21
5645,5,5.18,0,0,52.2,100,9900,Weekday,Thursday,Light_Load,3.17
5646,4,33.23,0,0.03,89.52,100,62100,Weekday,Thursday,Medium_Load,66.74
5647,3,0,5.9,0,100,84.77,41400,Weekend,Saturday,Maximum_Load,9.43
5648,2,0,16.63,0,100,20.54,46800,Weekend,Sunday,Light_Load,3.49
5649,2,5.65,0,0,72.46,100,900,Weekday,Wednesday,Light_Load,5.94
5650,6,45.47,0,0.04,90.24,100,32400,Weekday,Thursday,Light_Load,95.22
5651,3,2.27,12.78,0,88.34,31.76,80100,Weekday,Wednesday,Medium_Load,4.28
5652,10,21.49,0.47,0.02,88.67,99.99,43200,Weekend,Saturday,Maximum_Load,41.22
5653,4,39.56,0,0.05,94.07,100,59400,Weekday,Tuesday,Maximum_Load,109.66
5654,4,41.15,0,0.02,75.67,100,31500,Weekday,Friday,Light_Load,47.63
5655,6,37.8,0,0.02,77.75,100,43200,Weekday,Thursday,Maximum_Load,46.73
5656,7,5.04,0,0,47.22,100,23400,Weekend,Saturday,Light_Load,2.7
5657,1,32.4,0,0.03,92,100,56700,Weekday,Wednesday,Medium_Load,76.07
5658,5,0,25.92,0,100,15.51,78300,Weekday,Thursday,Medium_Load,4.07
5659,4,27.29,0,0.03,90.04,100,61200,Weekday,Wednesday,Maximum_Load,56.48
5660,7,0,22.54,0,100,33.41,76500,Weekday,Thursday,Medium_Load,7.99
5661,9,38.02,0,0.05,93.49,100,38700,Weekday,Friday,Maximum_Load,100.15
5662,5,0,17.1,0,100,18.23,34200,Weekend,Sunday,Light_Load,3.17
5663,7,0,26.39,0,100,14.58,68400,Weekend,Sunday,Medium_Load,3.89
5664,5,4,0,0,59.35,100,14400,Weekend,Saturday,Light_Load,2.95
5665,1,29.2,0,0.02,80.46,100,18900,Weekday,Tuesday,Light_Load,39.56
5666,5,4.03,0,0,58.67,100,81900,Weekend,Saturday,Light_Load,2.92
5667,9,4.68,0,0,57.74,100,14400,Weekday,Friday,Light_Load,3.31
5668,10,9.07,5.47,0.01,94.91,98.05,75600,Weekday,Monday,Medium_Load,27.32
5669,10,69.37,0,0.05,86.11,100,69300,Weekday,Tuesday,Medium_Load,117.47
5670,2,3.1,0,0,75.78,100,81900,Weekend,Saturday,Light_Load,3.6
5671,1,0.04,9.83,0.01,100,95.69,64800,Weekend,Saturday,Maximum_Load,32.4
5672,12,3.28,0.07,0,82.89,99.99,83700,Weekday,Friday,Light_Load,4.86
5673,1,38.52,0,0.05,93.69,100,72900,Weekday,Friday,Medium_Load,103.21
5674,5,4.39,0,0,62.23,100,22500,Weekday,Friday,Light_Load,3.49
5675,12,3.13,0,0,80.05,100,17100,Weekday,Tuesday,Light_Load,4.18
5676,7,31.93,0,0.04,92.62,100,33300,Weekday,Tuesday,Medium_Load,78.41
5677,9,18.94,0,0.02,92.97,100,35100,Weekend,Saturday,Medium_Load,47.81
5678,12,2.34,0.07,0,81.41,99.98,18900,Weekday,Friday,Light_Load,3.28
5679,11,2.92,0.04,0,76.42,99.99,7200,Weekend,Sunday,Light_Load,3.46
5680,5,24.55,0,0.02,89.68,100,38700,Weekday,Thursday,Maximum_Load,49.75
5681,11,55.58,0,0.06,90.9,100,48600,Weekday,Tuesday,Medium_Load,121.25
5682,10,36.25,0,0.03,83.32,100,40500,Weekday,Tuesday,Maximum_Load,54.61
5683,11,44.5,0,0.04,88.28,100,35100,Weekday,Friday,Medium_Load,83.63
5684,1,47.84,0,0.04,89.44,100,53100,Weekday,Wednesday,Medium_Load,95.65
5685,4,43.02,0,0.03,84.61,100,59400,Weekday,Thursday,Maximum_Load,68.29
5686,3,1.98,14.9,0,90.76,27.61,80100,Weekday,Tuesday,Medium_Load,4.28
5687,5,0,16.7,0,100,18.82,79200,Weekday,Tuesday,Light_Load,3.2
5688,4,4.39,0,0,53.91,100,81000,Weekend,Sunday,Light_Load,2.81
5689,5,0,26.32,0,100,14.36,71100,Weekday,Tuesday,Medium_Load,3.82
5690,1,0.72,1.94,0.02,99.98,99.89,60300,Weekend,Saturday,Medium_Load,41.29
5691,3,2.95,0,0,72.44,100,7200,Weekend,Sunday,Light_Load,3.1
5692,8,0,16.09,0,100,22.87,78300,Weekday,Thursday,Medium_Load,3.78
5693,4,8.03,18.65,0.01,92.17,71.51,44100,Weekday,Tuesday,Medium_Load,19.08
5694,4,2.81,0.58,0.02,99.76,99.99,68400,Weekday,Thursday,Medium_Load,40.39
5695,9,5,0,0,49.39,100,12600,Weekday,Friday,Light_Load,2.84
5696,5,3.67,0,0,63.16,100,15300,Weekday,Tuesday,Light_Load,2.99
5697,9,0.25,3.06,0.01,100,99.3,71100,Weekday,Monday,Medium_Load,25.67
5698,6,4.5,0,0,52.01,100,9000,Weekday,Tuesday,Light_Load,2.74
5699,8,6.01,0,0,43.7,100,18900,Weekday,Tuesday,Light_Load,2.92
5700,5,1.26,14.83,0,95.2,25.56,80100,Weekday,Wednesday,Medium_Load,3.92
5701,1,3.02,0,0,72.73,100,3600,Weekend,Sunday,Light_Load,3.2
5702,10,0,18.22,0,100,19.18,68400,Weekend,Saturday,Medium_Load,3.56
5703,5,0,5.44,0,100,49.51,65700,Weekday,Tuesday,Light_Load,3.1
5704,3,0,25.06,0,100,24.78,46800,Weekday,Tuesday,Medium_Load,6.41
5705,12,0,20.7,0,100,25.42,71100,Weekday,Wednesday,Maximum_Load,5.44
5706,8,10.98,7.24,0.01,93.93,97.22,47700,Weekday,Friday,Maximum_Load,30.06
5707,12,0,21.31,0,100,20.66,76500,Weekend,Sunday,Medium_Load,4.5
5708,8,0,13.43,0,100,23.73,79200,Weekday,Wednesday,Medium_Load,3.28
5709,9,59.08,0,0.05,89.52,100,58500,Weekday,Tuesday,Maximum_Load,118.69
5710,5,0,16.92,0,100,18.58,49500,Weekend,Sunday,Light_Load,3.2
5711,2,4.68,0,0,57.39,100,14400,Weekday,Thursday,Light_Load,3.28
5712,12,3.13,0.07,0,80.25,99.99,27900,Weekday,Thursday,Light_Load,4.21
5713,7,34.7,0,0.05,94.8,100,70200,Weekday,Tuesday,Medium_Load,103.36
5714,7,39.1,0,0.03,81.96,100,33300,Weekday,Wednesday,Medium_Load,55.94
5715,12,0.04,7.67,0.01,100,96,52200,Weekend,Saturday,Medium_Load,26.28
5716,2,44.17,0,0.04,89.27,100,81900,Weekday,Monday,Maximum_Load,87.52
5717,2,14.98,0,0.03,97.48,100,63000,Weekday,Tuesday,Maximum_Load,65.48
5718,10,5.62,0,0,46.11,100,23400,Weekend,Sunday,Light_Load,2.92
5719,1,0.86,2.27,0.02,99.98,99.83,78300,Weekday,Thursday,Medium_Load,39.28
5720,8,41.18,0,0.04,89.91,100,33300,Weekday,Wednesday,Medium_Load,84.56
5721,5,20.41,1.84,0.04,96.85,99.97,75600,Weekday,Monday,Medium_Load,79.38
5722,7,0,5,0,100,54.38,7200,Weekday,Wednesday,Light_Load,3.24
5723,2,5.18,0,0,74.58,100,27900,Weekday,Wednesday,Light_Load,5.8
5724,5,33.84,0,0.03,88.98,100,53100,Weekday,Wednesday,Maximum_Load,65.99
5725,5,14.8,0,0.04,98.69,100,49500,Weekday,Tuesday,Maximum_Load,90.68
5726,5,4.43,0,0,63.07,100,6300,Weekday,Tuesday,Light_Load,3.6
5727,11,24.52,0,0.03,92.88,100,59400,Weekday,Monday,Medium_Load,61.45
5728,2,9.29,0.76,0.03,99.26,100,34200,Weekend,Saturday,Medium_Load,76.03
5729,10,37.3,0,0.03,87.98,100,42300,Weekday,Tuesday,Maximum_Load,69.05
5730,11,14.94,0,0.03,96.76,100,35100,Weekend,Saturday,Medium_Load,57.24
5731,8,5.62,0,0,53.19,100,27000,Weekday,Monday,Light_Load,3.53
5732,12,3.74,0,0,69.75,100,24300,Weekday,Tuesday,Light_Load,3.64
5733,9,0,11.81,0,100,22.29,56700,Weekend,Sunday,Light_Load,2.7
5734,6,6.88,0,0,54.4,100,83700,Weekday,Thursday,Light_Load,4.46
5735,8,0,14.04,0,100,23.67,63900,Weekend,Saturday,Light_Load,3.42
5736,8,4.93,0,0,48.03,100,0,Weekend,Saturday,Light_Load,2.7
5737,10,44.17,0,0.03,81.35,100,70200,Weekday,Tuesday,Medium_Load,61.78
5738,7,3.71,0,0,66.57,100,85500,Weekday,Monday,Light_Load,3.31
5739,7,5.08,0,0,57.39,100,19800,Weekday,Thursday,Light_Load,3.56
5740,1,77.8,0,0.06,85.9,100,30600,Weekday,Monday,Light_Load,130.54
5741,5,42.48,0,0.03,85,100,49500,Weekday,Thursday,Maximum_Load,68.54
5742,7,5.83,0,0,53.27,100,81900,Weekday,Friday,Medium_Load,3.67
5743,6,24.19,0,0.02,89.81,100,61200,Weekday,Thursday,Maximum_Load,49.39
5744,2,10.37,3.28,0.02,95.95,99.57,80100,Weekday,Tuesday,Maximum_Load,35.32
5745,9,0,11.56,0,100,24.17,79200,Weekend,Sunday,Medium_Load,2.88
5746,10,6.01,0,0,45.84,100,18000,Weekday,Thursday,Light_Load,3.1
5747,9,4.5,0,0,49.45,100,11700,Weekend,Saturday,Light_Load,2.56
5748,12,0,14.9,0,100,23.73,54000,Weekend,Sunday,Light_Load,3.64
5749,2,5.08,0,0,71.19,100,16200,Weekday,Wednesday,Light_Load,5.15
5750,9,0,16.88,0,100,27.88,46800,Weekday,Wednesday,Medium_Load,4.9
5751,10,5.04,0,0,46.26,100,7200,Weekday,Monday,Light_Load,2.63
5752,9,15.26,0,0.02,91.8,100,72000,Weekday,Friday,Medium_Load,35.32
5753,9,40.75,0,0.05,93.55,100,33300,Weekday,Friday,Medium_Load,107.93
5754,3,0,24.37,0,100,18.16,76500,Weekday,Wednesday,Medium_Load,4.5
5755,12,0,14.11,0,100,24.46,36000,Weekend,Sunday,Light_Load,3.56
5756,11,0,15.98,0,100,40.89,61200,Weekend,Sunday,Medium_Load,7.16
5757,3,0.5,9.11,0.01,99.99,95.95,47700,Weekday,Friday,Maximum_Load,31.03
5758,2,3.53,0,0,74.05,100,6300,Weekday,Monday,Light_Load,3.89
5759,2,4.86,0,0,76.43,100,82800,Weekday,Monday,Maximum_Load,5.76
5760,2,5.29,0,0,57.42,100,15300,Weekend,Saturday,Light_Load,3.71
5761,3,3.46,0,0,66.73,100,12600,Weekend,Sunday,Light_Load,3.1
5762,1,0,25.67,0,100,19.52,47700,Weekend,Sunday,Light_Load,5.11
5763,12,0,21.6,0,100,24.42,78300,Weekday,Friday,Medium_Load,5.44
5764,10,0,17.57,0,100,20.45,72900,Weekend,Saturday,Medium_Load,3.67
5765,12,0,21.17,0,100,18.7,50400,Weekend,Sunday,Light_Load,4.03
5766,4,5.11,0,0,53.07,100,24300,Weekday,Friday,Light_Load,3.2
5767,9,6.73,0,0,40.15,100,83700,Weekend,Saturday,Light_Load,2.95
5768,10,6.95,0,0,44.15,100,28800,Weekend,Sunday,Light_Load,3.42
5769,6,5.65,0,0,45.91,100,27900,Weekend,Saturday,Light_Load,2.92
5770,10,23.4,0,0.02,89.51,100,61200,Weekday,Friday,Maximum_Load,46.98
5771,8,33.62,0,0.03,87.24,100,35100,Weekday,Wednesday,Medium_Load,60.01
5772,1,12.28,0,0.04,98.99,100,79200,Weekday,Thursday,Medium_Load,85.82
5773,8,4.93,0,0,51.35,100,7200,Weekday,Monday,Light_Load,2.95
5774,10,4.61,0,0,51.09,100,6300,Weekend,Sunday,Light_Load,2.74
5775,11,37.84,0,0.04,90.45,100,55800,Weekday,Thursday,Medium_Load,80.24
5776,2,0.47,3.49,0.02,99.99,99.6,71100,Weekend,Saturday,Maximum_Load,38.84
5777,4,0,21.38,0.01,100,46.5,76500,Weekday,Thursday,Medium_Load,11.23
5778,3,0,25.2,0,100,13.87,54900,Weekend,Saturday,Light_Load,3.53
5779,5,3.71,0,0,70.71,100,1800,Weekday,Thursday,Light_Load,3.71
5780,7,29.45,0,0.03,89.17,100,61200,Weekday,Monday,Maximum_Load,58.03
5781,9,0,9.97,0,100,38.03,45900,Weekend,Sunday,Medium_Load,4.1
5782,9,0,18.5,0,100,19.31,73800,Weekend,Sunday,Medium_Load,3.64
5783,2,52.88,0,0.04,85.01,100,36900,Weekday,Friday,Maximum_Load,85.36
5784,7,0,16.96,0,100,17.53,52200,Weekend,Sunday,Light_Load,3.02
5785,3,3.53,0,0,72.72,100,0,Weekday,Friday,Light_Load,3.74
5786,1,5.33,0,0,73.4,100,13500,Weekday,Tuesday,Light_Load,5.76
5787,7,0,4.36,0,100,57.95,3600,Weekday,Monday,Light_Load,3.1
5788,1,5.29,0,0,62.63,100,27900,Weekend,Sunday,Light_Load,4.25
5789,3,4.75,0,0,61.14,100,19800,Weekday,Thursday,Light_Load,3.67
5790,6,5,0,0,48.99,100,30600,Weekend,Sunday,Light_Load,2.81
5791,3,13.21,0,0.02,96.75,100,49500,Weekday,Wednesday,Maximum_Load,50.54
5792,2,31.28,0,0.04,94,100,36000,Weekday,Thursday,Medium_Load,86.15
5793,10,0,16.56,0,100,18.8,34200,Weekend,Sunday,Light_Load,3.17
5794,5,4.75,0,0,54.16,100,9000,Weekday,Wednesday,Light_Load,3.06
5795,6,5.62,0,0,47.34,100,3600,Weekday,Friday,Light_Load,3.02
5796,5,4.43,0,0,60.32,100,22500,Weekend,Sunday,Light_Load,3.35
5797,1,4.54,0,0,70.94,100,15300,Weekday,Wednesday,Light_Load,4.57
5798,11,5.83,0,0,49.03,100,12600,Weekend,Sunday,Light_Load,3.28
5799,8,46.84,0,0.05,91.18,100,51300,Weekday,Wednesday,Maximum_Load,104
5800,2,17.1,0,0.03,96.57,100,36900,Weekday,Tuesday,Maximum_Load,63.58
5801,2,0,17.39,0,100,18.92,37800,Weekday,Thursday,Light_Load,3.35
5802,1,5.22,0,0,67.61,100,20700,Weekday,Monday,Light_Load,4.79
5803,6,21.28,0,0.03,93.74,100,58500,Weekday,Thursday,Maximum_Load,57.28
5804,1,4.07,0,0,74.96,100,85500,Weekend,Saturday,Light_Load,4.61
5805,1,1.48,13.36,0,93.25,27.49,80100,Weekend,Sunday,Light_Load,3.82
5806,7,2.92,7.13,0.01,99.48,97.03,47700,Weekday,Thursday,Maximum_Load,28.62
5807,6,5.76,0,0,56.26,100,27000,Weekday,Wednesday,Light_Load,3.92
5808,10,5.26,0,0,47.51,100,13500,Weekend,Sunday,Light_Load,2.84
5809,10,5.26,0,0,47.12,100,9000,Weekday,Monday,Light_Load,2.81
5810,12,2.84,0.29,0,82.01,99.75,27000,Weekday,Wednesday,Light_Load,4.07
5811,11,28.01,0,0.02,87.73,100,51300,Weekday,Tuesday,Medium_Load,51.19
5812,1,3.64,0,0,73.28,100,19800,Weekday,Tuesday,Light_Load,3.92
5813,7,53.39,0,0.03,79.35,100,41400,Weekday,Monday,Maximum_Load,69.62
5814,5,65.66,0,0.03,70.9,100,31500,Weekday,Thursday,Light_Load,66.02
5815,7,1.94,1.58,0.02,99.82,99.88,53100,Weekend,Sunday,Maximum_Load,32.72
5816,2,0,27.11,0,100,22.16,45000,Weekday,Monday,Medium_Load,6.16
5817,6,27.14,0,0.02,85.79,100,43200,Weekday,Thursday,Maximum_Load,45.32
5818,3,45.54,0,0.05,92.08,100,51300,Weekday,Tuesday,Maximum_Load,107.5
5819,1,41.15,0,0.05,94.06,100,63000,Weekday,Wednesday,Maximum_Load,114.01
5820,7,0,7.24,0,100,42.3,45900,Weekend,Sunday,Light_Load,3.38
5821,8,0,13.43,0,100,27.36,78300,Weekday,Wednesday,Medium_Load,3.82
5822,9,4.9,0,0,46.31,100,16200,Weekday,Tuesday,Light_Load,2.56
5823,8,4.97,0,0,47.19,100,10800,Weekday,Monday,Light_Load,2.66
5824,1,48.85,0,0.04,88.23,100,32400,Weekday,Tuesday,Light_Load,91.58
5825,7,0,16.42,0,100,18.09,75600,Weekend,Sunday,Medium_Load,3.02
5826,8,4.86,0,0,51.5,100,9000,Weekday,Monday,Light_Load,2.92
5827,6,24.7,0,0.02,90.82,100,54000,Weekday,Thursday,Maximum_Load,53.6
5828,1,0,25.78,0,100,19.99,78300,Weekday,Thursday,Medium_Load,5.26
5829,2,23.94,0,0.02,80.7,100,82800,Weekday,Wednesday,Maximum_Load,32.72
5830,10,5.87,0,0,45.39,100,21600,Weekday,Friday,Light_Load,2.99
5831,7,21.35,1.58,0.02,91.61,99.95,65700,Weekday,Wednesday,Medium_Load,48.78
5832,12,0,21.06,0,100,19.78,48600,Weekend,Saturday,Light_Load,4.25
5833,6,19.51,0,0.02,93.61,100,35100,Weekday,Tuesday,Medium_Load,51.91
5834,8,0,16.31,0,100,18.03,47700,Weekend,Sunday,Light_Load,2.99
5835,12,9.14,0.04,0.02,98.18,100,58500,Weekday,Monday,Medium_Load,47.2
5836,10,4.21,0,0,57.39,100,15300,Weekday,Wednesday,Light_Load,2.95
5837,1,0,16.85,0,100,20.67,62100,Weekend,Sunday,Light_Load,3.56
5838,10,42.48,0,0.04,88.85,100,67500,Weekday,Monday,Medium_Load,82.26
5839,8,4.28,0,0,52.35,100,30600,Weekday,Thursday,Light_Load,2.63
5840,10,33.05,0,0.03,85.64,100,49500,Weekday,Tuesday,Maximum_Load,54.83
5841,6,5.04,0,0,49.61,100,9900,Weekend,Saturday,Light_Load,2.88
5842,4,7.74,12.31,0.01,91.63,82.11,44100,Weekday,Thursday,Medium_Load,17.71
5843,2,41.47,0,0.04,90.68,100,84600,Weekday,Friday,Light_Load,89.21
5844,8,5.18,0,0,49.11,100,3600,Weekday,Thursday,Light_Load,2.92
5845,3,2.92,0,0,71.54,100,85500,Weekend,Saturday,Light_Load,2.99
5846,4,4.14,0,0,56.16,100,19800,Weekday,Monday,Light_Load,2.81
5847,9,6.91,0,0,40.93,100,3600,Weekday,Thursday,Light_Load,3.1
5848,9,19.69,0,0.02,90.19,100,72000,Weekday,Thursday,Medium_Load,41.11
5849,12,2.66,0.32,0,82.06,99.65,18000,Weekday,Friday,Light_Load,3.82
5850,12,12.06,0.29,0.03,97.64,100,62100,Weekday,Thursday,Maximum_Load,54.58
5851,9,51.41,0,0.05,90.83,100,52200,Weekday,Monday,Maximum_Load,111.64
5852,11,4.18,0,0,59.94,100,20700,Weekend,Saturday,Light_Load,3.13
5853,12,2.38,0.11,0,80.94,99.94,23400,Weekday,Thursday,Light_Load,3.28
5854,8,28.15,0,0.02,86.58,100,68400,Weekday,Tuesday,Medium_Load,48.71
5855,6,1.62,0.61,0.02,99.89,99.98,70200,Weekday,Tuesday,Medium_Load,34.6
5856,12,2.84,0,0,76.93,100,20700,Weekend,Saturday,Light_Load,3.42
5857,2,20.3,0,0.03,95.03,100,63000,Weekday,Friday,Maximum_Load,61.96
5858,4,2.23,18.72,0,96.95,42.62,44100,Weekday,Wednesday,Medium_Load,8.82
5859,11,19.62,0,0.02,93.56,100,36900,Weekday,Monday,Maximum_Load,51.98
5860,10,19.8,0,0.02,91.44,100,34200,Weekend,Saturday,Medium_Load,44.71
5861,12,3.24,0.18,0,78.24,99.9,9000,Weekend,Saturday,Light_Load,4.07
5862,8,36.9,0,0.03,83.49,100,37800,Weekday,Monday,Maximum_Load,55.98
5863,4,0,24.98,0,100,15.23,75600,Weekend,Saturday,Medium_Load,3.85
5864,1,2.52,1.37,0,99.76,99.93,70200,Weekday,Tuesday,Maximum_Load,35.96
5865,10,49.64,0,0.05,90.13,100,38700,Weekday,Monday,Maximum_Load,103.25
5866,3,25.78,0,0.03,91.2,100,69300,Weekday,Tuesday,Medium_Load,57.31
5867,1,0.22,4.07,0.02,100,99.43,79200,Weekend,Saturday,Medium_Load,37.8
5868,7,3.78,0,0,68.97,100,83700,Weekday,Wednesday,Light_Load,3.6
5869,10,45.18,0,0.05,92.08,100,55800,Weekend,Saturday,Maximum_Load,106.67
5870,11,0,6.66,0.01,100,97.25,63900,Weekday,Tuesday,Maximum_Load,27.83
5871,11,2.63,0,0,73.37,100,12600,Weekend,Sunday,Light_Load,2.84
5872,3,2.77,0,0,76.4,100,22500,Weekday,Friday,Light_Load,3.28
5873,4,4.1,0,0,60.31,100,15300,Weekend,Saturday,Light_Load,3.1
5874,6,5.47,0,0,48.33,100,26100,Weekday,Friday,Light_Load,3.02
5875,3,4.64,0,0,62.04,100,83700,Weekday,Monday,Light_Load,3.67
5876,12,0,21.06,0,100,18.97,79200,Weekday,Wednesday,Medium_Load,4.07
5877,5,49.39,0,0.03,79.99,100,40500,Weekday,Friday,Maximum_Load,65.84
5878,1,31.46,0,0.02,79.7,100,5400,Weekday,Friday,Light_Load,41.51
5879,9,0,10.33,0,100,33.23,64800,Weekend,Sunday,Medium_Load,3.64
5880,9,23.47,0,0.02,87.3,100,68400,Weekday,Tuesday,Medium_Load,42.01
5881,6,4.39,0,0,53.91,100,81000,Weekend,Sunday,Medium_Load,2.81
5882,8,4.39,0,0,52.39,100,81900,Weekday,Wednesday,Medium_Load,2.7
5883,6,5.26,0,0,59.76,100,28800,Weekday,Thursday,Light_Load,3.92
5884,8,4.68,0,0,48.42,100,22500,Weekday,Monday,Light_Load,2.59
5885,1,56.05,0,0.05,89.78,100,40500,Weekday,Wednesday,Maximum_Load,114.23
5886,9,0,13.61,0,100,21.18,58500,Weekend,Sunday,Light_Load,2.95
5887,1,3.78,0,0,67.52,100,18900,Weekday,Tuesday,Light_Load,3.46
5888,11,0,15.05,0,100,20.8,73800,Weekend,Sunday,Light_Load,3.2
5889,12,2.12,0.11,0,81.85,99.93,24300,Weekday,Monday,Light_Load,3.02
5890,3,1.76,14.87,0,91.64,26.16,80100,Weekday,Tuesday,Medium_Load,4.03
5891,5,4.79,0,0,65.39,100,1800,Weekday,Friday,Light_Load,4.14
5892,11,0,20.77,0,100,24.55,78300,Weekday,Monday,Medium_Load,5.26
5893,1,39.1,0,0.05,94.14,100,61200,Weekday,Wednesday,Medium_Load,109.12
5894,12,31.46,0,0.03,88.18,100,51300,Weekday,Tuesday,Medium_Load,58.82
5895,8,24.41,0,0.02,89.2,100,54900,Weekday,Friday,Maximum_Load,48.17
5896,2,4.46,0,0,69.24,100,22500,Weekday,Friday,Light_Load,4.28
5897,6,3.46,0,0,59.93,100,7200,Weekend,Sunday,Light_Load,2.59
5898,6,15.01,6.26,0.02,93.65,98.8,47700,Weekday,Friday,Maximum_Load,40.07
5899,3,5.15,0,0,60.57,100,81900,Weekday,Tuesday,Medium_Load,3.92
5900,5,44.28,0,0.05,92.94,100,60300,Weekday,Wednesday,Maximum_Load,111.53
5901,1,26.32,0,0.03,93.93,100,58500,Weekday,Tuesday,Medium_Load,72.04
5902,10,44.21,0,0.03,83.5,100,39600,Weekday,Tuesday,Maximum_Load,67.1
5903,9,6.34,0,0,45.06,100,82800,Weekday,Monday,Light_Load,3.2
5904,7,45.07,0,0.03,80.42,100,42300,Weekday,Wednesday,Maximum_Load,60.98
5905,10,27.54,0,0.04,94.87,100,67500,Weekday,Wednesday,Medium_Load,82.62
5906,11,16.63,0,0.02,95.17,100,60300,Weekday,Monday,Medium_Load,51.52
5907,8,5.47,0,0,50.49,100,9900,Weekday,Thursday,Light_Load,3.2
5908,8,4.18,0,0,52.67,100,9900,Weekday,Tuesday,Light_Load,2.59
5909,3,0,8.96,0.01,100,95.94,63900,Weekday,Tuesday,Medium_Load,30.46
5910,4,4.14,0,0,61.16,100,24300,Weekday,Monday,Light_Load,3.2
5911,8,5.87,0,0,43.55,100,11700,Weekday,Friday,Light_Load,2.84
5912,11,7.24,0.14,0,47.33,99.94,80100,Weekday,Thursday,Maximum_Load,3.89
5913,4,15.88,0.07,0.04,98.45,100,34200,Weekend,Saturday,Medium_Load,89.21
5914,11,0,16.88,0,100,23.22,79200,Weekend,Saturday,Medium_Load,4.03
5915,2,5.18,0,0,70.51,100,20700,Weekday,Wednesday,Light_Load,5.15
5916,4,7.27,0.4,0.02,98.44,100,63900,Weekday,Wednesday,Medium_Load,40.68
5917,11,0,21.2,0,100,23.43,46800,Weekday,Monday,Medium_Load,5.11
5918,10,4.57,0,0,49.31,100,16200,Weekday,Tuesday,Light_Load,2.59
5919,10,18.36,0,0.02,90.13,100,49500,Weekday,Monday,Maximum_Load,38.2
5920,9,22.14,0,0.02,90.2,100,74700,Weekday,Wednesday,Medium_Load,46.26
5921,8,41.72,0,0.03,79.79,100,62100,Weekday,Thursday,Medium_Load,55.22
5922,12,38.3,0,0.03,88.03,100,38700,Weekday,Thursday,Maximum_Load,71.06
5923,2,18.36,0,0.03,96.27,100,65700,Weekday,Tuesday,Maximum_Load,65.34
5924,4,49.14,0,0.04,85.49,100,41400,Weekday,Wednesday,Maximum_Load,80.96
5925,11,0,19.58,0,100,18.28,48600,Weekend,Sunday,Light_Load,3.64
5926,10,5.72,0,0,47.17,100,19800,Weekday,Thursday,Light_Load,3.06
5927,1,46.3,0,0.04,89.93,100,83700,Weekday,Tuesday,Light_Load,95.22
5928,9,28.58,0,0.02,87.21,100,36900,Weekday,Thursday,Maximum_Load,50.94
5929,5,0,25.99,0,100,14.8,72900,Weekday,Thursday,Medium_Load,3.89
5930,2,34.45,0,0.04,93.88,100,34200,Weekday,Thursday,Medium_Load,93.85
5931,3,28.94,0,0.03,90.82,100,56700,Weekday,Wednesday,Maximum_Load,62.78
5932,1,0,10.91,0,100,39.92,65700,Weekend,Sunday,Light_Load,4.75
5933,4,31.79,0,0.03,89,100,32400,Weekday,Monday,Light_Load,62.06
5934,8,4.9,0,0,48.26,100,18000,Weekend,Sunday,Light_Load,2.7
5935,12,34.88,0,0.03,90,100,52200,Weekday,Tuesday,Medium_Load,72
5936,12,0,17.93,0.01,100,51.98,45000,Weekday,Thursday,Medium_Load,10.91
5937,8,0,7.85,0,100,32.09,65700,Weekend,Saturday,Light_Load,2.66
5938,2,5.98,0,0,70.23,100,12600,Weekday,Friday,Light_Load,5.9
5939,1,0,5.69,0,100,53.89,43200,Weekend,Sunday,Light_Load,3.64
5940,10,5.98,0,0,47.64,100,4500,Weekday,Tuesday,Light_Load,3.24
5941,5,0,23.54,0,100,15.57,78300,Weekday,Thursday,Medium_Load,3.71
5942,1,0.68,4.54,0.02,99.98,99.26,74700,Weekday,Wednesday,Medium_Load,37.01
5943,9,4.93,0,0,44.5,100,22500,Weekday,Thursday,Light_Load,2.45
5944,8,17.53,0,0.02,92.18,100,53100,Weekday,Tuesday,Maximum_Load,41.69
5945,10,4.79,0,0,55.55,100,10800,Weekday,Tuesday,Light_Load,3.2
5946,1,0,17.82,0,100,18.64,63900,Weekend,Saturday,Light_Load,3.38
5947,8,5.54,0,0,44.72,100,20700,Weekend,Sunday,Light_Load,2.77
5948,7,66.74,0,0.05,85.98,100,31500,Weekend,Sunday,Light_Load,112.36
5949,3,10.98,0,0.01,93.88,100,41400,Weekend,Sunday,Maximum_Load,29.92
5950,4,0,9.61,0.01,100,95.44,63900,Weekday,Friday,Medium_Load,30.74
5951,7,5.29,0,0,48.7,100,22500,Weekday,Tuesday,Light_Load,2.95
5952,4,0,25.74,0,100,15.88,64800,Weekend,Saturday,Medium_Load,4.14
5953,2,48.06,0,0.05,89.85,100,83700,Weekday,Tuesday,Light_Load,98.35
5954,12,2.92,0,0,76.05,100,14400,Weekday,Thursday,Light_Load,3.42
5955,9,16.74,0,0.02,91.76,100,68400,Weekday,Friday,Medium_Load,38.63
5956,8,0,16.6,0,100,17.32,63000,Weekday,Thursday,Light_Load,2.92
5957,2,43.78,0,0.04,87.41,100,53100,Weekday,Monday,Medium_Load,78.77
5958,12,24.95,0,0.03,92.38,100,70200,Weekday,Wednesday,Maximum_Load,60.19
5959,8,4.46,0,0,51.79,100,11700,Weekday,Wednesday,Light_Load,2.7
5960,5,5.22,0,0,51.06,100,81000,Weekday,Tuesday,Medium_Load,3.1
5961,11,0,13.93,0,100,22.39,75600,Weekend,Saturday,Light_Load,3.2
5962,10,0,11.59,0,100,22.69,52200,Weekend,Sunday,Light_Load,2.7
5963,4,3.1,0.47,0.02,99.75,99.99,70200,Weekday,Monday,Medium_Load,43.85
5964,11,6.8,0,0,51.36,100,27900,Weekend,Sunday,Light_Load,4.07
5965,1,50.51,0,0.05,90.63,100,40500,Weekday,Friday,Maximum_Load,108.29
5966,8,5.44,0,0,51.98,100,81900,Weekend,Sunday,Light_Load,3.31
5967,9,0,18.79,0,100,17.35,63900,Weekday,Friday,Medium_Load,3.31
5968,6,5.72,0,0,45.47,100,16200,Weekend,Saturday,Light_Load,2.92
5969,11,8.24,0,0.02,97.53,100,32400,Weekend,Sunday,Light_Load,36.4
5970,2,39.67,0,0.05,93.37,100,38700,Weekday,Monday,Maximum_Load,103.43
5971,6,0,16.6,0,100,18.36,63900,Weekday,Wednesday,Medium_Load,3.1
5972,8,35.14,0,0.03,86.54,100,53100,Weekday,Wednesday,Maximum_Load,60.7
5973,1,5.54,0,0,63.96,100,4500,Weekday,Tuesday,Light_Load,4.61
5974,4,4.86,0,0,60.68,100,6300,Weekday,Friday,Light_Load,3.71
5975,9,9.65,0,0.02,96.32,100,51300,Weekend,Saturday,Maximum_Load,34.6
5976,8,24.26,0,0.02,89.02,100,56700,Weekday,Tuesday,Maximum_Load,47.41
5977,4,47.63,0,0.03,81.31,100,51300,Weekday,Friday,Maximum_Load,66.53
5978,11,7.63,0,0,44.01,100,11700,Weekend,Saturday,Light_Load,3.74
5979,1,53.6,0,0.06,92.57,100,32400,Weekday,Thursday,Light_Load,131.18
5980,3,3.17,0,0,71.48,100,6300,Weekday,Wednesday,Light_Load,3.24
5981,5,3.74,0,0,61.01,100,84600,Weekend,Saturday,Light_Load,2.88
5982,7,32.18,0,0.03,87.63,100,58500,Weekday,Monday,Maximum_Load,58.54
5983,6,15.7,0,0.02,95.08,100,59400,Weekday,Thursday,Maximum_Load,48.17
5984,4,5,0,0,54.85,100,19800,Weekday,Wednesday,Light_Load,3.28
5985,7,0,24.48,0,100,19.47,46800,Weekday,Thursday,Medium_Load,4.86
5986,7,0,4.57,0,100,58.31,8100,Weekend,Sunday,Light_Load,3.28
5987,9,21.82,0,0.02,91.19,100,54000,Weekday,Wednesday,Maximum_Load,48.49
5988,1,39.24,0,0.05,94.07,100,54000,Weekday,Thursday,Medium_Load,108.83
5989,12,2.48,0.29,0,82.35,99.68,23400,Weekday,Monday,Light_Load,3.6
5990,10,55.84,0,0.03,72.48,100,30600,Weekday,Wednesday,Light_Load,58.75
5991,7,7.63,0,0.02,97.92,100,34200,Weekend,Saturday,Medium_Load,36.83
5992,9,0,17.14,0,100,23.85,78300,Weekday,Friday,Medium_Load,4.21
5993,6,5.47,0,0,47.09,100,3600,Weekday,Monday,Light_Load,2.92
5994,6,5.69,0,0,49.48,100,16200,Weekday,Tuesday,Light_Load,3.24
5995,8,0,16.16,0,100,24.82,78300,Weekday,Tuesday,Medium_Load,4.14
5996,9,20.02,0,0.02,89.16,100,67500,Weekday,Thursday,Medium_Load,39.42
5997,8,0,4.28,0,100,54.88,42300,Weekend,Sunday,Light_Load,2.81
5998,1,51.95,0,0.06,93.37,100,48600,Weekday,Thursday,Medium_Load,135.43
5999,7,0,11.48,0,100,24.33,67500,Weekend,Saturday,Medium_Load,2.88
6000,7,0,17.57,0,100,28.13,45900,Weekday,Friday,Medium_Load,5.15
6001,8,43.38,0,0.04,87.9,100,66600,Weekday,Friday,Medium_Load,79.96
6002,3,30.53,0,0.04,94.06,100,37800,Weekday,Tuesday,Maximum_Load,84.56
6003,5,4.21,0,0,55.52,100,19800,Weekday,Tuesday,Light_Load,2.81
6004,7,27.65,0,0.04,94.48,100,51300,Weekday,Tuesday,Maximum_Load,79.74
6005,4,5.04,0,0,56.15,100,17100,Weekend,Sunday,Light_Load,3.42
6006,3,20.09,0,0.03,94.41,100,39600,Weekday,Tuesday,Maximum_Load,57.53
6007,9,0,14.08,0,100,31.3,45900,Weekday,Friday,Medium_Load,4.64
6008,9,0,12.2,0,100,21.3,76500,Weekday,Friday,Medium_Load,2.66
6009,1,46.48,0,0.06,93.95,100,59400,Weekday,Tuesday,Medium_Load,127.48
6010,3,2.38,1.37,0.02,99.8,99.93,75600,Weekday,Thursday,Medium_Load,37.76
6011,2,35.53,0,0.02,82.14,100,81000,Weekday,Thursday,Maximum_Load,51.16
6012,5,5.26,0,0,48.54,100,26100,Weekday,Thursday,Light_Load,2.92
6013,11,60.37,0,0.05,87.79,100,48600,Weekday,Thursday,Medium_Load,110.66
6014,2,4.32,0,0,68.84,100,15300,Weekday,Wednesday,Light_Load,4.1
6015,11,4.46,0,0,54.78,100,4500,Weekday,Monday,Light_Load,2.92
6016,6,5.36,0,0,47.84,100,26100,Weekday,Monday,Light_Load,2.92
6017,4,0,16.34,0,100,19.05,54900,Weekend,Sunday,Light_Load,3.17
6018,10,29.52,0,0.02,85.24,100,54900,Weekday,Monday,Maximum_Load,48.13
6019,8,0,13.64,0,100,21.89,45000,Weekend,Sunday,Medium_Load,3.06
6020,2,0,8.68,0.02,100,97.03,71100,Weekday,Monday,Maximum_Load,34.81
6021,1,50.47,0,0.04,87.67,100,62100,Weekday,Tuesday,Maximum_Load,91.98
6022,12,0,20.38,0,100,19.4,44100,Weekday,Monday,Light_Load,4.03
6023,8,4.82,0,0,48.87,100,0,Weekend,Saturday,Light_Load,2.7
6024,10,7.13,0,0,44.37,100,8100,Weekday,Wednesday,Light_Load,3.53
6025,6,5.36,0,0,47.84,100,16200,Weekend,Saturday,Light_Load,2.92
6026,3,0,14.29,0.01,100,86.33,45000,Weekday,Tuesday,Medium_Load,24.44
6027,4,0,17.39,0,100,18.53,77400,Weekend,Sunday,Medium_Load,3.28
6028,6,0,16.31,0,100,18.44,68400,Weekend,Sunday,Light_Load,3.06
6029,12,0,10.66,0,100,29.08,64800,Weekend,Sunday,Light_Load,3.24
6030,7,64.73,0,0.04,82.32,100,31500,Weekday,Wednesday,Light_Load,93.85
6031,2,25.63,0,0.04,94.84,100,35100,Weekday,Monday,Medium_Load,76.64
6032,7,21.35,0,0.02,92.24,100,33300,Weekday,Monday,Medium_Load,50.98
6033,6,4.25,0,0,63.13,100,4500,Weekend,Sunday,Light_Load,3.46
6034,2,5.08,0,0,78.18,100,9900,Weekday,Friday,Light_Load,6.37
6035,6,5.04,0,0,50.13,100,8100,Weekend,Saturday,Light_Load,2.92
6036,12,0.43,3.85,0.01,99.99,99.19,73800,Weekday,Friday,Medium_Load,30.06
6037,2,3.74,19.04,0.01,97.22,63.18,44100,Weekday,Monday,Medium_Load,15.52
6038,12,2.59,0.43,0,82.77,99.37,84600,Weekday,Monday,Light_Load,3.82
6039,1,4.21,0,0,70.12,100,81900,Weekday,Friday,Maximum_Load,4.14
6040,6,57.56,0,0.05,88.73,100,54000,Weekday,Wednesday,Maximum_Load,110.74
6041,7,14.44,0,0.02,96.22,100,53100,Weekday,Friday,Maximum_Load,51.05
6042,10,0,18.11,0,100,19.5,72000,Weekend,Saturday,Medium_Load,3.6
6043,1,5.69,0,0,62.62,100,16200,Weekday,Tuesday,Light_Load,4.57
6044,1,4.68,0,0,70.41,100,2700,Weekday,Thursday,Light_Load,4.64
6045,10,14.29,0,0.02,95.09,100,36900,Weekend,Saturday,Maximum_Load,43.92
6046,9,32.8,0,0.03,91.28,100,54900,Weekday,Monday,Maximum_Load,73.33
6047,6,1.98,5.08,0.02,99.86,99.1,63900,Weekday,Monday,Medium_Load,37.58
6048,12,2.81,0.29,0,82.49,99.75,26100,Weekday,Wednesday,Light_Load,4.1
6049,8,4.36,0,0,54.17,100,10800,Weekday,Wednesday,Light_Load,2.81
6050,9,30.42,0,0.02,85.7,100,58500,Weekday,Wednesday,Maximum_Load,50.58
6051,10,6.41,0,0,49.69,100,1800,Weekday,Wednesday,Light_Load,3.67
6052,10,6.48,0,0,46.25,100,4500,Weekend,Sunday,Light_Load,3.38
6053,12,4.03,0.18,0.02,99.58,100,33300,Weekday,Friday,Medium_Load,43.78
6054,6,41.18,0,0.04,88.64,100,72000,Weekday,Tuesday,Medium_Load,78.84
6055,5,0,17.06,0,100,18.88,78300,Weekend,Sunday,Light_Load,3.28
6056,1,28.15,0,0.02,82.61,100,27900,Weekday,Tuesday,Light_Load,41.26
6057,4,14.29,0.65,0.02,92.11,99.98,65700,Weekday,Tuesday,Medium_Load,33.8
6058,1,0,25.78,0,100,19.44,49500,Weekend,Sunday,Light_Load,5.11
6059,9,0.76,2.09,0.01,99.96,99.7,51300,Weekday,Friday,Maximum_Load,27.07
6060,10,8.06,0,0,49.08,100,11700,Weekday,Friday,Light_Load,4.54
6061,11,2.99,0.07,0,76.57,99.98,10800,Weekend,Saturday,Light_Load,3.56
6062,5,8.86,1.22,0.03,99.17,99.98,52200,Weekday,Tuesday,Maximum_Load,68.26
6063,12,3.78,0,0,73.85,100,10800,Weekend,Sunday,Light_Load,4.14
6064,3,0,13.07,0.01,100,90.8,64800,Weekday,Thursday,Medium_Load,28.33
6065,9,6.01,0,0,46.65,100,16200,Weekend,Sunday,Light_Load,3.17
6066,9,0,11.74,0,100,22.73,57600,Weekend,Sunday,Light_Load,2.74
6067,6,27.9,0,0.03,89.81,100,49500,Weekday,Wednesday,Maximum_Load,56.99
6068,5,1.37,15.34,0,94.21,24.34,80100,Weekday,Monday,Medium_Load,3.85
6069,5,21.82,0,0.03,94.79,100,54000,Weekday,Thursday,Maximum_Load,64.91
6070,8,10.94,0.14,0.02,96.63,100,63000,Weekday,Thursday,Medium_Load,41.04
6071,1,18.25,0,0.03,95.31,100,54900,Weekday,Wednesday,Medium_Load,57.46
6072,3,0,26.21,0,100,17.18,77400,Weekday,Tuesday,Medium_Load,4.57
6073,12,0,21.31,0,100,20.18,79200,Weekday,Tuesday,Medium_Load,4.39
6074,12,3.24,0,0,72.6,100,18000,Weekday,Friday,Light_Load,3.42
6075,9,43.2,0,0.04,91.25,100,52200,Weekday,Friday,Maximum_Load,96.34
6076,8,0,18.97,0,100,29.24,35100,Weekend,Sunday,Medium_Load,5.8
6077,8,5.83,0,0,43.79,100,11700,Weekend,Sunday,Light_Load,2.84
6078,8,4.75,0,0,50.38,100,25200,Weekday,Monday,Light_Load,2.77
6079,1,27.54,0,0.02,79.8,100,13500,Weekday,Friday,Light_Load,36.47
6080,3,3.85,0,0,69.39,100,28800,Weekday,Thursday,Light_Load,3.71
6081,1,4.1,0.9,0.01,99.08,99.96,65700,Weekday,Wednesday,Maximum_Load,30.02
6082,7,0,16.74,0,100,16.96,69300,Weekday,Tuesday,Medium_Load,2.88
6083,5,25.99,0,0.03,93.25,100,72000,Weekday,Wednesday,Medium_Load,67.1
6084,10,30.28,0,0.02,83.41,100,70200,Weekday,Friday,Medium_Load,45.79
6085,6,4.43,0,0,55.43,100,10800,Weekday,Thursday,Light_Load,2.95
6086,10,0,11.34,0,100,25.5,70200,Weekend,Sunday,Light_Load,2.99
6087,9,0,10.51,0,100,29.79,40500,Weekend,Saturday,Light_Load,3.28
6088,12,4.1,0.36,0,70.1,99.6,80100,Weekday,Wednesday,Maximum_Load,4.03
6089,7,52.67,0,0.04,87.29,100,50400,Weekday,Tuesday,Maximum_Load,94.21
6090,11,22.25,0,0.03,92.94,100,62100,Weekday,Monday,Maximum_Load,56.05
6091,4,3.6,0,0,71.39,100,3600,Weekday,Wednesday,Light_Load,3.67
6092,9,7.31,0.11,0,43.08,99.95,80100,Weekday,Thursday,Medium_Load,3.49
6093,3,0.07,6.52,0.01,100,98.03,35100,Weekend,Sunday,Medium_Load,32.4
6094,6,0,18.5,0,100,24.52,55800,Weekend,Saturday,Light_Load,4.68
6095,9,0,11.77,0,100,22.36,62100,Weekend,Sunday,Light_Load,2.7
6096,3,0,17.46,0,100,19.44,78300,Weekend,Sunday,Medium_Load,3.46
6097,4,3.74,0,0,68.64,100,85500,Weekday,Monday,Light_Load,3.53
6098,10,35.1,0,0.03,84.55,100,54000,Weekday,Thursday,Maximum_Load,55.58
6099,4,41.83,0,0.04,90.58,100,60300,Weekday,Tuesday,Maximum_Load,89.42
6100,3,20.48,0,0.01,78.54,100,30600,Weekend,Sunday,Light_Load,25.99
6101,10,5.15,0,0,45.48,100,12600,Weekday,Monday,Light_Load,2.63
6102,11,37.58,0,0.03,87.37,100,36000,Weekday,Monday,Medium_Load,67.5
6103,8,4.75,0,0,48.44,100,20700,Weekday,Monday,Light_Load,2.63
6104,10,7.27,0,0,45.45,100,900,Weekday,Wednesday,Light_Load,3.71
6105,9,37.91,0,0.05,93.64,100,40500,Weekday,Friday,Maximum_Load,101.12
6106,4,2.27,0.04,0.02,99.86,100,72000,Weekday,Monday,Medium_Load,43.52
6107,7,30.85,0,0.04,94.12,100,36000,Weekday,Thursday,Medium_Load,85.97
6108,10,0,17.28,0,100,24.04,46800,Weekday,Friday,Medium_Load,4.28
6109,10,7.16,0,0,45.32,100,5400,Weekend,Saturday,Light_Load,3.64
6110,8,0,13.72,0,100,20.06,77400,Weekday,Monday,Medium_Load,2.81
6111,6,0,20.52,0,100,19.78,78300,Weekday,Monday,Medium_Load,4.14
6112,7,28.4,0,0.03,93.11,100,62100,Weekday,Tuesday,Medium_Load,72.47
6113,7,3.67,0,0,60.79,100,8100,Weekday,Wednesday,Light_Load,2.81
6114,10,39.49,0,0.02,68.84,100,29700,Weekend,Saturday,Light_Load,37.48
6115,9,5.8,0,0,44.97,100,7200,Weekday,Tuesday,Light_Load,2.92
6116,7,32.47,0,0.03,88.74,100,52200,Weekday,Monday,Maximum_Load,62.5
6117,11,24.41,0,0.02,90.32,100,51300,Weekday,Friday,Medium_Load,51.37
6118,1,27.65,0,0.03,92.03,100,68400,Weekday,Friday,Maximum_Load,65.05
6119,3,0,27.43,0,100,14.78,74700,Weekday,Friday,Medium_Load,4.1
6120,7,4.97,0,0,49.22,100,5400,Weekday,Monday,Light_Load,2.81
6121,9,2.09,0.94,0.01,99.78,99.95,41400,Weekday,Friday,Maximum_Load,31.25
6122,2,43.78,0,0.03,86.16,100,1800,Weekday,Friday,Light_Load,74.3
6123,10,5.29,0,0,46.91,100,17100,Weekend,Sunday,Light_Load,2.81
6124,6,4.9,0,0,56.78,100,20700,Weekday,Monday,Light_Load,3.38
6125,7,0,19.12,0,100,30.48,46800,Weekday,Monday,Medium_Load,6.12
6126,2,7.45,0,0,52.04,100,28800,Weekday,Thursday,Light_Load,4.54
6127,8,4.07,0,0,53.69,100,11700,Weekday,Tuesday,Light_Load,2.59
6128,12,23.72,0,0.03,92.62,100,51300,Weekday,Thursday,Medium_Load,58.25
6129,3,2.66,2.16,0.02,99.81,99.87,54900,Weekend,Saturday,Maximum_Load,43.13
6130,4,0,17.5,0,100,18.42,46800,Weekend,Sunday,Light_Load,3.28
6131,6,0,16.42,0,100,18.32,62100,Weekend,Sunday,Light_Load,3.06
6132,12,2.34,0.11,0,82.53,99.95,12600,Weekday,Tuesday,Light_Load,3.42
6133,10,38.02,0,0.03,85.43,100,58500,Weekday,Thursday,Maximum_Load,62.5
6134,11,2.52,0.4,0,80.83,99.34,80100,Weekend,Sunday,Light_Load,3.46
6135,7,10.37,0,0.02,97.34,100,72000,Weekday,Thursday,Medium_Load,44.1
6136,12,2.92,0,0,76.42,100,8100,Weekday,Thursday,Light_Load,3.46
6137,4,4.1,0,0,60.31,100,23400,Weekday,Wednesday,Light_Load,3.1
6138,10,40.64,0,0.03,85.45,100,33300,Weekday,Tuesday,Medium_Load,66.85
6139,10,38.34,0,0.05,94.61,100,35100,Weekday,Monday,Medium_Load,112
6140,11,37.87,0,0.02,80.49,100,31500,Weekday,Friday,Light_Load,51.37
6141,8,59.8,0,0.03,70.26,100,30600,Weekday,Monday,Light_Load,59.04
6142,12,0,21.2,0,100,19.17,77400,Weekend,Sunday,Light_Load,4.14
6143,7,3.6,0,0,60.56,100,25200,Weekend,Sunday,Light_Load,2.74
6144,3,5.44,0,0,77.77,100,4500,Weekday,Tuesday,Light_Load,6.73
6145,4,0,19.51,0,100,22.14,45000,Weekday,Friday,Medium_Load,4.43
6146,7,22.36,0,0.03,95.28,100,53100,Weekend,Saturday,Maximum_Load,70.2
6147,1,24.66,0.04,0.04,96.52,100,74700,Weekday,Friday,Medium_Load,90.97
6148,5,0,17.28,0,100,18.65,35100,Weekend,Saturday,Light_Load,3.28
6149,4,27.18,0,0.03,91.6,100,34200,Weekday,Thursday,Medium_Load,62.06
6150,4,4.14,0,0,61.16,100,82800,Weekend,Sunday,Medium_Load,3.2
6151,4,0,25.31,0,100,24.66,76500,Weekday,Tuesday,Medium_Load,6.44
6152,8,5.9,0,0,43.37,100,9000,Weekend,Saturday,Light_Load,2.84
6153,8,44.75,0,0.04,87.22,100,34200,Weekday,Monday,Medium_Load,79.81
6154,9,36.11,0,0.02,83.04,100,38700,Weekday,Wednesday,Maximum_Load,53.82
6155,7,3.74,0,0,60.07,100,85500,Weekend,Sunday,Light_Load,2.81
6156,2,5.87,0,0,51.86,100,9000,Weekday,Monday,Light_Load,3.56
6157,5,4.64,0,0,52.2,100,84600,Weekday,Thursday,Light_Load,2.84
6158,11,37.04,0,0.03,88.25,100,48600,Weekday,Monday,Medium_Load,69.52
6159,5,4.1,0,0,65.98,100,2700,Weekday,Friday,Light_Load,3.6
6160,9,5.72,0,0,45.84,100,21600,Weekday,Monday,Light_Load,2.95
6161,6,19.58,0,0.02,92.01,100,38700,Weekday,Tuesday,Maximum_Load,46.01
6162,11,0,17.78,0,100,27.62,73800,Weekday,Wednesday,Medium_Load,5.11
6163,11,5.65,0,0,67.08,100,2700,Weekday,Thursday,Light_Load,5.11
6164,5,25.63,0,0.03,91.12,100,48600,Weekday,Friday,Maximum_Load,56.7
6165,9,0,11.12,0,100,28.29,46800,Weekend,Saturday,Medium_Load,3.28
6166,7,13.43,0,0.02,96.55,100,54000,Weekday,Tuesday,Maximum_Load,49.79
6167,3,14.08,0,0.02,96.65,100,38700,Weekday,Thursday,Maximum_Load,52.99
6168,6,5.18,0,0,55.54,100,3600,Weekday,Friday,Light_Load,3.46
6169,10,49.64,0,0.05,91.47,100,33300,Weekday,Monday,Medium_Load,112.39
6170,3,3.89,0,0,62.32,100,9000,Weekday,Tuesday,Light_Load,3.1
6171,10,17.35,4.9,0.01,85.6,98.58,43200,Weekend,Saturday,Maximum_Load,28.73
6172,12,29.41,0,0.03,90.82,100,40500,Weekday,Tuesday,Maximum_Load,63.83
6173,5,5.76,0,0,46.92,100,27000,Weekend,Sunday,Light_Load,3.06
6174,5,4.43,0,0,63.49,100,0,Weekday,Thursday,Light_Load,3.64
6175,4,0,5.47,0,100,47.96,66600,Weekend,Sunday,Light_Load,2.99
6176,8,12.2,0.9,0.02,96.35,99.98,63000,Weekday,Friday,Medium_Load,43.92
6177,8,5.62,0,0,46.11,100,17100,Weekday,Friday,Light_Load,2.92
6178,3,47.52,0,0.03,79.23,100,40500,Weekday,Friday,Maximum_Load,61.7
6179,5,0.94,10.44,0.01,99.89,88.84,44100,Weekend,Saturday,Medium_Load,20.2
6180,4,3.78,0,0,63.78,100,18000,Weekday,Monday,Light_Load,3.13
6181,1,0,10.48,0.02,100,95.42,38700,Weekend,Saturday,Maximum_Load,33.41
6182,7,0,16.16,0,100,23.18,79200,Weekday,Tuesday,Medium_Load,3.85
6183,4,0,25.99,0,100,15.47,63900,Weekend,Sunday,Medium_Load,4.07
6184,11,26.14,0,0.02,88.93,100,56700,Weekday,Thursday,Medium_Load,50.83
6185,7,21.02,0,0.04,96.7,100,48600,Weekend,Saturday,Maximum_Load,79.78
6186,9,0,18.14,0,100,27.46,45000,Weekday,Wednesday,Medium_Load,5.18
6187,9,24.52,0,0.02,89.05,100,72900,Weekday,Wednesday,Medium_Load,47.99
6188,9,0,11.63,0,100,22.06,49500,Weekday,Tuesday,Light_Load,2.63
6189,1,4.9,0,0,65.17,100,25200,Weekend,Sunday,Light_Load,4.21
6190,12,0,21.06,0,100,19.11,75600,Weekend,Saturday,Medium_Load,4.1
6191,7,3.74,0,0,56.93,100,85500,Weekend,Saturday,Light_Load,2.59
6192,2,4.79,0,0,74.56,100,25200,Weekday,Monday,Light_Load,5.36
6193,10,6.88,0,0,47.46,100,2700,Weekday,Tuesday,Light_Load,3.71
6194,4,0,26.75,0,100,17.23,45000,Weekday,Wednesday,Medium_Load,4.68
6195,11,6.26,0,0,50.27,100,2700,Weekday,Thursday,Light_Load,3.64
6196,11,56.38,0,0.03,78.88,100,30600,Weekday,Tuesday,Light_Load,72.36
6197,5,5.54,0,0,47,100,20700,Weekday,Wednesday,Light_Load,2.95
6198,6,4.9,0,0,51.19,100,7200,Weekday,Thursday,Light_Load,2.92
6199,1,4.5,0,0,71.02,100,13500,Weekday,Wednesday,Light_Load,4.54
6200,12,22.9,0,0.03,93.03,100,41400,Weekday,Monday,Maximum_Load,58.1
6201,3,0.04,11.05,0.01,100,93.78,63900,Weekday,Monday,Medium_Load,29.84
6202,1,49.79,0,0,92.85,100,49500,Weekday,Tuesday,Medium_Load,124.45
6203,3,3.89,0,0,61.83,100,26100,Weekday,Tuesday,Light_Load,3.06
6204,7,26.57,0,0.04,95.76,100,71100,Weekday,Monday,Medium_Load,88.34
6205,9,16.02,0,0.02,93.71,100,62100,Weekday,Friday,Medium_Load,43.02
6206,9,0,10.84,0,100,24.76,61200,Weekend,Saturday,Light_Load,2.77
6207,4,4.46,0,0,63.95,100,27000,Weekday,Tuesday,Light_Load,3.71
6208,9,14.87,0,0.02,94.36,100,55800,Weekend,Saturday,Maximum_Load,42.37
6209,8,0,16.6,0,100,17.09,55800,Weekday,Thursday,Light_Load,2.88
6210,8,30.78,0,0.03,87.58,100,56700,Weekday,Thursday,Maximum_Load,55.84
6211,9,0,18.29,0,100,19.31,62100,Weekend,Sunday,Medium_Load,3.6
6212,3,3.13,1.4,0.02,99.67,99.93,70200,Weekday,Thursday,Medium_Load,38.56
6213,3,6.16,0,0,58.99,100,85500,Weekday,Monday,Light_Load,4.5
6214,2,5.29,0,0,67.35,100,27000,Weekday,Friday,Light_Load,4.82
6215,8,1.12,2.81,0,93.2,71.58,80100,Weekday,Wednesday,Medium_Load,2.88
6216,8,4.68,0,0,52.41,100,22500,Weekday,Monday,Light_Load,2.88
6217,10,22.36,0,0.02,87.34,100,65700,Weekday,Monday,Medium_Load,40.1
6218,12,0,20.59,0,100,22.66,69300,Weekend,Saturday,Maximum_Load,4.79
6219,12,0,10.19,0,100,45.32,65700,Weekend,Saturday,Maximum_Load,5.18
6220,8,5.04,0,0,46.68,100,20700,Weekday,Wednesday,Light_Load,2.66
6221,4,22.64,0,0.04,96.43,100,59400,Weekday,Friday,Maximum_Load,82.4
6222,5,31.61,0,0.03,89.68,100,49500,Weekday,Friday,Maximum_Load,64.08
6223,11,4.07,0,0,69.37,100,85500,Weekday,Wednesday,Light_Load,3.92
6224,7,25.67,0,0.03,91.56,100,57600,Weekday,Tuesday,Maximum_Load,58.46
6225,7,0,5.26,0,100,46.6,83700,Weekend,Saturday,Light_Load,2.77
6226,10,40.64,0,0.03,84.42,100,59400,Weekday,Wednesday,Maximum_Load,64.01
6227,5,18.36,0,0.03,94.95,100,73800,Weekday,Thursday,Medium_Load,55.58
6228,5,33.12,0,0.03,87.77,100,49500,Weekday,Tuesday,Maximum_Load,60.66
6229,12,3.06,0.11,0,77.72,99.96,85500,Weekday,Monday,Light_Load,3.78
6230,8,0,5.69,0,100,41.43,42300,Weekday,Wednesday,Light_Load,2.59
6231,2,0,16.16,0,100,21.74,59400,Weekend,Sunday,Light_Load,3.6
6232,3,0,9.36,0.01,100,95.8,64800,Weekday,Monday,Medium_Load,31.25
6233,12,3.24,0.04,0,74.97,99.99,23400,Weekend,Saturday,Light_Load,3.67
6234,1,4.57,0,0,67.49,100,5400,Weekend,Saturday,Light_Load,4.18
6235,2,0,23.15,0,100,17.15,33300,Weekend,Saturday,Light_Load,4.03
6236,7,31.32,0,0.04,95.07,100,54000,Weekend,Saturday,Maximum_Load,96.01
6237,8,0,13.97,0,100,19.25,70200,Weekend,Saturday,Medium_Load,2.74
6238,6,47.56,0,0.05,90.68,100,70200,Weekday,Monday,Medium_Load,102.28
6239,7,37.66,0,0.03,86.7,100,35100,Weekday,Friday,Medium_Load,65.52
6240,2,0,6.62,0,100,48.49,65700,Weekday,Wednesday,Light_Load,3.67
6241,9,10.19,0,0.02,96.06,100,54900,Weekend,Saturday,Maximum_Load,35.24
6242,3,1.01,2.45,0.02,99.96,99.77,72000,Weekday,Tuesday,Medium_Load,36.36
6243,6,26.06,0,0.03,92.23,100,57600,Weekday,Thursday,Maximum_Load,62.17
6244,3,4.93,0,0,62.24,100,81900,Weekday,Tuesday,Medium_Load,3.92
6245,7,4.28,0,0,59.52,100,18000,Weekday,Thursday,Light_Load,3.17
6246,4,6.19,9.11,0.01,98.05,95.91,64800,Weekday,Wednesday,Medium_Load,30.85
6247,3,0,24.73,0,100,14.95,36000,Weekend,Sunday,Light_Load,3.74
6248,11,0,17.17,0,100,38.35,45900,Weekday,Wednesday,Medium_Load,7.13
6249,1,45,0,0.06,94.86,100,61200,Weekday,Friday,Medium_Load,134.89
6250,2,3.6,0,0,71.77,100,12600,Weekend,Sunday,Light_Load,3.71
6251,6,0,20.99,0,100,17.22,79200,Weekday,Thursday,Medium_Load,3.67
6252,7,28.94,0,0.03,91.65,100,33300,Weekday,Friday,Medium_Load,66.31
6253,6,4.07,0,0,56.26,100,12600,Weekend,Sunday,Light_Load,2.77
6254,3,50.47,0,0.03,81.11,100,40500,Weekday,Wednesday,Maximum_Load,69.98
6255,3,3.13,0,0,69.43,100,17100,Weekday,Wednesday,Light_Load,3.02
6256,8,17.35,0,0.02,92.17,100,71100,Weekday,Tuesday,Medium_Load,41.22
6257,6,5.94,0,0,46.62,100,17100,Weekday,Wednesday,Light_Load,3.13
6258,5,3.1,0,0,75.41,100,900,Weekday,Thursday,Light_Load,3.56
6259,10,6.34,0,0,48.96,100,900,Weekday,Friday,Light_Load,3.56
6260,3,3.74,0,0,63.82,100,3600,Weekday,Monday,Light_Load,3.1
6261,4,25.88,0,0.03,93.14,100,36900,Weekday,Thursday,Maximum_Load,66.2
6262,3,5,0,0,61.7,100,3600,Weekday,Thursday,Light_Load,3.92
6263,5,17.71,2.02,0.02,88.48,99.82,65700,Weekday,Tuesday,Medium_Load,33.62
6264,11,0,18.18,0,100,27.4,68400,Weekday,Wednesday,Maximum_Load,5.18
6265,7,6.16,0,0,48.54,100,15300,Weekend,Saturday,Light_Load,3.42
6266,4,13.97,0,0.02,95.91,100,72000,Weekday,Tuesday,Medium_Load,47.34
6267,3,3.35,0,0,67.44,100,6300,Weekend,Sunday,Light_Load,3.06
6268,12,23.11,0,0.03,94.68,100,54000,Weekday,Tuesday,Medium_Load,68
6269,12,0,13.61,0,100,24.37,52200,Weekend,Sunday,Light_Load,3.42
6270,7,39.06,0,0.03,87.71,100,53100,Weekday,Tuesday,Maximum_Load,71.32
6271,2,4.68,0,0,57.39,100,22500,Weekday,Thursday,Light_Load,3.28
6272,10,4.36,0,0,48.99,100,24300,Weekday,Monday,Light_Load,2.45
6273,11,34.63,0,0.03,86.3,100,50400,Weekday,Friday,Medium_Load,59.15
6274,3,7.2,0.07,0.02,98.2,100,72900,Weekday,Wednesday,Medium_Load,37.48
6275,3,40.5,0,0.05,92.8,100,50400,Weekday,Friday,Maximum_Load,100.91
6276,1,32.15,0,0.03,91.96,100,69300,Weekday,Friday,Maximum_Load,75.24
6277,1,34.99,0,0.03,88.45,100,18900,Weekend,Saturday,Light_Load,66.35
6278,3,0.07,20.63,0,100,34.13,44100,Weekday,Wednesday,Medium_Load,7.49
6279,4,4.18,0,0,60.43,100,24300,Weekday,Tuesday,Light_Load,3.17
6280,4,8.82,0,0.02,97.51,100,52200,Weekday,Thursday,Maximum_Load,38.77
6281,6,3.96,0,0,64.59,100,18000,Weekend,Sunday,Light_Load,3.35
6282,2,36.65,0,0.03,83.05,100,900,Weekday,Tuesday,Light_Load,54.65
6283,10,5.33,0,0,46.11,100,82800,Weekday,Wednesday,Medium_Load,2.77
6284,11,0,5.58,0,100,58.55,65700,Weekend,Saturday,Maximum_Load,4.03
6285,4,3.82,0,0,72.91,100,28800,Weekday,Tuesday,Light_Load,4.07
6286,4,5.33,0,0,52.41,100,19800,Weekend,Saturday,Light_Load,3.28
6287,4,4.46,0,0,54.25,100,3600,Weekday,Monday,Light_Load,2.88
6288,4,29.77,0,0.02,74.8,100,29700,Weekday,Monday,Light_Load,33.55
6289,4,4.46,0,0,58.77,100,5400,Weekday,Tuesday,Light_Load,3.24
6290,1,5.04,0,0,68.05,100,12600,Weekday,Friday,Light_Load,4.68
6291,12,3.31,0.18,0,78.61,99.91,82800,Weekday,Wednesday,Maximum_Load,4.21
6292,12,0,21.02,0,100,20.76,79200,Weekday,Monday,Medium_Load,4.46
6293,5,36.83,0,0.05,93.7,100,50400,Weekday,Monday,Maximum_Load,98.75
6294,8,27.5,0,0.02,88.41,100,56700,Weekday,Tuesday,Maximum_Load,52.02
6295,10,38.84,0,0.02,76.49,100,31500,Weekday,Monday,Light_Load,46.12
6296,6,5.18,0,0,49.99,100,26100,Weekday,Wednesday,Light_Load,2.99
6297,11,6.84,0,0,45.45,100,23400,Weekend,Sunday,Light_Load,3.49
6298,4,5,0,0,54.85,100,23400,Weekday,Wednesday,Light_Load,3.28
6299,12,21.67,0,0.03,93.81,100,37800,Weekday,Tuesday,Maximum_Load,58.68
6300,12,2.2,0.18,0,83.81,99.86,24300,Weekday,Thursday,Light_Load,3.38
6301,1,27.79,0,0.03,92.91,100,61200,Weekday,Friday,Medium_Load,69.8
6302,12,4.32,0,0,72.97,100,85500,Weekday,Monday,Light_Load,4.61
6303,12,2.7,0,0,77.21,100,12600,Weekday,Wednesday,Light_Load,3.28
6304,12,0,13.32,0,100,25.82,45000,Weekday,Tuesday,Light_Load,3.56
6305,2,0,22.07,0,100,17.18,51300,Weekday,Friday,Light_Load,3.85
6306,7,13.93,0,0.02,95.82,100,72000,Weekday,Tuesday,Medium_Load,46.66
6307,6,4.46,0,0,53.71,100,17100,Weekday,Tuesday,Light_Load,2.84
6308,4,0.5,10.51,0.01,99.96,85.53,47700,Weekend,Sunday,Maximum_Load,17.35
6309,10,5.18,0,0,48.07,100,4500,Weekend,Sunday,Light_Load,2.84
6310,6,4.79,0,0,49.1,100,21600,Weekday,Tuesday,Light_Load,2.7
6311,11,5.51,0,0,52.29,100,12600,Weekend,Saturday,Light_Load,3.38
6312,1,24.23,0,0.03,94.6,100,69300,Weekday,Monday,Maximum_Load,70.74
6313,4,24.19,0,0.02,91.34,100,59400,Weekday,Wednesday,Maximum_Load,54.29
6314,10,4.75,0,0,49.97,100,12600,Weekend,Sunday,Light_Load,2.74
6315,1,5.36,0,0,61.5,100,7200,Weekend,Saturday,Light_Load,4.18
6316,3,0,26.39,0,100,13.77,70200,Weekday,Friday,Medium_Load,3.67
6317,11,4.03,0,0,63.12,100,17100,Weekday,Thursday,Light_Load,3.28
6318,8,64.22,0,0.03,74.94,100,41400,Weekday,Tuesday,Maximum_Load,72.68
6319,4,3.82,0,0,63.86,100,14400,Weekday,Monday,Light_Load,3.17
6320,11,34.67,0,0.03,88.39,100,56700,Weekday,Monday,Medium_Load,65.52
6321,9,0,10.84,0,100,25.34,54900,Weekend,Saturday,Light_Load,2.84
6322,12,2.56,0.29,0,81.5,99.68,25200,Weekday,Thursday,Light_Load,3.6
6323,10,46.22,0,0.03,83.22,100,34200,Weekday,Wednesday,Medium_Load,69.37
6324,4,21.82,0,0.04,97.33,100,32400,Weekend,Saturday,Light_Load,92.48
6325,9,25.38,0,0.02,88.61,100,60300,Weekday,Thursday,Maximum_Load,48.53
6326,2,67.79,0,0.06,88,100,43200,Weekday,Friday,Maximum_Load,125.6
6327,10,7.99,0,0,49.07,100,7200,Weekend,Saturday,Light_Load,4.5
6328,4,19.51,0,0.04,97.07,100,62100,Weekday,Friday,Medium_Load,78.77
6329,1,44.14,0,0.06,94.14,100,57600,Weekday,Wednesday,Medium_Load,123.19
6330,2,5.36,0.07,0.02,99.23,100,72000,Weekday,Wednesday,Maximum_Load,42.91
6331,4,1.26,0.54,0.02,99.95,99.99,53100,Weekend,Saturday,Maximum_Load,38.66
6332,5,24.84,0,0.01,71.96,100,30600,Weekend,Sunday,Light_Load,25.74
6333,4,60.34,0,0.03,73.11,100,31500,Weekday,Thursday,Light_Load,64.66
6334,12,0,20.95,0,100,19.21,79200,Weekend,Saturday,Medium_Load,4.1
6335,3,0,26.46,0,100,15.06,70200,Weekend,Sunday,Medium_Load,4.03
6336,12,3.2,0.04,0,76.66,99.99,1800,Weekend,Sunday,Light_Load,3.82
6337,4,52.34,0,0.05,90.54,100,38700,Weekday,Thursday,Maximum_Load,111.64
6338,10,51.73,0,0.02,72.19,100,30600,Weekday,Tuesday,Light_Load,53.96
6339,6,3.74,0,0,56.93,100,23400,Weekday,Tuesday,Light_Load,2.59
6340,1,0.25,2.38,0.02,100,99.82,72900,Weekend,Saturday,Medium_Load,39.53
6341,2,0.97,1.12,0.02,99.97,99.96,38700,Weekend,Saturday,Maximum_Load,40.86
6342,10,0,17.68,0,100,22.8,75600,Weekend,Saturday,Medium_Load,4.14
6343,1,11.27,0,0.03,98.12,100,35100,Weekend,Saturday,Medium_Load,57.31
6344,7,6.62,0,0,45.9,100,18000,Weekend,Saturday,Light_Load,3.42
6345,8,33.41,0,0.04,94.38,100,72900,Weekday,Tuesday,Medium_Load,95.44
6346,7,32.76,0,0.03,89.03,100,61200,Weekday,Thursday,Maximum_Load,64.04
6347,1,0,24.16,0,100,16.73,75600,Weekend,Saturday,Light_Load,4.1
6348,4,0.72,3.17,0.01,99.97,99.51,36900,Weekend,Sunday,Maximum_Load,31.75
6349,11,27.9,0,0.03,89.61,100,34200,Weekday,Thursday,Medium_Load,56.34
6350,5,3.92,0,0,60.65,100,8100,Weekday,Friday,Light_Load,2.99
6351,10,7.2,0,0,44.72,100,8100,Weekend,Saturday,Light_Load,3.6
6352,9,5.98,0,0,42.03,100,9000,Weekday,Tuesday,Light_Load,2.77
6353,4,4.39,0,0,61.46,100,9000,Weekday,Friday,Light_Load,3.42
6354,2,11.48,0,0.04,99.18,100,63000,Weekend,Saturday,Maximum_Load,89.32
6355,3,3.96,0,0,78.21,100,22500,Weekday,Friday,Light_Load,4.97
6356,12,0,21.06,0,100,24.06,79200,Weekday,Friday,Medium_Load,5.22
6357,1,4.18,0.04,0.02,99.56,100,72900,Weekday,Friday,Medium_Load,44.17
6358,7,0,18.14,0,100,16.42,77400,Weekend,Saturday,Medium_Load,3.02
6359,11,8.28,0,0.02,97.98,100,72000,Weekday,Thursday,Maximum_Load,40.57
6360,3,0,26.21,0,100,16.41,78300,Weekday,Tuesday,Medium_Load,4.36
6361,1,49.97,0,0.05,92.19,100,57600,Weekday,Thursday,Medium_Load,118.94
6362,3,10.51,0.32,0.02,97.98,100,34200,Weekday,Wednesday,Medium_Load,51.55
6363,4,4.57,0,0,58.31,100,7200,Weekday,Tuesday,Light_Load,3.28
6364,8,32.26,0,0.03,86.1,100,72900,Weekday,Thursday,Medium_Load,54.61
6365,8,27.47,0,0.02,88.77,100,60300,Weekday,Wednesday,Maximum_Load,52.96
6366,2,3.89,0,0,62.69,100,28800,Weekend,Saturday,Light_Load,3.13
6367,9,4.79,0,0,46.56,100,21600,Weekend,Saturday,Light_Load,2.52
6368,7,0,4.72,0,100,51.15,82800,Weekday,Wednesday,Medium_Load,2.81
6369,12,3.17,0.18,0,77.52,99.89,81900,Weekday,Monday,Maximum_Load,3.89
6370,12,3.71,0.04,0,75.86,100,4500,Weekday,Tuesday,Light_Load,4.32
6371,7,2.74,3.96,0.02,99.69,99.36,63900,Weekday,Monday,Medium_Load,34.7
6372,9,4.68,0,0,47.41,100,14400,Weekday,Wednesday,Light_Load,2.52
6373,9,17.17,0,0.02,93.3,100,37800,Weekend,Saturday,Maximum_Load,44.5
6374,5,4.18,0,0,58.56,100,18900,Weekend,Saturday,Light_Load,3.02
6375,2,3.49,0,0,78.28,100,18000,Weekday,Tuesday,Light_Load,4.39
6376,12,14.04,0,0.03,97.27,100,33300,Weekday,Friday,Medium_Load,58.86
6377,3,8.57,0,0.03,98.96,100,36900,Weekday,Wednesday,Maximum_Load,58.93
6378,3,3.53,0,0,64.63,100,1800,Weekend,Sunday,Light_Load,2.99
6379,4,3.92,0,0,62.03,100,13500,Weekday,Monday,Light_Load,3.1
6380,4,3.67,0,0,63.54,100,15300,Weekday,Friday,Light_Load,3.02
6381,3,28.94,0,0.03,93.44,100,67500,Weekday,Friday,Medium_Load,75.92
6382,7,0,25.99,0,100,13.05,69300,Weekday,Wednesday,Medium_Load,3.42
6383,10,45.83,0,0.03,81.26,100,66600,Weekday,Friday,Medium_Load,63.9
6384,2,12.71,0.72,0.04,98.88,100,69300,Weekday,Wednesday,Maximum_Load,84.2
6385,8,0,14,0,100,18.94,68400,Weekend,Sunday,Light_Load,2.7
6386,1,36.5,0,0.05,94.9,100,63000,Weekday,Thursday,Maximum_Load,109.91
6387,6,0,9.25,0.01,100,94.97,63900,Weekday,Monday,Medium_Load,28.04
6388,11,0,14.69,0,100,22.93,32400,Weekend,Sunday,Light_Load,3.46
6389,7,0,5,0,100,49.91,3600,Weekday,Monday,Light_Load,2.88
6390,11,27.94,0,0.03,92.12,100,71100,Weekday,Friday,Maximum_Load,66.17
6391,6,5.47,0,0,46.59,100,5400,Weekday,Monday,Light_Load,2.88
6392,1,4.32,0,0.01,98.81,100,66600,Weekday,Wednesday,Maximum_Load,27.79
6393,8,72.83,0,0.04,78.89,100,31500,Weekday,Tuesday,Light_Load,93.49
6394,3,15.48,0,0.02,95.57,100,36000,Weekday,Monday,Medium_Load,50.29
6395,7,14.69,0.22,0.02,96.08,100,68400,Weekday,Wednesday,Medium_Load,50.9
6396,11,28.84,0,0.03,89.67,100,36900,Weekday,Thursday,Maximum_Load,58.43
6397,7,0,25.7,0,100,18.06,76500,Weekday,Thursday,Medium_Load,4.72
6398,12,3.74,0.04,0,74.76,100,9900,Weekday,Tuesday,Light_Load,4.21
6399,2,5.51,0,0,65.06,100,18900,Weekday,Tuesday,Light_Load,4.72
6400,2,0,25.42,0,100,30.6,46800,Weekday,Tuesday,Medium_Load,8.17
6401,1,4.18,0,0,86.14,100,28800,Weekday,Friday,Light_Load,7.09
6402,3,4.07,0,0,67.66,100,9000,Weekend,Saturday,Light_Load,3.74
6403,10,31.9,0,0.03,89.94,100,54000,Weekday,Monday,Maximum_Load,65.63
6404,2,4.18,0,0,70.02,100,17100,Weekend,Sunday,Light_Load,4.1
6405,12,0,20.92,0,100,19.23,75600,Weekend,Saturday,Light_Load,4.1
6406,11,0,11.92,0,100,24.33,36900,Weekend,Sunday,Light_Load,2.99
6407,12,19.51,0,0.03,94.48,100,36000,Weekday,Monday,Medium_Load,56.27
6408,2,1.73,15.48,0,96.1,36.19,80100,Weekday,Monday,Maximum_Load,6.01
6409,8,0.32,3.1,0.01,99.99,99.38,63900,Weekday,Thursday,Medium_Load,27.79
6410,5,0,6.12,0,100,51.12,65700,Weekday,Tuesday,Medium_Load,3.64
6411,9,5.36,0,0,46.82,100,9900,Weekend,Sunday,Light_Load,2.84
6412,12,44.06,0,0.04,87.22,100,54000,Weekday,Tuesday,Medium_Load,78.55
6413,10,0,11.77,0,100,22.91,74700,Weekend,Sunday,Light_Load,2.77
6414,4,4.5,0,0,62.04,100,2700,Weekend,Sunday,Light_Load,3.56
6415,8,0,16.42,0,100,17.91,70200,Weekday,Friday,Light_Load,2.99
6416,6,0,17.17,0,100,17.32,74700,Weekday,Wednesday,Medium_Load,3.02
6417,9,33.62,0,0.02,82.59,100,65700,Weekday,Thursday,Medium_Load,49.25
6418,3,0,26.28,0,100,23.8,45000,Weekday,Wednesday,Medium_Load,6.44
6419,6,49.9,0,0.04,86.86,100,49500,Weekday,Tuesday,Maximum_Load,87.48
6420,11,4.79,0,0,59.33,100,20700,Weekday,Thursday,Light_Load,3.53
6421,6,4.5,0,0,52.97,100,7200,Weekday,Tuesday,Light_Load,2.81
6422,9,5.04,0,0,52.39,100,11700,Weekend,Saturday,Light_Load,3.1
6423,8,0.5,4,0.01,99.98,98.79,46800,Weekday,Monday,Medium_Load,25.52
6424,2,0,25.16,0,100,20.17,47700,Weekend,Sunday,Light_Load,5.18
6425,12,4.14,0,0,69.75,100,1800,Weekday,Friday,Light_Load,4.03
6426,2,33.7,0,0.05,95.84,100,59400,Weekday,Monday,Medium_Load,113.15
6427,8,35.53,0,0.03,89.69,100,38700,Weekend,Saturday,Maximum_Load,72.07
6428,1,3.82,0,0,65.14,100,28800,Weekend,Sunday,Light_Load,3.28
6429,10,47.12,0,0.04,86.01,100,34200,Weekday,Wednesday,Medium_Load,79.45
6430,9,32.58,0,0.03,86.11,100,37800,Weekday,Monday,Maximum_Load,55.19
6431,5,0.54,3.06,0.02,99.99,99.57,53100,Weekday,Tuesday,Maximum_Load,32.72
6432,4,0,7.38,0,100,46.25,66600,Weekend,Saturday,Medium_Load,3.85
6433,10,67.54,0.29,0.05,85.76,100,43200,Weekday,Monday,Maximum_Load,112.61
6434,10,0,13,0,100,24.18,74700,Weekend,Sunday,Light_Load,3.24
6435,11,4.75,0,0,53.65,100,24300,Weekday,Thursday,Light_Load,3.02
6436,6,10.51,3.28,0.02,96.57,99.65,47700,Weekday,Tuesday,Maximum_Load,39.06
6437,6,29.12,0,0.02,74.88,100,30600,Weekday,Tuesday,Light_Load,32.9
6438,2,2.09,18.36,0.01,99.04,63.29,44100,Weekday,Friday,Medium_Load,15.01
6439,3,0,17.32,0,100,16.79,64800,Weekend,Saturday,Light_Load,2.95
6440,5,4.68,0,0,59.45,100,6300,Weekday,Thursday,Light_Load,3.46
6441,7,4.1,0,0,62,100,85500,Weekend,Sunday,Light_Load,3.24
6442,10,4.68,0,0,48.99,100,18900,Weekday,Tuesday,Light_Load,2.63
6443,12,27.68,0,0.03,91.77,100,62100,Weekday,Friday,Maximum_Load,63.94
6444,3,0,26.53,0,100,15.27,73800,Weekend,Sunday,Medium_Load,4.1
6445,1,72.18,0,0.07,89.39,100,40500,Weekday,Thursday,Maximum_Load,143.93
6446,6,0,16.96,0,100,17.36,69300,Weekend,Sunday,Light_Load,2.99
6447,12,0,14.87,0,100,22.41,73800,Weekend,Saturday,Light_Load,3.42
6448,5,5.44,0,0,50.35,100,14400,Weekday,Friday,Light_Load,3.17
6449,1,19.98,0,0.01,76.2,100,5400,Weekday,Tuesday,Light_Load,23.51
6450,1,4.72,0,0,66.3,100,23400,Weekend,Sunday,Light_Load,4.18
6451,11,42.98,0,0.05,93.93,100,37800,Weekend,Saturday,Maximum_Load,117.72
6452,5,5.33,0,0,51.94,100,19800,Weekday,Wednesday,Light_Load,3.24
6453,3,3.74,0,0,63.82,100,9900,Weekday,Monday,Light_Load,3.1
6454,2,0,15.05,0,100,25.45,67500,Weekend,Saturday,Light_Load,3.96
6455,7,4.21,0,0,56.99,100,27000,Weekday,Wednesday,Light_Load,2.92
6456,10,6.52,0,0,43.73,100,3600,Weekday,Monday,Light_Load,3.17
6457,10,21.92,0,0.02,90.08,100,50400,Weekday,Monday,Maximum_Load,45.47
6458,3,5.08,0,0,60.8,100,5400,Weekday,Thursday,Light_Load,3.89
6459,10,18.94,0,0.02,92.39,100,32400,Weekend,Saturday,Light_Load,45.72
6460,6,4.32,0,0,53.56,100,85500,Weekday,Monday,Light_Load,2.74
6461,9,8.71,5.04,0.01,96.21,98.68,47700,Weekday,Wednesday,Maximum_Load,30.74
6462,11,0,18.72,0,100,19.44,77400,Weekend,Saturday,Medium_Load,3.71
6463,3,24.91,0,0.04,96.86,100,53100,Weekday,Monday,Maximum_Load,96.98
6464,9,4.64,0,0,50.29,100,900,Weekday,Thursday,Light_Load,2.7
6465,7,0,17.35,0,100,16.6,72900,Weekend,Saturday,Medium_Load,2.92
6466,10,67.39,0,0.06,87.49,100,32400,Weekday,Friday,Light_Load,121.72
6467,6,4.03,0,0,57.2,100,12600,Weekday,Wednesday,Light_Load,2.81
6468,10,11.84,0.04,0.02,95.83,100,63000,Weekday,Friday,Medium_Load,39.71
6469,9,39.56,0,0.03,85,100,59400,Weekday,Monday,Maximum_Load,63.83
6470,6,4.5,0,0,52.97,100,23400,Weekday,Thursday,Light_Load,2.81
6471,5,25.74,0,0.03,92.77,100,37800,Weekday,Thursday,Maximum_Load,63.97
6472,7,37.12,0,0.04,90.8,100,38700,Weekend,Sunday,Maximum_Load,80.46
6473,1,4.03,0,0,73.67,100,23400,Weekday,Monday,Light_Load,4.39
6474,4,5.54,0,0,80.81,100,81900,Weekday,Monday,Medium_Load,7.6
6475,4,53.39,0,0.04,83.63,100,61200,Weekday,Tuesday,Maximum_Load,81.43
6476,8,0,11.09,0,100,24.23,44100,Weekday,Thursday,Light_Load,2.77
6477,9,56.09,0,0.03,74.75,100,30600,Weekday,Monday,Light_Load,63.11
6478,9,4.64,0,0,50.29,100,5400,Weekday,Thursday,Light_Load,2.7
6479,9,5.33,0,0,51.12,100,9900,Weekend,Saturday,Light_Load,3.17
6480,9,1.19,2.02,0.01,99.91,99.76,63900,Weekday,Friday,Medium_Load,28.84
6481,9,38.09,0,0.03,82.18,100,53100,Weekday,Monday,Maximum_Load,54.94
6482,2,44.71,0,0.04,87.73,100,67500,Weekday,Thursday,Maximum_Load,81.72
6483,12,0,21.02,0,100,25.49,68400,Weekday,Friday,Maximum_Load,5.54
6484,10,51.37,0,0.05,90.96,100,35100,Weekday,Monday,Medium_Load,112.43
6485,2,3.24,0,0,76.26,100,13500,Weekday,Monday,Light_Load,3.82
6486,8,0,18.83,0,100,33.03,50400,Weekend,Sunday,Maximum_Load,6.59
6487,1,5.4,0,0,61.49,100,24300,Weekend,Saturday,Light_Load,4.21
6488,1,0,26.78,0,100,19.27,77400,Weekday,Tuesday,Medium_Load,5.26
6489,12,2.48,0,0,77.69,100,8100,Weekend,Sunday,Light_Load,3.06
6490,1,29.48,0,0.02,80.57,100,22500,Weekday,Tuesday,Light_Load,40.1
6491,5,38.12,0,0.02,80.62,100,40500,Weekday,Friday,Maximum_Load,51.95
6492,11,33.95,0,0.03,86.95,100,54000,Weekday,Thursday,Medium_Load,59.76
6493,12,0,19.33,0,100,19.73,36000,Weekend,Sunday,Light_Load,3.89
6494,4,4.79,0,0,66.02,100,82800,Weekend,Saturday,Medium_Load,4.21
6495,8,5.65,0,0,50.55,100,13500,Weekday,Tuesday,Light_Load,3.31
6496,7,0,20.66,0,100,23.52,46800,Weekday,Thursday,Medium_Load,5
6497,3,14.58,0,0.03,96.66,100,51300,Weekday,Wednesday,Maximum_Load,54.97
6498,11,31.82,0,0.03,90.92,100,70200,Weekday,Friday,Maximum_Load,69.48
6499,3,0,14.44,0.01,100,85.52,75600,Weekday,Monday,Medium_Load,23.83
6500,6,0,4.93,0,100,50.96,65700,Weekend,Saturday,Light_Load,2.92
6501,6,25.81,0,0.02,86.45,100,67500,Weekday,Wednesday,Medium_Load,44.39
6502,2,5.72,0,0,72.44,100,8100,Weekday,Friday,Light_Load,6.01
6503,11,22.43,0,0.04,96.21,100,57600,Weekday,Wednesday,Medium_Load,79.16
6504,8,4.93,0,0,47.07,100,18900,Weekend,Sunday,Light_Load,2.63
6505,6,5.04,0,0,49.09,100,28800,Weekend,Sunday,Light_Load,2.84
6506,6,6.41,0,0,42.27,100,22500,Weekend,Sunday,Light_Load,2.99
6507,9,5,0,0,51.32,100,14400,Weekday,Friday,Light_Load,2.99
6508,3,0.07,16.7,0,99.99,28.52,46800,Weekday,Friday,Medium_Load,4.97
6509,7,14.44,0,0.02,95.89,100,68400,Weekday,Monday,Medium_Load,48.82
6510,1,1.51,3.96,0,99.9,99.3,72900,Weekday,Tuesday,Medium_Load,33.23
6511,6,4.75,0,0,53.65,100,8100,Weekday,Friday,Light_Load,3.02
6512,5,0,26.24,0,100,16.5,72900,Weekday,Tuesday,Medium_Load,4.39
6513,11,11.95,0,0.02,94.98,100,63900,Weekday,Friday,Maximum_Load,36.29
6514,12,2.92,0.25,0,79.14,99.78,4500,Weekday,Wednesday,Light_Load,3.78
6515,4,46.84,0,0.02,72.54,100,29700,Weekday,Wednesday,Light_Load,49.36
6516,5,5.36,0,0,50.43,100,19800,Weekday,Thursday,Light_Load,3.13
6517,7,37.62,0,0.04,90.72,100,57600,Weekday,Friday,Maximum_Load,81.11
6518,12,2.52,0,0,79.91,100,22500,Weekend,Sunday,Light_Load,3.35
6519,11,3.38,0,0,62.97,100,18000,Weekday,Monday,Light_Load,2.74
6520,1,0,10.84,0.01,100,93.19,37800,Weekend,Sunday,Maximum_Load,27.86
6521,6,14,0.11,0.02,94.97,100,60300,Weekend,Saturday,Maximum_Load,42.44
6522,5,19.3,0,0.02,94.26,100,62100,Weekday,Tuesday,Medium_Load,54.5
6523,6,3.6,0,0,57.95,100,22500,Weekend,Sunday,Light_Load,2.56
6524,2,47.99,0,0.05,92.15,100,56700,Weekday,Thursday,Medium_Load,113.9
6525,9,6.52,0,0,43.73,100,81000,Weekday,Friday,Medium_Load,3.17
6526,6,5.08,0,0,57.82,100,81000,Weekday,Thursday,Medium_Load,3.6
6527,12,3.49,0.11,0,76.76,99.97,82800,Weekday,Monday,Maximum_Load,4.18
6528,11,5.54,0,0,50.48,100,8100,Weekend,Sunday,Light_Load,3.24
6529,1,26.93,0,0.03,94.07,100,62100,Weekday,Thursday,Maximum_Load,74.7
6530,5,20.77,0,0.02,92.17,100,36900,Weekday,Friday,Maximum_Load,49.36
6531,5,0.14,4.57,0.02,100,99.06,58500,Weekend,Saturday,Maximum_Load,33.05
6532,11,0,16.96,0,100,23.71,70200,Weekend,Saturday,Maximum_Load,4.14
6533,5,3.13,0,0,67.2,100,10800,Weekday,Friday,Light_Load,2.84
6534,8,0,16.52,0,100,17.81,72000,Weekday,Friday,Light_Load,2.99
6535,1,0.36,2.2,0.02,100,99.85,70200,Weekend,Saturday,Maximum_Load,40.07
6536,6,5.08,0,0,56.63,100,82800,Weekday,Monday,Medium_Load,3.49
6537,7,15.23,0,0.02,93.5,100,48600,Weekday,Wednesday,Maximum_Load,40.14
6538,12,2.02,0.14,0,83.12,99.89,20700,Weekday,Monday,Light_Load,3.02
6539,5,0,25.96,0,100,14.56,76500,Weekday,Friday,Medium_Load,3.82
6540,5,20.74,0,0.02,91.87,100,52200,Weekday,Monday,Maximum_Load,48.24
6541,3,0,26.32,0,100,17.25,79200,Weekday,Thursday,Medium_Load,4.61
6542,12,0,21.1,0,100,20.06,35100,Weekend,Saturday,Light_Load,4.32
6543,7,4.68,0,0,51.48,100,14400,Weekend,Sunday,Light_Load,2.81
6544,3,0,17.35,0,100,21.66,46800,Weekend,Saturday,Medium_Load,3.85
6545,8,4.28,0,0,52.35,100,8100,Weekday,Wednesday,Light_Load,2.63
6546,3,4.82,0,0,59.09,100,5400,Weekday,Monday,Light_Load,3.53
6547,1,26.1,0,0.03,92.05,100,62100,Weekday,Monday,Maximum_Load,61.49
6548,11,59.29,0,0.06,89.78,100,60300,Weekday,Wednesday,Medium_Load,120.85
6549,5,3.67,0,0,68.6,100,20700,Weekday,Thursday,Light_Load,3.46
6550,6,6.12,0,0.02,98.67,100,68400,Weekday,Friday,Medium_Load,37.15
6551,12,0,14.9,0,100,21.94,71100,Weekend,Saturday,Light_Load,3.35
6552,8,4.64,0,0,61.72,100,27900,Weekday,Wednesday,Light_Load,3.64
6553,9,39.82,0,0.03,80.88,100,69300,Weekday,Thursday,Medium_Load,54.76
6554,4,0.18,1.76,0.02,100,99.91,69300,Weekday,Thursday,Medium_Load,40.93
6555,11,0,14.15,0,100,20.41,41400,Weekend,Sunday,Light_Load,2.95
6556,6,5.33,0,0,53.21,100,28800,Weekday,Monday,Light_Load,3.35
6557,4,3.53,0,0,65.01,100,20700,Weekday,Monday,Light_Load,3.02
6558,7,3.96,0,0,57.87,100,20700,Weekday,Wednesday,Light_Load,2.81
6559,11,6.41,0,0,48.97,100,8100,Weekday,Wednesday,Light_Load,3.6
6560,6,6.48,4.07,0.01,97.33,98.92,32400,Weekend,Saturday,Light_Load,27.47
6561,6,4.68,0,0,52.93,100,3600,Weekday,Thursday,Light_Load,2.92
6562,12,0,20.99,0,100,21.27,77400,Weekday,Monday,Medium_Load,4.57
6563,10,35.39,0,0.05,95,100,33300,Weekday,Monday,Medium_Load,107.64
6564,3,22.72,0,0.03,92.87,100,33300,Weekday,Wednesday,Medium_Load,56.92
6565,2,4.97,0,0,73.58,100,28800,Weekend,Saturday,Light_Load,5.4
6566,3,33.77,0,0.03,87.58,100,56700,Weekday,Friday,Maximum_Load,61.27
6567,12,3.1,0,0,81.5,100,1800,Weekday,Monday,Light_Load,4.36
6568,11,7.13,0,0,46.16,100,7200,Weekday,Tuesday,Light_Load,3.71
6569,11,31.57,0,0.03,90.33,100,72900,Weekday,Friday,Medium_Load,66.49
6570,9,42.3,0,0.03,83.61,100,42300,Weekday,Friday,Maximum_Load,64.48
6571,6,24.34,0,0.03,92.37,100,61200,Weekday,Monday,Maximum_Load,58.68
6572,2,3.1,0,0,70.25,100,22500,Weekday,Friday,Light_Load,3.06
6573,3,4.43,0,0,65.6,100,83700,Weekday,Tuesday,Light_Load,3.85
6574,2,0,17.6,0,100,18.86,71100,Weekday,Thursday,Light_Load,3.38
6575,8,0,16.56,0,100,17.54,63900,Weekday,Thursday,Light_Load,2.95
6576,5,4.97,0,0,58.23,100,14400,Weekend,Sunday,Light_Load,3.56
6577,11,0,21.31,0,100,28.35,45900,Weekday,Monday,Medium_Load,6.3
6578,1,30.02,0,0.02,80.41,100,18000,Weekday,Thursday,Light_Load,40.61
6579,9,0,17.78,0,100,19.84,69300,Weekday,Wednesday,Medium_Load,3.6
6580,5,4.5,0,0,60.51,100,27900,Weekday,Thursday,Light_Load,3.42
6581,1,3.06,0,0,78.28,100,81000,Weekend,Sunday,Light_Load,3.85
6582,1,32.51,0,0.03,91.76,100,74700,Weekday,Tuesday,Medium_Load,75.06
6583,11,37.58,0,0.05,94.39,100,54000,Weekday,Tuesday,Medium_Load,107.42
6584,11,0,17.64,0,100,19.41,62100,Weekend,Sunday,Light_Load,3.49
6585,8,0,4.46,0,100,53.31,43200,Weekday,Friday,Light_Load,2.81
6586,2,0,27.29,0,100,15,78300,Weekday,Friday,Light_Load,4.14
6587,7,5.8,0,0,47.96,100,14400,Weekend,Saturday,Light_Load,3.17
6588,12,0,18.47,0,100,20.41,77400,Weekend,Saturday,Light_Load,3.85
6589,5,0,16.56,0,100,19.43,76500,Weekday,Tuesday,Medium_Load,3.28
6590,7,3.89,0,0,58,100,5400,Weekday,Wednesday,Light_Load,2.77
6591,6,5.8,0,0,45.34,100,20700,Weekday,Friday,Light_Load,2.95
6592,6,2.27,19.01,0,97.52,46.59,44100,Weekday,Tuesday,Medium_Load,10.01
6593,1,11.95,0,0.02,97.65,100,36900,Weekend,Saturday,Maximum_Load,54.18
6594,8,2.81,6.62,0.01,98.95,94.55,75600,Weekday,Friday,Medium_Load,19.22
6595,12,0,14.8,0,100,22.08,42300,Weekend,Saturday,Light_Load,3.35
6596,9,5.72,0,0,41.25,100,11700,Weekday,Tuesday,Light_Load,2.59
6597,2,9.79,0.65,0.04,99.21,100,39600,Weekend,Saturday,Maximum_Load,77.33
6598,8,5.98,0,0,48.43,100,4500,Weekday,Wednesday,Light_Load,3.31
6599,12,0,16.6,0,100,22.82,60300,Weekend,Sunday,Light_Load,3.89
6600,4,0,12.35,0.01,100,88.47,78300,Weekday,Friday,Medium_Load,23.44
6601,12,0,15.34,0,100,22.61,79200,Weekend,Sunday,Light_Load,3.56
6602,4,17.1,0.65,0.02,94.89,99.99,65700,Weekday,Friday,Medium_Load,51.41
6603,4,4.93,0,0,67.98,100,27900,Weekday,Thursday,Light_Load,4.57
6604,1,23,0,0.03,95,100,36000,Weekday,Thursday,Medium_Load,69.98
6605,10,32.44,0,0.03,88.03,100,62100,Weekday,Thursday,Medium_Load,60.19
6606,3,74.38,0,0.05,83.57,100,31500,Weekday,Thursday,Light_Load,113.18
6607,2,0,17.24,0,100,22.39,53100,Weekend,Sunday,Light_Load,3.96
6608,5,0,22.14,0,100,15.88,72900,Weekend,Saturday,Medium_Load,3.56
6609,5,38.7,0,0.03,86.44,100,71100,Weekday,Thursday,Medium_Load,66.53
6610,1,0,16.92,0,100,25.49,78300,Weekend,Saturday,Medium_Load,4.46
6611,9,6.26,0,0,43.1,100,25200,Weekday,Wednesday,Light_Load,2.99
6612,1,29.84,0,0.05,96.15,100,57600,Weekend,Saturday,Medium_Load,104.44
6613,8,4.97,0,0,48.68,100,4500,Weekday,Thursday,Light_Load,2.77
6614,11,31.43,0,0.02,82.37,100,29700,Weekend,Saturday,Light_Load,45.65
6615,4,34.92,0,0.05,94.64,100,71100,Weekday,Monday,Medium_Load,102.35
6616,8,5.26,0,0,52.45,100,82800,Weekday,Friday,Medium_Load,3.24
6617,9,33.05,0,0.02,70.47,100,30600,Weekend,Saturday,Light_Load,32.83
6618,7,0,17.32,0,100,17.4,77400,Weekend,Sunday,Light_Load,3.06
6619,2,4.03,2.23,0.02,99.69,99.91,35100,Weekend,Saturday,Medium_Load,51.3
6620,12,3.85,0,0,74.11,100,20700,Weekday,Tuesday,Light_Load,4.25
6621,8,4.46,0,0,51.22,100,26100,Weekday,Wednesday,Light_Load,2.66
6622,8,5.8,0,0,48.31,100,18900,Weekend,Sunday,Light_Load,3.2
6623,2,27.54,0,0.03,93.17,100,38700,Weekday,Wednesday,Maximum_Load,70.67
6624,9,6.26,0.04,0,42.27,99.99,80100,Weekday,Wednesday,Medium_Load,2.92
6625,12,0,13.64,0,100,25.98,48600,Weekend,Sunday,Light_Load,3.67
6626,4,3.82,0,0,61.64,100,19800,Weekend,Saturday,Light_Load,2.99
6627,12,21.17,0,0.03,93.87,100,72900,Weekday,Friday,Medium_Load,57.64
6628,1,5.22,0,0,75.12,100,17100,Weekday,Wednesday,Light_Load,5.94
6629,5,3.49,0,0,66.41,100,11700,Weekday,Friday,Light_Load,3.1
6630,5,4.97,0,0,52.92,100,10800,Weekend,Saturday,Light_Load,3.1
6631,6,4.14,0,0,58.03,100,26100,Weekday,Thursday,Light_Load,2.95
6632,4,0,26.6,0,100,13.01,75600,Weekend,Saturday,Medium_Load,3.49
6633,12,18.18,0,0.02,94.8,100,53100,Weekday,Thursday,Medium_Load,54.14
6634,1,51.37,0,0.06,93.56,100,35100,Weekday,Monday,Medium_Load,136.15
6635,7,5.94,0,0,47.43,100,15300,Weekend,Saturday,Light_Load,3.2
6636,2,0,24.98,0,100,35.91,45900,Weekday,Thursday,Medium_Load,9.61
6637,11,6.73,0,0,48.28,100,85500,Weekday,Thursday,Light_Load,3.71
6638,11,30.71,0,0.02,86.42,100,51300,Weekday,Monday,Medium_Load,52.74
6639,12,0,15.26,0,100,20.52,36900,Weekday,Monday,Light_Load,3.2
6640,7,0,17.32,0,100,16.62,74700,Weekend,Saturday,Medium_Load,2.92
6641,5,0,12.67,0,100,23.98,44100,Weekday,Tuesday,Light_Load,3.13
6642,12,2.16,0.29,0,84.26,99.63,26100,Weekday,Friday,Light_Load,3.38
6643,5,56.84,0,0.04,80.56,100,29700,Weekday,Friday,Light_Load,77.29
6644,7,0,17.03,0,100,16.9,62100,Weekend,Sunday,Light_Load,2.92
6645,8,34.99,0,0.04,93.73,100,73800,Weekday,Wednesday,Medium_Load,94.14
6646,12,0,21.56,0,100,24.3,77400,Weekday,Friday,Medium_Load,5.4
6647,11,7.96,1.04,0.02,98.37,99.97,75600,Weekday,Thursday,Medium_Load,43.6
6648,10,0,17.14,0,100,20.94,79200,Weekend,Saturday,Medium_Load,3.67
6649,6,0,16.27,0,100,18.48,47700,Weekend,Sunday,Light_Load,3.06
6650,10,57.2,0,0.05,90.21,100,37800,Weekday,Wednesday,Maximum_Load,119.59
6651,6,18.54,0,0.02,93.04,100,37800,Weekday,Thursday,Maximum_Load,47.05
6652,4,0,25.7,0,100,15.08,77400,Weekend,Saturday,Medium_Load,3.92
6653,7,4.93,0,0,48.03,100,25200,Weekend,Saturday,Light_Load,2.7
6654,9,5.98,0,0,48.87,100,0,Weekday,Wednesday,Light_Load,3.35
6655,9,0,6.37,0,100,47.73,65700,Weekend,Saturday,Medium_Load,3.46
6656,12,0,15.41,0,100,22.75,51300,Weekend,Sunday,Light_Load,3.6
6657,7,12.78,0,0.02,96.75,100,60300,Weekday,Thursday,Maximum_Load,48.92
6658,3,4.43,0,0,63.49,100,0,Weekday,Tuesday,Light_Load,3.64
6659,1,0,9.47,0,100,44.83,66600,Weekend,Sunday,Maximum_Load,4.75
6660,5,5.22,0,0,48.82,100,12600,Weekday,Thursday,Light_Load,2.92
6661,6,0,16.88,0,100,17.61,69300,Weekday,Wednesday,Medium_Load,3.02
6662,8,5.33,0,0,51.12,100,82800,Weekend,Saturday,Medium_Load,3.17
6663,12,0,22,0,100,18.97,72000,Weekend,Sunday,Light_Load,4.25
6664,11,9.83,5.15,0.02,96.76,99.08,47700,Weekend,Sunday,Medium_Load,37.69
6665,3,0.07,3.42,0.02,100,99.51,54900,Weekend,Sunday,Maximum_Load,34.34
6666,2,5.76,0,0,69.58,100,6300,Weekday,Wednesday,Light_Load,5.58
6667,5,33.19,0,0.05,95.49,100,54000,Weekday,Wednesday,Maximum_Load,106.74
6668,1,5.9,0,0,61.82,100,14400,Weekday,Tuesday,Light_Load,4.64
6669,1,5.94,0,0,61.56,100,9900,Weekday,Tuesday,Light_Load,4.64
6670,9,7.02,0,0,48.47,100,15300,Weekday,Wednesday,Light_Load,3.89
6671,1,5,0,0,74.89,100,27900,Weekday,Monday,Light_Load,5.65
6672,2,6.52,0,0,68.02,100,7200,Weekday,Thursday,Light_Load,6.05
6673,9,52.56,0,0.04,84.08,100,33300,Weekday,Tuesday,Medium_Load,81.65
6674,5,49.64,0,0.05,91.11,100,48600,Weekday,Wednesday,Maximum_Load,109.76
6675,5,5.29,0,0,52.7,100,24300,Weekday,Wednesday,Light_Load,3.28
6676,12,0,22.1,0,100,22.4,67500,Weekday,Wednesday,Maximum_Load,5.08
6677,5,5,0,0,48.06,100,23400,Weekend,Sunday,Light_Load,2.74
6678,9,0,11.34,0,100,24.05,79200,Weekend,Saturday,Medium_Load,2.81
6679,4,12.78,0,0.02,96.98,100,62100,Weekday,Monday,Medium_Load,50.83
6680,7,3.92,0,0,59.21,100,81000,Weekend,Sunday,Light_Load,2.88
6681,7,6.08,0,0,43.29,100,16200,Weekday,Tuesday,Light_Load,2.92
6682,9,6.01,0,0,53.94,100,0,Weekend,Saturday,Light_Load,3.85
6683,11,5.72,0,0,50.09,100,21600,Weekday,Tuesday,Light_Load,3.31
6684,2,35.39,0,0.05,94.55,100,38700,Weekday,Tuesday,Maximum_Load,102.71
6685,10,6.12,0,0,44.72,100,14400,Weekday,Friday,Light_Load,3.06
6686,3,4.39,0,0,59.85,100,27000,Weekend,Saturday,Light_Load,3.28
6687,7,4.57,0,0,50.3,100,900,Weekday,Monday,Light_Load,2.66
6688,6,5.11,0,0,49.1,100,4500,Weekend,Saturday,Light_Load,2.88
6689,7,4.9,0,0,52.09,100,9900,Weekday,Thursday,Light_Load,2.99
6690,12,3.35,0.14,0,76.9,99.94,9000,Weekend,Saturday,Light_Load,4.03
6691,11,36.79,0,0.03,84.96,100,58500,Weekday,Monday,Medium_Load,59.26
6692,1,4.68,0,0,70.71,100,900,Weekday,Friday,Light_Load,4.68
6693,8,4.86,0,0,47.59,100,15300,Weekday,Monday,Light_Load,2.63
6694,5,0,19.4,0,100,25.14,32400,Weekend,Saturday,Light_Load,5.04
6695,11,19.04,0,0.02,93.72,100,54900,Weekday,Tuesday,Medium_Load,51.16
6696,1,5,0,0,81.18,100,27000,Weekend,Saturday,Light_Load,6.95
6697,4,0,24.05,0,100,15.97,75600,Weekend,Saturday,Medium_Load,3.89
6698,4,1.51,9.54,0,90.28,31.53,80100,Weekend,Saturday,Medium_Load,3.17
6699,7,4.07,5.33,0,83.43,75.62,44100,Weekday,Monday,Medium_Load,6.16
6700,3,4.79,0,0,61.95,100,900,Weekday,Monday,Light_Load,3.78
6701,4,14.8,0,0.02,95.7,100,72900,Weekday,Tuesday,Medium_Load,48.85
6702,6,5.26,0,0,51.14,100,27000,Weekday,Tuesday,Light_Load,3.13
6703,1,0,22.93,0.01,100,44.55,76500,Weekday,Tuesday,Medium_Load,11.41
6704,4,0,27.07,0,100,14.98,68400,Weekday,Wednesday,Medium_Load,4.1
6705,5,0,22.9,0,100,25.11,45000,Weekend,Saturday,Medium_Load,5.94
6706,5,27.94,0,0.03,91.56,100,54000,Weekday,Friday,Maximum_Load,63.61
6707,3,23.8,0,0.01,79.89,100,29700,Weekday,Wednesday,Light_Load,31.61
6708,3,2.48,0,0,78.09,100,83700,Weekday,Wednesday,Light_Load,3.1
6709,3,2.63,0,0,77.64,100,9900,Weekday,Friday,Light_Load,3.24
6710,3,3.13,0,0,69.08,100,13500,Weekday,Wednesday,Light_Load,2.99
6711,5,26.28,0,0.02,87.96,100,70200,Weekday,Friday,Medium_Load,48.6
6712,8,44.03,0,0.04,89.24,100,36900,Weekday,Wednesday,Maximum_Load,87.08
6713,6,26.32,0,0.02,89.69,100,54000,Weekday,Friday,Maximum_Load,53.39
6714,5,0,26.17,0,100,15.37,79200,Weekday,Thursday,Medium_Load,4.07
6715,12,0,19.73,0,100,47.88,46800,Weekday,Friday,Medium_Load,10.76
6716,4,4.18,0,0,60.43,100,13500,Weekend,Sunday,Light_Load,3.17
6717,1,69.55,0,0.05,81.89,100,40500,Weekday,Monday,Maximum_Load,99.25
6718,2,71.42,0,0.05,83.63,100,30600,Weekday,Wednesday,Light_Load,108.94
6719,10,35.68,0,0.03,85.21,100,40500,Weekday,Monday,Maximum_Load,58.1
6720,3,0,26.57,0,100,15,63900,Weekend,Saturday,Medium_Load,4.03
6721,3,35.42,0,0.05,94.31,100,37800,Weekday,Thursday,Maximum_Load,100.44
6722,3,0.22,4.1,0.01,100,99.21,49500,Weekend,Sunday,Maximum_Load,32.33
6723,11,0,13.97,0,100,20.66,52200,Weekend,Sunday,Light_Load,2.95
6724,4,4.25,0,0,58.43,100,81900,Weekend,Saturday,Medium_Load,3.06
6725,6,0,4.18,0,100,57.27,66600,Weekend,Sunday,Light_Load,2.92
6726,3,0,26.46,0,100,17.27,45000,Weekend,Saturday,Medium_Load,4.64
6727,7,4.46,0,0,50.22,100,24300,Weekday,Thursday,Light_Load,2.59
6728,8,4.75,0,0,54.16,100,1800,Weekend,Sunday,Light_Load,3.06
6729,6,0,26.6,0,100,13.27,78300,Weekday,Monday,Medium_Load,3.56
6730,7,1.04,5.47,0,96.15,55.4,80100,Weekday,Tuesday,Medium_Load,3.64
6731,4,22.5,0,0.02,91.73,100,49500,Weekday,Monday,Maximum_Load,51.84
6732,10,0,11.27,0,100,25.08,58500,Weekend,Sunday,Light_Load,2.92
6733,9,4.61,0,0,49.55,100,12600,Weekend,Sunday,Light_Load,2.63
6734,10,4.54,0,0,52.63,100,9000,Weekday,Friday,Light_Load,2.81
6735,5,4.36,0,0,57.95,100,12600,Weekday,Friday,Light_Load,3.1
6736,9,0,13.5,0,100,52.47,71100,Weekday,Friday,Medium_Load,8.32
6737,5,21.38,0,0.02,90.24,100,35100,Weekday,Friday,Medium_Load,44.78
6738,4,3.1,0,0,72.25,100,6300,Weekend,Saturday,Light_Load,3.24
6739,8,43.92,0,0.05,92.79,100,50400,Weekend,Saturday,Maximum_Load,109.33
6740,4,14.94,0,0.02,92.61,100,40500,Weekend,Saturday,Maximum_Load,36.68
6741,2,1.19,10.22,0,94,30.56,80100,Weekday,Thursday,Light_Load,3.28
6742,5,23,0,0.02,91.23,100,54000,Weekday,Thursday,Maximum_Load,51.23
6743,4,3.64,0,0,64.35,100,1800,Weekday,Thursday,Light_Load,3.06
6744,9,15.23,0,0.02,92.74,100,70200,Weekday,Tuesday,Medium_Load,37.76
6745,1,34.52,0,0.05,95.17,100,37800,Weekday,Friday,Maximum_Load,107.03
6746,6,0,16.31,0,100,18.67,55800,Weekend,Sunday,Light_Load,3.1
6747,2,25.63,0,0.03,93.22,100,37800,Weekday,Tuesday,Maximum_Load,66.02
6748,12,38.38,0,0.03,85.39,100,54000,Weekday,Tuesday,Medium_Load,62.96
6749,10,37.91,0,0.04,92.63,100,36900,Weekday,Friday,Maximum_Load,93.2
6750,5,3.74,0,0,66.72,100,28800,Weekday,Monday,Light_Load,3.35
6751,11,0,10.58,0,100,35.9,44100,Weekend,Saturday,Medium_Load,4.07
6752,7,26.89,0,0.04,96.03,100,36000,Weekend,Sunday,Medium_Load,92.52
6753,12,4.54,0,0,64.38,100,81900,Weekday,Monday,Light_Load,3.82
6754,5,4.1,0,0,58.01,100,25200,Weekend,Sunday,Light_Load,2.92
6755,4,35.93,0,0.02,75.56,100,31500,Weekday,Tuesday,Light_Load,41.44
6756,9,5.15,0,0,46.97,100,19800,Weekday,Wednesday,Light_Load,2.74
6757,10,4.75,0,0,47.87,100,22500,Weekday,Tuesday,Light_Load,2.59
6758,8,4.36,0,0,52.08,100,82800,Weekday,Wednesday,Medium_Load,2.66
6759,3,30.17,0,0.02,86.35,100,42300,Weekday,Wednesday,Maximum_Load,51.66
6760,3,38.41,0,0.03,85.95,100,40500,Weekday,Thursday,Maximum_Load,64.58
6761,3,0,27.29,0,100,17.53,71100,Weekend,Saturday,Medium_Load,4.86
6762,11,0,18.11,0,100,20.79,72000,Weekday,Thursday,Maximum_Load,3.85
6763,11,51.66,0,0.06,92.28,100,72000,Weekday,Monday,Maximum_Load,123.73
6764,6,26.03,0,0.04,95.35,100,35100,Weekday,Monday,Medium_Load,82.33
6765,7,19.22,0,0.03,94.6,100,60300,Weekday,Thursday,Maximum_Load,56.09
6766,2,9.58,0.97,0.03,99.21,99.99,64800,Weekday,Tuesday,Maximum_Load,75.71
6767,1,0,26.64,0,100,18.98,79200,Weekday,Thursday,Medium_Load,5.15
6768,4,18.9,0,0.03,95.21,100,36000,Weekday,Tuesday,Medium_Load,58.82
6769,2,5.11,0,0,66.66,100,2700,Weekday,Monday,Light_Load,4.57
6770,9,25.02,0,0.02,88.44,100,33300,Weekday,Friday,Medium_Load,47.41
6771,7,6.01,0,0,43.21,100,11700,Weekday,Friday,Light_Load,2.88
6772,6,0,17.03,0,100,17.29,69300,Weekend,Sunday,Medium_Load,2.99
6773,11,6.01,0,0,69.44,100,28800,Weekday,Friday,Light_Load,5.8
6774,12,59.47,0,0.05,89.32,100,59400,Weekday,Friday,Medium_Load,118.12
6775,6,3.42,0,0,60.37,100,18000,Weekend,Sunday,Light_Load,2.59
6776,4,5.18,0,0,53.5,100,24300,Weekday,Wednesday,Light_Load,3.28
6777,8,6.08,0,0,45.77,100,21600,Weekday,Thursday,Light_Load,3.13
6778,12,2.66,0.4,0,83.46,99.51,900,Weekday,Thursday,Light_Load,4.03
6779,10,7.49,0,0,54.12,100,27900,Weekday,Wednesday,Light_Load,4.82
6780,6,6.23,0,0,65.01,100,28800,Weekday,Monday,Light_Load,5.33
6781,3,0,26.64,0,100,14.96,68400,Weekend,Saturday,Medium_Load,4.03
6782,8,4.86,0,0,47.59,100,84600,Weekday,Thursday,Light_Load,2.63
6783,12,3.35,0.04,0,81.55,100,11700,Weekend,Saturday,Light_Load,4.72
6784,9,43.06,0,0.03,83.95,100,50400,Weekday,Wednesday,Maximum_Load,66.53
6785,11,4.46,0,0,54.78,100,11700,Weekend,Sunday,Light_Load,2.92
6786,4,3.2,0,0,74.37,100,84600,Weekday,Thursday,Light_Load,3.56
6787,9,7.88,0,0,40.2,100,81900,Weekday,Thursday,Medium_Load,3.46
6788,6,6.08,0,0,44.49,100,10800,Weekend,Sunday,Light_Load,3.02
6789,2,0,25.24,0,100,36.07,46800,Weekday,Thursday,Medium_Load,9.76
6790,7,20.48,0,0.02,92.76,100,69300,Weekday,Friday,Medium_Load,50.87
6791,12,1.87,0.36,0,85.63,99.33,23400,Weekday,Friday,Light_Load,3.1
6792,1,3.78,0,0,77.79,100,23400,Weekday,Tuesday,Light_Load,4.68
6793,8,35.75,0,0.05,94.2,100,72900,Weekday,Friday,Medium_Load,100.33
6794,5,42.55,0,0.03,79.4,100,42300,Weekday,Tuesday,Maximum_Load,55.58
6795,10,41.83,0,0.05,92.83,100,54900,Weekend,Saturday,Maximum_Load,104.47
6796,1,4.25,0,0,61.45,100,2700,Weekday,Monday,Light_Load,3.31
6797,8,20.12,0.04,0.03,96.17,100,74700,Weekday,Wednesday,Medium_Load,70.63
6798,2,0,26.1,0,100,32.73,45000,Weekday,Wednesday,Medium_Load,9.04
6799,5,4.36,0,0,64.81,100,82800,Weekday,Thursday,Medium_Load,3.71
6800,9,5.15,0,0,47.37,100,7200,Weekend,Sunday,Light_Load,2.77
6801,3,4.64,0,0,62.04,100,22500,Weekday,Thursday,Light_Load,3.67
6802,9,4.68,0,0,51.48,100,19800,Weekday,Thursday,Light_Load,2.81
6803,12,2.92,0.29,0,89.32,99.88,28800,Weekday,Wednesday,Light_Load,5.8
6804,1,26.24,0,0.02,80.73,100,81000,Weekday,Friday,Maximum_Load,35.89
6805,10,6.16,0,0,44.95,100,14400,Weekday,Monday,Light_Load,3.1
6806,8,0,17.06,0,100,16.42,73800,Weekday,Wednesday,Light_Load,2.84
6807,10,6.08,0,0,48.59,100,83700,Weekend,Saturday,Light_Load,3.38
6808,2,5.18,0,0,81.17,100,5400,Weekday,Friday,Light_Load,7.2
6809,1,4.18,0,0,69.76,100,25200,Weekday,Wednesday,Light_Load,4.07
6810,6,4.72,0,0,52.61,100,4500,Weekday,Thursday,Light_Load,2.92
6811,3,0,13.28,0.01,100,85.8,46800,Weekday,Thursday,Medium_Load,22.18
6812,1,26.35,0,0.04,94.65,100,32400,Weekday,Tuesday,Light_Load,77.26
6813,11,0,17.53,0,100,20.87,68400,Weekend,Saturday,Light_Load,3.74
6814,7,19.37,0,0.02,93.83,100,36900,Weekday,Friday,Maximum_Load,52.56
6815,2,3.46,0,0,74.38,100,3600,Weekday,Monday,Light_Load,3.85
6816,11,6.62,0,0,59.49,100,28800,Weekend,Saturday,Light_Load,4.9
6817,2,11.27,0,0.02,95.65,100,66600,Weekday,Monday,Maximum_Load,36.94
6818,1,19.15,0,0.03,95.95,100,49500,Weekend,Saturday,Medium_Load,65.2
6819,10,5.65,0,0,45.91,100,19800,Weekend,Saturday,Light_Load,2.92
6820,4,4.14,0,0,65.62,100,15300,Weekday,Thursday,Light_Load,3.6
6821,9,0,11.95,0,100,25.64,45000,Weekend,Sunday,Medium_Load,3.17
6822,6,1.94,15.48,0,98.17,54.3,44100,Weekday,Tuesday,Medium_Load,10.01
6823,8,4.97,0,0,48.28,100,9000,Weekday,Thursday,Light_Load,2.74
6824,2,5.04,0,0,76.62,100,13500,Weekend,Saturday,Light_Load,6.01
6825,12,2.38,0,0,79.32,100,14400,Weekday,Monday,Light_Load,3.1
6826,1,1.12,4.32,0.01,99.93,99.04,49500,Weekend,Sunday,Medium_Load,30.96
6827,8,5.15,0,0,46.97,100,27000,Weekday,Wednesday,Light_Load,2.74
6828,12,19.04,0,0.03,95.01,100,41400,Weekday,Friday,Maximum_Load,58
6829,2,29.88,0,0.05,95.8,100,62100,Weekday,Wednesday,Maximum_Load,99.86
6830,8,4.64,0,0,49.73,100,26100,Weekend,Saturday,Light_Load,2.66
6831,10,40.46,0,0.03,83.51,100,56700,Weekday,Friday,Maximum_Load,61.42
6832,8,37.66,0.14,0.03,83.62,100,63000,Weekday,Thursday,Medium_Load,57.42
6833,12,0,19.26,0,100,24.8,79200,Weekday,Monday,Medium_Load,4.93
6834,1,4.1,0,0,74.43,100,81900,Weekend,Sunday,Maximum_Load,4.57
6835,3,0,26.96,0,100,15.32,69300,Weekend,Saturday,Medium_Load,4.18
6836,5,0,25.34,0,100,14.33,69300,Weekday,Thursday,Medium_Load,3.67
6837,10,6.19,0,0,45.12,100,900,Weekday,Monday,Light_Load,3.13
6838,7,17.35,0,0.02,95.08,100,36900,Weekday,Tuesday,Maximum_Load,53.24
6839,6,5.9,0,0,48.93,100,12600,Weekday,Wednesday,Light_Load,3.31
6840,8,37.98,0,0.03,87.03,100,56700,Weekend,Saturday,Maximum_Load,67.1
6841,6,5.04,0,0,58.12,100,81900,Weekday,Thursday,Medium_Load,3.6
6842,11,0,21.56,0,100,25.06,77400,Weekday,Friday,Medium_Load,5.58
6843,4,49.32,0,0.05,91.45,100,52200,Weekday,Tuesday,Maximum_Load,111.46
6844,3,50.87,0,0.04,84.27,100,40500,Weekday,Tuesday,Maximum_Load,79.63
6845,1,5.29,0,0,62,100,19800,Weekend,Saturday,Light_Load,4.18
6846,8,5.15,0,0,47.9,100,10800,Weekday,Thursday,Light_Load,2.81
6847,10,0,9.86,0,100,36.7,66600,Weekday,Wednesday,Medium_Load,3.89
6848,10,7.38,0.36,0.01,97.12,99.99,64800,Weekday,Tuesday,Medium_Load,30.06
6849,7,4.82,0,0,49.42,100,16200,Weekday,Monday,Light_Load,2.74
6850,10,38.3,0,0.03,84.75,100,55800,Weekday,Wednesday,Maximum_Load,61.16
6851,3,0,17.39,0,100,17.11,71100,Weekend,Saturday,Light_Load,3.02
6852,4,4.1,0,0,60.31,100,22500,Weekday,Tuesday,Light_Load,3.1
6853,12,0,14.9,0,100,21.94,63000,Weekend,Saturday,Light_Load,3.35
6854,11,32.08,0,0.03,91.74,100,67500,Weekday,Thursday,Maximum_Load,73.94
6855,8,4.32,0,0,50.98,100,19800,Weekday,Friday,Light_Load,2.56
6856,3,3.1,0,0,73.7,100,14400,Weekend,Saturday,Light_Load,3.38
6857,9,24.52,0,0.02,88.36,100,48600,Weekday,Monday,Maximum_Load,46.26
6858,11,51.73,0,0.06,92.34,100,32400,Weekday,Thursday,Light_Load,124.49
6859,2,0,19.4,0,100,20.68,73800,Weekend,Saturday,Light_Load,4.1
6860,7,4.18,0,0,56.74,100,2700,Weekday,Monday,Light_Load,2.88
6861,4,26.42,0,0.04,96.25,100,61200,Weekday,Tuesday,Maximum_Load,93.71
6862,11,0,16.63,0,100,26.34,62100,Weekend,Saturday,Maximum_Load,4.54
6863,2,4.82,0,0,73.92,100,16200,Weekday,Tuesday,Light_Load,5.29
6864,5,4.54,0,0,53.57,100,18900,Weekday,Monday,Light_Load,2.88
6865,11,32.33,0,0.03,88.14,100,42300,Weekday,Monday,Maximum_Load,60.34
6866,5,42.91,0,0.05,93.94,100,55800,Weekday,Wednesday,Maximum_Load,117.54
6867,7,0,21.06,0,100,16.85,68400,Weekend,Saturday,Medium_Load,3.6
6868,4,0.11,7.7,0.01,100,97.09,64800,Weekday,Monday,Medium_Load,31.21
6869,12,56.81,0,0.03,78.86,100,30600,Weekday,Tuesday,Light_Load,72.86
6870,5,0,16.88,0,100,19.07,62100,Weekend,Sunday,Light_Load,3.28
6871,4,22.46,0,0.02,92.3,100,59400,Weekday,Monday,Maximum_Load,53.86
6872,8,27.61,0,0.02,88.83,100,70200,Weekday,Friday,Medium_Load,53.39
6873,3,3.64,0,0,64.84,100,8100,Weekday,Monday,Light_Load,3.1
6874,7,4.9,0,0,57.23,100,7200,Weekday,Tuesday,Light_Load,3.42
6875,1,4.75,0,0,68.45,100,26100,Weekend,Sunday,Light_Load,4.46
6876,7,16.85,0,0.02,94.54,100,68400,Weekday,Friday,Medium_Load,48.89
6877,6,5.26,0,0,46.6,100,29700,Weekend,Sunday,Light_Load,2.77
6878,3,28.19,0,0.03,91.91,100,63000,Weekday,Friday,Medium_Load,65.74
6879,4,4.39,0,0,58.9,100,19800,Weekday,Tuesday,Light_Load,3.2
6880,9,5.62,0,0,52.76,100,27000,Weekday,Friday,Light_Load,3.49
6881,9,4.97,0,0,44.65,100,1800,Weekday,Thursday,Light_Load,2.48
6882,1,23.15,0,0.03,93.73,100,61200,Weekday,Wednesday,Medium_Load,62.24
6883,7,10.55,0.36,0.02,97.44,100,59400,Weekend,Saturday,Maximum_Load,45.68
6884,11,5,0,0,54.38,100,23400,Weekend,Saturday,Light_Load,3.24
6885,1,4.72,0,0,69.87,100,8100,Weekday,Wednesday,Light_Load,4.61
6886,8,5.29,0,0,48.33,100,900,Weekday,Wednesday,Light_Load,2.92
6887,8,31.32,0,0.03,87.35,100,56700,Weekday,Wednesday,Maximum_Load,56.2
6888,8,9.43,0.14,0.01,94.81,100,44100,Weekday,Monday,Medium_Load,28.12
6889,12,36.22,0,0.03,90.17,100,38700,Weekday,Thursday,Maximum_Load,75.53
6890,10,5.18,0,0,48.07,100,9900,Weekday,Monday,Light_Load,2.84
6891,7,28.55,0,0.03,91.52,100,32400,Weekday,Tuesday,Light_Load,64.84
6892,5,0,18.14,0.01,100,54.33,61200,Weekend,Saturday,Maximum_Load,11.74
6893,10,47.92,0,0.03,78.72,100,71100,Weekday,Tuesday,Medium_Load,61.16
6894,4,1.08,2.09,0.02,99.96,99.84,72000,Weekday,Friday,Medium_Load,37.33
6895,8,0,15.66,0,100,19.18,32400,Weekday,Wednesday,Light_Load,3.06
6896,5,4.72,0,0,53,100,20700,Weekday,Monday,Light_Load,2.95
6897,5,0,16.96,0,100,17.98,53100,Weekday,Tuesday,Light_Load,3.1
6898,8,32.9,0,0.03,88.46,100,32400,Weekday,Wednesday,Light_Load,62.42
6899,4,42.7,0,0.03,79.26,100,41400,Weekday,Wednesday,Maximum_Load,55.51
6900,7,4.75,0,0,51.85,100,9900,Weekday,Tuesday,Light_Load,2.88
6901,10,56.95,0,0.04,82.8,100,55800,Weekday,Tuesday,Maximum_Load,84.1
6902,11,6.7,0,0,49.14,100,81000,Weekend,Saturday,Maximum_Load,3.78
6903,11,0,12.53,0,100,23.43,67500,Weekend,Sunday,Light_Load,3.02
6904,6,42.34,0,0.03,80.33,100,43200,Weekday,Wednesday,Maximum_Load,57.1
6905,5,0,24.48,0,100,27.17,45900,Weekday,Thursday,Medium_Load,6.91
6906,2,3.96,0,0,72.6,100,82800,Weekend,Saturday,Light_Load,4.18
6907,2,42.66,0,0.04,89.77,100,1800,Weekday,Thursday,Light_Load,86.94
6908,5,34.52,0,0.03,89.69,100,73800,Weekday,Tuesday,Medium_Load,70.02
6909,12,2.16,0.07,0,81.7,99.97,14400,Weekend,Sunday,Light_Load,3.06
6910,9,5.22,0.83,0.02,98.9,99.97,63900,Weekday,Monday,Medium_Load,34.92
6911,8,4.79,0,0,49.1,100,84600,Weekday,Friday,Light_Load,2.7
6912,5,13.72,0,0.02,95.8,100,58500,Weekday,Tuesday,Maximum_Load,45.83
6913,8,5.54,0,0,47,100,9000,Weekday,Friday,Light_Load,2.95
6914,6,52.16,0,0.05,90.32,100,53100,Weekday,Tuesday,Maximum_Load,109.76
6915,4,21.64,0,0.03,93.73,100,33300,Weekday,Monday,Medium_Load,58.21
6916,8,5.4,0,0,47.57,100,2700,Weekday,Friday,Light_Load,2.92
6917,8,5.18,0,0,46.76,100,11700,Weekday,Thursday,Light_Load,2.74
6918,4,3.67,0,0,60.79,100,28800,Weekend,Sunday,Light_Load,2.81
6919,11,0,14.08,0,100,20.77,43200,Weekend,Sunday,Light_Load,2.99
6920,6,4.97,0,0,59.4,100,83700,Weekday,Tuesday,Light_Load,3.67
6921,4,3.17,0,0,75.05,100,82800,Weekday,Thursday,Medium_Load,3.6
6922,8,3.67,3.24,0.02,99.46,99.58,63900,Weekday,Monday,Medium_Load,35.21
6923,10,0,14.98,0,100,47.06,75600,Weekday,Wednesday,Medium_Load,7.99
6924,10,41.58,0,0.03,81.86,100,59400,Weekday,Tuesday,Maximum_Load,59.26
6925,11,47.52,0,0.03,79.85,100,31500,Weekday,Thursday,Light_Load,63.04
6926,9,5.29,0,0,47.3,100,8100,Weekend,Sunday,Light_Load,2.84
6927,5,4.54,0,0,52.08,100,4500,Weekend,Sunday,Light_Load,2.77
6928,3,21.85,0,0.03,93.16,100,72900,Weekday,Tuesday,Medium_Load,55.98
6929,8,5.72,0,0,43.58,100,25200,Weekend,Sunday,Light_Load,2.77
6930,10,0.79,2.56,0.01,99.95,99.46,58500,Weekend,Sunday,Light_Load,24.62
6931,12,3.67,0,0,81.44,100,81900,Weekday,Tuesday,Maximum_Load,5.15
6932,10,44.78,0,0.04,90.85,100,34200,Weekday,Monday,Medium_Load,97.34
6933,8,62.24,0,0.06,89.34,100,48600,Weekday,Friday,Maximum_Load,123.8
6934,2,48.6,0,0.05,92.21,100,60300,Weekday,Wednesday,Medium_Load,115.81
6935,1,22.21,0,0.04,96.64,100,58500,Weekday,Monday,Medium_Load,83.45
6936,1,3.74,0,0,65.94,100,30600,Weekday,Monday,Light_Load,3.28
6937,11,46.33,0,0.04,89.35,100,33300,Weekday,Tuesday,Medium_Load,92.16
6938,11,0,14.33,0,100,20.16,36900,Weekend,Sunday,Light_Load,2.95
6939,10,5.69,0,0,52.28,100,6300,Weekday,Friday,Light_Load,3.49
6940,12,2.59,0.04,0,79.11,99.99,18000,Weekday,Tuesday,Light_Load,3.35
6941,8,12.92,0,0.02,95.21,100,70200,Weekday,Friday,Medium_Load,40.25
6942,6,52.27,0,0.03,77.23,100,40500,Weekday,Friday,Maximum_Load,63.54
6943,3,3.49,0,0,65.93,100,20700,Weekday,Monday,Light_Load,3.06
6944,2,5.29,0,0,74.68,100,12600,Weekday,Thursday,Light_Load,5.94
6945,7,40.75,0,0.03,86.46,100,35100,Weekday,Thursday,Medium_Load,70.13
6946,11,2.7,0,0,74.55,100,21600,Weekend,Saturday,Light_Load,3.02
6947,4,34.49,0,0.02,73.45,100,29700,Weekday,Friday,Light_Load,37.33
6948,7,25.42,0,0.02,90.55,100,59400,Weekday,Monday,Maximum_Load,54.25
6949,11,22.18,0,0.04,96.5,100,53100,Weekend,Sunday,Medium_Load,81.58
6950,12,0,17.68,0,100,20.91,51300,Weekend,Sunday,Light_Load,3.78
6951,3,52.16,0,0.04,87.22,100,43200,Weekday,Tuesday,Maximum_Load,92.99
6952,9,5.11,0,0,53.07,100,27900,Weekday,Friday,Light_Load,3.2
6953,6,4.64,0,0,58.54,100,83700,Weekday,Thursday,Light_Load,3.35
6954,5,4.36,0,0,55.65,100,21600,Weekday,Tuesday,Light_Load,2.92
6955,5,2.27,0.32,0.02,99.78,100,72900,Weekday,Wednesday,Medium_Load,34.42
6956,3,3.35,0,0,68.73,100,19800,Weekend,Saturday,Light_Load,3.17
6957,10,0,11.38,0,100,25.65,68400,Weekend,Sunday,Light_Load,3.02
6958,5,5.58,0,0,46.37,100,3600,Weekday,Monday,Light_Load,2.92
6959,3,4,0,0,66.9,100,26100,Weekday,Monday,Light_Load,3.6
6960,1,0.86,1.58,0.02,99.97,99.91,69300,Weekday,Wednesday,Maximum_Load,37.94
6961,5,4.46,0,0,63.23,100,23400,Weekday,Friday,Light_Load,3.64
6962,7,32.51,0,0.04,93.68,100,67500,Weekday,Tuesday,Medium_Load,87.05
6963,5,4.21,0,0,62.6,100,10800,Weekday,Friday,Light_Load,3.38
6964,1,5.33,0,0,73.8,100,19800,Weekday,Wednesday,Light_Load,5.83
6965,10,5.26,0,0,56.9,100,84600,Weekday,Friday,Light_Load,3.64
6966,2,32.08,0,0.03,91.26,100,63000,Weekday,Thursday,Maximum_Load,71.6
6967,8,38.34,0,0.04,90.83,100,62100,Weekday,Friday,Medium_Load,83.27
6968,1,13.86,0.4,0.04,98.8,100,68400,Weekday,Wednesday,Maximum_Load,88.81
6969,11,5.22,0,0,54.01,100,21600,Weekday,Wednesday,Light_Load,3.35
6970,6,0,17.42,0,100,21.42,78300,Weekday,Wednesday,Medium_Load,3.82
6971,12,2.77,0,0,77.34,100,8100,Weekend,Sunday,Light_Load,3.38
6972,11,0,17.53,0,100,22.4,62100,Weekend,Sunday,Maximum_Load,4.03
6973,4,43.74,0,0.03,82.37,100,29700,Weekday,Friday,Light_Load,63.54
6974,8,5.54,0,0,45.24,100,8100,Weekend,Sunday,Light_Load,2.81
6975,10,0,15.95,0,100,32.65,45900,Weekday,Tuesday,Medium_Load,5.51
6976,4,28.8,0,0.05,96.07,100,33300,Weekday,Tuesday,Medium_Load,99.68
6977,5,21.56,0,0.03,93.28,100,72900,Weekday,Monday,Medium_Load,55.8
6978,12,3.38,0.07,0,78.27,99.99,8100,Weekday,Wednesday,Light_Load,4.25
6979,1,31.18,0,0.02,78.94,100,18000,Weekend,Sunday,Light_Load,40.1
6980,11,6.3,0,0,53.22,100,4500,Weekend,Saturday,Light_Load,3.96
6981,10,31.1,0,0.02,85.67,100,57600,Weekday,Wednesday,Maximum_Load,51.66
6982,11,2.88,0,0,73.59,100,18000,Weekend,Saturday,Light_Load,3.13
6983,2,10.22,1.58,0.03,98.82,99.97,79200,Weekday,Thursday,Medium_Load,65.95
6984,10,32.72,0,0.04,93.42,100,32400,Weekday,Monday,Light_Load,85.68
6985,3,2.74,0,0,74.5,100,3600,Weekend,Saturday,Light_Load,3.06
6986,6,4.46,0,0,59.6,100,27000,Weekday,Thursday,Light_Load,3.31
6987,8,5.11,0,0,49.1,100,84600,Weekday,Tuesday,Light_Load,2.88
6988,8,5.18,0,0,46.22,100,1800,Weekday,Friday,Light_Load,2.7
6989,10,0,18,0,100,18.88,78300,Weekday,Monday,Medium_Load,3.46
6990,8,58.75,0,0.05,87.74,100,57600,Weekday,Friday,Maximum_Load,107.46
6991,3,0,27.11,0,100,14.06,47700,Weekend,Sunday,Light_Load,3.85
6992,5,36.83,0,0.02,78.51,100,66600,Weekday,Wednesday,Medium_Load,46.69
6993,7,4.39,0,0,53.91,100,25200,Weekend,Sunday,Light_Load,2.81
6994,9,30.56,0,0.01,68.18,100,29700,Weekday,Friday,Light_Load,28.48
6995,11,35.32,0,0.03,88.31,100,50400,Weekday,Wednesday,Medium_Load,66.49
6996,7,5.51,0,0,48.55,100,9900,Weekday,Friday,Light_Load,3.06
6997,1,0,19.91,0,100,18.84,36900,Weekend,Sunday,Light_Load,3.82
6998,12,0,19.87,0,100,30.22,45900,Weekday,Monday,Medium_Load,6.3
6999,5,17.75,0,0.02,94.69,100,55800,Weekday,Friday,Maximum_Load,52.27
7000,12,16.56,0,0.02,94.79,100,36900,Weekday,Wednesday,Maximum_Load,49.28
7001,7,0,4.64,0,100,54.55,7200,Weekday,Thursday,Light_Load,3.02
7002,11,15.08,0,0.01,84.32,100,9000,Weekday,Wednesday,Light_Load,23.65
7003,9,6.91,0,0,57.84,100,28800,Weekday,Tuesday,Light_Load,4.9
7004,4,3.85,0,0,63.56,100,18900,Weekday,Thursday,Light_Load,3.17
7005,6,5.54,0,0,46.63,100,11700,Weekend,Saturday,Light_Load,2.92
7006,2,81.94,0,0.07,87.13,100,43200,Weekday,Thursday,Maximum_Load,145.51
7007,12,2.59,0.14,0,82,99.93,29700,Weekend,Saturday,Light_Load,3.71
7008,4,0.86,1.19,0.02,99.97,99.95,37800,Weekend,Saturday,Maximum_Load,38.16
7009,4,0,21.78,0,100,18.85,62100,Weekend,Saturday,Medium_Load,4.18
7010,5,4.93,0,0,50.96,100,9900,Weekday,Wednesday,Light_Load,2.92
7011,2,7.34,0,0,65.95,100,6300,Weekday,Friday,Light_Load,6.44
7012,12,22.28,0,0.03,93.12,100,48600,Weekday,Thursday,Medium_Load,56.92
7013,4,3.82,0,0,63.01,100,9900,Weekend,Sunday,Light_Load,3.1
7014,7,30.06,0,0.03,87.93,100,59400,Weekday,Monday,Maximum_Load,55.51
7015,3,3.85,0.32,0.02,99.47,100,59400,Weekday,Tuesday,Maximum_Load,37.26
7016,1,0,26.89,0,100,18.92,68400,Weekday,Wednesday,Maximum_Load,5.18
7017,2,6.26,1.44,0.03,99.57,99.98,62100,Weekend,Saturday,Maximum_Load,67.68
7018,5,9,8.71,0.01,96.06,96.29,47700,Weekday,Friday,Maximum_Load,31.1
7019,5,0,25.67,0,100,21.1,45900,Weekday,Thursday,Medium_Load,5.54
7020,6,3.31,0,0,61.62,100,0,Weekday,Monday,Light_Load,2.59
7021,1,5.33,0,0,65.42,100,81000,Weekend,Saturday,Maximum_Load,4.61
7022,7,0,6.3,0,100,51.85,84600,Weekday,Thursday,Light_Load,3.82
7023,6,67.93,0,0.05,85.72,100,30600,Weekday,Thursday,Light_Load,113.08
7024,11,4.14,0,0,62.45,100,14400,Weekday,Thursday,Light_Load,3.31
7025,4,28.04,0,0.04,94.03,100,38700,Weekday,Friday,Maximum_Load,77.47
7026,9,5.58,0,0,48.92,100,23400,Weekend,Saturday,Light_Load,3.13
7027,4,26.03,0,0.03,91.63,100,37800,Weekday,Thursday,Maximum_Load,59.54
7028,5,40.5,0,0.03,82.14,100,40500,Weekday,Wednesday,Maximum_Load,58.32
7029,10,0,18.61,0,100,27.53,44100,Weekday,Monday,Medium_Load,5.33
7030,1,26.93,0,0.03,91.02,100,40500,Weekday,Wednesday,Maximum_Load,59.18
7031,12,35.82,0,0.03,89.66,100,39600,Weekday,Tuesday,Maximum_Load,72.54
7032,10,8.24,0,0,49.39,100,14400,Weekday,Wednesday,Light_Load,4.68
7033,9,6.41,0,0,55.53,100,83700,Weekday,Thursday,Light_Load,4.28
7034,7,14.33,0,0.02,95.78,100,71100,Weekday,Thursday,Medium_Load,47.74
7035,5,4.36,0,0,56.04,100,17100,Weekend,Sunday,Light_Load,2.95
7036,7,0,10.76,0,100,44.59,45000,Weekday,Monday,Medium_Load,5.36
7037,2,12.96,2.38,0.02,94.88,99.81,80100,Weekend,Saturday,Maximum_Load,38.92
7038,3,3.64,0,0,72.66,100,27900,Weekday,Monday,Light_Load,3.85
7039,12,2.66,0.5,0,91.97,99.68,28800,Weekday,Wednesday,Light_Load,6.23
7040,9,0,15.55,0,100,32.04,45000,Weekday,Friday,Medium_Load,5.26
7041,11,5.08,0,0,51.6,100,11700,Weekday,Thursday,Light_Load,3.06
7042,8,4.32,0,0,52.43,100,3600,Weekday,Wednesday,Light_Load,2.66
7043,3,0,17.78,0,100,17.93,45900,Weekend,Sunday,Light_Load,3.24
7044,1,4.25,0,0,73.74,100,8100,Weekday,Tuesday,Light_Load,4.64
7045,1,4.5,0,0,67.71,100,900,Weekend,Saturday,Light_Load,4.14
7046,3,0,25.56,0,100,14.21,47700,Weekend,Saturday,Light_Load,3.67
7047,11,4.75,0,0,64.41,100,6300,Weekday,Friday,Light_Load,4
7048,6,5.51,0,0,53.18,100,23400,Weekday,Thursday,Light_Load,3.46
7049,7,4.03,0,0,63.92,100,15300,Weekday,Wednesday,Light_Load,3.35
7050,11,23.58,4.57,0.02,88.44,99.48,47700,Weekday,Friday,Medium_Load,44.68
7051,12,34.85,0,0.03,90.01,100,36000,Weekday,Monday,Medium_Load,72
7052,7,19.55,0,0.02,92.72,100,54900,Weekday,Wednesday,Maximum_Load,48.38
7053,2,5.69,0,0,69.76,100,6300,Weekday,Thursday,Light_Load,5.54
7054,8,5.62,0,0,44.72,100,9000,Weekend,Sunday,Light_Load,2.81
7055,6,4.36,0,0,58.81,100,23400,Weekday,Wednesday,Light_Load,3.17
7056,2,3.6,0,0,73.39,100,11700,Weekday,Tuesday,Light_Load,3.89
7057,9,16.24,0,0.02,92.15,100,73800,Weekday,Tuesday,Medium_Load,38.52
7058,9,0.72,1.51,0.01,99.97,99.88,40500,Weekday,Friday,Maximum_Load,30.24
7059,2,4.93,0,0,66.84,100,2700,Weekday,Monday,Light_Load,4.43
7060,1,42.19,0,0.04,91.83,100,43200,Weekday,Friday,Maximum_Load,97.88
7061,8,5.36,0,0,45.52,100,9000,Weekday,Friday,Light_Load,2.74
7062,5,4.61,0,0,52.98,100,21600,Weekday,Tuesday,Light_Load,2.88
7063,2,4.64,0,0,67.54,100,5400,Weekday,Monday,Light_Load,4.25
7064,3,0,19.4,0,100,20.68,46800,Weekend,Saturday,Medium_Load,4.1
7065,12,0,20.81,0,100,22.43,72900,Weekend,Saturday,Medium_Load,4.79
7066,7,5.18,0,0,49.11,100,81900,Weekday,Friday,Medium_Load,2.92
7067,9,0,11.38,0,100,24.85,74700,Weekend,Saturday,Medium_Load,2.92
7068,10,34.6,0,0.02,69.8,100,29700,Weekday,Thursday,Light_Load,33.73
7069,8,5.8,0,0,46.18,100,18000,Weekday,Friday,Light_Load,3.02
7070,3,1.69,14.72,0,93.51,29,80100,Weekday,Wednesday,Medium_Load,4.46
7071,6,5.65,0,0,47.62,100,27000,Weekday,Thursday,Light_Load,3.06
7072,12,0,21.28,0,100,19.59,49500,Weekend,Saturday,Light_Load,4.25
7073,1,43.74,0,0.05,93.64,100,39600,Weekday,Tuesday,Maximum_Load,116.68
7074,9,48.89,0,0.03,81.31,100,49500,Weekday,Friday,Maximum_Load,68.29
7075,12,0,13.64,0,100,23.85,49500,Weekend,Sunday,Light_Load,3.35
7076,6,5.9,0,0,48.13,100,24300,Weekday,Tuesday,Light_Load,3.24
7077,5,0,5.65,0,100,48.93,65700,Weekend,Saturday,Light_Load,3.17
7078,10,5.47,0,0,45.18,100,13500,Weekday,Thursday,Light_Load,2.77
7079,2,30.56,0,0.04,93.36,100,33300,Weekday,Wednesday,Medium_Load,79.6
7080,5,3.96,0,0,68.66,100,82800,Weekday,Tuesday,Medium_Load,3.74
7081,7,25.81,0,0.02,90.11,100,56700,Weekday,Tuesday,Maximum_Load,53.64
7082,10,6.26,0,0,44.72,100,8100,Weekday,Monday,Light_Load,3.13
7083,11,0,11.23,0,100,33.78,64800,Weekend,Saturday,Maximum_Load,4.03
7084,6,0,16.31,0,100,18.44,36900,Weekend,Sunday,Light_Load,3.06
7085,1,61.88,0,0.05,87.91,100,43200,Weekday,Friday,Maximum_Load,114.12
7086,10,26.78,0,0.02,86.49,100,72900,Weekday,Friday,Medium_Load,46.15
7087,7,4.79,0,0,52.95,100,4500,Weekday,Thursday,Light_Load,2.99
7088,1,3.71,16.78,0.01,99.06,84.84,46800,Weekday,Thursday,Medium_Load,26.89
7089,5,4.25,0,0,57.02,100,14400,Weekday,Monday,Light_Load,2.95
7090,3,4.1,0,0,59.31,100,26100,Weekend,Sunday,Light_Load,3.02
7091,11,22.54,0,0.03,93.58,100,67500,Weekday,Thursday,Maximum_Load,59.83
7092,5,4.75,0,0,58.88,100,16200,Weekday,Wednesday,Light_Load,3.46
7093,6,4.21,0,0,58.29,100,900,Weekday,Thursday,Light_Load,3.02
7094,11,7.09,0,0,64.66,100,85500,Weekday,Monday,Light_Load,6.01
7095,7,4.28,0,0,54.33,100,20700,Weekday,Wednesday,Light_Load,2.77
7096,1,46.91,0,0.04,89.89,100,58500,Weekday,Thursday,Medium_Load,96.26
7097,3,5.22,0,0,58.65,100,3600,Weekday,Friday,Light_Load,3.78
7098,7,0,9,0,100,39.67,45900,Weekend,Saturday,Medium_Load,3.89
7099,11,20.74,0,0.02,92.51,100,52200,Weekday,Thursday,Medium_Load,50.54
7100,10,40.07,0,0.03,84.34,100,40500,Weekday,Wednesday,Maximum_Load,62.89
7101,12,2.45,0,0,80.12,100,83700,Weekend,Saturday,Light_Load,3.28
7102,5,3.6,0,0,70.71,100,81900,Weekday,Wednesday,Medium_Load,3.6
7103,1,3.1,0,0,79.55,100,83700,Weekend,Sunday,Light_Load,4.07
7104,5,41,0,0.05,93.71,100,52200,Weekday,Thursday,Maximum_Load,110.05
7105,6,23.36,0,0.01,70,100,30600,Weekend,Sunday,Light_Load,22.9
7106,4,4.28,0,0,66.59,100,4500,Weekday,Tuesday,Light_Load,3.82
7107,8,5.18,0,0,45.68,100,21600,Weekday,Monday,Light_Load,2.66
7108,6,49.75,0,0.03,79.09,100,40500,Weekday,Friday,Maximum_Load,64.3
7109,2,2.05,0.14,0.02,99.89,100,74700,Weekday,Wednesday,Medium_Load,43.52
7110,3,5.9,0,0,75.53,100,81900,Weekday,Monday,Medium_Load,6.8
7111,2,5.08,0,0,75.39,100,8100,Weekday,Tuesday,Light_Load,5.83
7112,2,5.9,0,0,74.3,100,17100,Weekend,Saturday,Light_Load,6.55
7113,5,57.85,0,0.03,75.25,100,31500,Weekday,Thursday,Light_Load,66.1
7114,1,6.12,0,0,61.63,100,81900,Weekday,Monday,Maximum_Load,4.79
7115,3,3.02,0,0,74.57,100,7200,Weekend,Saturday,Light_Load,3.38
7116,3,55.44,0,0.04,85.27,100,31500,Weekday,Monday,Light_Load,90.5
7117,12,2.3,0,0,80.31,100,5400,Weekday,Monday,Light_Load,3.1
7118,7,4.14,0,0,64.13,100,3600,Weekday,Wednesday,Light_Load,3.46
7119,11,0,7.09,0,100,54.51,65700,Weekend,Saturday,Maximum_Load,4.61
7120,4,4.32,0,0,55.47,100,82800,Weekend,Sunday,Light_Load,2.88
7121,7,4.21,0,0,61.81,100,12600,Weekday,Wednesday,Light_Load,3.31
7122,4,4.18,0,0,62.08,100,23400,Weekday,Monday,Light_Load,3.31
7123,8,37.69,0,0.04,92.4,100,38700,Weekday,Wednesday,Maximum_Load,91.08
7124,11,18.07,0,0.02,94.64,100,53100,Weekday,Friday,Medium_Load,52.96
7125,12,3.46,0.07,0,76.73,99.99,5400,Weekday,Wednesday,Light_Load,4.14
7126,11,69.73,0,0.07,90.86,100,39600,Weekday,Tuesday,Maximum_Load,151.67
7127,3,4.61,0,0,57.02,100,20700,Weekday,Wednesday,Light_Load,3.2
7128,8,4.25,0,0,51.6,100,20700,Weekday,Friday,Light_Load,2.56
7129,9,47.99,0,0.03,82.91,100,48600,Weekday,Wednesday,Maximum_Load,71.17
7130,9,5.22,0,0,50.57,100,5400,Weekend,Saturday,Light_Load,3.06
7131,6,0,26.42,0,100,14.68,63000,Weekend,Saturday,Medium_Load,3.92
7132,1,41.4,0,0.04,90.03,100,9900,Weekend,Saturday,Light_Load,85.61
7133,10,0,10.66,0,100,27.92,51300,Weekend,Sunday,Light_Load,3.1
7134,4,0,17.64,0,100,18.07,36000,Weekend,Sunday,Light_Load,3.24
7135,1,0,16.85,0,100,21.12,48600,Weekend,Sunday,Light_Load,3.64
7136,11,3.85,0,0,58.4,100,4500,Weekday,Monday,Light_Load,2.77
7137,10,70.96,0,0.04,79.64,100,30600,Weekday,Friday,Light_Load,93.46
7138,12,16.88,0,0.03,97.05,100,62100,Weekday,Wednesday,Maximum_Load,68
7139,9,5,0,0,46.55,100,27900,Weekend,Sunday,Light_Load,2.63
7140,3,3.24,0,0,68.18,100,9900,Weekend,Sunday,Light_Load,3.02
7141,12,2.09,0.18,0,83.16,99.84,20700,Weekend,Sunday,Light_Load,3.13
7142,5,5.54,0,0,52.97,100,18900,Weekend,Saturday,Light_Load,3.46
7143,3,3.85,0,0,79.47,100,6300,Weekday,Friday,Light_Load,5.04
7144,9,5.72,0,0,46.33,100,14400,Weekday,Tuesday,Light_Load,2.99
7145,12,2.23,0.18,0,83.47,99.86,1800,Weekday,Monday,Light_Load,3.38
7146,4,4.68,0,0,54.72,100,23400,Weekday,Monday,Light_Load,3.06
7147,8,5,0,0,47.51,100,9000,Weekday,Monday,Light_Load,2.7
7148,3,14.94,0,0.02,94.97,100,48600,Weekday,Tuesday,Maximum_Load,45.32
7149,8,5.8,0,0,43.6,100,81900,Weekday,Wednesday,Medium_Load,2.81
7150,4,0,26.71,0,100,12.85,72000,Weekend,Saturday,Medium_Load,3.46
7151,9,30.96,0,0.02,85.5,100,68400,Weekday,Monday,Medium_Load,51.05
7152,3,4.93,0,0,55.39,100,12600,Weekday,Wednesday,Light_Load,3.28
7153,3,4.07,0,0,57.22,100,19800,Weekend,Saturday,Light_Load,2.84
7154,6,44.42,0,0.04,90.23,100,36000,Weekday,Monday,Medium_Load,92.99
7155,7,0,16.42,0,100,26.81,45900,Weekday,Friday,Medium_Load,4.57
7156,11,25.85,0,0.03,91.31,100,36000,Weekday,Monday,Medium_Load,57.89
7157,7,4.9,0,0,48.26,100,22500,Weekday,Monday,Light_Load,2.7
7158,7,58.36,0,0.04,83.25,100,49500,Weekday,Monday,Maximum_Load,87.7
7159,12,25.09,0,0.03,91.78,100,42300,Weekday,Thursday,Maximum_Load,58
7160,11,1.87,0.43,0,85.02,99,9900,Weekday,Friday,Light_Load,3.02
7161,9,50.72,0,0.05,90.59,100,55800,Weekday,Monday,Maximum_Load,108.5
7162,3,3.85,0.22,0.02,99.58,100,55800,Weekday,Friday,Maximum_Load,41.8
7163,7,4.97,0,0,51.93,100,16200,Weekday,Thursday,Light_Load,3.02
7164,4,0,25.78,0,100,16.68,63000,Weekend,Saturday,Medium_Load,4.36
7165,9,27.25,0,0.02,87.44,100,41400,Weekday,Thursday,Maximum_Load,49.1
7166,2,52.67,0,0.06,92.39,100,48600,Weekday,Tuesday,Medium_Load,127.19
7167,12,1.98,0.32,0,84.81,99.49,16200,Weekday,Wednesday,Light_Load,3.17
7168,6,23.29,0,0.02,91.82,100,33300,Weekday,Tuesday,Medium_Load,54
7169,3,0,12.56,0.01,100,90.06,37800,Weekend,Saturday,Maximum_Load,26.03
7170,9,5.58,0,0,47.6,100,16200,Weekday,Friday,Light_Load,3.02
7171,7,0.36,16.34,0,99.86,38.08,44100,Weekday,Friday,Medium_Load,6.73
7172,2,7.09,0,0,64.66,100,8100,Weekday,Friday,Light_Load,6.01
7173,4,1.76,14.98,0,91.53,25.8,80100,Weekday,Tuesday,Medium_Load,4
7174,7,32.83,0,0.03,86.95,100,40500,Weekday,Friday,Maximum_Load,57.78
7175,5,61.96,0,0.06,90.65,100,54000,Weekday,Wednesday,Maximum_Load,133.06
7176,9,6.59,0,0,42.9,100,24300,Weekday,Monday,Light_Load,3.13
7177,11,3.28,0.04,0,73.54,99.99,83700,Weekday,Monday,Light_Load,3.56
7178,2,0,26.14,0,100,32.2,45900,Weekday,Monday,Medium_Load,8.89
7179,7,67.46,0,0.04,75.02,100,31500,Weekday,Wednesday,Light_Load,76.54
7180,12,2.81,0.29,0,89.54,99.87,28800,Weekday,Thursday,Light_Load,5.65
7181,10,4.36,0,0,55.65,100,27000,Weekday,Monday,Light_Load,2.92
7182,12,2.41,0,0,80.84,100,85500,Weekend,Saturday,Light_Load,3.31
7183,6,32.11,0,0.04,93.54,100,67500,Weekday,Friday,Medium_Load,84.96
7184,3,2.23,7.34,0.01,99.57,95.65,44100,Weekend,Sunday,Medium_Load,24.08
7185,7,0.54,12.35,0,98.24,22.41,32400,Weekend,Sunday,Light_Load,2.84
7186,7,5.94,0,0,43.63,100,14400,Weekday,Friday,Light_Load,2.88
7187,11,23.51,0,0.01,78.63,100,29700,Weekday,Wednesday,Light_Load,29.92
7188,11,3.6,0,0,70.31,100,7200,Weekday,Monday,Light_Load,3.56
7189,3,10.94,0,0.02,97.42,100,54900,Weekday,Monday,Maximum_Load,47.23
7190,12,6.44,0.04,0.02,98.77,100,56700,Weekday,Wednesday,Medium_Load,40.64
7191,5,4.32,0,0,56,100,18000,Weekday,Wednesday,Light_Load,2.92
7192,1,55.26,0,0.04,83.23,100,66600,Weekday,Tuesday,Maximum_Load,82.98
7193,10,6.48,0,0,47.42,100,12600,Weekday,Thursday,Light_Load,3.49
7194,5,5.54,0,0,46.63,100,5400,Weekday,Monday,Light_Load,2.92
7195,12,58.43,0,0.06,90.62,100,57600,Weekday,Wednesday,Medium_Load,125.21
7196,1,0,13.97,0.01,100,74.39,38700,Weekend,Sunday,Maximum_Load,15.55
7197,5,25.49,0,0.02,89.71,100,52200,Weekday,Thursday,Maximum_Load,51.77
7198,1,5.9,0,0,66.55,100,900,Weekday,Monday,Light_Load,5.26
7199,2,4.03,0,0,72.24,100,16200,Weekday,Friday,Light_Load,4.21
7200,7,4,0,0,61.26,100,23400,Weekday,Thursday,Light_Load,3.1
7201,10,7.78,0,0,44.35,100,81000,Weekday,Monday,Medium_Load,3.85
7202,11,3.02,0.14,0,77.8,99.93,85500,Weekday,Thursday,Light_Load,3.74
7203,5,0,16.49,0,100,18.25,71100,Weekend,Sunday,Light_Load,3.06
7204,6,0,8.5,0.01,100,95.36,64800,Weekday,Friday,Medium_Load,26.93
7205,7,31.5,0,0.03,89.14,100,58500,Weekday,Wednesday,Maximum_Load,61.96
7206,2,3.74,0,0,64.18,100,6300,Weekend,Sunday,Light_Load,3.13
7207,4,3.64,0,0,63.47,100,18900,Weekend,Saturday,Light_Load,2.99
7208,8,4.93,0,0,48.03,100,2700,Weekday,Friday,Light_Load,2.7
7209,9,2.66,6.44,0.01,98.95,94.26,61200,Weekend,Saturday,Maximum_Load,18.18
7210,4,0.61,3.2,0.02,99.98,99.59,71100,Weekday,Friday,Medium_Load,35.06
7211,6,0,16.96,0,100,17.36,37800,Weekend,Sunday,Light_Load,2.99
7212,10,30.49,0,0.03,92.42,100,58500,Weekday,Monday,Maximum_Load,73.76
7213,2,48.1,0,0.03,82.81,100,42300,Weekday,Thursday,Maximum_Load,71.06
7214,12,0,22.25,0,100,18.89,68400,Weekend,Saturday,Light_Load,4.28
7215,9,5.08,0,0,45.98,100,16200,Weekend,Sunday,Light_Load,2.63
7216,10,7.02,0,0,46.33,100,81900,Weekday,Thursday,Medium_Load,3.67
7217,1,29.74,0,0.02,80.32,100,27000,Weekday,Thursday,Light_Load,40.1
7218,9,19.91,0,0.04,96.8,100,68400,Weekday,Tuesday,Medium_Load,76.75
7219,2,32.8,0,0.05,95.95,100,53100,Weekday,Tuesday,Medium_Load,111.67
7220,8,0,16.63,0,100,18.1,78300,Weekend,Saturday,Light_Load,3.06
7221,1,3.96,0,0,72.6,100,24300,Weekday,Monday,Light_Load,4.18
7222,2,1.3,1.51,0.02,99.95,99.93,78300,Weekday,Wednesday,Medium_Load,41.54
7223,3,3.42,0,0,67.16,100,17100,Weekend,Sunday,Light_Load,3.1
7224,8,5.47,0,0,46.08,100,27900,Weekend,Sunday,Light_Load,2.84
7225,2,0,24.7,0,100,16.1,45000,Weekday,Wednesday,Light_Load,4.03
7226,6,35.03,0,0.02,71.46,100,31500,Weekend,Saturday,Light_Load,35.78
7227,6,46.58,0,0.05,91.83,100,58500,Weekday,Tuesday,Maximum_Load,108.04
7228,5,37.08,3.6,0.04,92.17,99.92,47700,Weekday,Thursday,Maximum_Load,88.09
7229,6,53.5,0,0.05,91.26,100,62100,Weekday,Tuesday,Medium_Load,119.38
7230,10,25.38,0,0.02,88.64,100,41400,Weekday,Friday,Maximum_Load,48.6
7231,2,5.69,0,0,73.46,100,15300,Weekday,Thursday,Light_Load,6.16
7232,7,27.18,0,0.03,91.04,100,36000,Weekday,Monday,Medium_Load,59.8
7233,4,5.08,0,0,60.4,100,5400,Weekday,Friday,Light_Load,3.85
7234,6,0,23.15,0,100,30.78,52200,Weekday,Wednesday,Maximum_Load,7.49
7235,11,0,16.85,0,100,24.08,72000,Weekend,Saturday,Maximum_Load,4.18
7236,12,30.28,0,0.03,90.96,100,33300,Weekday,Tuesday,Medium_Load,66.28
7237,12,0,21.31,0,100,20.49,75600,Weekend,Sunday,Medium_Load,4.46
7238,4,4.9,0,0,60.67,100,83700,Weekday,Thursday,Light_Load,3.74
7239,7,13.93,0,0.02,96.33,100,61200,Weekday,Thursday,Maximum_Load,49.97
7240,5,4.68,0,0,54.72,100,13500,Weekday,Thursday,Light_Load,3.06
7241,11,0,21.1,0,100,17.63,79200,Weekday,Monday,Medium_Load,3.78
7242,7,30.56,0,0.02,84.07,100,36000,Weekday,Thursday,Medium_Load,47.45
7243,6,5.8,0,0,45.34,100,18000,Weekday,Thursday,Light_Load,2.95
7244,7,5.9,0.04,0.02,98.83,100,50400,Weekday,Tuesday,Maximum_Load,38.2
7245,3,20.95,0,0.04,97.37,100,50400,Weekday,Monday,Maximum_Load,89.57
7246,7,38.12,0,0.02,70.98,100,29700,Weekday,Thursday,Light_Load,38.41
7247,2,13.64,0,0.03,97.01,100,56700,Weekday,Tuesday,Medium_Load,54.54
7248,9,0,16.63,0,100,20.54,68400,Weekend,Saturday,Medium_Load,3.49
7249,11,0,17.64,0,100,26,46800,Weekday,Wednesday,Medium_Load,4.75
7250,3,0,10.3,0.01,100,94.74,64800,Weekday,Friday,Medium_Load,30.49
7251,9,0,11.81,0,100,39.51,46800,Weekday,Thursday,Medium_Load,5.08
7252,11,3.46,0,0,77.03,100,19800,Weekend,Sunday,Light_Load,4.18
7253,10,46.26,0,0.04,86.98,100,72900,Weekday,Tuesday,Medium_Load,81.54
7254,11,3.53,0,0,61.32,100,17100,Weekday,Monday,Light_Load,2.74
7255,8,28.66,0,0.04,95.36,100,39600,Weekend,Saturday,Maximum_Load,90.76
7256,4,4.21,0,0,74.63,100,27900,Weekday,Tuesday,Light_Load,4.72
7257,12,3.56,0.04,0,75.82,100,11700,Weekday,Monday,Light_Load,4.14
7258,3,3.49,0,0,65.44,100,2700,Weekend,Sunday,Light_Load,3.02
7259,7,4.64,0,0,55.92,100,20700,Weekday,Monday,Light_Load,3.13
7260,1,27.72,0,0.03,92.4,100,69300,Weekday,Friday,Maximum_Load,67
7261,2,0,12.71,0,100,26.48,32400,Weekend,Saturday,Light_Load,3.49
7262,9,31.54,0,0.03,87.43,100,55800,Weekday,Friday,Maximum_Load,56.81
7263,6,1.98,0.29,0.02,99.83,100,68400,Weekday,Monday,Medium_Load,34.24
7264,1,0,23.33,0,100,17.92,47700,Weekday,Monday,Light_Load,4.25
7265,6,17.64,0,0.02,92.51,100,72900,Weekday,Wednesday,Medium_Load,42.98
7266,3,3.92,0,0,62.03,100,18900,Weekday,Thursday,Light_Load,3.1
7267,4,9.58,0.68,0.01,95.87,99.98,65700,Weekday,Monday,Medium_Load,32.29
7268,9,0,17.57,0,100,20.29,71100,Weekday,Wednesday,Medium_Load,3.64
7269,3,3.13,0,0,72.66,100,25200,Weekend,Saturday,Light_Load,3.31
7270,8,0,16.24,0,100,17.87,39600,Weekend,Sunday,Light_Load,2.95
7271,5,27.97,0,0.03,90.31,100,70200,Weekday,Thursday,Medium_Load,58.82
7272,8,29.84,0,0.02,85.25,100,73800,Weekday,Thursday,Medium_Load,48.67
7273,2,4.9,0,0,79.12,100,7200,Weekday,Tuesday,Light_Load,6.34
7274,8,0,15.73,0,100,22.31,37800,Weekend,Sunday,Light_Load,3.6
7275,7,4.1,0,0,62.47,100,16200,Weekday,Tuesday,Light_Load,3.28
7276,8,29.84,0,0.02,86.79,100,52200,Weekday,Thursday,Maximum_Load,52.13
7277,12,0,10.98,0,100,42.94,65700,Weekday,Monday,Maximum_Load,5.22
7278,11,1.66,0.4,0,85.19,98.92,26100,Weekday,Tuesday,Light_Load,2.7
7279,10,6.01,0,0,46.19,100,9000,Weekday,Thursday,Light_Load,3.13
7280,6,4.18,0,0,54.26,100,11700,Weekend,Saturday,Light_Load,2.7
7281,7,0,22.36,0,100,16.5,77400,Weekday,Wednesday,Medium_Load,3.74
7282,2,13.1,0.47,0.04,98.82,100,77400,Weekday,Wednesday,Medium_Load,84.67
7283,10,6.05,0,0,46.41,100,14400,Weekend,Saturday,Light_Load,3.17
7284,1,46.69,0,0.06,93.45,100,60300,Weekday,Wednesday,Medium_Load,122.58
7285,10,4.86,0,0,54.63,100,17100,Weekday,Friday,Light_Load,3.17
7286,4,3.53,0,0,60.18,100,23400,Weekend,Sunday,Light_Load,2.66
7287,1,3.96,1.01,0.02,99.7,99.98,33300,Weekday,Monday,Medium_Load,51.26
7288,4,4.32,0,0,59.16,100,900,Weekday,Monday,Light_Load,3.17
7289,9,6.88,0,0,46.36,100,81900,Weekday,Monday,Medium_Load,3.6
7290,8,1.12,4.9,0,95.96,61.48,80100,Weekday,Monday,Medium_Load,3.82
7291,3,4.61,0,0,57.5,100,21600,Weekday,Wednesday,Light_Load,3.24
7292,5,5.65,0,0,49.28,100,18900,Weekday,Friday,Light_Load,3.2
7293,10,26.75,0,0.02,88.4,100,53100,Weekday,Monday,Maximum_Load,50.58
7294,3,5.04,0,0,60.7,100,5400,Weekday,Friday,Light_Load,3.85
7295,1,27.97,0,0.04,94.31,100,61200,Weekday,Friday,Medium_Load,79.34
7296,12,0,21.42,0,100,19.59,34200,Weekend,Saturday,Light_Load,4.28
7297,1,4,0,0,70.97,100,22500,Weekday,Wednesday,Light_Load,4.03
7298,6,37.87,0,0.04,90.06,100,60300,Weekday,Tuesday,Maximum_Load,78.48
7299,8,5.08,0,0,49.32,100,10800,Weekday,Friday,Light_Load,2.88
7300,10,13.36,0,0.02,94.83,100,51300,Weekend,Saturday,Maximum_Load,39.92
7301,8,0,14.94,0,100,19.81,72900,Weekend,Sunday,Light_Load,3.02
7302,10,0,11.34,0,100,25.73,78300,Weekend,Sunday,Light_Load,3.02
7303,7,23.58,0,0.01,75.62,100,28800,Weekday,Tuesday,Light_Load,27.25
7304,9,5.47,0,0,44.79,100,24300,Weekday,Monday,Light_Load,2.74
7305,4,2.81,0,0,75.55,100,5400,Weekend,Saturday,Light_Load,3.24
7306,3,4.68,0,0,62.43,100,83700,Weekday,Monday,Light_Load,3.74
7307,5,32.36,0,0.04,93.14,100,36900,Weekday,Wednesday,Maximum_Load,82.8
7308,4,4.46,0,0,64.25,100,27000,Weekday,Friday,Light_Load,3.74
7309,12,2.74,0,0,79,100,15300,Weekday,Monday,Light_Load,3.53
7310,11,5.98,0,0,49.21,100,22500,Weekend,Sunday,Light_Load,3.38
7311,8,4.36,0,0,51.07,100,18900,Weekend,Sunday,Light_Load,2.59
7312,11,32.11,0,0.03,89.86,100,39600,Weekday,Friday,Maximum_Load,65.77
7313,7,53.21,0,0.02,70.44,100,30600,Weekday,Thursday,Light_Load,52.81
7314,9,0,16.02,0,100,20.88,38700,Weekday,Monday,Light_Load,3.42
7315,3,0.5,16.92,0.01,99.97,75.31,45900,Weekday,Tuesday,Medium_Load,19.37
7316,7,4.36,0,0,53.62,100,18900,Weekday,Wednesday,Light_Load,2.77
7317,9,4.54,0,0,52.63,100,27900,Weekday,Thursday,Light_Load,2.81
7318,7,30.13,0,0.04,94.64,100,57600,Weekend,Sunday,Maximum_Load,88.27
7319,6,0.18,5.8,0.01,100,97.1,36900,Weekend,Sunday,Maximum_Load,23.54
7320,11,0,20.2,0,100,25.33,77400,Weekday,Friday,Medium_Load,5.29
7321,5,6.12,0,0,66.91,100,28800,Weekday,Tuesday,Light_Load,5.51
7322,12,1.3,16.7,0.01,99.43,58.77,44100,Weekday,Wednesday,Medium_Load,12.13
7323,2,5.29,0,0,77.46,100,22500,Weekend,Saturday,Light_Load,6.48
7324,11,36.65,0,0.03,84.73,100,69300,Weekday,Friday,Maximum_Load,58.46
7325,5,5.54,0,0,49.66,100,16200,Weekend,Sunday,Light_Load,3.17
7326,11,5.44,0.22,0,53.22,99.79,80100,Weekend,Saturday,Maximum_Load,3.42
7327,11,1.12,13.64,0,99.28,56.29,44100,Weekday,Friday,Medium_Load,9.29
7328,10,5.47,0,0,44.26,100,23400,Weekday,Thursday,Light_Load,2.7
7329,10,0,16.96,0,100,19.99,79200,Weekend,Saturday,Medium_Load,3.46
7330,4,1.51,12.02,0,93.76,32.07,80100,Weekday,Monday,Medium_Load,4.07
7331,4,4,0,0,66.9,100,27000,Weekday,Thursday,Light_Load,3.6
7332,5,4.36,0,0,58.32,100,13500,Weekday,Friday,Light_Load,3.13
7333,6,4.32,0,0,62.84,100,0,Weekday,Wednesday,Light_Load,3.49
7334,9,10.73,0.11,0.02,95.14,100,73800,Weekday,Friday,Medium_Load,33.16
7335,8,4.28,0,0,51.77,100,2700,Weekday,Tuesday,Light_Load,2.59
7336,5,0,5.83,0,100,53.27,66600,Weekday,Tuesday,Medium_Load,3.67
7337,5,27.72,0,0.03,89.66,100,37800,Weekday,Monday,Maximum_Load,56.12
7338,11,5.83,0,0,55.5,100,4500,Weekday,Thursday,Light_Load,3.89
7339,4,24.01,0,0.03,95.13,100,73800,Weekday,Monday,Medium_Load,74.12
7340,8,5.76,0,0,45.58,100,10800,Weekday,Friday,Light_Load,2.95
7341,11,45.54,0,0.03,79.4,100,31500,Weekday,Monday,Light_Load,59.47
7342,8,29.23,0,0.02,87.62,100,60300,Weekday,Thursday,Maximum_Load,53.14
7343,7,54.94,0,0.04,84.96,100,30600,Weekday,Monday,Light_Load,88.49
7344,11,28.12,0,0.03,93.55,100,69300,Weekday,Tuesday,Maximum_Load,74.45
7345,7,49.28,0,0.03,80.39,100,39600,Weekday,Monday,Maximum_Load,66.6
7346,3,4.68,0,0,62.43,100,13500,Weekday,Tuesday,Light_Load,3.74
7347,3,40.46,0,0.03,86.01,100,32400,Weekday,Thursday,Light_Load,68.22
7348,2,0,16.81,0,100,24.29,49500,Weekend,Sunday,Light_Load,4.21
7349,5,4.97,0,0,57.47,100,1800,Weekday,Thursday,Light_Load,3.49
7350,3,0,17.53,0,100,18.55,72000,Weekend,Sunday,Light_Load,3.31
7351,8,4.93,0,0,48.58,100,1800,Weekday,Wednesday,Light_Load,2.74
7352,6,0,17.14,0,100,17.35,74700,Weekend,Sunday,Medium_Load,3.02
7353,8,5.98,0,0,42.9,100,27000,Weekday,Friday,Light_Load,2.84
7354,11,47.02,0,0.06,93.71,100,62100,Weekday,Wednesday,Maximum_Load,126.22
7355,10,5.26,0,0,46.2,100,2700,Weekday,Thursday,Light_Load,2.74
7356,12,4.68,0,0,64.97,100,8100,Weekday,Friday,Light_Load,4
7357,10,5.98,0,0,51.15,100,5400,Weekday,Thursday,Light_Load,3.56
7358,3,6.41,0,0,56.51,100,28800,Weekday,Wednesday,Light_Load,4.39
7359,1,21.82,0,0.01,82.91,100,6300,Weekday,Wednesday,Light_Load,32.36
7360,6,4.07,0,0,61.81,100,84600,Weekday,Monday,Light_Load,3.2
7361,4,19.58,0,0.03,94.13,100,54900,Weekday,Thursday,Maximum_Load,54.58
7362,11,0,12.31,0,100,23.08,54000,Weekend,Sunday,Light_Load,2.92
7363,4,4,0,0,65.74,100,85500,Weekday,Monday,Light_Load,3.49
7364,12,6.52,0,0.02,98.57,100,40500,Weekend,Saturday,Maximum_Load,38.16
7365,1,35.89,0,0.04,90.99,100,48600,Weekday,Thursday,Medium_Load,78.7
7366,1,4.14,0,0,83.73,100,27900,Weekend,Saturday,Light_Load,6.34
7367,2,37.84,0,0.03,88.21,100,0,Weekday,Wednesday,Light_Load,70.85
7368,2,1.08,0.97,0.02,99.96,99.97,49500,Weekend,Saturday,Medium_Load,40.5
7369,9,7.27,0,0,48.48,100,81000,Weekend,Sunday,Medium_Load,4.03
7370,8,5.22,0,0,50.57,100,9900,Weekend,Sunday,Light_Load,3.06
7371,8,5.11,0,0,46.72,100,4500,Weekend,Sunday,Light_Load,2.7
7372,7,0,16.31,0,100,19.08,78300,Weekend,Sunday,Light_Load,3.17
7373,12,3.24,0.04,0,83.21,100,900,Weekday,Tuesday,Light_Load,4.86
7374,6,5.51,0,0,47.7,100,9900,Weekend,Saturday,Light_Load,2.99
7375,3,4.68,0,0,62.12,100,18900,Weekday,Tuesday,Light_Load,3.71
7376,2,28.87,0,0.02,76.97,100,1800,Weekend,Sunday,Light_Load,34.81
7377,8,0,6.62,0,100,56.81,42300,Weekend,Sunday,Maximum_Load,4.57
7378,10,55.87,0,0.05,89.73,100,67500,Weekday,Wednesday,Medium_Load,113.58
7379,11,4.75,0,0,53.65,100,23400,Weekday,Friday,Light_Load,3.02
7380,5,63.07,0,0.05,85.35,100,30600,Weekday,Monday,Light_Load,103.32
7381,4,30.92,0,0.03,88.92,100,58500,Weekday,Tuesday,Maximum_Load,60.08
7382,4,3.71,0,0,63.63,100,8100,Weekday,Thursday,Light_Load,3.06
7383,9,6.08,0,0,48.26,100,12600,Weekday,Monday,Light_Load,3.35
7384,7,19.08,0,0.02,87.3,100,42300,Weekend,Sunday,Maximum_Load,34.16
7385,5,9.68,0.5,0.03,99.08,100,71100,Weekday,Wednesday,Medium_Load,70.81
7386,9,2.38,6.37,0.01,99.26,95.06,47700,Weekend,Saturday,Maximum_Load,19.51
7387,7,0,4.68,0,100,53.84,9000,Weekday,Thursday,Light_Load,2.99
7388,11,10.15,0,0.02,96.65,100,35100,Weekend,Sunday,Medium_Load,38.2
7389,11,19.44,0,0.02,94.1,100,73800,Weekday,Thursday,Medium_Load,54.07
7390,11,4.07,0,0,62.28,100,13500,Weekday,Thursday,Light_Load,3.24
7391,9,60.16,0,0.05,87.5,100,33300,Weekday,Thursday,Medium_Load,108.72
7392,6,33.19,0,0.03,88.1,100,34200,Weekday,Friday,Medium_Load,61.81
7393,6,4.93,0,0,50.44,100,4500,Weekend,Saturday,Light_Load,2.88
7394,10,5.04,3.17,0.01,95.33,98.07,65700,Weekday,Wednesday,Medium_Load,15.91
7395,8,38.48,1.22,0.03,87.76,99.99,43200,Weekday,Wednesday,Maximum_Load,70.45
7396,10,6.34,0.14,0,47.48,99.92,80100,Weekend,Saturday,Medium_Load,3.42
7397,7,47.09,0,0.03,84.63,100,54900,Weekday,Monday,Maximum_Load,74.81
7398,2,10.66,0.94,0.04,99.06,99.99,74700,Weekday,Wednesday,Medium_Load,77.36
7399,4,9.79,0,0.02,98.09,100,63000,Weekday,Thursday,Medium_Load,49.32
7400,12,0,21.24,0,100,18.64,73800,Weekend,Saturday,Medium_Load,4.03
7401,1,4.72,0,0,63.6,100,4500,Weekday,Tuesday,Light_Load,3.89
7402,7,35.53,0,0.02,81.77,100,50400,Weekday,Monday,Maximum_Load,50.47
7403,3,0,26.82,0,100,19.6,78300,Weekday,Tuesday,Medium_Load,5.36
7404,4,38.77,0,0.02,79.68,100,42300,Weekday,Wednesday,Maximum_Load,51.12
7405,8,36.68,0,0.02,78.94,100,42300,Weekday,Thursday,Maximum_Load,47.16
7406,7,42.41,0,0.05,93.65,100,61200,Weekday,Tuesday,Maximum_Load,113.26
7407,3,5.47,0,0,77.78,100,7200,Weekday,Tuesday,Light_Load,6.77
7408,3,0.18,3.13,0.01,100,99.47,76500,Weekend,Sunday,Medium_Load,30.28
7409,2,3.17,0,0,76.95,100,25200,Weekday,Monday,Light_Load,3.82
7410,1,29.99,0,0.02,80.59,100,0,Weekday,Tuesday,Light_Load,40.82
7411,11,37.4,0,0.03,86.05,100,38700,Weekday,Friday,Maximum_Load,63.18
7412,7,5.18,0,0,48.07,100,81000,Weekday,Monday,Medium_Load,2.84
7413,8,0,16.24,0,100,18.93,77400,Weekend,Sunday,Light_Load,3.13
7414,2,12.64,0,0.04,98.91,100,72900,Weekday,Monday,Medium_Load,84.92
7415,2,0.58,2.59,0.02,99.99,99.77,78300,Weekend,Saturday,Medium_Load,38.41
7416,10,0,17.35,0,100,22.47,79200,Weekday,Monday,Medium_Load,4
7417,8,5.04,0,0,54.08,100,15300,Weekday,Tuesday,Light_Load,3.24
7418,12,2.81,0,0,75.94,100,14400,Weekday,Wednesday,Light_Load,3.28
7419,11,41.98,0,0.05,92.96,100,54900,Weekday,Wednesday,Medium_Load,105.91
7420,8,45.36,0,0.04,89.07,100,37800,Weekday,Thursday,Maximum_Load,88.88
7421,7,4,0,0,54.94,100,900,Weekday,Thursday,Light_Load,2.63
7422,6,5.33,0,0,47.54,100,81900,Weekend,Sunday,Light_Load,2.88
7423,3,3.31,0,0,83.02,100,2700,Weekday,Friday,Light_Load,4.93
7424,10,5.87,0,0,44.54,100,8100,Weekend,Saturday,Light_Load,2.92
7425,7,47.99,0,0.04,86.77,100,56700,Weekday,Monday,Maximum_Load,83.77
7426,12,4.1,0,0,70.71,100,8100,Weekend,Saturday,Light_Load,4.1
7427,8,48.1,0,0.03,84.43,100,36000,Weekday,Tuesday,Medium_Load,75.78
7428,7,11.88,3.28,0.02,96.98,99.76,63000,Weekday,Thursday,Medium_Load,47.27
7429,4,4.97,0,0,59.82,100,81000,Weekday,Monday,Medium_Load,3.71
7430,10,4.9,0,0,49.75,100,13500,Weekend,Sunday,Light_Load,2.81
7431,6,4.97,0,0,56.69,100,2700,Weekday,Friday,Light_Load,3.42
7432,5,4.14,0,0,65.62,100,22500,Weekday,Thursday,Light_Load,3.6
7433,12,3.2,0.18,0,79.61,99.91,14400,Weekday,Thursday,Light_Load,4.21
7434,3,15.84,0,0.03,97.62,100,35100,Weekday,Monday,Medium_Load,71.35
7435,1,36.61,0,0.04,92.93,100,39600,Weekday,Thursday,Maximum_Load,92.09
7436,3,3.85,0,0,62.22,100,21600,Weekend,Sunday,Light_Load,3.06
7437,5,39.2,0,0.03,84.03,100,57600,Weekday,Friday,Maximum_Load,60.77
7438,8,5.04,0,0,51.4,100,27000,Weekend,Saturday,Light_Load,3.02
7439,7,0,5.11,0,100,55.62,8100,Weekday,Wednesday,Light_Load,3.42
7440,4,3.92,0,0,64.52,100,15300,Weekday,Thursday,Light_Load,3.31
7441,11,5.51,0,0,49.39,100,8100,Weekend,Sunday,Light_Load,3.13
7442,2,20.74,0,0.03,94.33,100,66600,Weekday,Wednesday,Maximum_Load,58.93
7443,12,13.64,0,0.02,96.18,100,52200,Weekday,Monday,Medium_Load,47.95
7444,5,9,0.07,0.02,97.86,100,74700,Weekday,Wednesday,Medium_Load,42.77
7445,2,11.92,0,0.02,97.34,100,48600,Weekday,Wednesday,Medium_Load,50.69
7446,12,0,21.42,0,100,23.51,75600,Weekday,Friday,Medium_Load,5.18
7447,11,7.09,0,0,47.43,100,21600,Weekend,Sunday,Light_Load,3.82
7448,4,0,25.92,0,100,22.48,46800,Weekday,Friday,Medium_Load,5.98
7449,7,39.17,0,0.05,92.88,100,34200,Weekday,Thursday,Medium_Load,98.17
7450,10,43.7,0,0.04,90.9,100,67500,Weekday,Tuesday,Medium_Load,95.29
7451,6,7.49,0,0,49.96,100,18900,Weekend,Saturday,Light_Load,4.32
7452,2,16.34,0,0.04,98.62,100,73800,Weekday,Wednesday,Medium_Load,97.42
7453,7,17.89,0,0.02,93.98,100,36900,Weekend,Saturday,Maximum_Load,49.18
7454,1,0,26.78,0,100,23.04,76500,Weekend,Sunday,Medium_Load,6.34
7455,7,53.82,0,0.05,91.1,100,57600,Weekday,Tuesday,Maximum_Load,118.91
7456,1,29.3,0,0.03,90.89,100,49500,Weekday,Monday,Medium_Load,63.86
7457,11,7.38,0,0,44.91,100,4500,Weekday,Tuesday,Light_Load,3.71
7458,3,3.28,0,0,67.73,100,1800,Weekend,Sunday,Light_Load,3.02
7459,12,0,19.58,0,100,19.15,51300,Weekend,Saturday,Light_Load,3.82
7460,12,2.66,0.04,0,78.94,99.99,4500,Weekday,Monday,Light_Load,3.42
7461,7,62.24,0,0.06,89.03,100,32400,Weekday,Thursday,Light_Load,121.68
7462,5,4.43,0,0,55.94,100,13500,Weekend,Sunday,Light_Load,2.99
7463,12,0,18.54,0,100,19.77,55800,Weekend,Saturday,Light_Load,3.74
7464,11,3.17,0.11,0,85.47,99.98,27900,Weekday,Monday,Light_Load,5.22
7465,8,35.39,0,0.04,93.72,100,54900,Weekday,Tuesday,Maximum_Load,95.08
7466,8,1.94,9.94,0,98.44,73.8,44100,Weekday,Tuesday,Medium_Load,10.87
7467,4,0,25.92,0,100,18.17,73800,Weekday,Monday,Medium_Load,4.79
7468,3,0,10.91,0.01,100,91.14,45000,Weekend,Sunday,Medium_Load,24.16
7469,2,5.18,0,0,75.59,100,10800,Weekend,Saturday,Light_Load,5.98
7470,1,0,23.22,0,100,20.77,67500,Weekend,Sunday,Maximum_Load,4.93
7471,1,4,0,0,73.69,100,25200,Weekday,Wednesday,Light_Load,4.36
7472,1,3.89,0,0,76.9,100,19800,Weekday,Tuesday,Light_Load,4.68
7473,11,5.18,0,0,55.1,100,27000,Weekday,Friday,Light_Load,3.42
7474,6,21.74,0,0.03,93.11,100,36000,Weekday,Wednesday,Medium_Load,55.48
7475,1,4.32,0,0,73.77,100,12600,Weekend,Saturday,Light_Load,4.72
7476,2,4.79,0,0,77.64,100,18000,Weekend,Saturday,Light_Load,5.9
7477,6,19.44,0,0.02,90.62,100,73800,Weekday,Wednesday,Medium_Load,41.65
7478,11,16.99,0,0.03,96.93,100,49500,Weekend,Sunday,Medium_Load,66.96
7479,5,5.08,0,0,52.46,100,12600,Weekday,Thursday,Light_Load,3.13
7480,12,2.77,0.22,0,80.66,99.83,0,Weekend,Sunday,Light_Load,3.78
7481,5,8.57,0.04,0.02,97.92,100,64800,Weekday,Thursday,Medium_Load,41.4
7482,11,3.56,0,0,71.49,100,81900,Weekday,Tuesday,Maximum_Load,3.64
7483,9,4.21,0.11,0,51.36,99.9,80100,Weekday,Friday,Medium_Load,2.52
7484,9,5.72,0,0,41.77,100,4500,Weekday,Tuesday,Light_Load,2.63
7485,8,5.65,0,0,44.02,100,14400,Weekday,Friday,Light_Load,2.77
7486,11,0,19.3,0,100,28.6,45900,Weekday,Tuesday,Medium_Load,5.76
7487,4,0,21.6,0,100,19.79,62100,Weekend,Saturday,Medium_Load,4.36
7488,5,52.78,0,0.03,80.55,100,42300,Weekday,Friday,Maximum_Load,71.75
7489,5,4.36,0,0,62.49,100,85500,Weekday,Tuesday,Light_Load,3.49
7490,2,0.25,3.31,0.02,100,99.62,79200,Weekday,Friday,Medium_Load,38.05
7491,1,50.54,0,0.03,81.67,100,41400,Weekday,Monday,Maximum_Load,71.53
7492,3,3.71,0,0,64.12,100,17100,Weekday,Tuesday,Light_Load,3.1
7493,5,1.44,0.94,0.02,99.91,99.96,72900,Weekday,Friday,Medium_Load,34.7
7494,5,33.98,0,0.03,88.91,100,54000,Weekday,Wednesday,Maximum_Load,65.99
7495,8,24.19,0,0.03,94.17,100,49500,Weekday,Wednesday,Maximum_Load,67.68
7496,1,0,8.46,0,100,50.88,40500,Weekend,Sunday,Light_Load,5
7497,9,6.62,0,0,44.72,100,900,Weekday,Friday,Light_Load,3.31
7498,10,45.79,0,0.05,91.72,100,56700,Weekday,Monday,Maximum_Load,105.44
7499,4,2.77,13.64,0,85.86,32.21,80100,Weekday,Tuesday,Medium_Load,4.64
7500,1,0,7.49,0,100,54.75,42300,Weekend,Sunday,Light_Load,4.9
7501,6,42.48,0,0.05,92.82,100,61200,Weekday,Monday,Maximum_Load,105.98
7502,10,0,16.99,0,100,26.56,45900,Weekday,Friday,Medium_Load,4.68
7503,2,3.13,0,0,69.08,100,27900,Weekday,Friday,Light_Load,2.99
7504,1,1.91,15.16,0,93.34,31.15,80100,Weekday,Wednesday,Maximum_Load,4.97
7505,10,23.51,0,0.02,90.29,100,36900,Weekday,Monday,Maximum_Load,49.39
7506,7,0,11.66,0,100,44.72,65700,Weekday,Wednesday,Medium_Load,5.83
7507,12,15.48,0,0.02,94.88,100,61200,Weekday,Thursday,Medium_Load,46.51
7508,12,18.83,0,0.02,94.3,100,41400,Weekend,Sunday,Maximum_Load,53.35
7509,1,42.05,0,0.05,93.46,100,53100,Weekday,Thursday,Medium_Load,110.48
7510,8,40.5,0,0.04,91.48,100,72900,Weekday,Monday,Medium_Load,91.73
7511,11,18.5,0,0.02,93.6,100,61200,Weekday,Thursday,Medium_Load,49.21
7512,4,72.36,0,0.03,71.79,100,30600,Weekday,Wednesday,Light_Load,74.63
7513,2,3.53,0,0,65.99,100,81900,Weekend,Saturday,Light_Load,3.1
7514,1,3.2,0,0,76.66,100,25200,Weekday,Monday,Light_Load,3.82
7515,11,6.55,0,0,58.71,100,14400,Weekday,Tuesday,Light_Load,4.75
7516,4,3.71,0,0,65.78,100,9000,Weekday,Wednesday,Light_Load,3.24
7517,3,23.22,0,0.03,93.26,100,37800,Weekday,Thursday,Maximum_Load,60.01
7518,12,2.16,0.14,0,82.3,99.9,12600,Weekend,Sunday,Light_Load,3.13
7519,8,58.64,0,0.04,84.48,100,74700,Weekday,Friday,Medium_Load,92.59
7520,5,0,16.85,0,100,18.66,70200,Weekend,Sunday,Light_Load,3.2
7521,5,5,0,0,63.13,100,85500,Weekday,Monday,Light_Load,4.07
7522,11,2.7,0,0,74.55,100,23400,Weekend,Saturday,Light_Load,3.02
7523,7,4.25,0,0,56.1,100,83700,Weekday,Wednesday,Light_Load,2.88
7524,1,2.95,0,0,73.21,100,900,Weekday,Monday,Light_Load,3.17
7525,6,0,18.79,0,100,20.27,77400,Weekday,Thursday,Medium_Load,3.89
7526,1,4.43,0,0,71.8,100,14400,Weekday,Wednesday,Light_Load,4.57
7527,3,0.11,10.98,0.01,100,83,47700,Weekend,Saturday,Maximum_Load,16.34
7528,2,20.02,0,0.01,82.92,100,29700,Weekend,Saturday,Light_Load,29.7
7529,5,0,25.78,0,100,14.66,79200,Weekday,Friday,Medium_Load,3.82
7530,7,4.36,0,0,58.32,100,11700,Weekday,Monday,Light_Load,3.13
7531,3,23.15,0,0.01,78.39,100,30600,Weekday,Thursday,Light_Load,29.23
7532,9,0,11.99,0,100,21.11,62100,Weekday,Wednesday,Light_Load,2.59
7533,6,0,21.78,0,100,16.62,77400,Weekday,Friday,Medium_Load,3.67
7534,9,5.15,0,0,47.37,100,7200,Weekday,Wednesday,Light_Load,2.77
7535,5,4.39,0,0,58.9,100,18000,Weekday,Friday,Light_Load,3.2
7536,5,24.34,0,0.02,91.25,100,74700,Weekday,Monday,Medium_Load,54.29
7537,8,4.72,0,0,49.65,100,14400,Weekday,Wednesday,Light_Load,2.7
7538,2,5.4,0,0,73.77,100,13500,Weekday,Thursday,Light_Load,5.9
7539,2,0,16.92,0,100,20.03,34200,Weekend,Sunday,Light_Load,3.46
7540,12,19.66,0,0.02,93.98,100,71100,Weekday,Friday,Maximum_Load,54.07
7541,10,39.49,0,0.03,84.4,100,39600,Weekday,Wednesday,Maximum_Load,62.14
7542,10,27.22,0,0.03,89.73,100,55800,Weekday,Wednesday,Maximum_Load,55.33
7543,3,4.21,0,0,64.57,100,16200,Weekday,Tuesday,Light_Load,3.56
7544,12,22.97,0,0.02,90.83,100,56700,Weekday,Monday,Medium_Load,49.86
7545,10,4.97,0,0,48.28,100,23400,Weekday,Monday,Light_Load,2.74
7546,1,54.25,0,0.03,77.62,100,30600,Weekday,Wednesday,Light_Load,66.78
7547,11,5.69,0,0,56.44,100,10800,Weekday,Thursday,Light_Load,3.89
7548,9,37.51,0,0.03,85.91,100,39600,Weekday,Monday,Maximum_Load,62.96
7549,5,37.62,3.13,0.03,88.43,99.9,47700,Weekday,Thursday,Maximum_Load,71.24
7550,3,4.36,0,0,60.93,100,15300,Weekday,Thursday,Light_Load,3.35
7551,6,18.61,0,0.02,92.95,100,67500,Weekday,Thursday,Medium_Load,46.91
7552,5,4.57,0,0,58.66,100,30600,Weekend,Sunday,Light_Load,3.31
7553,8,0,17.39,0,100,15.56,37800,Weekend,Saturday,Light_Load,2.74
7554,5,23.87,0,0.02,90.6,100,33300,Weekday,Monday,Medium_Load,51.08
7555,11,48.89,0,0.04,86.94,100,58500,Weekday,Friday,Medium_Load,86.04
7556,5,0,20.41,0,100,16.71,39600,Weekend,Saturday,Light_Load,3.46
7557,7,3.92,0,0,61.53,100,25200,Weekday,Thursday,Light_Load,3.06
7558,7,0,17.46,0,100,16.88,36000,Weekend,Sunday,Light_Load,2.99
7559,10,4.68,0,0,52.41,100,11700,Weekday,Friday,Light_Load,2.88
7560,12,0,20.23,0,100,19.86,38700,Weekend,Sunday,Light_Load,4.1
7561,10,40.79,0,0.04,90.2,100,69300,Weekday,Monday,Medium_Load,85.21
7562,5,13.03,0,0.02,96.39,100,54000,Weekday,Monday,Maximum_Load,47.16
7563,12,2.74,0.04,0,82.23,99.99,28800,Weekend,Sunday,Light_Load,3.96
7564,12,0,21.13,0,100,19.05,69300,Weekend,Saturday,Maximum_Load,4.1
7565,6,6.16,0,0,44.95,100,19800,Weekday,Wednesday,Light_Load,3.1
7566,2,33.23,0,0.03,90.85,100,36000,Weekday,Tuesday,Medium_Load,72.25
7567,12,43.06,0,0.04,87.62,100,34200,Weekday,Tuesday,Medium_Load,78.3
7568,1,3.74,0,0,74.52,100,17100,Weekend,Sunday,Light_Load,4.18
7569,8,4.93,0,0,54.92,100,81000,Weekday,Wednesday,Light_Load,3.24
7570,11,0,16.78,0,100,23.74,79200,Weekday,Wednesday,Medium_Load,4.1
7571,10,31.72,0,0.02,79.2,100,31500,Weekday,Thursday,Light_Load,41.15
7572,4,3.49,0,0,60.62,100,27900,Weekend,Sunday,Light_Load,2.66
7573,7,6.08,0,0,43.65,100,17100,Weekday,Tuesday,Light_Load,2.95
7574,2,0,16.88,0,100,20.25,39600,Weekday,Friday,Light_Load,3.49
7575,2,24.34,0,0.03,92.04,100,54900,Weekday,Tuesday,Medium_Load,57.31
7576,7,16.09,0,0.02,95.42,100,49500,Weekday,Wednesday,Maximum_Load,51.3
7577,10,5.87,0,0,53.01,100,81000,Weekday,Wednesday,Medium_Load,3.67
7578,7,0,22.36,0,100,16.2,63900,Weekend,Saturday,Medium_Load,3.67
7579,3,4.32,0,0,65.45,100,14400,Weekend,Sunday,Light_Load,3.74
7580,4,0,25.88,0,100,20.03,77400,Weekday,Wednesday,Medium_Load,5.29
7581,6,14.36,0,0.02,93.95,100,38700,Weekday,Wednesday,Maximum_Load,39.38
7582,3,4.72,0,0,60.64,100,15300,Weekday,Monday,Light_Load,3.6
7583,8,22.25,0,0.02,88.87,100,36000,Weekday,Thursday,Medium_Load,43.13
7584,8,4.75,0,0,47.87,100,19800,Weekday,Monday,Light_Load,2.59
7585,9,23.87,0,0.02,89.33,100,64800,Weekday,Monday,Medium_Load,47.45
7586,1,0,26.14,0,100,26.79,45000,Weekday,Monday,Medium_Load,7.27
7587,1,23.04,0,0.02,82.83,100,18000,Weekday,Wednesday,Light_Load,34.06
7588,3,49.25,0,0.06,93.83,100,58500,Weekday,Friday,Maximum_Load,133.63
7589,1,0,25.56,0,100,19.75,38700,Weekend,Sunday,Light_Load,5.15
7590,6,0,16.45,0,100,23.63,77400,Weekday,Friday,Medium_Load,4
7591,4,61.16,0,0.03,71.87,100,30600,Weekday,Wednesday,Light_Load,63.22
7592,12,0,22.1,0,100,17.34,71100,Weekday,Wednesday,Maximum_Load,3.89
7593,11,7.02,0,0,56.6,100,900,Weekend,Saturday,Light_Load,4.82
7594,5,4.86,0,0,50.05,100,15300,Weekend,Sunday,Light_Load,2.81
7595,8,0,9.5,0,100,29.01,44100,Weekend,Sunday,Light_Load,2.88
7596,2,3.85,2.27,0.02,99.62,99.87,62100,Weekday,Monday,Maximum_Load,44.17
7597,5,61.42,0,0.03,70.25,100,31500,Weekday,Friday,Light_Load,60.62
7598,5,5.51,0,0,49.03,100,20700,Weekend,Saturday,Light_Load,3.1
7599,3,2.12,1.12,0.02,99.86,99.96,70200,Weekday,Tuesday,Medium_Load,40.32
7600,12,4.43,0,0,67.02,100,13500,Weekday,Friday,Light_Load,4
7601,11,6.41,0,0,49.69,100,9000,Weekday,Tuesday,Light_Load,3.67
7602,5,33.34,0,0.03,89.61,100,53100,Weekday,Thursday,Maximum_Load,67.32
7603,9,5,0,0,46.97,100,19800,Weekday,Thursday,Light_Load,2.66
7604,6,0,16.49,0,100,18.65,75600,Weekend,Sunday,Light_Load,3.13
7605,12,32.8,0,0.03,86.78,100,48600,Weekday,Tuesday,Medium_Load,57.28
7606,3,0,17.28,0,100,18.81,55800,Weekend,Sunday,Light_Load,3.31
7607,1,3.24,0,0,70.27,100,23400,Weekday,Tuesday,Light_Load,3.2
7608,8,6.37,0,0,40.36,100,21600,Weekend,Saturday,Light_Load,2.81
7609,10,21.96,0,0.02,90.55,100,57600,Weekday,Wednesday,Maximum_Load,46.87
7610,4,19.37,0,0.02,93.5,100,58500,Weekday,Thursday,Maximum_Load,51.08
7611,4,0,18.72,0,100,18.18,50400,Weekend,Sunday,Light_Load,3.46
7612,2,0.72,9.94,0.01,99.96,92.84,47700,Weekend,Saturday,Medium_Load,24.84
7613,3,3.74,0,0,63.82,100,10800,Weekday,Tuesday,Light_Load,3.1
7614,8,0,16.85,0,100,17.87,35100,Weekday,Friday,Light_Load,3.06
7615,3,3.42,0,0,69.22,100,9900,Weekday,Wednesday,Light_Load,3.28
7616,11,0,16.52,0,100,24.92,46800,Weekend,Sunday,Medium_Load,4.25
7617,2,5.33,0,0,74.82,100,6300,Weekday,Wednesday,Light_Load,6.01
7618,12,2.48,0,0,80.37,100,14400,Weekday,Monday,Light_Load,3.35
7619,12,35.03,0,0.03,88.75,100,48600,Weekday,Tuesday,Medium_Load,67.46
7620,5,4.57,0,0,58.66,100,13500,Weekday,Wednesday,Light_Load,3.31
7621,10,51.01,0,0.03,78.29,100,51300,Weekday,Friday,Maximum_Load,64.19
7622,6,18.47,0,0.02,92.75,100,36900,Weekday,Thursday,Maximum_Load,45.83
7623,5,0,24.98,0,100,15.39,78300,Weekday,Monday,Medium_Load,3.89
7624,8,3.96,0,0,61.64,100,14400,Weekend,Sunday,Light_Load,3.1
7625,11,40.46,0,0.03,87.95,100,39600,Weekday,Tuesday,Maximum_Load,74.77
7626,6,0,16.96,0,100,17.98,70200,Weekday,Wednesday,Medium_Load,3.1
7627,11,4.54,0,0,53.57,100,24300,Weekday,Wednesday,Light_Load,2.88
7628,11,15.26,0,0.02,95.83,100,54900,Weekday,Friday,Medium_Load,51.19
7629,10,4.43,0,0,55.03,100,16200,Weekday,Thursday,Light_Load,2.92
7630,12,37.55,0,0.03,88.1,100,52200,Weekday,Monday,Medium_Load,69.91
7631,5,21.89,0,0.03,93.97,100,68400,Weekday,Tuesday,Medium_Load,60.16
7632,1,31,0,0.02,79.79,100,85500,Weekday,Thursday,Light_Load,41.04
7633,2,56.92,0,0.05,87.86,100,2700,Weekend,Saturday,Light_Load,104.72
7634,10,30.71,0,0.03,88.34,100,32400,Weekday,Tuesday,Light_Load,57.89
7635,5,14.47,0,0.02,95.49,100,63000,Weekday,Tuesday,Medium_Load,46.51
7636,10,4.9,0,0,49.21,100,18900,Weekday,Monday,Light_Load,2.77
7637,9,4.39,0,0,52.95,100,13500,Weekday,Monday,Light_Load,2.74
7638,7,4.07,0,0,60.09,100,24300,Weekday,Thursday,Light_Load,3.06
7639,2,31.39,0,0.02,79.81,100,29700,Weekday,Tuesday,Light_Load,41.58
7640,12,2.23,0.11,0,81.44,99.94,0,Weekday,Tuesday,Light_Load,3.13
7641,6,0,16.63,0,100,17.87,38700,Weekend,Saturday,Light_Load,3.02
7642,6,30.46,0,0.03,91.07,100,34200,Weekday,Thursday,Medium_Load,67.14
7643,6,40.43,0,0.04,91.33,100,39600,Weekday,Monday,Maximum_Load,90.68
7644,9,5.04,0,0,46.68,100,26100,Weekend,Sunday,Light_Load,2.66
7645,9,15.01,0,0.02,91.87,100,73800,Weekday,Thursday,Medium_Load,34.92
7646,12,0,4.03,0.01,100,99.1,72900,Weekday,Friday,Medium_Load,29.88
7647,2,46.98,0,0.03,80.03,100,30600,Weekday,Wednesday,Light_Load,62.71
7648,7,3.78,0,0,61.13,100,14400,Weekday,Wednesday,Light_Load,2.92
7649,4,22.75,2.59,0.03,93.67,99.91,47700,Weekday,Wednesday,Maximum_Load,60.88
7650,10,10.44,0,0.02,95.99,100,73800,Weekend,Saturday,Medium_Load,35.75
7651,9,0,15.44,0,100,23.36,75600,Weekday,Wednesday,Medium_Load,3.71
7652,6,4.72,0,0,53.9,100,16200,Weekday,Friday,Light_Load,3.02
7653,3,34.27,0,0.04,92.71,100,56700,Weekday,Thursday,Maximum_Load,84.78
7654,7,27.65,0,0.03,89.67,100,63000,Weekday,Thursday,Medium_Load,56.02
7655,10,3.96,0,0,58.82,100,28800,Weekday,Monday,Light_Load,2.88
7656,5,3.82,0,0,67.87,100,85500,Weekday,Friday,Light_Load,3.53
7657,10,31.18,0,0.03,88.82,100,74700,Weekday,Friday,Medium_Load,60.26
7658,9,5.98,0,0,46.37,100,13500,Weekend,Sunday,Light_Load,3.13
7659,5,0,16.27,0,100,24.27,45900,Weekday,Friday,Medium_Load,4.07
7660,7,38.16,0,0.04,92.77,100,34200,Weekday,Monday,Medium_Load,94.82
7661,3,4.86,0,0,57.1,100,2700,Weekend,Saturday,Light_Load,3.38
7662,1,60.19,0,0.05,88.28,100,42300,Weekday,Thursday,Maximum_Load,113.11
7663,12,0,21.06,0,100,19.11,63900,Weekend,Saturday,Light_Load,4.1
7664,5,6.48,0,0,55.11,100,82800,Weekday,Friday,Medium_Load,4.28
7665,11,2.27,0.07,0,78.11,99.97,83700,Weekend,Saturday,Light_Load,2.84
7666,7,36.97,0,0.05,94.39,100,57600,Weekday,Tuesday,Maximum_Load,105.66
7667,10,48.89,0,0.03,83.12,100,50400,Weekday,Tuesday,Maximum_Load,73.08
7668,8,4.79,0,0,49.1,100,82800,Weekend,Sunday,Light_Load,2.7
7669,9,0,15.08,0,100,20.76,42300,Weekday,Wednesday,Light_Load,3.2
7670,4,0,25.38,0,100,22.53,46800,Weekday,Wednesday,Medium_Load,5.87
7671,4,18,0,0.02,91.86,100,66600,Weekday,Thursday,Medium_Load,41.83
7672,3,6.12,0,0,58.9,100,0,Weekday,Monday,Light_Load,4.46
7673,8,0,18.4,0,100,28.69,52200,Weekend,Saturday,Light_Load,5.51
7674,7,4.36,0,0,53.62,100,18900,Weekend,Sunday,Light_Load,2.77
7675,12,0,18.11,0,100,20.22,54900,Weekend,Saturday,Light_Load,3.74
7676,6,5.76,0,0,50.28,100,7200,Weekday,Thursday,Light_Load,3.35
7677,2,46.91,0,0.04,90.19,100,85500,Weekday,Tuesday,Light_Load,97.92
7678,7,4.5,0,0,64.32,100,25200,Weekday,Monday,Light_Load,3.78
7679,6,5.54,0,0,49.66,100,27000,Weekday,Friday,Light_Load,3.17
7680,3,1.8,0.61,0.02,99.87,99.98,71100,Weekday,Tuesday,Medium_Load,35.14
7681,2,0.07,8.06,0.02,100,97.23,63900,Weekday,Wednesday,Maximum_Load,33.52
7682,12,2.27,0.11,0,81.56,99.94,21600,Weekend,Saturday,Light_Load,3.2
7683,10,5.58,0,0,47.23,100,8100,Weekday,Thursday,Light_Load,2.99
7684,12,0.18,4.43,0.01,100,99.02,36000,Weekend,Saturday,Medium_Load,31.43
7685,3,4.36,0,0,66.86,100,8100,Weekend,Saturday,Light_Load,3.92
7686,3,3.64,0,0,72.66,100,27900,Weekday,Friday,Light_Load,3.85
7687,4,0,13.72,0,100,22.71,67500,Weekend,Sunday,Light_Load,3.2
7688,10,41.33,0,0.03,83.66,100,48600,Weekday,Monday,Maximum_Load,63.11
7689,5,5.8,0,0,61.64,100,85500,Weekday,Thursday,Light_Load,4.54
7690,10,1.76,1.04,0.01,99.81,99.93,63900,Weekday,Monday,Medium_Load,28.69
7691,10,55.73,0,0.02,67.52,100,30600,Weekend,Saturday,Light_Load,51.01
7692,8,28.8,0,0.02,87.17,100,55800,Weekday,Tuesday,Maximum_Load,51.23
7693,11,0,13.39,0,100,31.86,45900,Weekend,Saturday,Medium_Load,4.5
7694,9,0,10.58,0,100,26.27,78300,Weekend,Saturday,Light_Load,2.88
7695,9,7.06,0,0,40.53,100,28800,Weekday,Wednesday,Light_Load,3.13
7696,2,3.35,0,0,67.92,100,1800,Weekend,Saturday,Light_Load,3.1
7697,5,3.64,0,0,69.92,100,85500,Weekday,Monday,Light_Load,3.56
7698,2,0,19.12,0,100,18.5,76500,Weekend,Saturday,Light_Load,3.6
7699,6,39.56,0,0.03,82.59,100,40500,Weekday,Wednesday,Maximum_Load,57.96
7700,1,63.04,0,0.06,90.83,100,71100,Weekday,Thursday,Maximum_Load,136.84
7701,2,11.74,0.04,0.04,99.24,100,71100,Weekday,Tuesday,Maximum_Load,94.82
7702,8,4.61,0,0,51.09,100,13500,Weekday,Wednesday,Light_Load,2.74
7703,2,0,21.89,0,100,36.71,46800,Weekday,Monday,Medium_Load,8.64
7704,8,52.78,0,0.05,89.61,100,40500,Weekday,Monday,Maximum_Load,106.56
7705,11,7.16,0,0,48.77,100,7200,Weekend,Saturday,Light_Load,4
7706,6,17.32,0.72,0.02,94.83,99.99,43200,Weekday,Wednesday,Maximum_Load,51.77
7707,2,5.76,0,0,72.43,100,9900,Weekday,Wednesday,Light_Load,6.05
7708,12,3.92,0,0,76.18,100,81000,Weekend,Saturday,Maximum_Load,4.61
7709,8,5.76,0,0,43.85,100,17100,Weekend,Saturday,Light_Load,2.81
7710,2,5.4,0,0,74.6,100,7200,Weekday,Thursday,Light_Load,6.05
7711,11,0,21.6,0,100,27.26,44100,Weekday,Tuesday,Medium_Load,6.12
7712,7,0,4.9,0,100,50.67,7200,Weekend,Sunday,Light_Load,2.88
7713,12,30.53,0,0.03,91.37,100,32400,Weekday,Monday,Light_Load,68.62
7714,3,3.67,0,0,66.97,100,17100,Weekday,Wednesday,Light_Load,3.31
7715,11,2.84,0.36,0.01,99.57,99.99,58500,Weekend,Saturday,Medium_Load,30.38
7716,7,4.54,0,0,63.58,100,27900,Weekend,Saturday,Light_Load,3.74
7717,5,37.44,0,0.04,90.21,100,51300,Weekday,Thursday,Maximum_Load,78.26
7718,5,0,16.96,0,100,18.54,77400,Weekend,Sunday,Light_Load,3.2
7719,4,0,23,0,100,16.8,64800,Weekend,Saturday,Medium_Load,3.92
7720,9,5.47,0,0,49.31,100,16200,Weekday,Friday,Light_Load,3.1
7721,6,4.93,0,0,61.55,100,27900,Weekday,Friday,Light_Load,3.85
7722,1,0,23.83,0,100,27.74,45000,Weekend,Sunday,Medium_Load,6.88
7723,5,33.8,0,0.03,87.61,100,38700,Weekday,Monday,Maximum_Load,61.42
7724,1,4.07,0,0,85.94,100,28800,Weekend,Saturday,Light_Load,6.84
7725,12,12.89,0,0.02,96.47,100,68400,Weekday,Thursday,Maximum_Load,47.23
7726,4,0,6.52,0,100,49.76,65700,Weekend,Saturday,Medium_Load,3.74
7727,3,0,6.26,0,100,43.45,41400,Weekend,Sunday,Light_Load,3.02
7728,3,0.04,10.48,0.01,100,91.82,46800,Weekend,Sunday,Medium_Load,24.3
7729,10,5.18,0,0,46.22,100,16200,Weekday,Monday,Light_Load,2.7
7730,5,0,21.42,0,100,16.26,70200,Weekend,Saturday,Medium_Load,3.53
7731,3,0,26.64,0,100,27.53,46800,Weekday,Friday,Medium_Load,7.63
7732,3,4.1,0,0,55.56,100,24300,Weekend,Saturday,Light_Load,2.74
7733,2,26.71,0,0.02,81.11,100,29700,Weekday,Monday,Light_Load,37.04
7734,4,22.21,0,0.03,92.93,100,56700,Weekday,Thursday,Maximum_Load,55.87
7735,8,1.19,3.53,0,94.84,71.01,80100,Weekday,Wednesday,Medium_Load,3.56
7736,1,0,18.68,0,100,19.63,73800,Weekend,Sunday,Light_Load,3.74
7737,9,17.06,0,0.02,92.22,100,64800,Weekday,Tuesday,Medium_Load,40.68
7738,5,0,16.06,0,100,23.94,64800,Weekend,Sunday,Medium_Load,3.96
7739,5,18.83,0,0.02,94.4,100,70200,Weekday,Monday,Medium_Load,53.89
7740,12,28.44,0.14,0.02,80.35,100,29700,Weekday,Tuesday,Light_Load,38.38
7741,2,0,27.4,0,100,18.71,37800,Weekday,Wednesday,Light_Load,5.22
7742,6,0,18.36,0,100,18.31,45000,Weekend,Saturday,Medium_Load,3.42
7743,6,5.18,0,0,48.59,100,14400,Weekend,Saturday,Light_Load,2.88
7744,1,35.21,0,0.04,92.15,100,59400,Weekday,Friday,Medium_Load,83.52
7745,2,38.3,0,0.03,87.91,100,3600,Weekday,Tuesday,Light_Load,70.63
7746,3,5.8,0,0,50.79,100,13500,Weekday,Thursday,Light_Load,3.42
7747,1,79.7,0,0.06,86.45,100,30600,Weekday,Thursday,Light_Load,137.09
7748,12,3.78,0,0,74.17,100,4500,Weekend,Sunday,Light_Load,4.18
7749,6,0,5.36,0,100,47.33,40500,Weekend,Saturday,Light_Load,2.88
7750,1,0,27,0,100,18.35,72000,Weekday,Wednesday,Maximum_Load,5.04
7751,11,2.38,0.4,0,82.39,99.34,3600,Weekday,Wednesday,Light_Load,3.46
7752,4,3.78,0,0,63.78,100,14400,Weekday,Wednesday,Light_Load,3.13
7753,2,29.09,0,0.04,93.55,100,52200,Weekday,Wednesday,Medium_Load,77.04
7754,11,3.1,0,0,64.69,100,25200,Weekday,Monday,Light_Load,2.63
7755,7,0,4.54,0,100,58.09,7200,Weekend,Saturday,Light_Load,3.24
7756,11,0,20.7,0,100,28.65,45900,Weekday,Thursday,Medium_Load,6.19
7757,6,0,18.61,0,100,17.72,72900,Weekend,Sunday,Light_Load,3.35
7758,11,57.74,0,0.06,90.92,100,40500,Weekday,Tuesday,Maximum_Load,126.11
7759,11,15.34,0,0.01,82.67,100,15300,Weekday,Wednesday,Light_Load,22.54
7760,3,3.06,0,0,73.83,100,3600,Weekend,Saturday,Light_Load,3.35
7761,7,5.11,0,0,46.72,100,22500,Weekend,Saturday,Light_Load,2.7
7762,9,23.83,3.1,0.02,89.32,99.79,47700,Weekday,Friday,Maximum_Load,47.34
7763,4,23.87,0,0.03,92.1,100,37800,Weekday,Tuesday,Maximum_Load,56.45
7764,11,2.74,0.11,0,79.25,99.95,1800,Weekend,Saturday,Light_Load,3.56
7765,5,0,18.5,0,100,19.66,75600,Weekday,Thursday,Medium_Load,3.71
7766,10,0,17.68,0,100,19.95,63000,Weekday,Wednesday,Medium_Load,3.6
7767,7,4.03,0,0,58.14,100,5400,Weekend,Sunday,Light_Load,2.88
7768,6,0,16.74,0,100,18.61,47700,Weekend,Saturday,Light_Load,3.17
7769,9,5.47,1.48,0.01,97.95,99.85,47700,Weekday,Friday,Maximum_Load,26.57
7770,6,0,16.88,0,100,17.84,54900,Weekend,Sunday,Light_Load,3.06
7771,5,10.37,0.04,0.02,97.5,100,63900,Weekday,Thursday,Medium_Load,45.47
7772,11,35.86,0,0.05,94.88,100,40500,Weekday,Tuesday,Maximum_Load,107.75
7773,3,5.4,0,0,58.75,100,6300,Weekday,Monday,Light_Load,3.92
7774,10,0,17.39,0,100,20.49,72000,Weekday,Wednesday,Medium_Load,3.64
7775,5,4.79,0,0,53.84,100,7200,Weekday,Monday,Light_Load,3.06
7776,5,0,25.09,0,100,15.05,71100,Weekend,Saturday,Medium_Load,3.82
7777,7,0,8.17,0.01,100,96.55,64800,Weekday,Tuesday,Medium_Load,30.28
7778,4,15.23,0.07,0.02,95.61,100,38700,Weekday,Friday,Maximum_Load,49.72
7779,8,5.22,0,0,52.74,100,24300,Weekday,Thursday,Light_Load,3.24
7780,9,22.14,0,0.02,91.93,100,39600,Weekend,Saturday,Maximum_Load,51.73
7781,1,32.65,0,0.05,95.55,100,37800,Weekday,Wednesday,Maximum_Load,105.8
7782,7,45.29,0,0.05,93.06,100,52200,Weekday,Friday,Maximum_Load,115.13
7783,7,3.71,0,0,59.41,100,14400,Weekday,Monday,Light_Load,2.74
7784,10,6.05,0,0,45.6,100,6300,Weekday,Tuesday,Light_Load,3.1
7785,5,4.46,0,0,56.57,100,7200,Weekday,Friday,Light_Load,3.06
7786,5,24.3,0,0.03,91.79,100,69300,Weekday,Wednesday,Medium_Load,56.2
7787,8,40.21,0,0.04,89.99,100,37800,Weekend,Saturday,Maximum_Load,82.98
7788,12,2.56,0.11,0,80.06,99.95,25200,Weekday,Monday,Light_Load,3.42
7789,4,26.57,0,0.03,90.87,100,57600,Weekday,Tuesday,Maximum_Load,57.85
7790,9,5.15,0,0,44.93,100,12600,Weekend,Sunday,Light_Load,2.59
7791,2,3.92,0,0,69.79,100,84600,Weekday,Thursday,Light_Load,3.82
7792,7,4.36,0,0,52.65,100,21600,Weekday,Wednesday,Light_Load,2.7
7793,10,41.8,0,0.03,81.72,100,70200,Weekday,Tuesday,Medium_Load,59.26
7794,9,4.93,0,0,47.07,100,24300,Weekday,Thursday,Light_Load,2.63
7795,12,0.22,4.18,0.01,100,99.13,36900,Weekend,Saturday,Maximum_Load,31.57
7796,6,4.79,0,0,52.05,100,16200,Weekday,Wednesday,Light_Load,2.92
7797,3,12.31,0.32,0.01,93.19,99.99,40500,Weekend,Saturday,Maximum_Load,31.64
7798,5,5.04,0,0,48.17,100,18900,Weekend,Sunday,Light_Load,2.77
7799,5,4.9,0,0,51.19,100,9000,Weekday,Wednesday,Light_Load,2.92
7800,2,0,25.96,0,100,18.8,53100,Weekend,Sunday,Light_Load,4.97
7801,4,0,17.32,0,100,23.04,63900,Weekend,Sunday,Medium_Load,4.1
7802,10,24.7,0,0.02,90.04,100,68400,Weekday,Friday,Medium_Load,51.12
7803,8,33.77,0,0.02,83.28,100,67500,Weekday,Thursday,Medium_Load,50.8
7804,2,23.62,0,0.02,82.51,100,0,Weekday,Tuesday,Light_Load,34.49
7805,9,0,10.58,0,100,26.86,71100,Weekend,Saturday,Light_Load,2.95
7806,11,4.57,0,0,53.32,100,900,Weekend,Sunday,Light_Load,2.88
7807,2,5.47,0,0,57.95,100,16200,Weekend,Sunday,Light_Load,3.89
7808,7,0,4.28,0,100,64.79,81900,Weekday,Monday,Medium_Load,3.64
7809,12,2.23,0.18,0,83.24,99.86,19800,Weekday,Monday,Light_Load,3.35
7810,12,0,14.11,0,100,24.27,59400,Weekend,Saturday,Light_Load,3.53
7811,2,31.32,0,0.04,94.05,100,39600,Weekday,Thursday,Maximum_Load,86.65
7812,3,3.42,0,0,65.82,100,27000,Weekend,Sunday,Light_Load,2.99
7813,9,0,16.92,0,100,21.8,78300,Weekday,Thursday,Medium_Load,3.78
7814,5,46.3,0,0.05,91.08,100,70200,Weekday,Thursday,Medium_Load,102.17
7815,7,35.03,0,0.03,88.64,100,61200,Weekday,Monday,Maximum_Load,67.07
7816,3,0,26.17,0,100,14.15,72900,Weekday,Friday,Medium_Load,3.74
7817,4,25.56,0,0.03,92.43,100,36900,Weekday,Thursday,Maximum_Load,61.88
7818,2,33.91,0,0.03,87.27,100,42300,Weekday,Monday,Maximum_Load,60.62
7819,9,3.28,0.14,0.01,99.5,100,63900,Weekday,Thursday,Medium_Load,32.69
7820,5,4.82,0,0,60.26,100,19800,Weekday,Wednesday,Light_Load,3.64
7821,8,0,18.36,0,100,17.95,68400,Weekday,Wednesday,Light_Load,3.35
7822,5,0,16.13,0,100,19.05,76500,Weekend,Sunday,Light_Load,3.13
7823,10,6.91,0,0,47.99,100,82800,Weekday,Thursday,Medium_Load,3.78
7824,11,8.53,0.97,0.02,98.33,99.98,63000,Weekday,Thursday,Maximum_Load,46.12
7825,1,54.72,0,0.06,92.77,100,68400,Weekday,Thursday,Maximum_Load,135.94
7826,7,0,4.43,0,100,55.03,9900,Weekday,Tuesday,Light_Load,2.92
7827,7,4.14,0,0,63.69,100,82800,Weekday,Wednesday,Medium_Load,3.42
7828,5,4.82,0,0,52.71,100,26100,Weekday,Monday,Light_Load,2.99
7829,4,0,12.31,0.01,100,89.93,72900,Weekday,Friday,Medium_Load,25.31
7830,2,0,5.8,0,100,49.57,65700,Weekend,Saturday,Light_Load,3.31
7831,12,3.56,0.04,0,76.13,100,8100,Weekday,Tuesday,Light_Load,4.18
7832,11,3.17,0,0,76.28,100,6300,Weekday,Thursday,Light_Load,3.74
7833,2,3.02,0,0,77.22,100,83700,Weekend,Sunday,Light_Load,3.67
7834,11,6.52,0,0,55.59,100,12600,Weekday,Tuesday,Light_Load,4.36
7835,9,4.39,0,0,52.95,100,12600,Weekday,Monday,Light_Load,2.74
7836,12,19.26,0,0.02,94.17,100,34200,Weekday,Thursday,Medium_Load,53.93
7837,12,0.04,5.98,0.01,100,97.81,35100,Weekend,Saturday,Medium_Load,28.08
7838,3,4.46,0,0,62.81,100,900,Weekday,Wednesday,Light_Load,3.6
7839,12,0,20.77,0,100,26.9,45000,Weekday,Tuesday,Medium_Load,5.8
7840,4,4.28,0,0,58.66,100,27900,Weekend,Saturday,Light_Load,3.1
7841,3,0,7.56,0,100,45.75,66600,Weekend,Saturday,Medium_Load,3.89
7842,12,0,13.82,0,100,25.21,42300,Weekend,Saturday,Light_Load,3.6
7843,9,0,12.31,0,100,23.6,71100,Weekend,Sunday,Medium_Load,2.99
7844,11,2.2,0.25,0,84.87,99.75,27000,Weekday,Friday,Light_Load,3.53
7845,3,3.89,0,0,63.53,100,22500,Weekday,Tuesday,Light_Load,3.2
7846,10,32.94,0,0.03,86.82,100,34200,Weekday,Friday,Medium_Load,57.64
7847,11,28.73,0,0.03,91.54,100,61200,Weekday,Monday,Medium_Load,65.34
7848,6,1.12,10.8,0,95.8,32.72,80100,Weekday,Thursday,Medium_Load,3.74
7849,7,0,16.56,0,100,17.77,76500,Weekday,Tuesday,Medium_Load,2.99
7850,11,3.02,0.11,0,78.13,99.96,0,Weekday,Thursday,Light_Load,3.78
7851,9,5.04,0,0,44.15,100,24300,Weekend,Sunday,Light_Load,2.48
7852,12,0,20.81,0,100,19.51,54900,Weekday,Tuesday,Light_Load,4.14
7853,8,0,17.1,0,100,20,78300,Weekday,Tuesday,Medium_Load,3.49
7854,5,22.93,0,0.03,92.46,100,36000,Weekend,Saturday,Medium_Load,55.66
7855,12,2.48,0,0,79.41,100,17100,Weekday,Wednesday,Light_Load,3.24
7856,5,27.11,0,0.02,88.01,100,32400,Weekday,Tuesday,Light_Load,50.26
7857,1,4.54,0,0,71.25,100,21600,Weekday,Thursday,Light_Load,4.61
7858,6,3.46,0,0,63.97,100,82800,Weekend,Saturday,Medium_Load,2.88
7859,4,3.74,0,0,63.32,100,18000,Weekday,Thursday,Light_Load,3.06
7860,3,0,25.52,0,100,22.16,45000,Weekday,Friday,Medium_Load,5.8
7861,7,3.67,0,0,59.26,100,26100,Weekend,Sunday,Light_Load,2.7
7862,4,3.71,0,0,61.85,100,25200,Weekend,Saturday,Light_Load,2.92
7863,7,0,7.49,0,100,51.5,83700,Weekday,Thursday,Light_Load,4.5
7864,5,4.72,0,0,53,100,81900,Weekday,Tuesday,Light_Load,2.95
7865,10,28.84,0,0.02,86.39,100,71100,Weekday,Friday,Medium_Load,49.46
7866,3,2.7,0,0,76.82,100,10800,Weekday,Friday,Light_Load,3.24
7867,4,20.41,0,0.02,90.36,100,66600,Weekday,Monday,Medium_Load,43.06
7868,10,4.97,0,0,49.22,100,900,Weekday,Monday,Light_Load,2.81
7869,2,37.01,0,0.03,88.67,100,57600,Weekday,Tuesday,Medium_Load,70.99
7870,12,4.79,0,0,67.9,100,20700,Weekday,Tuesday,Light_Load,4.43
7871,5,4.18,0,0,59.57,100,5400,Weekday,Wednesday,Light_Load,3.1
7872,6,22.97,0,0.04,96.2,100,52200,Weekday,Tuesday,Maximum_Load,80.93
7873,12,21.82,0,0.02,92.58,100,54900,Weekday,Wednesday,Medium_Load,53.42
7874,4,53.71,0,0.05,91.2,100,53100,Weekday,Friday,Maximum_Load,119.45
7875,7,4.93,0,0,49.92,100,12600,Weekend,Saturday,Light_Load,2.84
7876,7,35.86,0,0.03,88.02,100,54900,Weekday,Tuesday,Maximum_Load,66.49
7877,6,5.47,0,0,47.47,100,84600,Weekday,Wednesday,Light_Load,2.95
7878,8,26.32,0,0.02,88.28,100,51300,Weekday,Wednesday,Maximum_Load,49.46
7879,2,20.74,0,0.01,83.75,100,4500,Weekend,Saturday,Light_Load,31.79
7880,6,33.05,0,0.04,93.21,100,54900,Weekday,Monday,Maximum_Load,85.07
7881,12,2.66,0,0,76.2,100,23400,Weekend,Sunday,Light_Load,3.13
7882,6,0,18.43,0,100,24.96,45900,Weekday,Friday,Medium_Load,4.75
7883,7,0,4.1,0,100,58.01,0,Weekday,Monday,Light_Load,2.92
7884,11,23.51,0,0.03,93.68,100,48600,Weekday,Friday,Medium_Load,62.96
7885,7,40.9,0,0.04,91.79,100,69300,Weekday,Wednesday,Medium_Load,94.64
7886,2,5.22,0,0,69.46,100,23400,Weekday,Friday,Light_Load,5.04
7887,10,43.45,0,0.04,89.61,100,41400,Weekday,Monday,Maximum_Load,87.7
7888,7,16.6,2.09,0.02,90.73,99.83,65700,Weekday,Thursday,Medium_Load,35.82
7889,3,4.39,0,0,64.14,100,85500,Weekday,Monday,Light_Load,3.67
7890,9,31.61,0,0.03,86.72,100,54000,Weekday,Friday,Maximum_Load,55.04
7891,3,4.18,0,0,59.94,100,81900,Weekend,Sunday,Light_Load,3.13
7892,6,3.92,0,0,57.71,100,13500,Weekend,Sunday,Light_Load,2.77
7893,3,4.82,0,0,57.07,100,25200,Weekend,Sunday,Light_Load,3.35
7894,6,5.58,0,0,46.74,100,11700,Weekday,Friday,Light_Load,2.95
7895,9,0,10.48,0,100,26.16,45900,Weekday,Monday,Light_Load,2.84
7896,4,0,8.14,0.01,100,96.45,64800,Weekday,Thursday,Medium_Load,29.74
7897,3,28.76,0,0.03,92.45,100,62100,Weekday,Wednesday,Medium_Load,69.77
7898,6,4.93,0,0,57.45,100,27000,Weekday,Monday,Light_Load,3.46
7899,5,0,21.1,0,100,16.82,77400,Weekday,Tuesday,Light_Load,3.6
7900,2,4.86,0,0,55.94,100,2700,Weekday,Monday,Light_Load,3.28
7901,2,6.62,0,0,66.78,100,18000,Weekday,Friday,Light_Load,5.94
7902,4,4.57,0,0,61.88,100,9900,Weekday,Monday,Light_Load,3.6
7903,5,19.8,0,0.02,92.45,100,70200,Weekday,Wednesday,Medium_Load,48.02
7904,8,6.01,0,0.02,98.86,100,54900,Weekday,Monday,Maximum_Load,39.38
7905,11,0,14.65,0,100,20,63900,Weekend,Sunday,Light_Load,2.99
7906,10,4.72,0,0,48.11,100,27000,Weekend,Sunday,Light_Load,2.59
7907,2,0,9.43,0,100,49.21,42300,Weekend,Saturday,Light_Load,5.33
7908,4,0,9.36,0.01,100,95.7,64800,Weekday,Monday,Medium_Load,30.89
7909,3,21.28,0,0.04,96.91,100,53100,Weekday,Monday,Maximum_Load,83.56
7910,1,5.44,0,0,64.32,100,23400,Weekday,Tuesday,Light_Load,4.57
7911,6,5.69,0,0,51.96,100,21600,Weekday,Thursday,Light_Load,3.46
7912,5,0,16.45,0,100,18.29,47700,Weekend,Sunday,Light_Load,3.06
7913,11,6.16,0,0,51.18,100,3600,Weekday,Thursday,Light_Load,3.67
7914,10,5.58,0,0,46.74,100,23400,Weekday,Thursday,Light_Load,2.95
7915,5,4.46,0,0,56.57,100,7200,Weekend,Saturday,Light_Load,3.06
7916,12,0,21.56,0,100,29.23,45900,Weekday,Thursday,Medium_Load,6.59
7917,9,26.96,0,0.02,86.7,100,54900,Weekday,Thursday,Maximum_Load,46.91
7918,9,32.87,0,0.03,91.47,100,75600,Weekday,Friday,Medium_Load,74.41
7919,1,0,10.37,0,100,52.34,65700,Weekend,Sunday,Maximum_Load,6.37
7920,8,0,16.09,0,100,25.93,47700,Weekend,Sunday,Light_Load,4.32
7921,11,25.13,0,0.03,92.81,100,71100,Weekday,Tuesday,Maximum_Load,62.64
7922,12,2.38,0.04,0,82.08,99.99,18900,Weekday,Wednesday,Light_Load,3.42
7923,8,24.55,0,0.02,89.47,100,53100,Weekday,Thursday,Maximum_Load,49.18
7924,4,37.73,0,0.02,76.71,100,29700,Weekday,Tuesday,Light_Load,45.11
7925,9,0,12.02,0,100,21.92,75600,Weekday,Friday,Medium_Load,2.7
7926,12,18.04,0,0.02,94.38,100,68400,Weekday,Tuesday,Maximum_Load,51.52
7927,5,39.1,0,0.05,93.4,100,57600,Weekday,Wednesday,Maximum_Load,102.2
7928,12,0,11.74,0,100,45.39,65700,Weekday,Wednesday,Maximum_Load,5.98
7929,5,4.46,0,0,56.57,100,26100,Weekday,Tuesday,Light_Load,3.06
7930,2,0,23.44,0,100,20.02,52200,Weekend,Saturday,Light_Load,4.79
7931,2,27.83,0,0.05,96.72,100,74700,Weekday,Friday,Medium_Load,106.02
7932,1,4.39,0,0,80.94,100,11700,Weekend,Saturday,Light_Load,6.05
7933,1,3.28,0,0,70.28,100,18900,Weekend,Sunday,Light_Load,3.24
7934,8,20.56,0,0.02,90.1,100,55800,Weekday,Tuesday,Maximum_Load,42.7
7935,5,3.78,0,0,67.09,100,83700,Weekday,Wednesday,Light_Load,3.42
7936,2,3.13,0,0,77.59,100,22500,Weekday,Tuesday,Light_Load,3.85
7937,7,0,21.28,0,100,26.59,61200,Weekend,Sunday,Maximum_Load,5.87
7938,4,0,26.53,0,100,14.91,68400,Weekday,Wednesday,Medium_Load,4
7939,4,17.03,0,0.03,96.29,100,52200,Weekday,Thursday,Maximum_Load,60.73
7940,1,0,26.42,0,100,18.88,78300,Weekday,Tuesday,Medium_Load,5.08
7941,9,27.61,0,0.03,91.74,100,52200,Weekday,Monday,Maximum_Load,63.65
7942,6,23.11,0,0.02,89.27,100,34200,Weekday,Friday,Medium_Load,45.79
7943,11,43.74,0,0.05,93.64,100,37800,Weekday,Thursday,Maximum_Load,116.71
7944,10,5.9,0,0,45.2,100,20700,Weekday,Thursday,Light_Load,2.99
7945,8,8.32,0,0,52.85,100,15300,Weekday,Thursday,Light_Load,5.18
7946,11,6.37,0,0,46.87,100,1800,Weekday,Friday,Light_Load,3.38
7947,6,27.43,0,0.03,92.27,100,67500,Weekday,Monday,Medium_Load,65.66
7948,5,25.88,0,0.02,89.42,100,51300,Weekday,Thursday,Maximum_Load,51.7
7949,1,3.96,0,0,82.59,100,25200,Weekday,Monday,Light_Load,5.8
7950,7,59.8,0,0.03,77.72,100,48600,Weekday,Wednesday,Maximum_Load,73.87
7951,5,4.32,0,0,58.67,100,19800,Weekday,Thursday,Light_Load,3.13
7952,5,3.82,0,0,69.96,100,3600,Weekday,Thursday,Light_Load,3.74
7953,1,4.57,0,0,71.02,100,900,Weekday,Thursday,Light_Load,4.61
7954,6,37.73,0,0.03,86.37,100,55800,Weekday,Thursday,Maximum_Load,64.66
7955,10,17.6,4.79,0.02,90.24,99.17,47700,Weekday,Friday,Maximum_Load,36.86
7956,1,5,0,0,81.72,100,27900,Weekday,Wednesday,Light_Load,7.09
7957,2,35.71,0,0.05,95.05,100,33300,Weekday,Tuesday,Medium_Load,109.22
7958,12,0,21.49,0,100,18.43,71100,Weekend,Sunday,Light_Load,4.03
7959,12,0,13.21,0,100,24.58,45900,Weekday,Monday,Light_Load,3.35
7960,8,0,17.75,0,100,26.05,39600,Weekend,Saturday,Light_Load,4.79
7961,1,34.24,0,0.05,95.49,100,58500,Weekday,Tuesday,Medium_Load,110.05
7962,2,27.5,0,0.02,80.07,100,81000,Weekday,Tuesday,Maximum_Load,36.76
7963,9,35.39,0,0.03,85.38,100,32400,Weekday,Friday,Light_Load,58.03
7964,10,21.67,0,0.01,78.86,100,29700,Weekday,Wednesday,Light_Load,27.79
7965,2,6.05,0,0,74.02,100,8100,Weekend,Saturday,Light_Load,6.66
7966,3,35.06,0,0.05,94.34,100,59400,Weekday,Thursday,Maximum_Load,99.76
7967,11,3.46,0,0,73.41,100,3600,Weekday,Thursday,Light_Load,3.74
7968,4,3.96,0,0,62.49,100,18900,Weekday,Monday,Light_Load,3.17
7969,2,0,18.79,0,100,24.17,67500,Weekend,Sunday,Light_Load,4.68
7970,5,5.65,0,0,46.28,100,5400,Weekday,Thursday,Light_Load,2.95
7971,6,6.52,0,0,53.6,100,0,Weekday,Thursday,Light_Load,4.14
7972,8,32.8,0,0.03,88.62,100,72900,Weekday,Monday,Medium_Load,62.75
7973,11,32.94,0,0.03,89.15,100,33300,Weekday,Thursday,Medium_Load,64.84
7974,6,10.73,0.72,0.02,96.43,99.98,37800,Weekend,Saturday,Maximum_Load,39.06
7975,10,26.42,0,0.03,90.31,100,36900,Weekday,Tuesday,Maximum_Load,55.55
7976,12,0,14.94,0,100,21.44,61200,Weekend,Saturday,Light_Load,3.28
7977,9,5,0,0,46,100,13500,Weekday,Tuesday,Light_Load,2.59
7978,10,5.51,0,0,47.7,100,17100,Weekday,Friday,Light_Load,2.99
7979,9,0,10.87,0,100,25.03,32400,Weekday,Monday,Light_Load,2.81
7980,12,3.6,0.07,0,75.77,99.99,6300,Weekday,Tuesday,Light_Load,4.18
7981,5,32.58,0,0.04,94.75,100,53100,Weekday,Monday,Maximum_Load,96.59
7982,2,4.75,0,0,78.8,100,7200,Weekend,Saturday,Light_Load,6.08
7983,8,30.71,0,0.03,87.72,100,59400,Weekday,Friday,Maximum_Load,56.12
7984,11,4.54,1.12,0.02,99.11,99.95,64800,Weekday,Wednesday,Maximum_Load,33.77
7985,8,25.52,0,0.03,91.05,100,61200,Weekday,Wednesday,Maximum_Load,56.2
7986,4,4,0,0,56.93,100,0,Weekend,Sunday,Light_Load,2.77
7987,7,4.54,0,0,59.72,100,4500,Weekday,Monday,Light_Load,3.38
7988,7,38.23,0,0.03,88.3,100,34200,Weekday,Tuesday,Medium_Load,71.93
7989,10,0,10.62,0,100,27.69,36900,Weekend,Sunday,Light_Load,3.06
7990,2,0,17.32,0,100,18.99,62100,Weekday,Friday,Light_Load,3.35
7991,7,28.26,0,0.02,84.9,100,36000,Weekday,Monday,Medium_Load,45.4
7992,7,5.58,0,0,47.6,100,24300,Weekday,Friday,Light_Load,3.02
7993,5,8.28,0.97,0.03,99.22,99.99,62100,Weekday,Tuesday,Medium_Load,66.06
7994,3,11.74,1.62,0.01,93.35,99.86,80100,Weekend,Sunday,Medium_Load,30.56
7995,6,5.65,0,0,48.1,100,1800,Weekday,Wednesday,Light_Load,3.1
7996,11,4.93,0,0,62.24,100,19800,Weekday,Friday,Light_Load,3.92
7997,12,2.05,0.11,0,82.12,99.93,27000,Weekend,Sunday,Light_Load,2.95
7998,7,13,0,0.02,96.54,100,56700,Weekday,Thursday,Maximum_Load,48.13
7999,8,17.6,0,0.02,93.05,100,71100,Weekday,Friday,Medium_Load,44.71
8000,1,5.94,0,0,73.35,100,27900,Weekday,Monday,Light_Load,6.41
8001,6,20.77,0,0.03,95.46,100,54900,Weekday,Monday,Maximum_Load,66.53
8002,7,36.9,0,0.04,93.46,100,50400,Weekday,Friday,Maximum_Load,96.98
8003,11,25.27,0,0.03,91.29,100,40500,Weekend,Saturday,Maximum_Load,56.52
8004,6,5.36,0,0,47.33,100,8100,Weekend,Saturday,Light_Load,2.88
8005,1,41.4,0,0.06,94.58,100,50400,Weekday,Thursday,Medium_Load,120.6
8006,7,5.44,0,0,46.28,100,3600,Weekday,Friday,Light_Load,2.84
8007,12,3.06,0.07,0,77.4,99.98,16200,Weekday,Monday,Light_Load,3.74
8008,3,4.36,2.48,0.02,99.2,99.74,32400,Weekday,Thursday,Light_Load,34.31
8009,8,4.97,0,0,48.28,100,900,Weekday,Wednesday,Light_Load,2.74
8010,2,56.12,0,0.06,91.96,100,35100,Weekday,Monday,Medium_Load,131.33
8011,2,5.44,0,0,66.08,100,19800,Weekday,Tuesday,Light_Load,4.79
8012,1,4.82,20.16,0.01,94.92,58.5,44100,Weekday,Wednesday,Medium_Load,14.54
8013,11,27.47,0,0.03,91.75,100,35100,Weekday,Friday,Medium_Load,63.36
8014,8,23.72,0,0.02,89.01,100,52200,Weekday,Thursday,Maximum_Load,46.33
8015,4,20.12,0,0.04,97.83,100,63000,Weekday,Friday,Medium_Load,95.04
8016,4,28.3,0,0.03,93.25,100,42300,Weekend,Saturday,Maximum_Load,73.04
8017,7,5.83,0,0,49.82,100,5400,Weekend,Saturday,Light_Load,3.35
8018,5,52.63,0,0.02,66.96,100,30600,Weekday,Monday,Light_Load,47.45
8019,7,0,10.87,0,100,38.25,45000,Weekend,Sunday,Medium_Load,4.5
8020,3,4.21,0,0,59.66,100,25200,Weekday,Monday,Light_Load,3.13
8021,7,39.71,0,0.02,70.55,100,30600,Weekday,Monday,Light_Load,39.53
8022,12,3.82,0,0,74.06,100,7200,Weekday,Tuesday,Light_Load,4.21
8023,11,50.8,0,0.04,85.08,100,33300,Weekday,Monday,Medium_Load,82.26
8024,2,0,16.42,0,100,20.79,54000,Weekend,Saturday,Light_Load,3.49
8025,1,36.94,0,0.05,94.55,100,68400,Weekday,Thursday,Maximum_Load,107.28
8026,4,6.19,0,0,61.75,100,85500,Weekday,Friday,Light_Load,4.86
8027,3,3.38,0,0,74.19,100,85500,Weekday,Friday,Light_Load,3.74
8028,8,6.05,0,0,42.49,100,3600,Weekday,Friday,Light_Load,2.84
8029,9,40.1,0,0.02,71.58,100,30600,Weekday,Friday,Light_Load,41.11
8030,1,3.64,0,0,66.94,100,8100,Weekday,Monday,Light_Load,3.28
8031,7,28.12,0,0.04,95.85,100,53100,Weekday,Tuesday,Maximum_Load,94.54
8032,8,5.22,0,0,46.87,100,13500,Weekday,Thursday,Light_Load,2.77
8033,11,5.44,0,0,49.03,100,17100,Weekday,Friday,Light_Load,3.06
8034,12,12.89,0.22,0.02,97.18,100,68400,Weekday,Thursday,Maximum_Load,53.14
8035,9,5.65,0,0,44.53,100,9900,Weekday,Monday,Light_Load,2.81
8036,7,0,25.52,0,100,13.13,68400,Weekday,Wednesday,Medium_Load,3.38
8037,11,5.18,0,0,52.56,100,3600,Weekend,Sunday,Light_Load,3.2
8038,6,5.4,0,0,53.95,100,81000,Weekday,Friday,Medium_Load,3.46
8039,7,51.73,0,0.03,80.63,100,40500,Weekday,Monday,Maximum_Load,70.52
8040,5,3.56,0,0,70.41,100,83700,Weekday,Friday,Light_Load,3.53
8041,7,6.01,0,0,46.65,100,27000,Weekday,Tuesday,Light_Load,3.17
8042,4,5.33,0,0,57.44,100,9000,Weekday,Monday,Light_Load,3.74
8043,10,0,10.62,0,100,27.69,58500,Weekend,Sunday,Light_Load,3.06
8044,2,4.14,0,0,73.89,100,26100,Weekday,Tuesday,Light_Load,4.54
8045,3,2.41,0.22,0,92.75,99.93,28800,Weekday,Thursday,Light_Load,5.98
8046,10,39.2,0,0.03,84.81,100,74700,Weekday,Tuesday,Medium_Load,62.75
8047,12,65.84,0,0.06,89.65,100,60300,Weekday,Friday,Medium_Load,133.2
8048,11,28.15,0,0.03,91.79,100,33300,Weekday,Wednesday,Medium_Load,65.12
8049,10,33.91,0,0.03,87.45,100,32400,Weekday,Monday,Light_Load,61.13
8050,12,2.27,0,0,82.47,100,20700,Weekday,Monday,Light_Load,3.31
8051,5,16.92,0,0.02,94.77,100,61200,Weekday,Friday,Maximum_Load,50.26
8052,11,2.27,0.11,0,81.3,99.94,27000,Weekday,Thursday,Light_Load,3.17
8053,1,9.54,18.43,0.01,93.72,81.19,44100,Weekday,Thursday,Medium_Load,25.63
8054,10,38.52,0,0.03,85.12,100,55800,Weekday,Tuesday,Maximum_Load,62.46
8055,3,12.85,0.5,0.04,98.84,100,55800,Weekend,Saturday,Maximum_Load,83.74
8056,5,28.62,0,0.03,90.75,100,72000,Weekday,Thursday,Medium_Load,61.85
8057,12,32.69,0,0.03,90.74,100,57600,Weekday,Wednesday,Medium_Load,70.6
8058,8,5.98,0,0,46.37,100,3600,Weekday,Wednesday,Light_Load,3.13
8059,3,5.33,0,0,58.95,100,3600,Weekday,Friday,Light_Load,3.89
8060,8,43.85,0,0.03,78.11,100,66600,Weekday,Tuesday,Medium_Load,54.86
8061,10,4.46,0,0,54.25,100,27000,Weekday,Monday,Light_Load,2.88
8062,10,34.06,0,0.03,86.84,100,48600,Weekday,Friday,Maximum_Load,59.65
8063,2,4.43,0,0,70.71,100,23400,Weekday,Thursday,Light_Load,4.43
8064,10,0,10.69,0,100,32.47,66600,Weekday,Tuesday,Medium_Load,3.67
8065,2,16.27,0,0.03,96.46,100,35100,Weekday,Monday,Medium_Load,59.54
8066,2,21.02,0.04,0.02,93.13,100,70200,Weekday,Friday,Maximum_Load,53.75
8067,11,3.42,0,0,73.53,100,27000,Weekend,Saturday,Light_Load,3.71
8068,1,0,17.75,0,100,19.66,68400,Weekend,Sunday,Light_Load,3.56
8069,7,5.83,0,0,47.3,100,9000,Weekend,Saturday,Light_Load,3.13
8070,3,3.2,0,0,68.27,100,22500,Weekend,Sunday,Light_Load,2.99
8071,11,15.23,0,0.01,82.77,100,18000,Weekday,Wednesday,Light_Load,22.46
8072,7,4.07,0,0,61.45,100,17100,Weekday,Thursday,Light_Load,3.17
8073,6,5.51,0,0,53.51,100,3600,Weekday,Friday,Light_Load,3.49
8074,8,0,5.51,0,100,42.54,43200,Weekend,Saturday,Light_Load,2.59
8075,1,37.44,0,0.04,93.05,100,39600,Weekday,Monday,Maximum_Load,95.08
8076,9,12.24,0,0.01,70.51,100,29700,Weekday,Monday,Light_Load,12.17
8077,6,0,16.56,0,100,18.8,76500,Weekend,Saturday,Medium_Load,3.17
8078,2,3.49,0,0,74.09,100,7200,Weekday,Monday,Light_Load,3.85
8079,1,33.34,0,0.02,83.99,100,66600,Weekday,Thursday,Maximum_Load,51.59
8080,6,0,16.31,0,100,18.44,64800,Weekend,Sunday,Light_Load,3.06
8081,9,50.83,0,0.02,70.76,100,30600,Weekday,Friday,Light_Load,50.9
8082,10,50.36,0,0.04,84.6,100,42300,Weekday,Thursday,Maximum_Load,79.92
8083,11,19.98,0,0.01,74.24,100,29700,Weekend,Saturday,Light_Load,22.14
8084,7,32.36,0,0.04,92.51,100,36000,Weekday,Tuesday,Medium_Load,78.84
8085,6,0,16.52,0,100,18.44,36900,Weekend,Saturday,Light_Load,3.1
8086,10,5.83,0,0,46,100,11700,Weekday,Thursday,Light_Load,3.02
8087,9,34.7,0,0.03,85.27,100,38700,Weekday,Monday,Maximum_Load,56.63
8088,3,2.41,0,0,79.23,100,15300,Weekday,Thursday,Light_Load,3.13
8089,7,17.82,2.92,0.01,86.64,99.56,47700,Weekday,Monday,Maximum_Load,30.92
8090,7,3.31,0,0,70.71,100,83700,Weekday,Tuesday,Light_Load,3.31
8091,6,74.16,0,0.05,81.87,100,30600,Weekday,Thursday,Light_Load,105.73
8092,3,3.06,0,0,70.71,100,9000,Weekend,Saturday,Light_Load,3.06
8093,9,4.61,0,0,48.98,100,11700,Weekend,Sunday,Light_Load,2.59
8094,10,31.57,0,0.03,86.98,100,62100,Weekday,Monday,Medium_Load,55.66
8095,7,0.04,16.38,0,100,30.57,45900,Weekday,Wednesday,Medium_Load,5.26
8096,6,4.68,0,0,63.53,100,27900,Weekday,Monday,Light_Load,3.85
8097,8,7.96,0.61,0,59.09,99.46,31500,Weekend,Saturday,Light_Load,5.83
8098,10,0,16.2,0,100,25.38,46800,Weekend,Saturday,Medium_Load,4.25
8099,12,3.67,0,0,70.71,100,23400,Weekday,Tuesday,Light_Load,3.67
8100,10,22.93,0,0.02,89.33,100,48600,Weekday,Monday,Maximum_Load,45.58
8101,6,0,16.31,0,100,19.08,50400,Weekend,Sunday,Light_Load,3.17
8102,1,65.95,0,0.05,86.98,100,42300,Weekday,Monday,Maximum_Load,116.24
8103,10,5.08,0,0,48.4,100,1800,Weekday,Monday,Light_Load,2.81
8104,2,30.28,0,0.03,90.85,100,48600,Weekday,Wednesday,Medium_Load,65.84
8105,3,12.71,1.76,0.04,98.94,99.98,79200,Weekday,Wednesday,Medium_Load,86.44
8106,7,44.64,0,0.04,87.52,100,42300,Weekend,Saturday,Maximum_Load,80.78
8107,6,31.75,0,0.04,94.47,100,57600,Weekday,Tuesday,Maximum_Load,91.44
8108,10,3.78,0,0,61.13,100,19800,Weekday,Wednesday,Light_Load,2.92
8109,8,25.88,0,0.03,91.13,100,39600,Weekday,Tuesday,Maximum_Load,57.28
8110,8,5.44,0,0,46.79,100,8100,Weekday,Friday,Light_Load,2.88
8111,11,4.18,0,0,56.74,100,18900,Weekday,Friday,Light_Load,2.88
8112,10,43.78,0,0.03,81.48,100,73800,Weekday,Friday,Medium_Load,61.52
8113,11,38.16,0,0.03,85.12,100,66600,Weekday,Monday,Maximum_Load,61.88
8114,6,5.11,0,0,49.1,100,10800,Weekend,Saturday,Light_Load,2.88
8115,10,35.78,0,0.03,89,100,73800,Weekday,Monday,Medium_Load,69.84
8116,8,51.05,0,0.04,87.53,100,62100,Weekday,Monday,Medium_Load,92.41
8117,4,3.46,0,0,66.73,100,16200,Weekday,Friday,Light_Load,3.1
8118,2,54.36,0,0.06,91.93,100,74700,Weekday,Tuesday,Medium_Load,126.97
8119,12,3.74,0,0,73.63,100,20700,Weekend,Sunday,Light_Load,4.07
8120,4,22.5,0,0.02,92.14,100,54000,Weekday,Thursday,Maximum_Load,53.35
8121,5,28.94,0,0.03,92.6,100,32400,Weekday,Monday,Light_Load,70.99
8122,2,0,22.72,0,100,16.71,53100,Weekday,Wednesday,Light_Load,3.85
8123,12,2.84,0.36,0,82.01,99.61,82800,Weekday,Wednesday,Maximum_Load,4.07
8124,12,3.56,0,0,74.37,100,27900,Weekend,Sunday,Light_Load,3.96
8125,8,6.08,0,0,42.32,100,19800,Weekend,Sunday,Light_Load,2.84
8126,11,2.81,0.18,0,79.72,99.88,15300,Weekday,Wednesday,Light_Load,3.71
8127,1,4.64,0,0,70.48,100,4500,Weekday,Thursday,Light_Load,4.61
8128,7,22.18,0,0.02,92.47,100,69300,Weekday,Thursday,Medium_Load,53.89
8129,6,20.12,0,0.02,92.51,100,38700,Weekday,Friday,Maximum_Load,49
8130,3,14.26,0,0.02,95.87,100,68400,Weekday,Monday,Medium_Load,48.06
8131,11,0,20.81,0,100,26.37,60300,Weekend,Saturday,Light_Load,5.69
8132,11,28.37,0,0.03,89.9,100,42300,Weekday,Thursday,Maximum_Load,58.25
8133,2,28.84,0,0.02,83.28,100,29700,Weekday,Tuesday,Light_Load,43.38
8134,4,4.03,0,0,61.83,100,18900,Weekday,Tuesday,Light_Load,3.17
8135,3,0,19.19,0,100,17.55,54000,Weekend,Sunday,Light_Load,3.42
8136,3,3.1,0,0,71.5,100,21600,Weekday,Wednesday,Light_Load,3.17
8137,4,45.04,0,0.05,91.93,100,54000,Weekday,Tuesday,Maximum_Load,105.19
8138,5,5.33,0,0,48.42,100,25200,Weekday,Wednesday,Light_Load,2.95
8139,6,0,19.87,0,100,18.02,62100,Weekend,Saturday,Light_Load,3.64
8140,7,0,7.7,0,100,39.89,65700,Weekend,Saturday,Medium_Load,3.35
8141,8,6.05,0,0,42.98,100,8100,Weekday,Friday,Light_Load,2.88
8142,9,7.38,0.11,0,44.53,99.96,80100,Weekday,Monday,Medium_Load,3.67
8143,10,5.54,0,0,51.74,100,8100,Weekday,Friday,Light_Load,3.35
8144,1,28.15,0,0.02,81.87,100,0,Weekday,Friday,Light_Load,40.14
8145,8,12.02,0,0.02,95.99,100,71100,Weekday,Thursday,Medium_Load,41.15
8146,12,21.02,0,0.03,93.38,100,36000,Weekday,Tuesday,Medium_Load,54.86
8147,2,3.49,0,0,78.55,100,20700,Weekday,Tuesday,Light_Load,4.43
8148,4,0,16.99,0,100,17.5,58500,Weekend,Sunday,Light_Load,3.02
8149,9,0,11.59,0,100,24.98,72900,Weekend,Saturday,Medium_Load,2.99
8150,5,4.39,0,0,58.54,100,8100,Weekday,Wednesday,Light_Load,3.17
8151,9,0,11.95,0,100,21.73,54000,Weekday,Wednesday,Light_Load,2.66
8152,3,4.5,0,0,63.61,100,8100,Weekend,Saturday,Light_Load,3.71
8153,7,0,23.18,0,100,14.89,70200,Weekend,Saturday,Medium_Load,3.49
8154,11,5.4,0,0,61.21,100,81900,Weekday,Thursday,Maximum_Load,4.18
8155,5,0,16.88,0,100,18.85,47700,Weekend,Sunday,Light_Load,3.24
8156,2,5.94,0,0,72.76,100,16200,Weekday,Thursday,Light_Load,6.3
8157,9,0,17.14,0,100,20.77,73800,Weekday,Wednesday,Medium_Load,3.64
8158,10,6.41,0,0,49.38,100,7200,Weekday,Friday,Light_Load,3.64
8159,11,36.94,0,0.03,85.94,100,42300,Weekday,Friday,Maximum_Load,62.1
8160,3,2.34,19.73,0.01,98.19,52.37,44100,Weekday,Friday,Medium_Load,12.13
8161,8,0,13.21,0,100,27.24,76500,Weekday,Thursday,Medium_Load,3.74
8162,5,27.68,0,0.03,89.58,100,39600,Weekday,Friday,Maximum_Load,55.8
8163,5,28.08,0,0.03,89.54,100,34200,Weekday,Monday,Medium_Load,56.48
8164,3,5.36,0,0,78.54,100,83700,Weekday,Monday,Light_Load,6.8
8165,8,4,0,0,53.3,100,15300,Weekday,Friday,Light_Load,2.52
8166,7,0,4.43,0,100,59.03,8100,Weekend,Saturday,Light_Load,3.24
8167,11,3.38,0,0,62.97,100,81900,Weekend,Sunday,Light_Load,2.74
8168,6,4.75,0,0,59.97,100,84600,Weekday,Tuesday,Light_Load,3.56
8169,7,5.08,0,0,48.4,100,12600,Weekday,Friday,Light_Load,2.81
8170,7,42.8,0,0.04,91.58,100,48600,Weekend,Sunday,Maximum_Load,97.6
8171,4,5.04,0,0,53.24,100,18000,Weekend,Saturday,Light_Load,3.17
8172,2,9.29,0,0.03,98.72,100,50400,Weekday,Monday,Medium_Load,57.53
8173,6,40.93,0,0.05,92.85,100,34200,Weekday,Wednesday,Medium_Load,102.38
8174,4,1.76,14.72,0,90.82,25.12,80100,Weekday,Wednesday,Medium_Load,3.82
8175,7,5.69,0,0,52.28,100,17100,Weekend,Saturday,Light_Load,3.49
8176,4,3.89,0,0,63.17,100,81000,Weekend,Saturday,Medium_Load,3.17
8177,8,0,9.36,0,100,30.43,67500,Weekday,Wednesday,Medium_Load,2.99
8178,10,5.8,0,0,46.18,100,15300,Weekday,Thursday,Light_Load,3.02
8179,12,0,19.8,0,100,23.84,44100,Weekend,Sunday,Light_Load,4.86
8180,7,3.74,0,0,60.07,100,17100,Weekend,Sunday,Light_Load,2.81
8181,11,28.76,0,0.02,88.12,100,41400,Weekday,Thursday,Maximum_Load,53.6
8182,3,2.48,1.4,0.03,99.91,99.97,64800,Weekday,Tuesday,Medium_Load,57.85
8183,6,6.08,0,0,43.65,100,19800,Weekend,Sunday,Light_Load,2.95
8184,3,40.46,0,0.04,92.12,100,60300,Weekday,Friday,Maximum_Load,95.8
8185,4,36.25,0,0.04,93.52,100,54000,Weekday,Tuesday,Maximum_Load,95.76
8186,5,61.52,0,0.06,91.27,100,36000,Weekday,Thursday,Medium_Load,137.38
8187,6,38.34,0,0.04,89.76,100,56700,Weekday,Thursday,Maximum_Load,78.05
8188,11,7.67,0.07,0,45.51,99.98,80100,Weekday,Thursday,Maximum_Load,3.92
8189,3,2.99,0,0,74.9,100,900,Weekend,Saturday,Light_Load,3.38
8190,8,0,14.51,0,100,26.76,61200,Weekend,Saturday,Light_Load,4.03
8191,5,1.87,10.22,0,89.95,35.25,80100,Weekday,Monday,Medium_Load,3.85
8192,4,0,12.78,0,100,23.29,44100,Weekend,Sunday,Light_Load,3.06
8193,3,0,17.06,0,100,19.05,62100,Weekend,Sunday,Light_Load,3.31
8194,8,5.69,0,0,45.66,100,23400,Weekday,Friday,Light_Load,2.92
8195,7,0,6.44,0,100,50.62,81000,Weekend,Sunday,Medium_Load,3.78
8196,7,3.92,0,0,58.26,100,9900,Weekday,Wednesday,Light_Load,2.81
8197,8,53.03,0,0.05,90.86,100,39600,Weekend,Saturday,Maximum_Load,115.38
8198,2,3.71,0,0,66.24,100,8100,Weekday,Friday,Light_Load,3.28
8199,1,4.5,0,0,71.25,100,7200,Weekday,Wednesday,Light_Load,4.57
8200,2,0,12.78,0,100,26.34,44100,Weekend,Saturday,Light_Load,3.49
8201,9,0,11.16,0,100,32.91,45000,Weekday,Monday,Medium_Load,3.89
8202,6,0.18,13.18,0,99.98,59.08,44100,Weekday,Friday,Medium_Load,9.65
8203,11,8.32,0,0.02,98.23,100,74700,Weekday,Monday,Medium_Load,43.6
8204,6,4.54,0,0,53.03,100,21600,Weekday,Thursday,Light_Load,2.84
8205,4,25.67,0,0.03,90.51,100,49500,Weekday,Tuesday,Maximum_Load,54.65
8206,12,0,15.8,0,100,31.37,64800,Weekend,Saturday,Maximum_Load,5.22
8207,11,6.01,0,0,49.46,100,10800,Weekend,Sunday,Light_Load,3.42
8208,5,3.38,0,0,72.9,100,84600,Weekday,Thursday,Light_Load,3.6
8209,4,4.46,0,0,63.23,100,3600,Weekend,Sunday,Light_Load,3.64
8210,5,2.63,0.5,0.01,99.24,99.97,42300,Weekend,Saturday,Maximum_Load,21.24
8211,7,0,16.02,0,100,23.37,79200,Weekday,Friday,Medium_Load,3.85
8212,11,39.2,0,0.03,87.55,100,67500,Weekday,Monday,Maximum_Load,71.03
8213,8,20.95,0,0.02,90.37,100,38700,Weekday,Friday,Maximum_Load,44.21
8214,4,0,16.7,0,100,18.42,78300,Weekend,Sunday,Light_Load,3.13
8215,6,5.83,0,0,45.15,100,25200,Weekend,Saturday,Light_Load,2.95
8216,1,5.76,0,0,65.02,100,23400,Weekend,Sunday,Light_Load,4.93
8217,3,15.12,0,0.02,95.4,100,70200,Weekday,Monday,Medium_Load,48.1
8218,3,3.74,0,0,59.1,100,10800,Weekend,Saturday,Light_Load,2.74
8219,11,47.05,0,0.05,90.3,100,54000,Weekday,Friday,Medium_Load,98.86
8220,9,59.44,0,0.04,84.36,100,30600,Weekday,Friday,Light_Load,93.38
8221,6,21.1,0,0.03,95.19,100,36000,Weekday,Wednesday,Medium_Load,65.56
8222,1,4.9,0,0,68.76,100,12600,Weekday,Monday,Light_Load,4.64
8223,5,21.17,0,0.02,91.96,100,41400,Weekday,Tuesday,Maximum_Load,49.54
8224,12,3.92,0,0,68.05,100,9000,Weekday,Tuesday,Light_Load,3.64
8225,4,0,26.21,0,100,17.83,79200,Weekday,Tuesday,Medium_Load,4.75
8226,12,0,21.64,0,100,18.97,72000,Weekday,Monday,Maximum_Load,4.18
8227,1,3.31,0.61,0.02,99.7,99.99,63900,Weekday,Monday,Maximum_Load,42.95
8228,11,0,20.05,0,100,16.81,61200,Weekend,Sunday,Light_Load,3.42
8229,8,15.23,0,0.02,91.24,100,67500,Weekday,Tuesday,Medium_Load,33.95
8230,11,3.74,0,0,67.91,100,18900,Weekday,Friday,Light_Load,3.46
8231,7,32.51,0,0.03,88.5,100,48600,Weekday,Monday,Maximum_Load,61.81
8232,7,0,10.87,0,100,36.64,45900,Weekend,Sunday,Medium_Load,4.28
8233,6,5.04,0,0,56.6,100,4500,Weekday,Monday,Light_Load,3.46
8234,6,0,5.15,0,100,54.53,43200,Weekend,Sunday,Maximum_Load,3.35
8235,7,5.83,0,0,47.3,100,13500,Weekend,Saturday,Light_Load,3.13
8236,9,0,12.28,0,100,22.83,52200,Weekend,Sunday,Light_Load,2.88
8237,1,5.54,0,0,64.85,100,81900,Weekday,Thursday,Maximum_Load,4.72
8238,4,3.38,19.01,0,94.91,47.24,44100,Weekday,Wednesday,Medium_Load,10.19
8239,11,4.07,0,0,57.22,100,84600,Weekend,Sunday,Light_Load,2.84
8240,7,64.51,0,0.05,85.54,100,57600,Weekday,Monday,Maximum_Load,106.52
8241,3,33.88,0,0.04,92.68,100,49500,Weekday,Tuesday,Maximum_Load,83.59
8242,10,7.49,0,0,44,100,9000,Weekday,Friday,Light_Load,3.67
8243,3,9.58,0.32,0.02,97.62,100,39600,Weekday,Friday,Maximum_Load,43.16
8244,4,4.79,0,0,56.85,100,25200,Weekday,Thursday,Light_Load,3.31
8245,2,18.22,1.84,0.03,94.87,99.94,80100,Weekday,Thursday,Maximum_Load,54.68
8246,9,4.18,0,0,53.25,100,19800,Weekday,Monday,Light_Load,2.63
8247,5,1.98,1.44,0.02,99.83,99.91,38700,Weekday,Tuesday,Maximum_Load,33.8
8248,5,5.22,0,0,56.34,100,82800,Weekday,Wednesday,Medium_Load,3.56
8249,7,5.51,0,0,49.03,100,81000,Weekday,Friday,Medium_Load,3.1
8250,9,4.1,0,0,55,100,84600,Weekend,Sunday,Light_Load,2.7
8251,11,2.81,0,0,71.58,100,23400,Weekday,Monday,Light_Load,2.88
8252,11,4.97,0,0,58.66,100,14400,Weekday,Thursday,Light_Load,3.6
8253,4,0.86,1.51,0.02,99.98,99.93,68400,Weekday,Monday,Medium_Load,39.92
8254,9,6.12,0,0,43.42,100,84600,Weekend,Saturday,Light_Load,2.95
8255,8,37.37,0,0.05,94.24,100,60300,Weekday,Tuesday,Maximum_Load,105.26
8256,2,21.85,0,0.03,94.61,100,50400,Weekday,Wednesday,Medium_Load,63.86
8257,12,0,20.59,0,100,35.62,63900,Weekend,Sunday,Maximum_Load,7.85
8258,8,0,9.4,0,100,34.54,67500,Weekend,Saturday,Light_Load,3.46
8259,8,0,6.16,0.01,100,98.07,63900,Weekday,Monday,Medium_Load,30.89
8260,8,28.62,0,0.02,86.96,100,38700,Weekday,Tuesday,Maximum_Load,50.4
8261,7,0,4.32,0,100,58.3,85500,Weekday,Friday,Light_Load,3.1
8262,2,19.69,0,0.04,97.6,100,52200,Weekday,Monday,Medium_Load,88.2
8263,5,13.68,0,0.02,96.47,100,54000,Weekend,Saturday,Maximum_Load,50.11
8264,3,4,0,0,60.76,100,23400,Weekday,Thursday,Light_Load,3.06
8265,2,0,8.42,0.02,100,97.21,75600,Weekday,Monday,Medium_Load,34.92
8266,5,4.9,0,0,51.58,100,10800,Weekday,Wednesday,Light_Load,2.95
8267,9,5.26,0,0,48.92,100,6300,Weekend,Saturday,Light_Load,2.95
8268,10,4.46,0,0,52.76,100,8100,Weekend,Sunday,Light_Load,2.77
8269,8,35.96,0,0.03,87.28,100,62100,Weekday,Friday,Medium_Load,64.3
8270,6,4.61,0,0,52.05,100,24300,Weekday,Thursday,Light_Load,2.81
8271,12,0,14.29,0,100,24.43,63000,Weekend,Sunday,Light_Load,3.6
8272,8,0,12.74,0,100,30.16,45000,Weekend,Sunday,Light_Load,4.03
8273,10,53.03,0,0.05,90.68,100,35100,Weekday,Wednesday,Medium_Load,114.05
8274,10,5.83,0,0,50.16,100,19800,Weekday,Tuesday,Light_Load,3.38
8275,4,42.77,0,0.04,88.19,100,50400,Weekday,Wednesday,Maximum_Load,79.99
8276,8,6.23,0,0,41.96,100,7200,Weekday,Friday,Light_Load,2.88
8277,4,40,0,0.02,79.99,100,42300,Weekday,Tuesday,Maximum_Load,53.32
8278,3,4.5,0,0,63.61,100,900,Weekday,Friday,Light_Load,3.71
8279,11,3.13,0,0,64.76,100,20700,Weekday,Monday,Light_Load,2.66
8280,3,0.5,3.46,0.02,99.99,99.47,50400,Weekend,Saturday,Maximum_Load,33.37
8281,6,0,16.85,0,100,23.64,60300,Weekend,Saturday,Light_Load,4.1
8282,1,20.56,2.59,0.04,97.19,99.95,47700,Weekday,Tuesday,Medium_Load,84.92
8283,6,3.96,0,0,66.12,100,84600,Weekday,Wednesday,Light_Load,3.49
8284,6,5.33,2.88,0.02,98.82,99.65,63000,Weekday,Thursday,Medium_Load,34.38
8285,7,2.48,0.43,0.02,99.81,99.99,54900,Weekday,Wednesday,Maximum_Load,39.71
8286,2,4.93,0,0,69.68,100,24300,Weekend,Saturday,Light_Load,4.79
8287,12,2.05,0.29,0,84.8,99.61,0,Weekend,Saturday,Light_Load,3.28
8288,5,25.31,0,0.02,89.06,100,55800,Weekday,Friday,Maximum_Load,49.57
8289,4,4.82,15.05,0.02,99.15,92.52,75600,Weekday,Wednesday,Medium_Load,36.68
8290,5,4.07,0,0,59.21,100,13500,Weekend,Saturday,Light_Load,2.99
8291,9,36.97,0,0.03,87.96,100,62100,Weekday,Tuesday,Medium_Load,68.36
8292,3,0,25.63,0,100,14.74,46800,Weekend,Sunday,Light_Load,3.82
8293,3,0,17.14,0,100,17.35,60300,Weekend,Saturday,Light_Load,3.02
8294,9,10.8,0,0.02,95.68,100,40500,Weekend,Sunday,Maximum_Load,35.53
8295,10,30.85,0,0.02,85.93,100,33300,Weekend,Saturday,Medium_Load,51.84
8296,12,0,19.37,0,100,20.37,36900,Weekend,Sunday,Light_Load,4.03
8297,4,56.63,0,0.04,80.57,100,29700,Weekday,Thursday,Light_Load,77.04
8298,11,36.29,0,0.03,85.75,100,42300,Weekday,Wednesday,Maximum_Load,60.48
8299,9,38.56,0,0.03,83.48,100,50400,Weekday,Friday,Maximum_Load,58.46
8300,11,4.9,0.32,0.02,99.1,100,63900,Weekday,Thursday,Maximum_Load,36.25
8301,5,6.48,0,0,66.88,100,31500,Weekend,Saturday,Light_Load,5.83
8302,7,28.55,0,0.01,75.17,100,31500,Weekend,Sunday,Light_Load,32.54
8303,11,6.34,0,0,49.38,100,4500,Weekday,Thursday,Light_Load,3.6
8304,12,0,6.66,0.01,100,97.64,59400,Weekday,Friday,Medium_Load,30.13
8305,3,4.18,0,0,62.08,100,21600,Weekday,Friday,Light_Load,3.31
8306,11,52.16,0,0.04,87.11,100,49500,Weekday,Friday,Medium_Load,92.52
8307,3,3.35,4.25,0.01,99.48,99.16,51300,Weekday,Thursday,Maximum_Load,32.58
8308,5,4.68,0,0,54.22,100,15300,Weekday,Monday,Light_Load,3.02
8309,12,25.16,0,0.03,91.31,100,50400,Weekday,Friday,Medium_Load,56.34
8310,12,0,13.64,0,100,23.58,45900,Weekend,Sunday,Light_Load,3.31
8311,8,44.86,0,0.03,79.23,100,41400,Weekday,Friday,Maximum_Load,58.25
8312,12,0,22.21,0,100,23.79,68400,Weekday,Wednesday,Maximum_Load,5.44
8313,7,0,10.98,0,100,36.1,44100,Weekday,Friday,Medium_Load,4.25
8314,3,7.13,0.07,0.02,98.58,100,53100,Weekday,Tuesday,Maximum_Load,41.83
8315,5,5.29,0,0,50.56,100,900,Weekend,Sunday,Light_Load,3.1
8316,1,4.39,0,0,73.22,100,83700,Weekday,Wednesday,Light_Load,4.72
8317,10,6.62,0,0,45.47,100,82800,Weekday,Tuesday,Medium_Load,3.38
8318,2,7.74,0,0,72,100,5400,Weekday,Friday,Light_Load,8.03
8319,4,0,17.32,0,100,18.99,77400,Weekend,Saturday,Medium_Load,3.35
8320,5,0.07,4.57,0.02,100,99.06,60300,Weekend,Saturday,Maximum_Load,33.12
8321,7,36.11,0,0.04,93.79,100,72000,Weekday,Friday,Medium_Load,97.67
8322,3,7.74,0.76,0.03,99.36,99.99,55800,Weekend,Saturday,Maximum_Load,67.82
8323,8,4.46,0,0,50.79,100,18900,Weekday,Wednesday,Light_Load,2.63
8324,5,5.22,0,0,52.26,100,12600,Weekday,Wednesday,Light_Load,3.2
8325,12,3.13,0.18,0,79.49,99.9,13500,Weekday,Thursday,Light_Load,4.1
8326,3,21.56,0,0.02,91.09,100,67500,Weekday,Thursday,Medium_Load,47.59
8327,2,37.48,0,0.03,89.2,100,3600,Weekend,Saturday,Light_Load,73.94
8328,6,3.46,0,0,59.93,100,6300,Weekday,Tuesday,Light_Load,2.59
8329,5,34.78,0,0.04,92.51,100,54900,Weekday,Wednesday,Maximum_Load,84.71
8330,5,0.76,3.67,0.01,99.96,99.16,37800,Weekday,Tuesday,Maximum_Load,28.12
8331,9,5.15,0,0,44.51,100,8100,Weekend,Sunday,Light_Load,2.56
8332,3,13.39,0,0.02,96.99,100,60300,Weekday,Friday,Maximum_Load,53.32
8333,6,5.58,0,0,47.6,100,23400,Weekday,Thursday,Light_Load,3.02
8334,12,0,20.16,0,100,26.68,77400,Weekday,Thursday,Medium_Load,5.58
8335,11,4.18,0,0,59.94,100,27000,Weekday,Wednesday,Light_Load,3.13
8336,10,0,11.3,0,100,25.58,52200,Weekend,Sunday,Light_Load,2.99
8337,12,3.67,0.04,0,75.69,100,5400,Weekday,Tuesday,Light_Load,4.25
8338,1,0,17.14,0,100,20.56,72900,Weekend,Sunday,Light_Load,3.6
8339,4,3.96,0,0,66.12,100,21600,Weekday,Tuesday,Light_Load,3.49
8340,7,5.4,0,0,45.64,100,18900,Weekday,Friday,Light_Load,2.77
8341,7,3.38,0,0,62.97,100,30600,Weekend,Sunday,Light_Load,2.74
8342,8,4.68,0,0,57.39,100,81000,Weekday,Friday,Medium_Load,3.28
8343,3,47.59,0,0.04,84.95,100,70200,Weekday,Thursday,Medium_Load,76.64
8344,7,0,25.02,0,100,22.95,46800,Weekday,Monday,Medium_Load,5.9
8345,2,22.39,0,0.03,93.98,100,72900,Weekday,Monday,Medium_Load,61.56
8346,9,0,11.92,0,100,22.64,72900,Weekday,Friday,Medium_Load,2.77
8347,7,0,10.69,0,100,35.58,44100,Weekend,Sunday,Medium_Load,4.07
8348,2,1.76,0.83,0.02,99.92,99.98,69300,Weekday,Tuesday,Maximum_Load,43.63
8349,8,6.91,0,0,50.75,100,13500,Weekday,Thursday,Light_Load,4.07
8350,11,0,9.25,0,100,66.06,65700,Weekday,Tuesday,Maximum_Load,8.14
8351,10,0,17.64,0,100,20.21,78300,Weekend,Saturday,Medium_Load,3.64
8352,8,4.97,0,0,54.14,100,17100,Weekday,Wednesday,Light_Load,3.2
8353,3,3.71,0,0,72.01,100,6300,Weekday,Friday,Light_Load,3.85
8354,5,4.46,0,0,54.25,100,24300,Weekday,Tuesday,Light_Load,2.88
8355,1,36.94,0,0.03,83.43,100,900,Weekday,Tuesday,Light_Load,55.91
8356,11,1.69,0.5,0,86.77,98.59,18900,Weekday,Friday,Light_Load,2.95
8357,10,5.44,0,0,47.67,100,25200,Weekday,Thursday,Light_Load,2.95
8358,3,50.76,0,0.06,92.17,100,36000,Weekday,Thursday,Medium_Load,120.6
8359,1,21.96,0,0.03,95.89,100,35100,Weekday,Wednesday,Medium_Load,74.2
8360,10,0,11.23,0,100,25.97,34200,Weekend,Sunday,Light_Load,3.02
8361,6,3.92,0,0,66.92,100,28800,Weekend,Saturday,Light_Load,3.53
8362,3,5.72,0,0,66.11,100,9900,Weekday,Thursday,Light_Load,5.04
8363,1,26.46,0,0.02,82.77,100,27900,Weekday,Thursday,Light_Load,39.02
8364,1,0,26.32,0,100,29.78,45000,Weekday,Tuesday,Medium_Load,8.21
8365,3,28.3,0,0.02,86.22,100,43200,Weekday,Thursday,Maximum_Load,48.17
8366,6,4.39,0,0,56.68,100,3600,Weekday,Friday,Light_Load,3.02
8367,3,3.42,0,0,65.82,100,23400,Weekday,Monday,Light_Load,2.99
8368,6,5.9,0,0,44.36,100,20700,Weekend,Saturday,Light_Load,2.92
8369,7,13.54,0,0.02,96.3,100,69300,Weekday,Monday,Medium_Load,48.38
8370,5,35.03,0,0.03,89.09,100,35100,Weekday,Tuesday,Medium_Load,68.72
8371,8,4,0,0,53.91,100,83700,Weekday,Tuesday,Light_Load,2.56
8372,8,38.59,0,0.05,94.2,100,36000,Weekday,Tuesday,Medium_Load,108.32
8373,7,0,19.58,0,100,24.28,45000,Weekday,Thursday,Medium_Load,4.9
8374,5,4.25,0,0,57.02,100,3600,Weekend,Sunday,Light_Load,2.95
8375,2,4.03,0,0,81.61,100,29700,Weekday,Wednesday,Light_Load,5.69
8376,12,3.46,2.16,0.01,99.35,99.75,64800,Weekday,Tuesday,Maximum_Load,30.31
8377,5,37.84,0,0.04,93.07,100,63000,Weekday,Thursday,Medium_Load,96.26
8378,6,4.43,0,0,53.56,100,21600,Weekend,Sunday,Light_Load,2.81
8379,8,21.6,0,0.02,89.89,100,57600,Weekday,Thursday,Maximum_Load,44.32
8380,1,17.93,0,0.02,94.37,100,72000,Weekday,Thursday,Maximum_Load,51.16
8381,7,17.53,0,0.02,94.59,100,58500,Weekend,Sunday,Maximum_Load,51.08
8382,11,25.78,0,0.02,90.13,100,68400,Weekday,Friday,Maximum_Load,53.64
8383,12,2.34,0.11,0,81.07,99.94,13500,Weekday,Friday,Light_Load,3.24
8384,3,26.14,0,0.03,91.1,100,57600,Weekday,Wednesday,Maximum_Load,57.74
8385,3,36.83,0,0.03,89.34,100,60300,Weekday,Tuesday,Maximum_Load,73.22
8386,10,0,18.04,0,100,22.57,76500,Weekday,Wednesday,Medium_Load,4.18
8387,11,6.62,0,0,49.19,100,5400,Weekday,Thursday,Light_Load,3.74
8388,8,4.86,0,0,48.56,100,16200,Weekday,Monday,Light_Load,2.7
8389,11,8.06,0,0.02,97.84,100,34200,Weekend,Saturday,Medium_Load,38.12
8390,5,4.5,0,0,54.43,100,81000,Weekend,Sunday,Light_Load,2.92
8391,1,18.9,0.61,0.02,91.68,99.99,65700,Weekday,Friday,Maximum_Load,43.38
8392,11,4.21,0,0,73.84,100,84600,Weekday,Wednesday,Light_Load,4.61
8393,9,0.61,2.3,0.01,99.97,99.64,70200,Weekday,Monday,Medium_Load,27.11
8394,7,4.21,0,0,60.99,100,27000,Weekday,Thursday,Light_Load,3.24
8395,1,45.65,0,0.05,92.58,100,70200,Weekday,Friday,Maximum_Load,111.78
8396,6,4.72,0,0,51.56,100,18000,Weekend,Saturday,Light_Load,2.84
8397,1,3.6,0,0,66.44,100,27900,Weekday,Monday,Light_Load,3.2
8398,11,4.43,0,0,55.03,100,15300,Weekday,Monday,Light_Load,2.92
8399,8,0,17.21,0,100,15.89,35100,Weekend,Saturday,Light_Load,2.77
8400,6,33.34,0.04,0.05,95.1,100,75600,Weekday,Monday,Medium_Load,102.6
8401,2,30.13,0,0.02,80.81,100,81900,Weekday,Friday,Maximum_Load,41.33
8402,7,4.07,0,0,61.81,100,16200,Weekday,Thursday,Light_Load,3.2
8403,9,4.5,0,0,49.88,100,20700,Weekend,Sunday,Light_Load,2.59
8404,7,5.08,0,0,48.4,100,18900,Weekday,Monday,Light_Load,2.81
8405,1,44.28,0,0.03,85.05,100,41400,Weekday,Thursday,Maximum_Load,71.6
8406,10,5.62,0,0,45.61,100,26100,Weekday,Thursday,Light_Load,2.88
8407,10,37.84,0,0.03,84.6,100,48600,Weekday,Friday,Maximum_Load,60.05
8408,10,6.08,0,0,50.21,100,26100,Weekday,Tuesday,Light_Load,3.53
8409,10,4.86,0,0,49.52,100,19800,Weekday,Monday,Light_Load,2.77
8410,9,0,17.53,0,100,27.43,76500,Weekday,Monday,Medium_Load,5
8411,11,0,18.61,0,100,19.7,74700,Weekend,Saturday,Medium_Load,3.74
8412,9,5.58,0,0,50.21,100,27000,Weekend,Saturday,Light_Load,3.24
8413,5,0,16.7,0,100,19.05,54900,Weekend,Sunday,Light_Load,3.24
8414,4,0,25.92,0,100,15.51,68400,Weekend,Saturday,Medium_Load,4.07
8415,1,7.13,0,0.02,99.04,100,74700,Weekday,Thursday,Medium_Load,51.12
8416,10,5.04,0,0,48.17,100,17100,Weekday,Monday,Light_Load,2.77
8417,11,27.4,0,0.02,87.65,100,53100,Weekday,Tuesday,Medium_Load,49.9
8418,9,0,10.94,0,100,24.88,61200,Weekend,Sunday,Light_Load,2.81
8419,11,49.25,0,0.04,87.21,100,51300,Weekday,Thursday,Medium_Load,87.77
8420,6,4.93,0,0,50.44,100,2700,Weekend,Saturday,Light_Load,2.88
8421,4,4.21,0,0,60.15,100,12600,Weekday,Monday,Light_Load,3.17
8422,1,0,20.92,0,100,17.6,51300,Weekend,Saturday,Light_Load,3.74
8423,8,5.98,0,0,44.72,100,25200,Weekend,Saturday,Light_Load,2.99
8424,1,42.16,0,0.04,90.27,100,15300,Weekend,Saturday,Light_Load,88.45
8425,2,71.5,0,0.05,84.85,100,31500,Weekday,Friday,Light_Load,114.66
8426,7,4.97,0,0,53.78,100,7200,Weekday,Friday,Light_Load,3.17
8427,1,0.72,2.27,0.02,99.98,99.84,78300,Weekday,Thursday,Medium_Load,40.25
8428,8,5.11,0,0,46.17,100,21600,Weekday,Thursday,Light_Load,2.66
8429,11,0,17.96,0,100,20.6,70200,Weekend,Sunday,Maximum_Load,3.78
8430,4,33.37,0,0.03,87.48,100,50400,Weekday,Friday,Maximum_Load,60.26
8431,1,4.9,0,0,68.52,100,4500,Weekday,Thursday,Light_Load,4.61
8432,11,5.36,0,0,50.07,100,18000,Weekday,Tuesday,Light_Load,3.1
8433,8,0,18.68,0,100,26.58,52200,Weekend,Sunday,Maximum_Load,5.15
8434,8,3.64,0,0,56.92,100,85500,Weekday,Monday,Light_Load,2.52
8435,6,0,4.46,0,100,65.34,66600,Weekday,Wednesday,Medium_Load,3.85
8436,3,30.64,0,0.05,95.82,100,57600,Weekday,Friday,Maximum_Load,102.56
8437,12,17.21,0,0.02,94.99,100,71100,Weekday,Thursday,Maximum_Load,52.31
8438,1,40.43,0,0.03,84.37,100,41400,Weekday,Wednesday,Maximum_Load,63.54
8439,9,0,18.04,0,100,18.63,72000,Weekend,Saturday,Medium_Load,3.42
8440,5,5.18,0,0,49.11,100,26100,Weekday,Wednesday,Light_Load,2.92
8441,1,0,25.45,0,100,24.42,63900,Weekend,Saturday,Maximum_Load,6.41
8442,12,26.53,0,0.03,91.9,100,50400,Weekend,Sunday,Medium_Load,61.85
8443,3,27.76,0,0.03,91.19,100,53100,Weekday,Tuesday,Maximum_Load,61.7
8444,2,0,20.88,0,100,20.08,72000,Weekend,Saturday,Light_Load,4.28
8445,4,4.46,0,0,55.68,100,26100,Weekday,Thursday,Light_Load,2.99
8446,11,38.3,0,0.02,80.53,100,65700,Weekday,Thursday,Maximum_Load,52.02
8447,7,0,11.02,0.01,100,92.53,62100,Weekend,Sunday,Medium_Load,26.89
8448,12,7.6,0,0.02,98.29,100,49500,Weekend,Saturday,Medium_Load,40.61
8449,5,1.4,14.04,0,93.77,26,80100,Weekday,Friday,Medium_Load,3.78
8450,12,3.17,0.22,0,78.6,99.85,12600,Weekday,Thursday,Light_Load,4.03
8451,6,28.62,0,0.01,69.62,100,29700,Weekend,Saturday,Light_Load,27.76
8452,9,66.17,0,0.06,87.59,100,56700,Weekday,Wednesday,Maximum_Load,120.13
8453,7,3.67,1.3,0,64.04,92.04,12600,Weekday,Tuesday,Light_Load,3.06
8454,1,4.28,0,0,72.76,100,25200,Weekday,Wednesday,Light_Load,4.54
8455,2,8.86,0,0.03,98.8,100,36000,Weekday,Tuesday,Medium_Load,56.56
8456,5,4.39,0,0,58.54,100,23400,Weekday,Monday,Light_Load,3.17
8457,10,0,10.26,0,100,32.53,66600,Weekend,Saturday,Medium_Load,3.53
8458,3,3.2,0,0,70.71,100,10800,Weekend,Sunday,Light_Load,3.2
8459,2,3.1,0,0,81.25,100,25200,Weekday,Tuesday,Light_Load,4.32
8460,10,18.94,0,0.02,91.62,100,49500,Weekend,Saturday,Maximum_Load,43.31
8461,11,4.72,0,0,51.15,100,29700,Weekend,Sunday,Light_Load,2.81
8462,11,6.3,0,0,60.76,100,13500,Weekday,Tuesday,Light_Load,4.82
8463,10,31.18,0,0.02,85.01,100,66600,Weekday,Wednesday,Medium_Load,50.33
8464,3,4.57,0,0,62.3,100,900,Weekday,Tuesday,Light_Load,3.64
8465,11,3.96,0,0,82.22,100,27000,Weekday,Monday,Light_Load,5.72
8466,9,0,11.48,0,100,23.78,76500,Weekday,Tuesday,Light_Load,2.81
8467,10,16.06,0,0.01,71.55,100,29700,Weekday,Monday,Light_Load,16.45
8468,10,7.92,0,0,52.3,100,900,Weekday,Wednesday,Light_Load,4.86
8469,1,4.86,0,0,69.36,100,4500,Weekday,Wednesday,Light_Load,4.68
8470,12,2.92,0,0,79.68,100,22500,Weekday,Wednesday,Light_Load,3.85
8471,2,25.85,0,0.02,80.46,100,84600,Weekday,Monday,Light_Load,35.03
8472,9,4.75,0,0,48.86,100,9000,Weekend,Sunday,Light_Load,2.66
8473,7,5.47,0,0,47.09,100,21600,Weekday,Tuesday,Light_Load,2.92
8474,8,4.75,0,0,49.42,100,5400,Weekday,Friday,Light_Load,2.7
8475,2,8.35,1.04,0.03,99.3,99.99,72900,Weekday,Wednesday,Medium_Load,70.09
8476,5,31.79,0,0.04,93.9,100,54000,Weekday,Tuesday,Maximum_Load,86.8
8477,12,3.06,0,0,81.6,100,23400,Weekday,Monday,Light_Load,4.32
8478,1,40.79,0,0.05,94.47,100,57600,Weekday,Friday,Medium_Load,117.47
8479,6,0,7.56,0.01,100,96.75,64800,Weekday,Friday,Medium_Load,28.94
8480,8,5.72,0,0,48.47,100,15300,Weekday,Thursday,Light_Load,3.17
8481,7,29.84,0,0.03,90.07,100,73800,Weekday,Friday,Medium_Load,61.85
8482,12,2.52,0,0,78.56,100,16200,Weekday,Wednesday,Light_Load,3.2
8483,11,2.16,0.14,0,80.39,99.89,17100,Weekday,Wednesday,Light_Load,2.92
8484,8,4.75,0,0,53.65,100,26100,Weekday,Monday,Light_Load,3.02
8485,8,42.16,0,0.03,84.16,100,55800,Weekday,Monday,Maximum_Load,65.7
8486,2,35.14,0,0.02,83.82,100,66600,Weekday,Tuesday,Maximum_Load,54
8487,12,0,13.97,0,100,24.95,49500,Weekend,Sunday,Light_Load,3.6
8488,4,1.22,1.51,0.02,99.94,99.91,50400,Weekend,Sunday,Maximum_Load,34.99
8489,10,0,17.42,0,100,25.74,73800,Weekday,Wednesday,Medium_Load,4.64
8490,1,16.2,0.04,0.04,98.35,100,64800,Weekday,Friday,Maximum_Load,88.13
8491,10,38.59,0,0.04,90.06,100,59400,Weekday,Monday,Maximum_Load,79.96
8492,10,27.32,0,0.03,90.78,100,50400,Weekday,Thursday,Maximum_Load,59.15
8493,9,4.64,0,0,50.85,100,1800,Weekday,Thursday,Light_Load,2.74
8494,11,12.2,0,0.01,77.68,100,29700,Weekday,Monday,Light_Load,15.05
8495,12,0,4.57,0.01,100,98.81,46800,Weekday,Wednesday,Medium_Load,29.3
8496,2,9.5,1.91,0.02,96.92,99.87,80100,Weekday,Tuesday,Maximum_Load,37.4
8497,12,0,21.71,0,100,19.82,74700,Weekday,Tuesday,Medium_Load,4.39
8498,2,0,25.74,0,100,18.7,75600,Weekend,Sunday,Light_Load,4.9
8499,7,21.56,0,0.02,91.45,100,51300,Weekday,Tuesday,Maximum_Load,48.74
8500,1,40.36,0,0.05,94.72,100,74700,Weekday,Thursday,Medium_Load,119.2
8501,4,61.34,0,0.03,76.09,100,30600,Weekday,Thursday,Light_Load,71.93
8502,8,14.83,0,0.02,93.76,100,39600,Weekday,Thursday,Maximum_Load,40
8503,3,22.25,0,0.02,92.55,100,58500,Weekday,Monday,Maximum_Load,54.36
8504,10,25.6,0,0.03,90.87,100,53100,Weekend,Saturday,Maximum_Load,55.73
8505,4,30.53,0,0.04,94.25,100,39600,Weekday,Friday,Maximum_Load,86.08
8506,11,5.44,0,0,54.43,100,24300,Weekday,Monday,Light_Load,3.53
8507,12,1.98,0.18,0,83.03,99.81,19800,Weekday,Thursday,Light_Load,2.95
8508,8,4.68,0,0,50.93,100,3600,Weekday,Wednesday,Light_Load,2.77
8509,1,0,16.96,0,100,25.27,79200,Weekend,Saturday,Medium_Load,4.43
8510,7,4.39,0,0,58.05,100,18900,Weekday,Wednesday,Light_Load,3.13
8511,1,39.24,0,0.03,88.77,100,1800,Weekday,Friday,Light_Load,75.64
8512,3,4.54,0,0,64.68,100,4500,Weekday,Wednesday,Light_Load,3.85
8513,8,5.44,0,0,45.89,100,17100,Weekday,Thursday,Light_Load,2.81
8514,2,0,16.34,0,100,26.33,32400,Weekend,Sunday,Light_Load,4.46
8515,5,4.39,0,0,57.18,100,15300,Weekday,Tuesday,Light_Load,3.06
8516,1,2.3,0.72,0.02,99.77,99.98,57600,Weekend,Saturday,Medium_Load,34.2
8517,3,34.16,0,0.04,93.86,100,33300,Weekday,Tuesday,Medium_Load,92.92
8518,5,0,20.09,0,100,17.97,67500,Weekday,Tuesday,Medium_Load,3.67
8519,11,43.13,0,0.04,87.92,100,57600,Weekday,Thursday,Medium_Load,79.6
8520,9,4.86,0,0,46.03,100,20700,Weekday,Thursday,Light_Load,2.52
8521,7,33.55,0,0.03,89.22,100,38700,Weekday,Thursday,Maximum_Load,66.28
8522,1,3.28,0,0,77.86,100,83700,Weekend,Sunday,Light_Load,4.07
8523,10,6.84,0,0,56.47,100,28800,Weekday,Tuesday,Light_Load,4.68
8524,9,18.83,0,0.02,92.08,100,33300,Weekend,Saturday,Medium_Load,44.46
8525,6,62.64,0,0.05,87.18,100,59400,Weekday,Wednesday,Maximum_Load,111.49
8526,2,28.4,0,0.03,92.33,100,36000,Weekday,Wednesday,Medium_Load,68.29
8527,10,15.55,5.18,0.02,90.41,98.78,47700,Weekday,Monday,Maximum_Load,32.9
8528,4,26.82,0.68,0.02,86.25,99.99,65700,Weekday,Monday,Medium_Load,45.72
8529,8,0,16.88,0,100,18.46,60300,Weekend,Sunday,Light_Load,3.17
8530,4,4.61,0,0,61.55,100,23400,Weekday,Tuesday,Light_Load,3.6
8531,11,0,19.51,0,100,20.95,44100,Weekend,Saturday,Light_Load,4.18
8532,4,0,9.65,0.01,100,95.01,63900,Weekday,Monday,Medium_Load,29.38
8533,10,0,17.35,0,100,22.84,79200,Weekday,Tuesday,Medium_Load,4.07
8534,7,35.14,0,0.03,88.21,100,54000,Weekday,Monday,Maximum_Load,65.81
8535,5,20.88,3.56,0.02,90.6,99.68,47700,Weekday,Tuesday,Maximum_Load,44.68
8536,6,0,17.21,0,100,17.12,72000,Weekend,Sunday,Light_Load,2.99
8537,8,5.76,0,0,44.22,100,9900,Weekend,Saturday,Light_Load,2.84
8538,6,4.21,0,0,66.11,100,28800,Weekend,Saturday,Light_Load,3.71
8539,11,0,18.79,0,100,19.17,78300,Weekend,Saturday,Medium_Load,3.67
8540,2,0,24.84,0,100,19.05,63900,Weekend,Sunday,Light_Load,4.82
8541,11,26.1,0,0.04,96.35,100,58500,Weekend,Sunday,Medium_Load,93.89
8542,6,4.57,0,0,61.13,100,84600,Weekday,Thursday,Light_Load,3.53
8543,7,44.21,0,0.04,89.95,100,66600,Weekday,Tuesday,Medium_Load,91.04
8544,3,0,26.64,0,100,14.85,71100,Weekend,Saturday,Medium_Load,4
8545,1,28.15,0,0.03,93.03,100,54000,Weekday,Tuesday,Medium_Load,71.39
8546,12,61.85,0,0.06,88.99,100,37800,Weekday,Friday,Maximum_Load,120.67
8547,5,0,19.8,0,100,19.09,78300,Weekday,Monday,Medium_Load,3.85
8548,8,0,14.58,0,100,20.54,46800,Weekend,Sunday,Light_Load,3.06
8549,8,0,4.79,0,100,49.65,66600,Weekend,Sunday,Light_Load,2.74
8550,5,26.64,0,0.02,89.69,100,36900,Weekday,Tuesday,Maximum_Load,54.04
8551,7,0,17.17,0,100,21.12,78300,Weekday,Thursday,Medium_Load,3.71
8552,4,41.4,0,0.03,87.38,100,36000,Weekday,Monday,Medium_Load,74.38
8553,3,3.78,0,0,73.85,100,27900,Weekday,Monday,Light_Load,4.14
8554,3,3.96,0,0,77.07,100,0,Weekday,Tuesday,Light_Load,4.79
8555,5,23.4,0,0.02,90.74,100,61200,Weekday,Thursday,Maximum_Load,50.51
8556,11,4.68,1.22,0.01,98.73,99.91,64800,Weekday,Friday,Maximum_Load,29.12
8557,12,9.76,0.04,0.02,97.96,100,34200,Weekday,Friday,Medium_Load,47.52
8558,4,0,17.6,0,100,18.1,38700,Weekend,Sunday,Light_Load,3.24
8559,8,34.13,0,0.03,84.85,100,36900,Weekday,Monday,Maximum_Load,54.72
8560,12,3.31,0.07,0,76.41,99.98,16200,Weekday,Tuesday,Light_Load,3.92
8561,8,5.98,0,0,47.64,100,17100,Weekday,Friday,Light_Load,3.24
8562,11,4.03,0,0,76.05,100,8100,Weekday,Tuesday,Light_Load,4.72
8563,5,0,17.06,0,100,19.27,68400,Weekend,Sunday,Light_Load,3.35
8564,11,6.91,0,0,57.21,100,83700,Weekday,Friday,Light_Load,4.82
8565,1,29.59,0,0.05,96.02,100,63000,Weekday,Monday,Maximum_Load,101.66
8566,11,0,17.17,0,100,32.35,45000,Weekday,Friday,Medium_Load,5.87
8567,1,4.82,0,0,61.71,100,7200,Weekday,Tuesday,Light_Load,3.78
8568,5,4.93,0,0,53.23,100,3600,Weekday,Thursday,Light_Load,3.1
8569,7,0,4.9,0,100,49.21,2700,Weekday,Thursday,Light_Load,2.77
8570,4,11.88,2.12,0.03,98.53,99.95,57600,Weekend,Saturday,Maximum_Load,68.51
8571,12,0,20.88,0,100,19.45,76500,Weekend,Saturday,Medium_Load,4.14
8572,3,3.17,0,0,70.26,100,23400,Weekday,Monday,Light_Load,3.13
8573,3,2.84,4.32,0.02,99.71,99.34,63900,Weekday,Tuesday,Medium_Load,37.33
8574,1,30.85,0,0.03,91.19,100,71100,Weekday,Monday,Maximum_Load,68.54
8575,1,0,17.1,0,100,24.71,75600,Weekend,Saturday,Medium_Load,4.36
8576,6,0,16.49,0,100,18.48,72900,Weekend,Sunday,Light_Load,3.1
8577,10,38.48,0,0.03,84.18,100,36000,Weekday,Tuesday,Medium_Load,60.01
8578,8,7.13,0,0,71.59,100,27900,Weekday,Friday,Light_Load,7.31
8579,12,3.85,0,0,73.8,100,81900,Weekday,Monday,Maximum_Load,4.21
8580,7,73.22,0,0.05,82.57,100,30600,Weekday,Thursday,Light_Load,107.17
8581,7,5,0,0,48.46,100,8100,Weekday,Monday,Light_Load,2.77
8582,1,4.79,0,0,69.34,100,3600,Weekday,Thursday,Light_Load,4.61
8583,5,0,17.46,0,100,20.57,67500,Weekend,Saturday,Medium_Load,3.67
8584,7,18.79,0.04,0.03,94.76,100,73800,Weekday,Tuesday,Medium_Load,55.76
8585,1,25.67,0,0.03,92.27,100,63000,Weekday,Monday,Maximum_Load,61.42
8586,4,0.9,2.05,0.02,99.97,99.83,71100,Weekday,Thursday,Medium_Load,35.1
8587,11,30.46,0,0.02,86.9,100,65700,Weekday,Friday,Maximum_Load,53.5
8588,3,3.96,0,0,78.63,100,19800,Weekday,Friday,Light_Load,5.04
8589,12,0,21.71,0,100,25.19,79200,Weekday,Thursday,Medium_Load,5.65
8590,7,5.44,0,0,47.67,100,83700,Weekday,Tuesday,Light_Load,2.95
8591,8,4.46,0,0,50.79,100,2700,Weekday,Monday,Light_Load,2.63
8592,10,45.04,0,0.03,83.02,100,56700,Weekday,Friday,Maximum_Load,67.07
8593,7,22.57,0,0.02,91.88,100,56700,Weekday,Monday,Maximum_Load,52.52
8594,1,21.67,0,0.03,95.06,100,34200,Weekday,Friday,Medium_Load,66.35
8595,9,6.12,0,0,45.99,100,82800,Weekday,Friday,Medium_Load,3.17
8596,4,13.14,0.47,0.03,98.12,100,69300,Weekday,Wednesday,Medium_Load,66.78
8597,11,41.18,0,0.04,91.37,100,62100,Weekday,Tuesday,Maximum_Load,92.56
8598,2,0,18.79,0,100,19.02,72000,Weekday,Wednesday,Light_Load,3.64
8599,6,0,11.81,0,100,29.97,67500,Weekend,Saturday,Medium_Load,3.71
8600,3,4.28,0,0,64.79,100,8100,Weekend,Sunday,Light_Load,3.64
8601,11,53.1,0,0.03,81.1,100,31500,Weekday,Tuesday,Light_Load,73.62
8602,3,4.14,0,0,68.1,100,20700,Weekend,Saturday,Light_Load,3.85
8603,10,41.62,0,0.03,81.7,100,52200,Weekday,Wednesday,Maximum_Load,58.97
8604,6,3.67,0,0,56.61,100,23400,Weekend,Sunday,Light_Load,2.52
8605,4,0,26.24,0,100,15.84,77400,Weekday,Monday,Medium_Load,4.21
8606,10,14.9,0.97,0.02,93.75,99.97,47700,Weekend,Saturday,Maximum_Load,40.14
8607,3,1.87,4.82,0.02,99.85,99.04,35100,Weekend,Saturday,Medium_Load,34.49
8608,8,5.04,0,0,50.51,100,9000,Weekend,Saturday,Light_Load,2.95
8609,4,0,22.21,0,100,23.91,45900,Weekday,Tuesday,Medium_Load,5.47
8610,2,14.04,0.18,0.02,94.92,100,65700,Weekday,Monday,Maximum_Load,42.34
8611,5,57.89,0,0.03,73.28,100,66600,Weekday,Friday,Medium_Load,62.35
8612,6,5.94,0,0,44.48,100,25200,Weekend,Saturday,Light_Load,2.95
8613,9,49.28,0,0.04,86.36,100,36000,Weekday,Tuesday,Medium_Load,84.42
8614,9,0,11.59,0,100,22.37,45000,Weekday,Tuesday,Light_Load,2.66
8615,11,3.53,0,0,72.72,100,27000,Weekday,Friday,Light_Load,3.74
8616,1,5.36,0,0,73.85,100,12600,Weekday,Tuesday,Light_Load,5.87
8617,3,52.52,0,0.05,91.19,100,35100,Weekday,Monday,Medium_Load,116.71
8618,10,0,17.17,0,100,28.17,46800,Weekday,Thursday,Medium_Load,5.04
8619,7,4.39,0,0,53.91,100,26100,Weekday,Monday,Light_Load,2.81
8620,3,34.6,0,0.05,94.7,100,62100,Weekday,Wednesday,Medium_Load,102.02
8621,10,0,16.24,0,100,29.05,45900,Weekday,Thursday,Medium_Load,4.93
8622,7,0.07,9.47,0.01,100,93.96,62100,Weekend,Saturday,Medium_Load,25.99
8623,6,5.98,1.26,0.02,98.54,99.93,51300,Weekend,Saturday,Maximum_Load,34.63
8624,1,0,10.12,0.01,100,94.01,48600,Weekend,Saturday,Medium_Load,27.9
8625,12,45.43,0,0.04,90.39,100,56700,Weekday,Wednesday,Medium_Load,96.01
8626,8,4.28,0,0,52.79,100,900,Weekday,Monday,Light_Load,2.66
8627,9,0.65,8.1,0.01,99.94,91.34,47700,Weekday,Friday,Maximum_Load,18.18
8628,8,37.91,0,0.03,82.22,100,67500,Weekday,Tuesday,Medium_Load,54.76
8629,1,44.82,0,0.03,79.76,100,66600,Weekday,Monday,Maximum_Load,59.26
8630,2,25.67,0,0.03,93.37,100,32400,Weekday,Monday,Light_Load,66.96
8631,2,0,17.35,0,100,18.96,56700,Weekday,Wednesday,Light_Load,3.35
8632,8,4.82,0,0,51.81,100,900,Weekday,Monday,Light_Load,2.92
8633,9,4.61,0,0,47.97,100,22500,Weekend,Sunday,Light_Load,2.52
8634,9,0,10.91,0,100,24.94,45900,Weekend,Sunday,Light_Load,2.81
8635,10,6.01,0,0,52.12,100,0,Weekday,Monday,Light_Load,3.67
8636,9,0.72,1.66,0.01,99.96,99.8,61200,Weekend,Saturday,Maximum_Load,26.32
8637,2,3.1,0,0,70.25,100,20700,Weekday,Friday,Light_Load,3.06
8638,9,38.05,0,0.03,87.9,100,56700,Weekday,Tuesday,Maximum_Load,70.16
8639,9,6.55,0,0,42.78,100,27000,Weekend,Saturday,Light_Load,3.1
8640,2,4.54,0,0,58.09,100,85500,Weekend,Sunday,Light_Load,3.24
8641,1,38.66,0,0.04,89.4,100,3600,Weekend,Saturday,Light_Load,77.15
8642,2,21.2,0,0.03,94.41,100,70200,Weekday,Monday,Maximum_Load,60.73
8643,9,19.8,0,0.02,92.05,100,33300,Weekday,Monday,Medium_Load,46.66
8644,7,4.5,0,0,56.23,100,5400,Weekday,Wednesday,Light_Load,3.06
8645,8,4.93,0,0,50.96,100,4500,Weekday,Thursday,Light_Load,2.92
8646,10,56.02,0,0.03,78.01,100,69300,Weekday,Thursday,Medium_Load,69.84
8647,5,5.51,0,0,49.39,100,11700,Weekday,Friday,Light_Load,3.13
8648,8,4.79,0,0,48.13,100,21600,Weekday,Monday,Light_Load,2.63
8649,6,26.78,0,0.04,95.22,100,48600,Weekday,Monday,Maximum_Load,83.52
8650,10,0,17.57,0,100,22.72,70200,Weekday,Wednesday,Medium_Load,4.1
8651,3,0,26.78,0,100,18.5,64800,Weekend,Saturday,Medium_Load,5.04
8652,6,4.9,0,0,50.67,100,6300,Weekend,Saturday,Light_Load,2.88
8653,2,0,16.24,0,100,21.24,63900,Weekend,Sunday,Light_Load,3.53
8654,1,4.54,0,0,70.94,100,83700,Weekday,Tuesday,Light_Load,4.57
8655,7,19.01,0,0.01,70.17,100,29700,Weekend,Saturday,Light_Load,18.72
8656,6,0,25.45,0,100,20.24,46800,Weekday,Tuesday,Medium_Load,5.26
8657,11,6.23,0,0,47.69,100,12600,Weekday,Tuesday,Light_Load,3.38
8658,6,4.57,0,0,54.23,100,3600,Weekday,Thursday,Light_Load,2.95
8659,1,0,25.52,0,100,26.28,45900,Weekend,Saturday,Medium_Load,6.95
8660,5,0,11.16,0.01,100,91.17,35100,Weekday,Tuesday,Medium_Load,24.77
8661,9,0,17.64,0,100,20.58,63000,Weekend,Saturday,Medium_Load,3.71
8662,11,62.17,0,0.04,83.64,100,30600,Weekday,Monday,Light_Load,94.86
8663,4,4.32,0,0,63.6,100,20700,Weekday,Tuesday,Light_Load,3.56
8664,7,0,4.25,0,100,61.9,10800,Weekend,Saturday,Light_Load,3.35
8665,10,6.12,0,0,45.53,100,13500,Weekend,Saturday,Light_Load,3.13
8666,6,6.16,0,0,55.78,100,83700,Weekday,Friday,Light_Load,4.14
8667,7,0,4.1,0,100,58.4,81000,Weekend,Sunday,Light_Load,2.95
8668,2,8.89,0.11,0.02,98.39,100,72900,Weekday,Wednesday,Medium_Load,49
8669,7,2.81,0.14,0.02,99.69,100,33300,Weekend,Sunday,Medium_Load,35.89
8670,10,46.55,0,0.04,88.42,100,55800,Weekday,Monday,Maximum_Load,88.13
8671,7,0,17.39,0,100,16.95,54900,Weekend,Sunday,Light_Load,2.99
8672,12,2.3,0.18,0,82.98,99.86,18000,Weekday,Monday,Light_Load,3.42
8673,2,0,6.05,0,100,55.44,40500,Weekend,Sunday,Light_Load,4.03
8674,10,35.82,0,0.04,91.93,100,56700,Weekend,Saturday,Maximum_Load,83.66
8675,3,0,19.4,0,100,23.78,45900,Weekday,Monday,Medium_Load,4.75
8676,5,4.54,0,0,54.49,100,2700,Weekday,Thursday,Light_Load,2.95
8677,2,0,24.91,0,100,18.73,38700,Weekend,Sunday,Light_Load,4.75
8678,12,0,14.94,0,100,31.97,66600,Weekday,Wednesday,Maximum_Load,5.04
8679,5,0,19.62,0,100,16.64,50400,Weekend,Sunday,Light_Load,3.31
8680,11,23.54,0,0.02,90.28,100,54000,Weekday,Thursday,Medium_Load,49.43
8681,11,6.08,0.11,0,56.65,99.97,80100,Weekday,Friday,Maximum_Load,4.18
8682,10,30.74,0,0.02,86.92,100,40500,Weekday,Monday,Maximum_Load,54.04
8683,8,0,5.8,0,100,66.61,41400,Weekend,Saturday,Light_Load,5.18
8684,8,4.64,0,0,50.29,100,3600,Weekday,Thursday,Light_Load,2.7
8685,3,3.46,0,0,67.9,100,18900,Weekday,Monday,Light_Load,3.2
8686,6,28.84,0,0.04,94.38,100,38700,Weekday,Monday,Maximum_Load,82.37
8687,4,3.49,0,0,65.06,100,85500,Weekend,Sunday,Light_Load,2.99
8688,5,30.85,0,0.03,88.96,100,56700,Weekday,Wednesday,Maximum_Load,60.08
8689,8,0,15.73,0,100,21.66,59400,Weekend,Sunday,Light_Load,3.49
8690,2,53.35,0,0.06,92.95,100,36900,Weekday,Tuesday,Maximum_Load,134.46
8691,11,43.81,0,0.03,84.06,100,62100,Weekday,Friday,Maximum_Load,68
8692,7,3.82,0,0,58.28,100,9000,Weekday,Monday,Light_Load,2.74
8693,8,4.1,0,0,54.43,100,11700,Weekday,Friday,Light_Load,2.66
8694,2,9.76,0,0.02,98.24,100,69300,Weekday,Friday,Maximum_Load,51.34
8695,1,35.1,0,0.02,80.8,100,12600,Weekday,Wednesday,Light_Load,48.13
8696,3,2.66,0,0,76.2,100,9900,Weekend,Saturday,Light_Load,3.13
8697,12,3.17,0.18,0,78.6,99.9,6300,Weekend,Saturday,Light_Load,4.03
8698,6,5.4,0,0,49.79,100,5400,Weekday,Tuesday,Light_Load,3.1
8699,12,3.6,0.29,0,76.3,99.77,80100,Weekend,Sunday,Maximum_Load,4.25
8700,3,2.66,0,0,75.47,100,6300,Weekend,Saturday,Light_Load,3.06
8701,10,4.36,0,0,57.45,100,27000,Weekday,Wednesday,Light_Load,3.06
8702,5,4.32,0,0,58.3,100,8100,Weekday,Tuesday,Light_Load,3.1
8703,10,26.86,0,0.02,88.39,100,58500,Weekday,Wednesday,Maximum_Load,50.76
8704,1,5,0,0,67.79,100,0,Weekend,Sunday,Light_Load,4.61
8705,11,5.04,0,0,66.6,100,27900,Weekday,Thursday,Light_Load,4.5
8706,1,46.94,0,0.04,89.71,100,60300,Weekday,Tuesday,Medium_Load,95.33
8707,9,5.26,0,0,47.51,100,2700,Weekday,Thursday,Light_Load,2.84
8708,11,0,21.85,0,100,17.53,47700,Weekend,Saturday,Light_Load,3.89
8709,8,0,13.07,0,100,20.73,79200,Weekday,Monday,Medium_Load,2.77
8710,12,0,21.78,0,100,19.28,71100,Weekend,Sunday,Light_Load,4.28
8711,8,5,0,0,46.97,100,26100,Weekday,Wednesday,Light_Load,2.66
8712,12,2.3,0.14,0,82.67,99.91,14400,Weekday,Tuesday,Light_Load,3.38
8713,12,0,13.82,0,100,24.02,50400,Weekday,Tuesday,Light_Load,3.42
8714,7,0,17.57,0,100,16.56,76500,Weekend,Sunday,Medium_Load,2.95
8715,8,0,14.22,0,100,21.3,70200,Weekday,Wednesday,Medium_Load,3.1
8716,5,19.58,0,0.02,92.26,100,38700,Weekday,Friday,Maximum_Load,46.84
8717,4,49.9,0,0.04,84.8,100,71100,Weekday,Tuesday,Medium_Load,79.85
8718,8,0,4.14,0,100,56.16,43200,Weekend,Sunday,Light_Load,2.81
8719,8,4.36,0,0,56.04,100,12600,Weekday,Wednesday,Light_Load,2.95
8720,10,55.33,0,0.04,86.85,100,71100,Weekday,Tuesday,Medium_Load,96.95
8721,2,4.43,0,0,67.92,100,19800,Weekday,Wednesday,Light_Load,4.1
8722,5,17.75,0,0.03,95.48,100,51300,Weekday,Friday,Maximum_Load,57.02
8723,4,4.03,0,0,60.47,100,25200,Weekday,Monday,Light_Load,3.06
8724,3,3.06,0,0,71.51,100,8100,Weekend,Sunday,Light_Load,3.13
8725,10,0,15.7,0,100,21.7,72900,Weekend,Sunday,Light_Load,3.49
8726,3,2.66,4.5,0.02,99.74,99.27,61200,Weekday,Thursday,Maximum_Load,37.12
8727,10,0,15.23,0,100,19.45,50400,Weekend,Sunday,Light_Load,3.02
8728,2,3.49,0,0,66.41,100,18900,Weekend,Sunday,Light_Load,3.1
8729,12,18.61,0,0.02,94.23,100,71100,Weekday,Tuesday,Maximum_Load,52.38
8730,11,0,20.48,0,100,30,45000,Weekday,Thursday,Medium_Load,6.44
8731,10,56.84,0,0.03,78.92,100,30600,Weekday,Wednesday,Light_Load,73.04
8732,9,5.36,0,0,43.51,100,15300,Weekday,Wednesday,Light_Load,2.59
8733,8,0,17.24,0,100,15.7,48600,Weekend,Saturday,Light_Load,2.74
8734,8,5.18,0,0,48.59,100,24300,Weekday,Tuesday,Light_Load,2.88
8735,8,4.32,0,0,52,100,4500,Weekday,Wednesday,Light_Load,2.63
8736,4,42.05,0,0.05,92.55,100,42300,Weekend,Sunday,Maximum_Load,102.78
8737,2,5.04,0,0,72.2,100,27000,Weekday,Friday,Light_Load,5.26
8738,12,4.36,0,0,68.24,100,29700,Weekend,Sunday,Light_Load,4.07
8739,12,19.62,0,0.03,94.2,100,50400,Weekday,Monday,Medium_Load,55.08
8740,1,63.4,0,0.06,90.89,100,67500,Weekday,Monday,Maximum_Load,138.2
8741,4,4.03,0,0,60.97,100,23400,Weekday,Tuesday,Light_Load,3.1
8742,5,5.18,0,0,47.68,100,23400,Weekday,Monday,Light_Load,2.81
8743,5,4.57,0,0,53.84,100,16200,Weekday,Monday,Light_Load,2.92
8744,1,3.49,0,0,71.11,100,26100,Weekday,Tuesday,Light_Load,3.53
8745,4,3.31,0,0,72.95,100,83700,Weekday,Thursday,Light_Load,3.53
8746,6,4.46,0,0,60.85,100,82800,Weekday,Friday,Medium_Load,3.42
8747,5,0,25.56,0,100,15.73,77400,Weekday,Tuesday,Medium_Load,4.07
8748,3,25.74,0,0.02,90.23,100,68400,Weekday,Monday,Medium_Load,53.86
8749,12,25.45,0.14,0.02,81.76,100,29700,Weekday,Wednesday,Light_Load,36.14
8750,7,40.57,0,0.03,81.81,100,34200,Weekday,Friday,Medium_Load,57.71
8751,3,19.12,0,0.01,79.95,100,29700,Weekday,Monday,Light_Load,25.45
8752,12,0,13.72,0,100,23.45,79200,Weekend,Saturday,Light_Load,3.31
8753,4,32.47,0,0.03,90.19,100,61200,Weekday,Tuesday,Maximum_Load,67.79
8754,5,3.85,0,0,60.82,100,15300,Weekend,Saturday,Light_Load,2.95
8755,1,75.06,0,0.06,87.66,100,66600,Weekday,Thursday,Maximum_Load,136.76
8756,12,8.06,0.04,0.02,98.29,100,52200,Weekday,Wednesday,Medium_Load,43.06
8757,10,4.57,0,0,49.31,100,1800,Weekend,Sunday,Light_Load,2.59
8758,12,3.74,5.4,0.01,99.24,98.43,45900,Weekday,Thursday,Medium_Load,30.1
8759,3,5.83,0,0,57.24,100,13500,Weekday,Thursday,Light_Load,4.07
8760,1,6.08,0,0,74.2,100,27900,Weekday,Tuesday,Light_Load,6.73
8761,10,0,12.02,0,100,21.37,39600,Weekend,Sunday,Light_Load,2.63
8762,7,3.24,0,0,71.14,100,85500,Weekday,Tuesday,Light_Load,3.28
8763,8,49.25,0,0.02,69.27,100,30600,Weekday,Monday,Light_Load,47.3
8764,6,5.65,0,0,53.31,100,3600,Weekday,Friday,Light_Load,3.56
8765,1,28.62,0,0.02,78.93,100,9900,Weekday,Thursday,Light_Load,36.79
8766,12,9.97,0,0.02,97.86,100,52200,Weekday,Friday,Medium_Load,47.41
8767,3,4.82,0,0,59.09,100,4500,Weekday,Monday,Light_Load,3.53
8768,2,46.73,0,0.06,93.69,100,35100,Weekday,Tuesday,Medium_Load,125.24
8769,2,3.96,0,0,62.49,100,900,Weekday,Thursday,Light_Load,3.17
8770,5,5.4,0,0,50.98,100,21600,Weekday,Wednesday,Light_Load,3.2
8771,12,2.63,0.04,0,77.64,99.99,13500,Weekday,Thursday,Light_Load,3.24
8772,9,4.39,0,0,50.37,100,5400,Weekend,Saturday,Light_Load,2.56
8773,3,3.71,0,0,81.14,100,26100,Weekday,Friday,Light_Load,5.15
8774,4,0,16.06,0,100,27.59,45900,Weekday,Friday,Medium_Load,4.61
8775,8,5.47,0,0,53.46,100,81900,Weekday,Thursday,Medium_Load,3.46
8776,2,18.07,0,0.03,97.24,100,60300,Weekday,Monday,Medium_Load,75.28
8777,12,2.3,0.14,0,82.67,99.91,17100,Weekday,Thursday,Light_Load,3.38
8778,4,37.76,0,0.03,87.6,100,39600,Weekday,Monday,Maximum_Load,68.58
8779,4,4.1,0,0,67.78,100,9000,Weekend,Saturday,Light_Load,3.78
8780,8,8.03,0,0,46.43,100,29700,Weekend,Saturday,Light_Load,4.21
8781,8,4.86,0,0,47.59,100,82800,Weekday,Monday,Medium_Load,2.63
8782,1,26.17,0.61,0.02,86.94,99.99,65700,Weekday,Monday,Maximum_Load,46.04
8783,12,0,21.6,0,100,19.92,78300,Weekday,Tuesday,Medium_Load,4.39
8784,5,3.89,0,0,60.03,100,30600,Weekend,Sunday,Light_Load,2.92
8785,11,3.02,0,0,75.34,100,2700,Weekday,Monday,Light_Load,3.46
8786,1,0,26.6,0,100,23.53,45000,Weekend,Saturday,Medium_Load,6.44
8787,3,40.43,0,0.03,86.04,100,34200,Weekday,Friday,Medium_Load,68.26
8788,3,16.96,0.5,0.02,91.82,99.99,65700,Weekday,Monday,Medium_Load,39.31
8789,3,40.86,0,0.03,80.52,100,42300,Weekday,Thursday,Maximum_Load,55.48
8790,3,32.15,0,0.03,90.07,100,61200,Weekday,Monday,Maximum_Load,66.64
8791,1,0.43,2.84,0.02,99.99,99.76,77400,Weekday,Friday,Medium_Load,41.29
8792,12,1.87,0.4,0,85.33,99.16,18900,Weekday,Wednesday,Light_Load,3.06
8793,1,4.93,0,0,68.85,100,10800,Weekday,Thursday,Light_Load,4.68
8794,9,4.39,0,0,52.95,100,3600,Weekday,Monday,Light_Load,2.74
8795,2,0,19.91,0,100,18.65,63000,Weekday,Wednesday,Light_Load,3.78
8796,7,28.04,0,0.03,90.53,100,36000,Weekend,Saturday,Medium_Load,59.76
8797,10,4.86,0,0,51.5,100,85500,Weekday,Wednesday,Light_Load,2.92
8798,10,6.19,0,0,49.86,100,85500,Weekday,Tuesday,Light_Load,3.56
8799,6,0,7.45,0.01,100,97.02,64800,Weekday,Thursday,Medium_Load,29.84
8800,3,3.6,0,0,88.49,100,27900,Weekday,Friday,Light_Load,6.84
8801,2,6.52,0,0,60.31,100,18900,Weekday,Thursday,Light_Load,4.93
8802,10,39.6,0,0.02,73.96,100,30600,Weekday,Monday,Light_Load,43.52
8803,8,15.3,0,0.02,94.67,100,61200,Weekday,Thursday,Maximum_Load,44.96
8804,3,41.08,0,0.03,86.66,100,32400,Weekday,Wednesday,Light_Load,71.35
8805,6,4.72,0,0,52.09,100,4500,Weekday,Wednesday,Light_Load,2.88
8806,9,32.4,0,0.02,85.57,100,48600,Weekday,Tuesday,Maximum_Load,53.57
8807,3,0,27.25,0,100,15.02,77400,Weekday,Friday,Medium_Load,4.14
8808,6,5.83,0,0,47.3,100,8100,Weekday,Friday,Light_Load,3.13
8809,7,0,7.63,0,100,35.74,39600,Weekend,Sunday,Light_Load,2.92
8810,6,5.76,0,0,48.22,100,12600,Weekday,Tuesday,Light_Load,3.17
8811,10,30.28,0,0.02,84.96,100,59400,Weekday,Wednesday,Maximum_Load,48.78
8812,2,4.32,0,0,76.18,100,24300,Weekday,Tuesday,Light_Load,5.08
8813,3,36.14,0,0.04,92.41,100,32400,Weekday,Monday,Light_Load,87.41
8814,6,0,17.5,0,100,21.86,78300,Weekday,Thursday,Medium_Load,3.92
8815,4,0,19.12,0,100,16.91,51300,Weekend,Sunday,Light_Load,3.28
8816,12,2.45,0,0,79.76,100,16200,Weekday,Friday,Light_Load,3.24
8817,7,0,16.99,0,100,17.11,55800,Weekend,Sunday,Light_Load,2.95
8818,1,40.9,0,0.05,92.99,100,72900,Weekday,Monday,Medium_Load,103.43
8819,7,6.41,0,0,40.98,100,24300,Weekday,Tuesday,Light_Load,2.88
8820,3,5.08,0,0,59.29,100,85500,Weekday,Thursday,Light_Load,3.74
8821,2,10.94,0.29,0.03,98.78,100,76500,Weekday,Monday,Medium_Load,69.48
8822,5,4.5,0,0,66.06,100,21600,Weekday,Thursday,Light_Load,3.96
8823,3,0,26.75,0,100,14.9,78300,Weekend,Saturday,Medium_Load,4.03
8824,1,0,17.21,0,100,20.26,33300,Weekend,Sunday,Light_Load,3.56
8825,11,38.34,0,0.05,93.83,100,38700,Weekday,Tuesday,Maximum_Load,104
8826,8,20.84,0,0.02,90.53,100,55800,Weekday,Friday,Maximum_Load,44.42
8827,7,48.2,0,0.02,71.77,100,31500,Weekday,Wednesday,Light_Load,49.68
8828,3,5.11,0,0,60.57,100,81900,Weekday,Thursday,Medium_Load,3.89
8829,1,64.37,0,0.04,77.37,100,31500,Weekday,Tuesday,Light_Load,78.62
8830,10,56.84,0,0.05,89.55,100,74700,Weekday,Thursday,Medium_Load,114.37
8831,7,0,16.27,0,100,23.03,78300,Weekday,Monday,Medium_Load,3.85
8832,9,6.16,0,0,46.1,100,18000,Weekend,Sunday,Light_Load,3.2
8833,12,0,9.65,0.01,100,95.01,63900,Weekday,Thursday,Maximum_Load,29.38
8834,2,0,19.01,0,100,21.28,54000,Weekend,Sunday,Light_Load,4.14
8835,8,4,0,0,62.11,100,11700,Weekday,Wednesday,Light_Load,3.17
8836,11,0,21.02,0,100,28.88,45000,Weekday,Friday,Medium_Load,6.34
8837,11,4.72,0,0,56.12,100,15300,Weekend,Saturday,Light_Load,3.2
8838,8,0,16.24,0,100,18.11,49500,Weekend,Sunday,Light_Load,2.99
8839,9,23.15,0,0.01,73.97,100,29700,Weekday,Wednesday,Light_Load,25.45
8840,8,0,17.14,0,100,16.57,72900,Weekday,Wednesday,Light_Load,2.88
8841,2,4.46,0,0,71.87,100,3600,Weekend,Sunday,Light_Load,4.61
8842,8,22.93,0,0.02,89.08,100,55800,Weekday,Wednesday,Maximum_Load,44.96
8843,11,38.48,0,0.03,87.83,100,72900,Weekday,Thursday,Medium_Load,70.7
8844,7,59,0,0.03,73.07,100,30600,Weekday,Thursday,Light_Load,63.14
8845,3,82.44,0,0.05,81.22,100,31500,Weekday,Friday,Light_Load,114.77
8846,7,28.33,0,0.03,89.73,100,67500,Weekday,Thursday,Medium_Load,57.6
8847,3,3.1,0,0,74.09,100,21600,Weekend,Saturday,Light_Load,3.42
8848,2,33.44,0,0.05,95.41,100,57600,Weekday,Thursday,Medium_Load,106.56
8849,9,51.44,0,0.05,89.99,100,60300,Weekday,Friday,Maximum_Load,106.16
8850,3,15.26,0,0.04,98.75,100,76500,Weekday,Wednesday,Medium_Load,95.54
8851,6,0,21.13,0,100,16.61,56700,Weekend,Sunday,Light_Load,3.56
8852,4,9.32,0,0.02,98.28,100,54000,Weekday,Monday,Maximum_Load,49.54
8853,11,25.06,0,0.03,91.24,100,59400,Weekday,Thursday,Medium_Load,55.87
8854,12,2.95,0,0,75.05,100,26100,Weekend,Saturday,Light_Load,3.35
8855,10,7.74,0,0,43.51,100,0,Weekday,Monday,Light_Load,3.74
8856,3,3.38,0,0,67.11,100,900,Weekend,Sunday,Light_Load,3.06
8857,2,5.62,0,0,71.82,100,18900,Weekend,Sunday,Light_Load,5.8
8858,6,0,24.62,0,100,14.47,72000,Weekday,Friday,Medium_Load,3.6
8859,2,0,10.94,0,100,43.53,40500,Weekend,Saturday,Light_Load,5.29
8860,5,22.1,0,0.01,72.23,100,29700,Weekday,Monday,Light_Load,23.08
8861,2,6.55,0,0,67.85,100,9900,Weekday,Thursday,Light_Load,6.05
8862,10,4.82,0,0,49.42,100,17100,Weekend,Sunday,Light_Load,2.74
8863,8,0,16.45,0,100,17.65,50400,Weekday,Thursday,Light_Load,2.95
8864,10,58.54,0,0.03,76.24,100,31500,Weekday,Wednesday,Light_Load,68.98
8865,12,2.45,0.5,0,85.84,99.26,84600,Weekday,Wednesday,Light_Load,4.1
8866,11,0,10.66,0,100,35.13,44100,Weekend,Saturday,Medium_Load,4
8867,2,4.64,0,0,84.43,100,28800,Weekday,Monday,Light_Load,7.31
8868,5,21.24,0,0.02,92.36,100,36000,Weekday,Monday,Medium_Load,51.16
8869,10,5.15,0,0,47.9,100,13500,Weekday,Monday,Light_Load,2.81
8870,5,0,19.98,0,100,19.63,62100,Weekend,Saturday,Medium_Load,4
8871,8,5.51,0,0,44.53,100,23400,Weekday,Thursday,Light_Load,2.74
8872,5,0.04,10.8,0.01,100,91.56,52200,Weekend,Saturday,Maximum_Load,24.59
8873,4,3.46,0,0,63.45,100,19800,Weekend,Saturday,Light_Load,2.84
8874,2,5.69,0,0,73.84,100,14400,Weekday,Thursday,Light_Load,6.23
8875,7,13.25,0,0.02,95.96,100,54900,Weekday,Wednesday,Maximum_Load,45.18
8876,4,0,24.59,0,100,24.15,46800,Weekday,Thursday,Medium_Load,6.12
8877,6,58.54,0,0.04,81.82,100,41400,Weekday,Monday,Maximum_Load,83.3
8878,7,42.95,0,0.03,78.59,100,29700,Weekend,Sunday,Light_Load,54.58
8879,12,2.66,0.25,0,80.97,99.77,0,Weekday,Wednesday,Light_Load,3.67
8880,6,0,23.87,0,100,21.21,45000,Weekday,Friday,Medium_Load,5.18
8881,3,28.19,0,0.03,91.58,100,57600,Weekday,Wednesday,Maximum_Load,64.26
8882,10,4.79,0,0,51.53,100,26100,Weekend,Saturday,Light_Load,2.88
8883,2,6.3,1.26,0.03,99.6,99.98,69300,Weekend,Saturday,Maximum_Load,69.88
8884,6,5.33,0,0,48.05,100,17100,Weekday,Monday,Light_Load,2.92
8885,1,5.72,0,0,64.2,100,25200,Weekend,Sunday,Light_Load,4.79
8886,4,3.06,0,0,72.7,100,9900,Weekend,Saturday,Light_Load,3.24
8887,8,0,15.91,0,100,19.3,55800,Weekend,Sunday,Light_Load,3.13
8888,1,0.54,2.12,0.02,99.99,99.85,69300,Weekday,Wednesday,Maximum_Load,38.09
8889,1,2.05,0.68,0.02,99.89,99.99,77400,Weekday,Wednesday,Medium_Load,43.09
8890,8,4.72,0,0,51.56,100,21600,Weekday,Monday,Light_Load,2.84
8891,7,0,8.35,0,100,41.24,66600,Weekday,Wednesday,Medium_Load,3.78
8892,6,9.54,0,0,48,100,29700,Weekend,Saturday,Light_Load,5.22
8893,7,0,4.57,0,100,52.38,3600,Weekday,Tuesday,Light_Load,2.81
8894,6,40.54,0,0.04,91.06,100,57600,Weekday,Tuesday,Maximum_Load,89.35
8895,1,39.06,0,0.04,92.76,100,60300,Weekday,Thursday,Medium_Load,96.95
8896,4,0,25.13,0,100,23.92,45900,Weekday,Wednesday,Medium_Load,6.19
8897,8,0,16.85,0,100,16.85,78300,Weekday,Wednesday,Light_Load,2.88
8898,7,43.06,0,0.03,79.79,100,41400,Weekday,Monday,Maximum_Load,56.99
8899,4,42.48,0,0.04,89.37,100,67500,Weekday,Thursday,Medium_Load,84.6
8900,11,23.4,0,0.02,91.52,100,41400,Weekend,Saturday,Maximum_Load,53.14
8901,11,5.87,0,0,50.34,100,17100,Weekday,Wednesday,Light_Load,3.42
8902,9,5.29,0,0,45.99,100,21600,Weekday,Tuesday,Light_Load,2.74
8903,3,39.46,0,0.04,92.32,100,52200,Weekday,Friday,Maximum_Load,94.79
8904,9,0,10.84,0,100,24.76,62100,Weekend,Saturday,Light_Load,2.77
8905,4,4.61,0,0,57.02,100,8100,Weekend,Sunday,Light_Load,3.2
8906,1,0,15.66,0,100,24.11,32400,Weekday,Monday,Light_Load,3.89
8907,1,44.28,0,0.04,89.99,100,2700,Weekday,Friday,Light_Load,91.4
8908,11,0,14.08,0,100,22.43,32400,Weekend,Saturday,Light_Load,3.24
8909,6,6.26,0,0,43.1,100,20700,Weekend,Sunday,Light_Load,2.99
8910,2,4.68,0,0,74.46,100,23400,Weekday,Tuesday,Light_Load,5.22
8911,1,10.66,0,0.01,78.73,100,28800,Weekday,Tuesday,Light_Load,13.61
8912,5,0,7.63,0.01,100,96.9,64800,Weekday,Wednesday,Medium_Load,29.92
8913,6,0,17.03,0,100,17.07,62100,Weekend,Sunday,Light_Load,2.95
8914,5,17.82,0,0.02,94.9,100,52200,Weekday,Tuesday,Maximum_Load,53.64
8915,12,2.63,0.07,0,87.95,99.99,9900,Weekday,Wednesday,Light_Load,4.86
8916,8,0,18.79,0,100,26.1,34200,Weekend,Sunday,Medium_Load,5.08
8917,1,30.06,0,0.02,81.79,100,27000,Weekday,Thursday,Light_Load,42.73
8918,7,3.85,0,0,58.95,100,21600,Weekend,Sunday,Light_Load,2.81
8919,2,0.68,1.69,0.02,99.99,99.91,72900,Weekday,Friday,Medium_Load,40.9
8920,9,5.36,0,0,45.52,100,82800,Weekday,Monday,Medium_Load,2.74
8921,5,4.21,1.58,0.02,99.3,99.9,56700,Weekend,Saturday,Maximum_Load,35.35
8922,10,5.65,0,0,56.71,100,81900,Weekday,Monday,Medium_Load,3.89
8923,8,0,16.56,0,100,18.4,73800,Weekend,Sunday,Light_Load,3.1
8924,9,0,11.77,0,100,22.04,69300,Weekday,Wednesday,Light_Load,2.66
8925,3,5.54,4.03,0.02,98.74,99.33,61200,Weekday,Thursday,Maximum_Load,34.52
8926,4,0,17.42,0,100,18.5,78300,Weekend,Sunday,Medium_Load,3.28
8927,10,36.43,0,0.03,87.26,100,48600,Weekday,Tuesday,Maximum_Load,65.09
8928,7,29.88,0,0.03,89,100,60300,Weekday,Tuesday,Maximum_Load,58.32
8929,2,0,26.57,0,100,23.83,77400,Weekday,Monday,Medium_Load,6.52
8930,12,23.65,0,0.03,92.52,100,37800,Weekday,Wednesday,Maximum_Load,57.64
8931,6,4.93,0,0,54.08,100,1800,Weekend,Saturday,Light_Load,3.17
8932,12,0,14.47,0,100,33.7,66600,Weekday,Monday,Maximum_Load,5.18
8933,6,3.78,0,0,60.6,100,26100,Weekday,Wednesday,Light_Load,2.88
8934,10,26.6,0,0.02,88.07,100,54900,Weekday,Wednesday,Maximum_Load,49.46
8935,2,4.43,0,0,69.23,100,4500,Weekend,Sunday,Light_Load,4.25
8936,3,4.32,0,0,60.82,100,13500,Weekday,Friday,Light_Load,3.31
8937,1,5.04,0,0,67.49,100,85500,Weekday,Thursday,Light_Load,4.61
8938,2,25.99,0,0.02,81.81,100,1800,Weekend,Saturday,Light_Load,36.97
8939,10,55.01,0,0.05,88.85,100,35100,Weekday,Friday,Medium_Load,106.52
8940,8,23.69,0,0.02,90.97,100,70200,Weekday,Tuesday,Medium_Load,51.88
8941,12,3.38,0.04,0,73.92,99.99,9900,Weekday,Thursday,Light_Load,3.71
8942,10,5.94,0,0,46.27,100,15300,Weekday,Tuesday,Light_Load,3.1
8943,3,1.08,4.64,0.02,99.95,99.13,62100,Weekday,Thursday,Medium_Load,34.88
8944,9,5.65,0,0,42.2,100,3600,Weekday,Monday,Light_Load,2.63
8945,3,3.64,0,0,64.84,100,13500,Weekday,Monday,Light_Load,3.1
8946,10,5.83,0,0,43.79,100,10800,Weekend,Saturday,Light_Load,2.84
8947,9,0,11.56,0,100,26.99,44100,Weekend,Saturday,Medium_Load,3.24
8948,3,0,12.67,0.01,100,90.5,59400,Weekday,Friday,Maximum_Load,26.96
8949,12,2.63,0.22,0,80.43,99.81,4500,Weekday,Tuesday,Light_Load,3.56
8950,4,49.03,0,0.05,91.3,100,54900,Weekday,Tuesday,Maximum_Load,109.73
8951,3,29.34,0,0.03,92.38,100,39600,Weekday,Wednesday,Maximum_Load,70.81
8952,1,66.67,0,0.05,83.88,100,31500,Weekday,Tuesday,Light_Load,102.71
8953,12,0,19.51,0,100,19.02,74700,Weekend,Sunday,Light_Load,3.78
8954,3,0.04,8.21,0.01,100,96.04,68400,Weekend,Sunday,Medium_Load,28.3
8955,5,29.45,0,0.03,90.24,100,56700,Weekday,Monday,Maximum_Load,61.67
8956,5,3.13,0.22,0.02,99.56,100,68400,Weekday,Wednesday,Medium_Load,33.3
8957,7,36.29,0,0.03,83.78,100,40500,Weekday,Monday,Maximum_Load,55.69
8958,4,4.68,0,0,56.08,100,18000,Weekend,Sunday,Light_Load,3.17
8959,7,35.64,0,0.03,87.35,100,57600,Weekday,Friday,Maximum_Load,63.94
8960,5,5.04,0,0,58.55,100,2700,Weekend,Saturday,Light_Load,3.64
8961,4,0,24.52,0,100,15.39,55800,Weekend,Sunday,Light_Load,3.82
8962,4,0,26.1,0,100,18.45,45000,Weekday,Friday,Medium_Load,4.9
8963,9,4.72,0,0,50.61,100,16200,Weekend,Saturday,Light_Load,2.77
8964,10,27.79,0,0.02,81.93,100,65700,Weekday,Friday,Medium_Load,39.71
8965,12,0,22.43,0,100,22.83,76500,Weekday,Thursday,Medium_Load,5.26
8966,6,0,25.31,0,100,14.35,75600,Weekday,Friday,Medium_Load,3.67
8967,3,4.61,0,0,72.55,100,82800,Weekday,Tuesday,Medium_Load,4.86
8968,12,44.14,0,0.03,83.3,100,31500,Weekday,Wednesday,Light_Load,66.46
8969,2,27.25,0,0.05,96.87,100,79200,Weekday,Friday,Medium_Load,106.27
8970,8,0,15.26,0,100,20.52,64800,Weekend,Saturday,Medium_Load,3.2
8971,6,26.24,0,0.03,90.53,100,55800,Weekday,Wednesday,Maximum_Load,55.91
8972,1,4.28,0,0,69.53,100,3600,Weekend,Sunday,Light_Load,4.14
8973,3,12.56,3.74,0.02,97.42,99.76,47700,Weekday,Monday,Maximum_Load,54.22
8974,8,4.39,0,0,51.82,100,4500,Weekend,Sunday,Light_Load,2.66
8975,12,0,21.71,0,100,23.08,72900,Weekday,Friday,Medium_Load,5.15
8976,5,45.54,0,0.03,84.35,100,38700,Weekday,Wednesday,Maximum_Load,71.53
8977,1,23.69,0,0.01,78.76,100,8100,Weekday,Friday,Light_Load,30.28
8978,5,27.36,0,0.02,88.77,100,57600,Weekday,Wednesday,Maximum_Load,52.74
8979,12,0,19.87,0,100,20.07,48600,Weekday,Tuesday,Light_Load,4.07
8980,3,2.92,0,0,73.55,100,22500,Weekend,Saturday,Light_Load,3.17
8981,5,25.96,0,0.03,91.68,100,59400,Weekday,Thursday,Maximum_Load,59.58
8982,1,4.21,0,0,73.55,100,19800,Weekday,Wednesday,Light_Load,4.57
8983,3,41.58,0,0.03,87.54,100,42300,Weekday,Thursday,Maximum_Load,75.31
8984,6,0,14.08,0.01,100,83.69,39600,Weekend,Sunday,Maximum_Load,21.53
8985,4,0,17.21,0,100,18.89,63900,Weekend,Sunday,Light_Load,3.31
8986,9,5.44,0,0,44.98,100,15300,Weekday,Monday,Light_Load,2.74
8987,11,21.17,0,0.02,91.48,100,49500,Weekday,Wednesday,Medium_Load,47.95
8988,3,4.43,1.08,0.02,99.47,99.97,63900,Weekday,Tuesday,Medium_Load,42.98
8989,8,0,15.01,0,100,26.59,62100,Weekend,Sunday,Medium_Load,4.14
8990,10,36.76,0,0.02,77.1,100,81000,Weekday,Friday,Medium_Load,44.5
8991,11,14.04,6.12,0.01,91.61,98.23,47700,Weekday,Friday,Medium_Load,32.08
8992,7,43.13,0,0.03,80.64,100,40500,Weekday,Thursday,Maximum_Load,58.82
8993,6,35.5,0,0.04,93.86,100,67500,Weekday,Tuesday,Medium_Load,96.55
8994,4,3.35,0,0,67.92,100,1800,Weekend,Sunday,Light_Load,3.1
8995,2,5.62,0,0,68.54,100,18000,Weekday,Tuesday,Light_Load,5.29
8996,7,24.8,0,0.01,76.8,100,29700,Weekday,Wednesday,Light_Load,29.74
8997,1,4,0,0,72.5,100,14400,Weekday,Monday,Light_Load,4.21
8998,4,36.97,0,0.03,88.29,100,54000,Weekday,Thursday,Maximum_Load,69.52
8999,6,4.32,0,0,53.56,100,27900,Weekend,Sunday,Light_Load,2.74
9000,4,11.41,0,0.02,96.52,100,53100,Weekday,Tuesday,Maximum_Load,42.12
9001,12,0,19.98,0,100,42.94,63900,Weekday,Wednesday,Maximum_Load,9.5
9002,12,0,21.46,0,100,25.46,79200,Weekday,Wednesday,Medium_Load,5.65
9003,9,19.37,0,0.02,91.37,100,37800,Weekday,Thursday,Maximum_Load,43.56
9004,9,5.11,0,0,51.87,100,6300,Weekend,Saturday,Light_Load,3.1
9005,1,58.82,0,0.03,77.96,100,31500,Weekday,Thursday,Light_Load,73.22
9006,9,31.79,0,0.02,83.46,100,42300,Weekday,Monday,Maximum_Load,48.17
9007,6,18.97,0,0.02,94.17,100,58500,Weekday,Friday,Maximum_Load,53.1
9008,4,3.96,0,0,61.64,100,6300,Weekday,Monday,Light_Load,3.1
9009,11,19.62,0,0.03,96.76,100,39600,Weekend,Sunday,Maximum_Load,75.17
9010,2,8.64,0,0,72.97,100,6300,Weekend,Sunday,Light_Load,9.22
9011,2,3.96,0,0,70.35,100,18900,Weekend,Sunday,Light_Load,3.92
9012,12,0,13.57,0,100,24.44,47700,Weekend,Sunday,Light_Load,3.42
9013,9,4.75,0,0,57.17,100,24300,Weekday,Friday,Light_Load,3.31
9014,4,0,21.53,0,100,15.69,67500,Weekend,Saturday,Medium_Load,3.42
9015,12,2.52,0,0,80.17,100,23400,Weekend,Saturday,Light_Load,3.38
9016,4,0,23.94,0,100,16.16,76500,Weekend,Saturday,Medium_Load,3.92
9017,10,1.73,1.15,0.01,99.83,99.93,63900,Weekday,Tuesday,Medium_Load,29.92
9018,8,60.48,0,0.05,87.38,100,48600,Weekday,Thursday,Maximum_Load,108.68
9019,12,3.89,0,0,73.2,100,15300,Weekday,Tuesday,Light_Load,4.18
9020,1,5.33,0,0,74.2,100,10800,Weekday,Wednesday,Light_Load,5.9
9021,4,47.45,0,0.05,90.7,100,41400,Weekday,Friday,Maximum_Load,102.2
9022,4,0,17.6,0,100,20.25,72000,Weekend,Sunday,Medium_Load,3.64
9023,5,4.93,0,0,57,100,13500,Weekday,Tuesday,Light_Load,3.42
9024,4,0,27,0,100,15.16,71100,Weekday,Wednesday,Medium_Load,4.14
9025,8,17.75,0,0.02,94.31,100,72900,Weekday,Thursday,Medium_Load,50.36
9026,4,16.34,0,0.04,98.34,100,74700,Weekday,Wednesday,Medium_Load,88.63
9027,5,0,10.33,0.01,100,81.73,50400,Weekend,Sunday,Maximum_Load,14.65
9028,4,4.21,0,0,62.6,100,6300,Weekday,Monday,Light_Load,3.38
9029,4,16.85,0,0.02,93.91,100,58500,Weekday,Wednesday,Maximum_Load,46.04
9030,10,29.12,0,0.03,90.01,100,54000,Weekday,Wednesday,Maximum_Load,60.16
9031,8,0,16.24,0,100,17.87,54000,Weekday,Friday,Light_Load,2.95
9032,6,0,10.12,0.01,100,93.51,63900,Weekday,Tuesday,Medium_Load,26.71
9033,12,1.04,5.72,0,96.42,55.13,31500,Weekend,Saturday,Light_Load,3.78
9034,9,31.9,0,0.04,93.61,100,42300,Weekday,Friday,Maximum_Load,84.92
9035,12,23.08,0,0.03,92.87,100,40500,Weekday,Friday,Maximum_Load,57.82
9036,3,14.98,0,0.02,91.46,100,42300,Weekend,Saturday,Maximum_Load,33.88
9037,7,10.48,0,0.02,97.29,100,59400,Weekend,Sunday,Maximum_Load,44.1
9038,1,4.97,0,0,68.24,100,82800,Weekday,Wednesday,Maximum_Load,4.64
9039,11,6.55,0,0,56.02,100,1800,Weekend,Saturday,Light_Load,4.43
9040,12,2.56,0,0,80.39,100,16200,Weekday,Wednesday,Light_Load,3.46
9041,1,15.7,0,0.03,97.02,100,38700,Weekday,Wednesday,Maximum_Load,62.82
9042,1,0,25.7,0,100,32.69,46800,Weekday,Wednesday,Medium_Load,8.89
9043,2,28.66,0,0.05,96.3,100,61200,Weekday,Friday,Medium_Load,102.35
9044,12,0,20.77,0,100,19.05,37800,Weekend,Saturday,Light_Load,4.03
9045,10,14.51,0,0.02,93.82,100,75600,Weekday,Friday,Medium_Load,39.35
9046,3,7.38,0.04,0.02,98.2,100,32400,Weekend,Saturday,Light_Load,38.41
9047,12,4.1,0.04,0,69.11,99.99,1800,Weekday,Wednesday,Light_Load,3.92
9048,5,38.23,0,0.03,85.92,100,58500,Weekday,Tuesday,Maximum_Load,64.19
9049,5,5.9,0,0,47.33,100,25200,Weekend,Sunday,Light_Load,3.17
9050,2,30.96,0,0.04,93.6,100,49500,Weekday,Thursday,Medium_Load,82.33
9051,6,11.38,0.14,0.02,95.53,100,32400,Weekday,Thursday,Light_Load,36.79
9052,6,24.44,1.04,0.03,93.2,99.99,65700,Weekday,Friday,Medium_Load,62.82
9053,5,3.6,0.25,0.02,99.48,100,69300,Weekday,Tuesday,Medium_Load,35.17
9054,1,0,19.3,0,100,20.97,32400,Weekend,Sunday,Light_Load,4.14
9055,12,3.6,0,0,72.78,100,20700,Weekday,Monday,Light_Load,3.82
9056,3,0,7.02,0.01,100,97.23,56700,Weekend,Sunday,Maximum_Load,29.2
9057,9,5.26,0,0,45.67,100,5400,Weekday,Tuesday,Light_Load,2.7
9058,11,36.18,0,0.03,88.2,100,36900,Weekday,Monday,Maximum_Load,67.72
9059,7,5.44,0,0,51.63,100,17100,Weekend,Saturday,Light_Load,3.28
9060,9,0,10.4,0,100,26.08,62100,Weekday,Monday,Light_Load,2.81
9061,8,5.54,0,0,45.24,100,17100,Weekday,Friday,Light_Load,2.81
9062,12,5.08,0,0.02,99.26,100,63900,Weekday,Thursday,Maximum_Load,41.51
9063,3,42.26,0,0.02,77.44,100,66600,Weekday,Monday,Medium_Load,51.73
9064,3,3.28,0,0,68.22,100,27000,Weekend,Saturday,Light_Load,3.06
9065,12,0,17.24,0,100,21.04,72000,Weekend,Saturday,Light_Load,3.71
9066,1,22.57,0,0.01,79.93,100,11700,Weekday,Thursday,Light_Load,30.02
9067,12,17.03,0,0.02,95.45,100,42300,Weekday,Monday,Maximum_Load,54.5
9068,11,0,11.74,0,100,26.07,71100,Weekend,Sunday,Maximum_Load,3.17
9069,11,2.12,0.14,0,80.53,99.88,17100,Weekday,Tuesday,Light_Load,2.88
9070,1,62.21,0,0.06,90.87,100,39600,Weekday,Thursday,Maximum_Load,135.4
9071,1,5.18,1.19,0.03,99.61,99.98,79200,Weekday,Wednesday,Medium_Load,58.54
9072,11,2.95,0,0,72.44,100,20700,Weekend,Saturday,Light_Load,3.1
9073,2,0,20.88,0,100,20.75,69300,Weekend,Sunday,Light_Load,4.43
9074,2,0,16.96,0,100,23.93,59400,Weekend,Sunday,Light_Load,4.18
9075,12,29.02,0,0.03,91.71,100,39600,Weekend,Sunday,Maximum_Load,66.78
9076,4,18.22,7.81,0.02,92.74,98.54,47700,Weekday,Wednesday,Maximum_Load,45.18
9077,6,5.22,0,0,48.82,100,11700,Weekend,Saturday,Light_Load,2.92
9078,9,5.4,0,0,42.29,100,24300,Weekday,Wednesday,Light_Load,2.52
9079,2,0,25.27,0,100,31,45900,Weekday,Friday,Medium_Load,8.24
9080,8,4.72,0,0,48.67,100,27000,Weekday,Thursday,Light_Load,2.63
9081,3,3.6,0,0,63.89,100,24300,Weekday,Tuesday,Light_Load,2.99
9082,6,5.62,0,0,48.66,100,17100,Weekday,Wednesday,Light_Load,3.13
9083,11,0,15.48,0,100,35.24,46800,Weekday,Friday,Medium_Load,5.83
9084,6,0,19.8,0,100,18.75,77400,Weekday,Friday,Medium_Load,3.78
9085,9,5.58,0,0,43.03,100,900,Weekday,Tuesday,Light_Load,2.66
9086,2,54.86,0,0.04,82.55,100,30600,Weekday,Thursday,Light_Load,80.24
9087,6,12.82,0,0.02,95.65,100,35100,Weekday,Thursday,Medium_Load,42.01
9088,4,0,19.12,0.01,100,57.68,75600,Weekday,Monday,Medium_Load,13.5
9089,4,4.1,0,0,60.68,100,13500,Weekend,Saturday,Light_Load,3.13
9090,7,0,5.62,0,100,51.54,66600,Weekend,Sunday,Medium_Load,3.38
9091,12,6.16,0,0.02,98.68,100,71100,Weekday,Thursday,Maximum_Load,37.51
9092,7,4.79,0,0,50.06,100,13500,Weekday,Monday,Light_Load,2.77
9093,9,32.26,0,0.02,81.68,100,43200,Weekday,Tuesday,Maximum_Load,45.68
9094,6,5.4,0,0,52.26,100,8100,Weekday,Thursday,Light_Load,3.31
9095,8,5.08,0,0,50.22,100,1800,Weekday,Monday,Light_Load,2.95
9096,6,0,23.58,0,100,15.54,78300,Weekday,Wednesday,Medium_Load,3.71
9097,11,2.2,0.07,0,79.87,99.97,9000,Weekday,Wednesday,Light_Load,2.92
9098,9,5.54,0,0,44.33,100,26100,Weekday,Monday,Light_Load,2.74
9099,11,40.79,0,0.03,84.79,100,36000,Weekday,Friday,Medium_Load,65.23
9100,12,3.31,0,0,82.65,100,83700,Weekday,Friday,Light_Load,4.86
9101,6,0,24.98,0,100,14.69,78300,Weekday,Friday,Medium_Load,3.71
9102,7,0,4.61,0,100,53.51,8100,Weekday,Monday,Light_Load,2.92
9103,4,47.56,0,0.03,80.63,100,42300,Weekday,Monday,Maximum_Load,64.84
9104,1,0,23.15,0,100,18.06,45000,Weekday,Monday,Light_Load,4.25
9105,7,0,5.04,0,100,50.13,3600,Weekend,Sunday,Light_Load,2.92
9106,4,0,26.32,0,100,15.28,72000,Weekend,Saturday,Medium_Load,4.07
9107,6,0,11.48,0,100,28.01,65700,Weekend,Saturday,Medium_Load,3.35
9108,8,4.93,0,0,47.48,100,11700,Weekday,Monday,Light_Load,2.66
9109,5,50.04,0,0.04,88.89,100,49500,Weekday,Wednesday,Maximum_Load,97.09
9110,3,10.3,3.2,0.03,98.56,99.86,36000,Weekday,Friday,Medium_Load,60.01
9111,3,0,24.3,0,100,17.35,78300,Weekday,Tuesday,Medium_Load,4.28
9112,5,6.62,0.29,0.02,98.69,100,70200,Weekday,Tuesday,Medium_Load,40.57
9113,9,5.54,0,0,41.95,100,9000,Weekday,Wednesday,Light_Load,2.56
9114,11,67.72,0,0.04,80.19,100,31500,Weekday,Friday,Light_Load,90.9
9115,8,0,17.5,0,100,15.85,36900,Weekday,Thursday,Light_Load,2.81
9116,5,0,16.99,0,100,18.96,78300,Weekend,Saturday,Light_Load,3.28
9117,8,18.25,0,0.02,92.78,100,55800,Weekday,Thursday,Maximum_Load,45.4
9118,4,41.08,0,0.04,92.12,100,51300,Weekday,Wednesday,Maximum_Load,97.27
9119,5,46.48,0,0.05,92.51,100,58500,Weekday,Tuesday,Maximum_Load,113.26
9120,8,6.34,0,0,44.72,100,18900,Weekday,Wednesday,Light_Load,3.17
9121,7,13.39,0,0.02,95.77,100,56700,Weekend,Saturday,Maximum_Load,44.57
9122,3,4.82,0,0,60.58,100,84600,Weekday,Monday,Light_Load,3.67
9123,3,15.91,0,0.02,95.89,100,51300,Weekday,Friday,Maximum_Load,53.75
9124,8,5.33,0,0,49.3,100,13500,Weekend,Saturday,Light_Load,3.02
9125,12,3.96,0,0,73.16,100,18000,Weekday,Monday,Light_Load,4.25
9126,12,0,14.83,0,100,22.72,72900,Weekend,Saturday,Light_Load,3.46
9127,7,32.76,0,0.03,89.98,100,68400,Weekday,Friday,Medium_Load,67.57
9128,5,5.11,0,0,50.88,100,12600,Weekday,Tuesday,Light_Load,3.02
9129,1,43.78,0,0.04,88.79,100,51300,Weekday,Wednesday,Medium_Load,84.49
9130,4,4.57,0,0,62.3,100,85500,Weekday,Wednesday,Light_Load,3.64
9131,6,5.54,0,0,51.74,100,5400,Weekday,Monday,Light_Load,3.35
9132,5,4.5,0,0,57.59,100,19800,Weekday,Tuesday,Light_Load,3.17
9133,9,0,4.46,0,100,50.79,65700,Weekend,Sunday,Light_Load,2.63
9134,12,3.06,0.22,0,90.53,99.94,27900,Weekday,Friday,Light_Load,6.52
9135,11,5.62,0,0,48.66,100,13500,Weekday,Friday,Light_Load,3.13
9136,9,0,18.54,0,100,17.58,58500,Weekday,Friday,Maximum_Load,3.31
9137,11,6.3,0,0,48.88,100,2700,Weekday,Monday,Light_Load,3.53
9138,9,5.44,0,0,44.98,100,3600,Weekday,Monday,Light_Load,2.74
9139,3,0,25.96,0,100,25.86,45900,Weekday,Wednesday,Medium_Load,6.95
9140,6,28.66,0,0.03,91.66,100,55800,Weekday,Tuesday,Maximum_Load,65.7
9141,10,42.66,0,0.03,81.47,100,55800,Weekday,Tuesday,Maximum_Load,59.94
9142,1,4.21,0,0,74.63,100,21600,Weekend,Saturday,Light_Load,4.72
9143,4,24.95,0,0.02,90.25,100,32400,Weekday,Friday,Light_Load,52.27
9144,10,55.08,0,0.05,87.26,100,43200,Weekday,Monday,Maximum_Load,98.42
9145,6,5.51,0,0,51.5,100,18000,Weekend,Saturday,Light_Load,3.31
9146,3,2.99,0,0,74.61,100,22500,Weekend,Saturday,Light_Load,3.35
9147,3,4.82,0,0,60.99,100,0,Weekday,Wednesday,Light_Load,3.71
9148,9,5.4,0,0,47.57,100,26100,Weekday,Friday,Light_Load,2.92
9149,2,3.82,0,0,78.37,100,27000,Weekday,Monday,Light_Load,4.82
9150,5,8.39,0.47,0.02,98.25,99.99,74700,Weekday,Thursday,Medium_Load,44.21
9151,8,4.64,0,0,55.92,100,11700,Weekday,Thursday,Light_Load,3.13
9152,3,4.54,3.38,0.02,99.16,99.53,57600,Weekday,Thursday,Maximum_Load,34.78
9153,11,18.18,0,0.02,91.99,100,73800,Weekday,Tuesday,Medium_Load,42.66
9154,12,1.04,3.49,0,95.58,69.57,31500,Weekend,Saturday,Light_Load,3.38
9155,12,2.84,0,0,76.56,100,27000,Weekend,Sunday,Light_Load,3.38
9156,10,6.44,0.11,0,50.22,99.96,80100,Weekday,Tuesday,Medium_Load,3.74
9157,10,5.26,0,0,44.72,100,13500,Weekday,Monday,Light_Load,2.63
9158,9,4.82,0,0,48.87,100,900,Weekend,Saturday,Light_Load,2.7
9159,3,0,25.78,0,100,26.9,46800,Weekday,Friday,Medium_Load,7.2
9160,7,14.47,0,0.02,95.93,100,36900,Weekday,Wednesday,Maximum_Load,49.14
9161,7,8.24,10.4,0.01,89.09,84.09,44100,Weekday,Monday,Medium_Load,16.16
9162,9,5.15,0,0,46.43,100,16200,Weekend,Saturday,Light_Load,2.7
9163,1,0,25.49,0,100,30.05,46800,Weekday,Tuesday,Medium_Load,8.03
9164,8,4.79,0,0,49.65,100,6300,Weekday,Monday,Light_Load,2.74
9165,2,23.15,0.5,0.05,97.47,100,60300,Weekday,Tuesday,Medium_Load,100.98
9166,3,22.54,0,0.02,90.92,100,57600,Weekday,Thursday,Maximum_Load,49.21
9167,3,0,17.35,0,100,18.74,75600,Weekend,Sunday,Light_Load,3.31
9168,12,24.55,0,0.03,93.04,100,61200,Weekday,Friday,Medium_Load,62.32
9169,2,0,24.8,0,100,32.66,45900,Weekday,Thursday,Medium_Load,8.57
9170,7,5.69,0,0,52.72,100,16200,Weekend,Saturday,Light_Load,3.53
9171,1,0,23.4,0,100,17.71,39600,Weekday,Monday,Light_Load,4.21
9172,7,42.8,0,0.05,93.57,100,72000,Weekday,Wednesday,Medium_Load,113.47
9173,4,4.93,0,0,59.4,100,12600,Weekday,Wednesday,Light_Load,3.64
9174,12,26.32,0,0.03,92.27,100,41400,Weekday,Thursday,Maximum_Load,63
9175,11,40.5,0,0.03,86.58,100,50400,Weekday,Monday,Medium_Load,70.06
9176,11,5.58,0,0,52.7,100,17100,Weekend,Saturday,Light_Load,3.46
9177,8,46.44,0,0.03,79.83,100,42300,Weekday,Friday,Maximum_Load,61.56
9178,12,4.86,0,0,62.1,100,82800,Weekday,Monday,Light_Load,3.85
9179,12,0.04,17.86,0,100,48.48,62100,Weekend,Saturday,Maximum_Load,9.9
9180,2,6.26,0,0,64.83,100,82800,Weekday,Wednesday,Maximum_Load,5.33
9181,8,4,0,0,53.91,100,30600,Weekday,Wednesday,Light_Load,2.56
9182,11,0,16.02,0,100,36.24,76500,Weekday,Friday,Medium_Load,6.23
9183,12,16.2,0,0.03,96.23,100,60300,Weekday,Thursday,Medium_Load,57.35
9184,8,5,0,0,48.06,100,85500,Weekday,Friday,Light_Load,2.74
9185,6,5.04,0,0,50.13,100,3600,Weekend,Saturday,Light_Load,2.92
9186,2,0,17.14,0,100,19.35,62100,Weekday,Thursday,Light_Load,3.38
9187,10,7.02,0,0,42.33,100,1800,Weekday,Thursday,Light_Load,3.28
9188,5,5.69,0,0,48.67,100,20700,Weekend,Sunday,Light_Load,3.17
9189,7,54.07,0,0.04,85.31,100,37800,Weekday,Monday,Maximum_Load,88.42
9190,12,1.91,0.36,0,85.65,99.36,20700,Weekday,Friday,Light_Load,3.17
9191,11,14.9,0,0.01,85.98,100,28800,Weekday,Wednesday,Light_Load,25.09
9192,8,5.18,0,0,47.68,100,17100,Weekend,Saturday,Light_Load,2.81
9193,2,27.97,0,0.02,77.12,100,2700,Weekend,Sunday,Light_Load,33.88
9194,5,45.86,0,0.03,80.88,100,40500,Weekday,Friday,Maximum_Load,63.07
9195,12,0,5.87,0,100,49.57,65700,Weekday,Monday,Light_Load,3.35
9196,2,35.42,0,0.04,91.08,100,39600,Weekday,Wednesday,Maximum_Load,78.16
9197,1,4.03,0,0,72.24,100,6300,Weekday,Monday,Light_Load,4.21
9198,10,4.36,0,0,54.58,100,24300,Weekday,Friday,Light_Load,2.84
9199,11,3.6,0,0,69.29,100,16200,Weekday,Friday,Light_Load,3.46
9200,12,29.02,0,0.03,90.17,100,54900,Weekday,Thursday,Medium_Load,60.52
9201,5,5.51,0,0,52.29,100,19800,Weekday,Friday,Light_Load,3.38
9202,1,0.47,4.46,0.01,99.94,94.66,66600,Weekday,Wednesday,Maximum_Load,13.1
9203,11,6.16,0,0,50.04,100,83700,Weekday,Wednesday,Light_Load,3.56
9204,6,0,24.7,0,100,24.46,45900,Weekday,Tuesday,Medium_Load,6.23
9205,7,4.61,0,0,51.5,100,22500,Weekday,Monday,Light_Load,2.77
9206,12,3.13,0.07,0,79.49,99.99,81900,Weekday,Wednesday,Maximum_Load,4.1
9207,8,0,13.28,0,100,21.69,78300,Weekday,Wednesday,Medium_Load,2.95
9208,10,37.15,0,0.03,84.25,100,56700,Weekday,Wednesday,Maximum_Load,58.1
9209,3,3.42,0,0,66.68,100,85500,Weekend,Sunday,Light_Load,3.06
9210,5,0,15.59,0,100,28.98,76500,Weekday,Friday,Medium_Load,4.72
9211,10,15.98,0,0.02,93.1,100,37800,Weekday,Monday,Maximum_Load,40.75
9212,8,0,14.8,0,100,19.8,64800,Weekend,Sunday,Light_Load,2.99
9213,8,4.79,0,0,52.05,100,9000,Weekday,Tuesday,Light_Load,2.92
9214,7,24.62,0,0.04,95.2,100,62100,Weekday,Tuesday,Medium_Load,76.61
9215,5,4.5,0,0,54.43,100,22500,Weekday,Tuesday,Light_Load,2.92
9216,2,10.62,0,0.01,78.51,100,4500,Weekend,Sunday,Light_Load,13.46
9217,6,42.34,0,0.05,92.62,100,40500,Weekday,Thursday,Maximum_Load,104.04
9218,4,3.85,0,0,61.72,100,22500,Weekday,Wednesday,Light_Load,3.02
9219,12,0,20.77,0,100,20.54,58500,Weekend,Sunday,Light_Load,4.36
9220,12,0,13.57,0,100,25.91,54900,Weekend,Sunday,Light_Load,3.64
9221,11,30.06,0,0.02,84.38,100,29700,Weekday,Thursday,Light_Load,47.27
9222,12,2.66,0.32,0,82.55,99.66,11700,Weekday,Friday,Light_Load,3.89
9223,2,18.58,0,0.04,97.74,100,63000,Weekday,Friday,Maximum_Load,85.93
9224,10,4.39,0,0,55.38,100,25200,Weekday,Thursday,Light_Load,2.92
9225,3,17.39,0,0.02,90.72,100,40500,Weekday,Friday,Maximum_Load,37.51
9226,11,0,18.11,0,100,20.22,72900,Weekend,Saturday,Medium_Load,3.74
9227,3,3.85,0,0,62.22,100,11700,Weekday,Thursday,Light_Load,3.06
9228,11,3.38,0,0,67.95,100,11700,Weekday,Tuesday,Light_Load,3.13
9229,8,22.21,0,0.02,92.01,100,50400,Weekend,Saturday,Maximum_Load,52.16
9230,3,4.5,0,0,63.2,100,7200,Weekday,Thursday,Light_Load,3.67
9231,8,29.7,0,0.03,92.82,100,72000,Weekday,Monday,Medium_Load,74.09
9232,7,11.52,0.43,0.02,97.41,100,37800,Weekday,Thursday,Maximum_Load,49.61
9233,2,0,22.54,0,100,16.24,77400,Weekday,Friday,Light_Load,3.71
9234,12,2.77,0,0,77.07,100,12600,Weekday,Thursday,Light_Load,3.35
9235,7,57.42,0,0.03,77.66,100,40500,Weekday,Thursday,Maximum_Load,70.78
9236,7,46.26,0,0.03,82.78,100,42300,Weekday,Thursday,Maximum_Load,68.26
9237,11,2.34,0.14,0,76.39,99.87,82800,Weekend,Sunday,Light_Load,2.77
9238,7,3.96,0,0,57.87,100,18900,Weekday,Wednesday,Light_Load,2.81
9239,2,7.24,0,0,64.56,100,9900,Weekday,Friday,Light_Load,6.12
9240,8,0,14.54,0,100,21.04,72000,Weekday,Wednesday,Medium_Load,3.13
9241,11,9.32,0.79,0.02,97.44,99.98,74700,Weekday,Monday,Medium_Load,40.39
9242,9,33.7,0,0.02,84.2,100,65700,Weekday,Wednesday,Medium_Load,52.6
9243,7,4.68,0,0,60.22,100,27000,Weekday,Thursday,Light_Load,3.53
9244,5,34.6,0,0.03,88.39,100,72000,Weekday,Thursday,Medium_Load,65.41
9245,9,0,7.09,0,100,82.73,37800,Weekend,Sunday,Maximum_Load,10.44
9246,12,0,21.6,0,100,20.09,71100,Weekday,Tuesday,Maximum_Load,4.43
9247,8,4.75,0,0,48.44,100,19800,Weekday,Wednesday,Light_Load,2.63
9248,12,0,6.77,0,100,44.67,65700,Weekday,Tuesday,Light_Load,3.38
9249,8,6.41,0,0,49.69,100,82800,Weekday,Monday,Medium_Load,3.67
9250,7,58.03,0,0.05,88.48,100,40500,Weekend,Sunday,Maximum_Load,110.2
9251,12,23.8,0,0.03,92.93,100,32400,Weekday,Thursday,Light_Load,59.87
9252,11,50.8,0,0.04,87.83,100,33300,Weekday,Monday,Medium_Load,93.31
9253,6,0.07,12.53,0,99.98,27.12,32400,Weekend,Sunday,Light_Load,3.53
9254,5,4.9,0,0,60.36,100,81900,Weekday,Friday,Medium_Load,3.71
9255,11,2.84,2.63,0.01,99.6,99.66,64800,Weekday,Monday,Maximum_Load,31.61
9256,10,4.82,0,0,48.87,100,24300,Weekday,Monday,Light_Load,2.7
9257,8,4.28,0,0,52.79,100,2700,Weekend,Saturday,Light_Load,2.66
9258,6,0,16.09,0,100,18.92,46800,Weekend,Sunday,Light_Load,3.1
9259,6,40.79,0,0.02,78.88,100,40500,Weekday,Friday,Maximum_Load,52.34
9260,3,5.51,0,0,53.18,100,4500,Weekday,Thursday,Light_Load,3.46
9261,9,5.15,0,0,45.89,100,0,Weekday,Friday,Light_Load,2.66
9262,9,1.73,0.65,0.01,99.85,99.98,63900,Weekday,Thursday,Medium_Load,31.36
9263,3,0,26.32,0,100,14.88,53100,Weekend,Sunday,Light_Load,3.96
9264,8,0,15.05,0,100,26.52,50400,Weekend,Sunday,Light_Load,4.14
9265,5,4.75,0,0,55.51,100,85500,Weekend,Sunday,Light_Load,3.17
9266,9,2.3,2.05,0.01,99.6,99.68,54000,Weekend,Sunday,Maximum_Load,25.52
9267,1,5.4,0,0,60.84,100,21600,Weekend,Saturday,Light_Load,4.14
9268,9,0,11.99,0,100,21.97,69300,Weekday,Friday,Medium_Load,2.7
9269,4,3.24,0,0,62,100,0,Weekend,Saturday,Light_Load,2.56
9270,4,4.79,0,0,54.7,100,25200,Weekend,Sunday,Light_Load,3.13
9271,3,0,9.94,0.01,100,95.08,64800,Weekday,Tuesday,Medium_Load,30.49
9272,3,6.26,0.04,0.02,98.75,100,73800,Weekday,Monday,Medium_Load,39.28
9273,7,1.15,5.29,0,95.67,58.14,80100,Weekday,Friday,Medium_Load,3.78
9274,5,34.6,0,0.03,86.11,100,32400,Weekday,Monday,Light_Load,58.61
9275,3,48.64,0,0.05,92.09,100,61200,Weekday,Tuesday,Maximum_Load,114.91
9276,6,13.36,0,0.02,94.62,100,57600,Weekday,Thursday,Maximum_Load,39.06
9277,1,44.57,0,0.06,94.41,100,62100,Weekday,Wednesday,Maximum_Load,127.69
9278,8,0,13.1,0,100,26.22,36000,Weekend,Sunday,Light_Load,3.56
9279,7,0,7.42,0,100,36.18,33300,Weekend,Sunday,Light_Load,2.88
9280,11,51.52,0,0.04,84.85,100,30600,Weekend,Saturday,Light_Load,82.62
9281,6,4.97,0,0,56.69,100,83700,Weekday,Friday,Light_Load,3.42
9282,2,3.49,0,0,74.69,100,22500,Weekday,Thursday,Light_Load,3.92
9283,3,28.08,0.04,0.02,87.1,100,40500,Weekday,Wednesday,Maximum_Load,49.79
9284,7,50.54,0,0.05,89.57,100,43200,Weekend,Saturday,Maximum_Load,101.81
9285,12,21.1,0,0.03,93.32,100,62100,Weekday,Wednesday,Maximum_Load,54.79
9286,3,0,24.55,0,100,36.45,45900,Weekday,Thursday,Medium_Load,9.61
9287,1,7.85,0.43,0.02,98.66,100,75600,Weekday,Monday,Medium_Load,47.41
9288,6,70.74,0,0.04,80.18,100,30600,Weekday,Wednesday,Light_Load,94.9
9289,10,34.27,0,0.03,90.23,100,38700,Weekday,Wednesday,Maximum_Load,71.71
9290,10,44.39,0,0.03,80.5,100,52200,Weekday,Thursday,Maximum_Load,60.23
9291,5,25.09,0,0.03,91.99,100,39600,Weekday,Monday,Maximum_Load,58.86
9292,6,61.09,0,0.03,68.12,100,31500,Weekday,Friday,Light_Load,56.84
9293,11,6.23,0,0,50.76,100,18900,Weekday,Tuesday,Light_Load,3.67
9294,3,2.41,1.48,0.02,99.81,99.93,37800,Weekday,Monday,Maximum_Load,38.88
9295,10,27.43,0,0.03,92.26,100,72900,Weekday,Monday,Medium_Load,65.59
9296,7,4.46,0,0,57.44,100,18000,Weekend,Sunday,Light_Load,3.13
9297,11,50.69,0,0.03,82.36,100,71100,Weekday,Tuesday,Maximum_Load,73.62
9298,5,23.72,0,0.03,93.46,100,50400,Weekday,Friday,Maximum_Load,62.35
9299,8,4.86,0,0,50.98,100,81000,Weekend,Saturday,Medium_Load,2.88
9300,11,4.82,0,0,54.95,100,22500,Weekend,Saturday,Light_Load,3.17
9301,7,3.38,0,0,69.64,100,900,Weekday,Wednesday,Light_Load,3.28
9302,1,19.22,0,0.03,94.56,100,60300,Weekday,Monday,Medium_Load,55.84
9303,3,34.56,0,0.04,92.05,100,40500,Weekday,Thursday,Maximum_Load,81.43
9304,11,7.13,0.04,0.02,98.28,100,74700,Weekday,Friday,Medium_Load,37.91
9305,1,29.84,3.56,0.03,92.23,99.88,47700,Weekday,Monday,Medium_Load,71.21
9306,12,2.34,0.11,0,81.98,99.95,28800,Weekend,Saturday,Light_Load,3.35
9307,12,0,13.82,0,100,23.56,56700,Weekend,Saturday,Light_Load,3.35
9308,10,50.26,0,0.04,87.41,100,50400,Weekday,Thursday,Maximum_Load,90.43
9309,4,3.56,0,0,64.31,100,11700,Weekday,Friday,Light_Load,2.99
9310,7,20.74,0,0.02,92.62,100,38700,Weekday,Tuesday,Maximum_Load,50.94
9311,5,0,22.28,0,100,16.73,70200,Weekend,Saturday,Medium_Load,3.78
9312,10,7.38,0,0,42.45,100,5400,Weekday,Wednesday,Light_Load,3.46
9313,8,25.16,0,0.02,88.54,100,60300,Weekday,Tuesday,Maximum_Load,47.92
9314,10,5.4,0,0,46.16,100,8100,Weekday,Monday,Light_Load,2.81
9315,9,10.48,0,0.02,96.63,100,35100,Weekday,Friday,Medium_Load,39.31
9316,11,0,13.79,0,100,23.61,45900,Weekend,Saturday,Light_Load,3.35
9317,11,6.34,0,0,47.9,100,10800,Weekday,Monday,Light_Load,3.46
9318,4,3.28,0,0,66.49,100,26100,Weekday,Tuesday,Light_Load,2.92
9319,7,0,26.68,0,100,13.52,72000,Weekend,Sunday,Medium_Load,3.64
9320,2,14.11,0,0.01,73.6,100,4500,Weekend,Saturday,Light_Load,15.34
9321,9,49.1,0,0.04,88.87,100,37800,Weekday,Tuesday,Maximum_Load,95.15
9322,3,0.54,2.09,0.01,99.98,99.77,47700,Weekend,Sunday,Maximum_Load,30.64
9323,4,49.93,0,0.02,72.66,100,30600,Weekday,Monday,Light_Load,52.81
9324,5,4.57,0,0,61.45,100,85500,Weekday,Monday,Light_Load,3.56
9325,5,4.18,0,0,57.66,100,9000,Weekend,Sunday,Light_Load,2.95
9326,5,5.04,0,0,51.9,100,24300,Weekday,Wednesday,Light_Load,3.06
9327,5,57.42,0,0.03,70.64,100,31500,Weekday,Wednesday,Light_Load,57.31
9328,10,37.08,0,0.03,86.36,100,50400,Weekday,Tuesday,Maximum_Load,63.5
9329,10,0,16.27,0,100,18.72,38700,Weekend,Sunday,Light_Load,3.1
9330,1,35.03,0,0.06,96,100,50400,Weekday,Friday,Medium_Load,120.17
9331,4,27.07,0,0.02,83.72,100,29700,Weekend,Saturday,Light_Load,41.44
9332,3,38.7,0,0.04,90.13,100,35100,Weekday,Thursday,Medium_Load,80.5
9333,3,0.22,5.04,0.01,100,98.74,52200,Weekend,Sunday,Maximum_Load,31.39
9334,11,15.34,0,0.01,82.58,100,14400,Weekday,Wednesday,Light_Load,22.46
9335,1,36.11,0,0.05,95.04,100,39600,Weekday,Wednesday,Maximum_Load,110.34
9336,9,38.63,0,0.03,84.55,100,48600,Weekday,Thursday,Maximum_Load,61.16
9337,12,0.86,18.65,0.01,99.7,51.21,44100,Weekday,Monday,Medium_Load,11.12
9338,5,0,25.85,0,100,14.62,73800,Weekend,Saturday,Medium_Load,3.82
9339,5,38.3,0,0.05,93.86,100,54000,Weekday,Monday,Maximum_Load,104.22
9340,7,26.24,0,0.04,95.64,100,54900,Weekend,Sunday,Maximum_Load,85.93
9341,12,0,20.05,0,100,20.22,70200,Weekday,Monday,Light_Load,4.14
9342,7,3.71,0,0,66.57,100,2700,Weekday,Wednesday,Light_Load,3.31
9343,8,4.97,0,0,47.74,100,6300,Weekday,Tuesday,Light_Load,2.7
9344,5,7.38,0.14,0.02,97.89,100,67500,Weekday,Wednesday,Medium_Load,35.39
9345,10,0,18.14,0,100,22.61,75600,Weekend,Saturday,Medium_Load,4.21
9346,3,4.72,3.2,0.02,99.03,99.55,73800,Weekday,Wednesday,Medium_Load,33.7
9347,6,0,23.44,0,100,25.53,77400,Weekday,Monday,Medium_Load,6.19
9348,3,5.36,0,0,78.4,100,1800,Weekday,Tuesday,Light_Load,6.77
9349,4,3.96,0,0.02,99.6,100,70200,Weekday,Monday,Medium_Load,44.21
9350,3,4.39,1.44,0.03,99.71,99.97,63900,Weekday,Tuesday,Medium_Load,57.96
9351,3,4.36,0,0,60.12,100,83700,Weekday,Friday,Light_Load,3.28
9352,10,21.71,0,0.02,88.63,100,41400,Weekend,Saturday,Maximum_Load,41.54
9353,6,38.99,0,0.04,92.34,100,51300,Weekday,Monday,Maximum_Load,93.78
9354,3,0,25.63,0,100,20.36,78300,Weekday,Wednesday,Medium_Load,5.33
9355,11,34.45,0,0.03,86.45,100,52200,Weekday,Friday,Medium_Load,59.26
9356,2,1.69,0.72,0.02,99.91,99.98,55800,Weekend,Saturday,Medium_Load,40.32
9357,5,53.39,0,0.06,91.83,100,58500,Weekday,Thursday,Maximum_Load,123.84
9358,3,3.89,0,0,62.32,100,26100,Weekday,Friday,Light_Load,3.1
9359,5,4.54,0,0,56.76,100,20700,Weekday,Wednesday,Light_Load,3.13
9360,6,5,0,0,58.43,100,5400,Weekday,Wednesday,Light_Load,3.6
9361,10,46.4,0,0.05,91.39,100,49500,Weekend,Saturday,Maximum_Load,104.44
9362,3,3.53,0,0,66.34,100,16200,Weekend,Sunday,Light_Load,3.13
9363,6,5.58,0,0,46.74,100,19800,Weekday,Friday,Light_Load,2.95
9364,3,3.71,0,0,72.98,100,24300,Weekday,Friday,Light_Load,3.96
9365,2,4.39,0,0,70.14,100,25200,Weekday,Friday,Light_Load,4.32
9366,12,0,20.99,0,100,20.78,63000,Weekend,Saturday,Light_Load,4.46
9367,2,4.57,0,0,58.31,100,15300,Weekday,Thursday,Light_Load,3.28
9368,5,5.47,0,0,50.49,100,8100,Weekend,Sunday,Light_Load,3.2
9369,7,4.57,0,0,57.84,100,28800,Weekend,Saturday,Light_Load,3.24
9370,12,3.42,0,0,77.4,100,7200,Weekday,Thursday,Light_Load,4.18
9371,8,0.11,5.65,0,99.97,63.47,43200,Weekend,Sunday,Maximum_Load,4.64
9372,11,24.8,0,0.03,91.66,100,66600,Weekday,Tuesday,Maximum_Load,56.84
9373,5,27.61,0,0.03,90.79,100,74700,Weekday,Monday,Medium_Load,59.8
9374,10,33.62,0,0.03,88.3,100,34200,Weekday,Tuesday,Medium_Load,63.25
9375,10,4.68,0,0,50.52,100,23400,Weekday,Tuesday,Light_Load,2.74
9376,3,3.2,0,0,69.58,100,16200,Weekend,Saturday,Light_Load,3.1
9377,1,46.3,0,0.05,91.61,100,56700,Weekday,Friday,Medium_Load,105.8
9378,4,11.12,0.04,0.02,97.23,100,55800,Weekday,Friday,Maximum_Load,46.26
9379,11,3.6,0,0,73.04,100,81000,Weekday,Wednesday,Maximum_Load,3.85
9380,9,5.11,0,0,49.61,100,27000,Weekday,Monday,Light_Load,2.92
9381,3,3.46,0,0,67.09,100,18000,Weekday,Monday,Light_Load,3.13
9382,4,2.16,19.62,0,97.68,44.9,44100,Weekday,Monday,Medium_Load,9.86
9383,7,0.94,15.01,0,97.15,24.85,80100,Weekday,Tuesday,Medium_Load,3.85
9384,2,4.54,0,0,78.33,100,83700,Weekday,Monday,Light_Load,5.72
9385,6,18.94,0,0.03,95.9,100,35100,Weekday,Tuesday,Medium_Load,64.12
9386,10,5.36,0,0,46.43,100,8100,Weekday,Monday,Light_Load,2.81
9387,11,25.74,1.22,0.02,87.98,99.97,43200,Weekday,Wednesday,Maximum_Load,47.63
9388,7,57.85,0,0.03,72.16,100,42300,Weekday,Friday,Maximum_Load,60.3
9389,3,76.32,0,0.04,78.5,100,31500,Weekday,Thursday,Light_Load,96.7
9390,9,4.46,0,0,51.79,100,84600,Weekday,Wednesday,Light_Load,2.7
9391,11,5.9,0,0,51.66,100,85500,Weekday,Wednesday,Light_Load,3.56
9392,4,24.66,0,0.03,93.27,100,48600,Weekday,Friday,Maximum_Load,63.76
9393,6,0,16.24,0,100,26.92,46800,Weekday,Monday,Medium_Load,4.54
9394,2,0,24.55,0,100,18.57,77400,Weekend,Sunday,Light_Load,4.64
9395,7,45.4,0,0.03,85.52,100,55800,Weekday,Monday,Maximum_Load,74.92
9396,12,0,14,0,100,35.99,66600,Weekday,Friday,Maximum_Load,5.4
9397,7,52.06,0,0.04,87.06,100,61200,Weekday,Monday,Maximum_Load,92.12
9398,5,0,16.67,0,100,28.2,45900,Weekday,Monday,Medium_Load,4.9
9399,11,3.06,0,0,64.61,100,23400,Weekday,Monday,Light_Load,2.59
9400,1,4.64,0,0,90.18,100,28800,Weekday,Tuesday,Light_Load,9.68
9401,7,8.64,2.02,0.02,98.1,99.89,63000,Weekday,Tuesday,Medium_Load,43.63
9402,2,44.68,0,0.04,88.15,100,81000,Weekday,Monday,Maximum_Load,83.41
9403,12,44.64,0,0.04,88.64,100,54000,Weekday,Wednesday,Medium_Load,85.46
9404,1,4.57,0,0,71.25,100,25200,Weekday,Thursday,Light_Load,4.64
9405,12,0,21.92,0,100,24.5,69300,Weekday,Monday,Maximum_Load,5.54
9406,12,2.23,0.07,0,82.7,99.98,2700,Weekend,Sunday,Light_Load,3.28
9407,5,23.72,0,0.02,91.4,100,38700,Weekday,Thursday,Maximum_Load,53.42
9408,1,21.78,0,0.01,79.02,100,82800,Weekend,Saturday,Maximum_Load,28.08
9409,12,2.56,0.11,0,82.31,99.96,16200,Weekday,Tuesday,Light_Load,3.71
9410,8,47.16,0,0.04,89.06,100,33300,Weekday,Monday,Medium_Load,92.34
9411,6,51.44,0,0.04,83.26,100,43200,Weekday,Tuesday,Maximum_Load,77.33
9412,7,0,23.58,0,100,25.66,45000,Weekend,Saturday,Medium_Load,6.26
9413,10,0.65,4.46,0.01,99.95,97.69,59400,Weekend,Sunday,Light_Load,20.41
9414,5,0,9.76,0.01,100,94.73,64800,Weekday,Thursday,Medium_Load,28.87
9415,10,24.62,0,0.02,87.63,100,36000,Weekday,Monday,Medium_Load,44.78
9416,3,13.28,0,0.01,76.55,100,29700,Weekend,Sunday,Light_Load,15.8
9417,3,2.74,0,0,76.36,100,24300,Weekday,Thursday,Light_Load,3.24
9418,12,0,20.52,0,100,39.34,45900,Weekday,Tuesday,Medium_Load,8.78
9419,11,55.8,0,0.04,82.98,100,57600,Weekday,Friday,Medium_Load,82.98
9420,10,6.52,0,0,51.53,100,27900,Weekday,Monday,Light_Load,3.92
9421,4,21.46,0,0.01,78.24,100,29700,Weekday,Monday,Light_Load,26.96
9422,9,4.75,0,0,50.38,100,24300,Weekday,Thursday,Light_Load,2.77
9423,12,0,21.28,0,100,24,78300,Weekday,Friday,Medium_Load,5.26
9424,7,5.15,0,0,49.32,100,16200,Weekday,Monday,Light_Load,2.92
9425,5,4.79,0,0,49.1,100,30600,Weekend,Sunday,Light_Load,2.7
9426,5,54.29,0,0.02,68.6,100,31500,Weekday,Wednesday,Light_Load,51.19
9427,1,0,26.78,0,100,18.64,77400,Weekend,Saturday,Medium_Load,5.08
9428,1,4.28,0,0,75.97,100,27000,Weekday,Tuesday,Light_Load,5
9429,5,3.74,0,0,63.32,100,16200,Weekday,Tuesday,Light_Load,3.06
9430,9,7.27,0,0,43.28,100,85500,Weekday,Monday,Light_Load,3.49
9431,10,6.01,0,0,50.65,100,18000,Weekday,Friday,Light_Load,3.53
9432,9,19.94,0,0.02,89.96,100,58500,Weekday,Tuesday,Maximum_Load,41.08
9433,1,0.04,8.71,0.02,100,97.09,64800,Weekday,Tuesday,Maximum_Load,35.28
9434,8,0,13.93,0,100,20.99,32400,Weekend,Sunday,Light_Load,2.99
9435,8,0,13.39,0,100,20.75,69300,Weekend,Saturday,Light_Load,2.84
9436,2,4.97,0,0,76.69,100,11700,Weekend,Saturday,Light_Load,5.94
9437,3,2.7,0,0,75.41,100,18000,Weekend,Saturday,Light_Load,3.1
9438,4,1.4,14.4,0,94.17,26.27,80100,Weekday,Tuesday,Medium_Load,3.92
9439,11,0,18.29,0,100,20.6,63000,Weekend,Saturday,Maximum_Load,3.85
9440,4,47.56,0,0.04,85.15,100,62100,Weekday,Tuesday,Medium_Load,77.22
9441,10,0,12.13,0,100,21.19,61200,Weekend,Sunday,Light_Load,2.63
9442,12,0,21.1,0,100,26.33,45000,Weekday,Monday,Medium_Load,5.76
9443,5,5.04,0,0,51.02,100,14400,Weekend,Saturday,Light_Load,2.99
9444,3,3.49,0,0,66.41,100,18900,Weekday,Tuesday,Light_Load,3.1
9445,10,1.62,13.64,0.01,99.18,67.74,44100,Weekday,Thursday,Medium_Load,12.56
9446,1,4.46,0,0,71.57,100,10800,Weekday,Wednesday,Light_Load,4.57
9447,10,54.04,0,0.04,86.97,100,70200,Weekday,Monday,Medium_Load,95.22
9448,2,0,23.36,0,100,18.92,52200,Weekend,Sunday,Light_Load,4.5
9449,12,29.77,0,0.03,90.6,100,48600,Weekend,Sunday,Medium_Load,63.72
9450,6,3.85,0,0,59.9,100,83700,Weekend,Saturday,Light_Load,2.88
9451,11,31.03,0,0.03,92.32,100,48600,Weekday,Wednesday,Medium_Load,74.52
9452,5,63.4,0,0.04,78.49,100,30600,Weekday,Thursday,Light_Load,80.32
9453,3,4.39,0,0,65.94,100,85500,Weekday,Tuesday,Light_Load,3.85
9454,11,0,20.34,0,100,25.66,45900,Weekday,Tuesday,Medium_Load,5.4
9455,5,5.29,0,0,49.21,100,19800,Weekday,Tuesday,Light_Load,2.99
9456,8,4.21,0,0,52.98,100,5400,Weekend,Sunday,Light_Load,2.63
9457,5,5.87,0,0,45.39,100,19800,Weekday,Thursday,Light_Load,2.99
9458,3,3.85,0,0,65.19,100,14400,Weekday,Monday,Light_Load,3.31
9459,9,1.73,1.37,0.01,99.79,99.87,73800,Weekday,Monday,Medium_Load,26.42
9460,6,60.88,0,0.05,87.51,100,67500,Weekday,Monday,Medium_Load,110.09
9461,10,40.79,0,0.03,86.78,100,68400,Weekday,Tuesday,Medium_Load,71.24
9462,7,0,4.46,0,100,61.63,81900,Weekday,Monday,Medium_Load,3.49
9463,3,3.89,0,0,78.75,100,8100,Weekday,Friday,Light_Load,4.97
9464,8,5.11,0,0,46.72,100,3600,Weekday,Friday,Light_Load,2.7
9465,11,5.36,0,0,53.79,100,22500,Weekday,Monday,Light_Load,3.42
9466,10,0,11.27,0,100,25.32,62100,Weekend,Sunday,Light_Load,2.95
9467,12,0,21.02,0,100,20.62,78300,Weekend,Saturday,Light_Load,4.43
9468,5,20.77,0,0.02,92.37,100,35100,Weekday,Wednesday,Medium_Load,50.08
9469,10,1.58,1.55,0.01,99.87,99.88,63900,Weekday,Friday,Medium_Load,31.5
9470,1,46.94,0,0.04,87.52,100,39600,Weekday,Monday,Maximum_Load,84.92
9471,10,6.3,0,0,44.95,100,9000,Weekday,Tuesday,Light_Load,3.17
9472,10,59.44,0,0.04,85.29,100,52200,Weekday,Wednesday,Maximum_Load,97.09
9473,8,12.96,0,0.02,95.4,100,49500,Weekday,Thursday,Maximum_Load,41.26
9474,10,50.15,0,0.02,65.92,100,30600,Weekday,Thursday,Light_Load,43.96
9475,7,0,8.1,0.01,100,96.31,59400,Weekday,Tuesday,Maximum_Load,28.98
9476,2,5.26,2.09,0.02,99.3,99.89,58500,Weekday,Monday,Medium_Load,44.1
9477,11,6.16,0,0,55.13,100,28800,Weekday,Tuesday,Light_Load,4.07
9478,10,18.54,0,0.02,88.92,100,65700,Weekday,Thursday,Medium_Load,36.04
9479,5,4.68,0,0,67.83,100,5400,Weekday,Thursday,Light_Load,4.32
9480,6,0,16.88,0,100,17.61,68400,Weekday,Wednesday,Medium_Load,3.02
9481,7,25.06,0,0.02,90.52,100,35100,Weekday,Monday,Medium_Load,53.39
9482,7,4.61,0,0,59.58,100,85500,Weekday,Monday,Light_Load,3.42
9483,8,0,13.86,0,100,31.75,45900,Weekday,Thursday,Medium_Load,4.64
9484,8,30.71,0,0.02,80.24,100,42300,Weekday,Monday,Maximum_Load,41.29
9485,1,42.26,0,0.05,92.73,100,73800,Weekday,Monday,Medium_Load,104.72
9486,12,25.31,0,0.03,91.59,100,53100,Weekday,Friday,Medium_Load,57.74
9487,5,0,17.03,0,100,17.91,48600,Weekend,Sunday,Light_Load,3.1
9488,8,0,13.46,0,100,21.2,71100,Weekend,Saturday,Light_Load,2.92
9489,10,39.2,0,0.03,85.34,100,56700,Weekday,Thursday,Maximum_Load,64.19
9490,7,14.87,0,0.02,93.22,100,37800,Weekend,Saturday,Maximum_Load,38.3
9491,3,0,17.35,0,100,17.15,77400,Weekend,Saturday,Light_Load,3.02
9492,7,0,4.5,0,100,54.83,10800,Weekday,Monday,Light_Load,2.95
9493,1,39.06,0,0.05,93.38,100,55800,Weekday,Thursday,Medium_Load,101.92
9494,12,29.63,0,0.03,89.47,100,48600,Weekday,Tuesday,Medium_Load,59.36
9495,11,5.04,0,0,51.02,100,25200,Weekday,Tuesday,Light_Load,2.99
9496,8,5.11,0,0,47.26,100,7200,Weekday,Friday,Light_Load,2.74
9497,1,28.94,0,0.02,80.94,100,5400,Weekday,Thursday,Light_Load,39.89
9498,4,22.79,0.14,0.02,91.62,100,74700,Weekday,Tuesday,Medium_Load,52.09
9499,10,0,11.34,0,100,25.18,78300,Weekend,Sunday,Light_Load,2.95
9500,5,53.53,0,0.02,69.39,100,31500,Weekday,Monday,Light_Load,51.59
9501,7,54.58,0,0.02,68.84,100,42300,Weekday,Monday,Maximum_Load,51.8
9502,11,0,15.08,0,100,28.83,46800,Weekday,Thursday,Medium_Load,4.54
9503,8,65.3,0,0.04,76.7,100,30600,Weekday,Thursday,Light_Load,78.05
9504,5,4,0,0,57.89,100,15300,Weekday,Tuesday,Light_Load,2.84
9505,3,0,25.96,0,100,24.22,45900,Weekday,Monday,Medium_Load,6.48
9506,1,11.74,1.04,0,98.85,99.99,64800,Weekday,Tuesday,Maximum_Load,76.75
9507,6,4.1,0,0,55.56,100,19800,Weekday,Tuesday,Light_Load,2.74
9508,7,5.98,5.47,0,81.43,83.77,44100,Weekday,Tuesday,Medium_Load,8.39
9509,8,38.45,0,0.04,92.85,100,68400,Weekday,Monday,Medium_Load,96.12
9510,1,31.61,0,0.02,78.88,100,11700,Weekday,Thursday,Light_Load,40.57
9511,1,5.18,0,0,67.35,100,3600,Weekday,Friday,Light_Load,4.72
9512,8,0,14.62,0,100,22.78,73800,Weekday,Monday,Medium_Load,3.42
9513,2,25.56,0,0.03,94.13,100,54900,Weekday,Wednesday,Medium_Load,71.28
9514,9,5.69,0,0,43.77,100,9900,Weekday,Wednesday,Light_Load,2.77
9515,12,0,20.23,0,100,19.72,55800,Weekday,Monday,Light_Load,4.07
9516,11,5.22,0,0,50.08,100,900,Weekday,Friday,Light_Load,3.02
9517,3,0,18,0,100,17.34,76500,Weekend,Saturday,Medium_Load,3.17
9518,12,3.64,0,0,70.71,100,21600,Weekday,Tuesday,Light_Load,3.64
9519,1,49.39,0,0.04,89.24,100,65700,Weekday,Monday,Maximum_Load,97.7
9520,10,5.98,0,0,47.64,100,11700,Weekday,Monday,Light_Load,3.24
9521,4,3.96,0,0,67.97,100,4500,Weekday,Thursday,Light_Load,3.67
9522,12,19.37,0,0.03,94.52,100,60300,Weekday,Wednesday,Medium_Load,56.05
9523,11,0.32,2.12,0.01,99.99,99.72,60300,Weekend,Saturday,Medium_Load,28.15
9524,2,68.76,0,0.06,87.52,100,43200,Weekday,Tuesday,Maximum_Load,124.42
9525,1,17.32,0,0.03,95.71,100,50400,Weekday,Wednesday,Medium_Load,57.2
9526,8,6.05,0,0,42.98,100,20700,Weekday,Tuesday,Light_Load,2.88
9527,9,6.59,0,0,43.68,100,83700,Weekend,Saturday,Light_Load,3.2
9528,1,25.6,0,0.02,79.34,100,18900,Weekend,Sunday,Light_Load,33.37
9529,3,33.52,0,0.04,93.21,100,69300,Weekday,Friday,Medium_Load,86.26
9530,3,4.46,0,0,62.06,100,900,Weekend,Saturday,Light_Load,3.53
9531,1,44.93,0,0.06,93.75,100,60300,Weekday,Friday,Medium_Load,121.07
9532,4,0,17.03,0,100,17.46,36000,Weekend,Sunday,Light_Load,3.02
9533,10,34.88,0,0.05,94.46,100,68400,Weekday,Wednesday,Medium_Load,100.37
9534,7,15.66,0,0.02,95.91,100,39600,Weekday,Friday,Maximum_Load,53.03
9535,12,3.89,0,0,77.63,100,1800,Weekday,Thursday,Light_Load,4.79
9536,10,25.7,0,0.02,90.09,100,51300,Weekday,Friday,Maximum_Load,53.35
9537,10,6.26,0,0,52.78,100,2700,Weekday,Tuesday,Light_Load,3.89
9538,11,3.85,0,0,58.4,100,3600,Weekday,Monday,Light_Load,2.77
9539,6,3.02,0,0,64.07,100,83700,Weekend,Saturday,Light_Load,2.52
9540,2,4.68,0,0,56.92,100,15300,Weekday,Monday,Light_Load,3.24
9541,4,4.03,0,0,68.41,100,4500,Weekday,Tuesday,Light_Load,3.78
9542,8,37.87,0,0.03,85.46,100,32400,Weekday,Friday,Light_Load,62.32
9543,2,4.46,0,0,57.93,100,30600,Weekend,Saturday,Light_Load,3.17
9544,10,0,17.93,0,100,19.9,74700,Weekend,Saturday,Medium_Load,3.64
9545,10,20.81,0,0.02,87.02,100,65700,Weekend,Saturday,Medium_Load,36.76
9546,1,4.9,0,0,69.6,100,7200,Weekday,Friday,Light_Load,4.75
9547,11,0,16.09,0,100,19.51,49500,Weekend,Sunday,Light_Load,3.2
9548,3,4.03,0,0,61.34,100,18000,Weekend,Saturday,Light_Load,3.13
9549,5,4.28,0,0,56.36,100,9900,Weekday,Wednesday,Light_Load,2.92
9550,4,4.03,0,0,61.34,100,25200,Weekday,Tuesday,Light_Load,3.13
9551,4,6.52,0,0,53.97,100,1800,Weekday,Friday,Light_Load,4.18
9552,6,4.93,0,0,57.78,100,6300,Weekday,Tuesday,Light_Load,3.49
9553,3,24.41,0,0.03,91.91,100,58500,Weekday,Tuesday,Maximum_Load,56.95
9554,11,24.91,0,0.01,76.19,100,2700,Weekday,Wednesday,Light_Load,29.3
9555,7,18.86,0,0.02,94.12,100,72900,Weekday,Tuesday,Medium_Load,52.56
9556,7,0,11.63,0,100,36.36,44100,Weekend,Saturday,Medium_Load,4.54
9557,2,6.62,0,0,67.64,100,12600,Weekday,Thursday,Light_Load,6.08
9558,5,21.35,0,0.03,96.2,100,52200,Weekday,Wednesday,Maximum_Load,75.17
9559,4,23.36,0,0.02,91.69,100,54000,Weekday,Wednesday,Maximum_Load,53.68
9560,4,3.67,0,0,63.54,100,14400,Weekday,Friday,Light_Load,3.02
9561,3,4.57,0,0,64.13,100,84600,Weekday,Tuesday,Light_Load,3.82
9562,4,6.41,0,0,53.6,100,82800,Weekday,Thursday,Medium_Load,4.07
9563,5,35.6,0,0.03,84.35,100,66600,Weekday,Friday,Medium_Load,55.91
9564,8,4.9,0,0,49.75,100,27000,Weekend,Saturday,Light_Load,2.81
9565,6,5.98,0,0,43.88,100,8100,Weekday,Friday,Light_Load,2.92
9566,5,0,20.09,0,100,17.83,73800,Weekend,Saturday,Medium_Load,3.64
9567,9,0.61,3.53,0.01,99.97,99.01,52200,Weekday,Friday,Maximum_Load,24.95
9568,8,5.98,0,0,48.09,100,11700,Weekday,Wednesday,Light_Load,3.28
9569,4,4.39,0,0,63.83,100,7200,Weekday,Wednesday,Light_Load,3.64
9570,4,4.28,0,0,62.42,100,14400,Weekday,Friday,Light_Load,3.42
9571,9,6.34,0,0,48.65,100,83700,Weekday,Tuesday,Light_Load,3.53
9572,11,0,14.54,0,100,19.69,63000,Weekend,Sunday,Light_Load,2.92
9573,12,3.64,0,0,74.78,100,17100,Weekday,Monday,Light_Load,4.1
9574,12,4,0,0,70.97,100,22500,Weekend,Saturday,Light_Load,4.03
9575,9,4.93,0,0,51.35,100,6300,Weekday,Wednesday,Light_Load,2.95
9576,11,0,13.97,0,100,20.93,54900,Weekend,Sunday,Light_Load,2.99
9577,6,0,16.16,0,100,22.55,46800,Weekday,Monday,Medium_Load,3.74
9578,12,36.79,0,0.03,88.97,100,58500,Weekday,Tuesday,Medium_Load,71.68
9579,4,3.74,0,0,62.82,100,18000,Weekday,Monday,Light_Load,3.02
9580,12,0,16.7,0.01,100,55.32,46800,Weekday,Monday,Medium_Load,11.09
9581,10,23.72,0,0.02,89.13,100,36000,Weekday,Tuesday,Medium_Load,46.62
9582,5,24.95,0,0.02,90.73,100,36900,Weekday,Monday,Maximum_Load,53.82
9583,5,36.58,0,0.03,88.01,100,51300,Weekday,Thursday,Maximum_Load,67.82
9584,8,1.01,4.1,0,95.91,64.06,80100,Weekday,Tuesday,Medium_Load,3.42
9585,9,6.26,0,0,49.12,100,13500,Weekend,Saturday,Light_Load,3.53
9586,12,0,21.42,0,100,20.56,72000,Weekend,Sunday,Maximum_Load,4.5
9587,5,1.04,2.34,0.02,99.95,99.76,36000,Weekend,Saturday,Medium_Load,33.88
9588,11,29.02,0,0.03,90.05,100,38700,Weekday,Monday,Maximum_Load,60.08
9589,11,3.28,0,0,78.67,100,11700,Weekday,Tuesday,Light_Load,4.18
9590,9,0,10.91,0,100,24.61,54000,Weekend,Saturday,Light_Load,2.77
9591,11,0,17.96,0,100,21.17,67500,Weekend,Sunday,Maximum_Load,3.89
9592,10,5.87,0,0,47.05,100,7200,Weekday,Tuesday,Light_Load,3.13
9593,4,16.74,0,0.03,95.83,100,61200,Weekday,Thursday,Maximum_Load,56.16
9594,12,2.74,3.02,0.01,99.64,99.57,74700,Weekday,Tuesday,Medium_Load,32.36
9595,2,0,21.24,0,100,17.84,57600,Weekday,Friday,Light_Load,3.85
9596,6,0.14,18.58,0.01,99.99,59.68,75600,Weekday,Monday,Medium_Load,13.82
9597,8,0,14.87,0,100,18.57,32400,Weekend,Saturday,Light_Load,2.81
9598,5,14.18,0,0.02,95.28,100,36900,Weekday,Wednesday,Maximum_Load,44.5
9599,4,16.24,0,0.02,95.76,100,59400,Weekday,Thursday,Maximum_Load,53.96
9600,6,5.58,0,0,46.74,100,4500,Weekday,Friday,Light_Load,2.95
9601,8,25.81,0,0.02,88.72,100,72900,Weekday,Tuesday,Medium_Load,49.64
9602,11,1.69,1.44,0.02,99.9,99.93,63900,Weekday,Wednesday,Maximum_Load,37.91
9603,12,60.84,0,0.04,84,100,30600,Weekday,Friday,Light_Load,94.18
9604,5,0,25.02,0,100,13.97,75600,Weekend,Saturday,Medium_Load,3.53
9605,6,5.62,0,0,46.97,100,11700,Weekday,Thursday,Light_Load,2.99
9606,5,4.21,0,0,61.81,100,7200,Weekday,Wednesday,Light_Load,3.31
9607,7,20.99,0,0.03,94.16,100,68400,Weekday,Thursday,Medium_Load,58.72
9608,1,0,24.66,0.01,100,44.78,45900,Weekday,Friday,Medium_Load,12.35
9609,3,7.09,0,0,54.18,100,81900,Weekday,Monday,Medium_Load,4.57
9610,9,24.26,0,0.02,88.18,100,59400,Weekday,Friday,Maximum_Load,45.36
9611,2,4.9,0,0,67.06,100,81900,Weekend,Sunday,Light_Load,4.43
9612,5,29.38,0,0.03,90.36,100,54000,Weekday,Friday,Maximum_Load,61.99
9613,3,0,26.6,0,100,19.4,77400,Weekday,Wednesday,Medium_Load,5.26
9614,12,3.71,0.04,0,73.32,100,900,Weekend,Saturday,Light_Load,4
9615,1,0.72,20.63,0,99.72,42.37,44100,Weekday,Monday,Medium_Load,9.65
9616,8,0,17.1,0,100,18.23,72900,Weekend,Saturday,Light_Load,3.17
9617,8,0,13.9,0,100,20.02,73800,Weekend,Saturday,Medium_Load,2.84
9618,12,26.57,0,0.03,92.34,100,52200,Weekday,Monday,Medium_Load,63.9
9619,4,0.54,13.28,0,99.54,38.74,44100,Weekday,Friday,Medium_Load,5.58
9620,8,75.42,0,0.05,84.19,100,42300,Weekday,Wednesday,Maximum_Load,117.68
9621,12,2.12,0.14,0,83.12,99.9,0,Weekend,Sunday,Light_Load,3.17
9622,9,5.18,0,0,49.99,100,6300,Weekend,Saturday,Light_Load,2.99
9623,6,5.8,0,0,47.49,100,3600,Weekday,Wednesday,Light_Load,3.13
9624,9,5.04,0,0,51.02,100,7200,Weekday,Wednesday,Light_Load,2.99
9625,3,27.04,0,0.02,85.6,100,41400,Weekday,Friday,Maximum_Load,44.78
9626,10,4.9,0,0,48.81,100,27900,Weekend,Sunday,Light_Load,2.74
9627,10,0,16.02,0,100,36.6,45000,Weekday,Tuesday,Medium_Load,6.3
9628,1,4.46,0.04,0,82.82,100,27900,Weekday,Friday,Light_Load,6.59
9629,6,20.92,0,0.03,93.85,100,74700,Weekday,Thursday,Medium_Load,56.88
9630,8,5.98,0,0,46.84,100,22500,Weekday,Thursday,Light_Load,3.17
9631,6,23.62,0,0.03,92.82,100,69300,Weekday,Monday,Medium_Load,58.9
9632,5,5.26,0,0,53.72,100,26100,Weekday,Wednesday,Light_Load,3.35
9633,12,7.6,0,0.02,98.84,100,34200,Weekday,Friday,Medium_Load,49.5
9634,5,3.85,0,0,59.9,100,84600,Weekend,Sunday,Light_Load,2.88
9635,10,4.61,0,0,47.97,100,29700,Weekend,Sunday,Light_Load,2.52
9636,3,22.25,0,0.04,96.9,100,54000,Weekday,Monday,Maximum_Load,87.26
9637,4,29.81,0,0.03,90.53,100,59400,Weekday,Thursday,Maximum_Load,63.54
9638,12,0,20.95,0,100,36.49,46800,Weekday,Monday,Medium_Load,8.21
9639,1,30.06,0,0.02,80.47,100,26100,Weekday,Thursday,Light_Load,40.75
9640,9,0,14.33,0,100,30.38,75600,Weekday,Monday,Medium_Load,4.57
9641,5,25.6,0.04,0.03,90.6,100,63000,Weekday,Monday,Medium_Load,54.79
9642,12,22.9,0,0.03,92.65,100,62100,Weekday,Monday,Maximum_Load,56.38
9643,12,3.74,0.04,0,74.2,100,2700,Weekday,Tuesday,Light_Load,4.14
9644,4,1.44,13.28,0,92.85,26.16,80100,Weekday,Monday,Medium_Load,3.6
9645,11,5.4,0.22,0,61.49,99.86,80100,Weekday,Thursday,Maximum_Load,4.21
9646,8,16.88,0.11,0.02,91.12,100,70200,Weekday,Thursday,Medium_Load,37.33
9647,1,51.19,0,0.03,78.39,100,30600,Weekday,Tuesday,Light_Load,64.62
9648,8,0,25.02,0,100,23.76,45000,Weekday,Monday,Medium_Load,6.12
9649,6,4,0,0,56.93,100,14400,Weekend,Sunday,Light_Load,2.77
9650,10,26.39,0,0.02,89.35,100,60300,Weekday,Monday,Maximum_Load,52.52
9651,12,2.16,0.65,0,87.79,98.68,82800,Weekend,Sunday,Light_Load,3.96
9652,4,19.87,0,0.02,92.23,100,67500,Weekday,Tuesday,Medium_Load,47.41
9653,7,0,4.79,0,100,52.05,6300,Weekend,Sunday,Light_Load,2.92
9654,4,4.1,0,0,60.31,100,22500,Weekday,Wednesday,Light_Load,3.1
9655,8,0,13.93,0,100,19.77,71100,Weekday,Wednesday,Medium_Load,2.81
9656,6,0.14,7.45,0.01,100,96.61,63900,Weekday,Friday,Medium_Load,27.9
9657,1,20.92,0.07,0.03,94.23,100,57600,Weekend,Sunday,Medium_Load,58.86
9658,12,0,21.49,0,100,18.92,78300,Weekday,Tuesday,Light_Load,4.14
9659,8,0,18.22,0,100,26.46,48600,Weekend,Sunday,Maximum_Load,5
9660,12,3.2,0.04,0,76.32,99.99,5400,Weekend,Saturday,Light_Load,3.78
9661,3,27.14,0,0.03,89.64,100,56700,Weekday,Tuesday,Maximum_Load,54.9
9662,2,19.22,0,0.03,95.7,100,51300,Weekday,Wednesday,Medium_Load,63.4
9663,12,0,15.19,0,100,23.48,51300,Weekend,Saturday,Light_Load,3.67
9664,10,4.57,0,0,49.31,100,14400,Weekday,Tuesday,Light_Load,2.59
9665,8,5.36,0,0,44.99,100,19800,Weekday,Monday,Light_Load,2.7
9666,5,4.18,0,0,60.43,100,4500,Weekday,Wednesday,Light_Load,3.17
9667,6,31.64,0,0.03,87.35,100,62100,Weekday,Friday,Medium_Load,56.77
9668,12,3.24,0.04,0,82.83,100,7200,Weekday,Friday,Light_Load,4.79
9669,7,0,12.56,0,100,32.99,44100,Weekday,Wednesday,Medium_Load,4.39
9670,1,8.75,0,0.01,95.48,100,43200,Weekend,Sunday,Maximum_Load,28.12
9671,2,4.9,0,0,67.31,100,4500,Weekday,Monday,Light_Load,4.46
9672,4,4.21,0.11,0,60.51,99.94,31500,Weekend,Sunday,Light_Load,3.2
9673,4,0,26.6,0,100,14.47,74700,Weekday,Wednesday,Medium_Load,3.89
9674,8,5.15,0,0,47.37,100,900,Weekend,Saturday,Light_Load,2.77
9675,5,56.99,0,0.06,91.12,100,56700,Weekday,Wednesday,Maximum_Load,126.07
9676,3,0.79,2.59,0.01,99.97,99.68,56700,Weekend,Saturday,Maximum_Load,32.44
9677,1,3.28,0,0,70.28,100,23400,Weekend,Sunday,Light_Load,3.24
9678,7,14.62,0,0.02,94.77,100,52200,Weekday,Wednesday,Maximum_Load,43.42
9679,1,26.14,0,0.04,95.16,100,80100,Weekday,Wednesday,Maximum_Load,80.96
9680,3,14.15,0,0.02,95.4,100,49500,Weekday,Tuesday,Maximum_Load,45.04
9681,11,15.05,0,0.02,95.8,100,51300,Weekday,Friday,Medium_Load,50.29
9682,5,0,26.75,0,100,20.17,45000,Weekday,Friday,Medium_Load,5.51
9683,10,8.93,0,0,45.56,100,81900,Weekday,Thursday,Medium_Load,4.57
9684,1,23.87,0,0.03,93.49,100,68400,Weekday,Tuesday,Maximum_Load,62.86
9685,10,4.43,0,0,50.03,100,19800,Weekday,Tuesday,Light_Load,2.56
9686,1,21.96,0,0.01,78.77,100,83700,Weekend,Saturday,Light_Load,28.08
9687,1,4.82,0,0,69.35,100,23400,Weekday,Friday,Light_Load,4.64
9688,2,1.19,2.7,0.02,99.96,99.77,76500,Weekday,Tuesday,Medium_Load,39.78
9689,10,5.29,0,0,47.3,100,9000,Weekend,Sunday,Light_Load,2.84
9690,2,11.3,0.94,0.03,98.64,99.99,75600,Weekday,Friday,Medium_Load,67.79
9691,2,0,26.71,0,100,20.2,78300,Weekend,Sunday,Light_Load,5.51
9692,3,26.35,0.72,0.02,85.39,99.99,65700,Weekday,Monday,Medium_Load,43.24
9693,8,0,21.49,0,100,22.23,77400,Weekday,Monday,Medium_Load,4.9
9694,5,4.86,0,0,52.78,100,8100,Weekday,Tuesday,Light_Load,3.02
9695,3,0,27.36,0,100,15.35,69300,Weekday,Friday,Medium_Load,4.25
9696,12,26.89,0,0.03,91.54,100,36000,Weekday,Wednesday,Medium_Load,61.13
9697,12,55.62,0,0.05,90.41,100,56700,Weekday,Tuesday,Medium_Load,117.68
9698,6,5.47,0,0,47.96,100,18000,Weekend,Saturday,Light_Load,2.99
9699,10,29.34,0,0.03,89.19,100,60300,Weekday,Tuesday,Maximum_Load,57.85
9700,3,7.74,12.2,0.02,97.9,95.02,44100,Weekday,Friday,Medium_Load,37.19
9701,7,4.14,0,0,56.16,100,22500,Weekday,Monday,Light_Load,2.81
9702,11,4.64,0,0,71.31,100,6300,Weekday,Tuesday,Light_Load,4.72
9703,1,7.67,0,0,70.39,100,6300,Weekday,Tuesday,Light_Load,7.6
9704,9,4.64,0,0,48.31,100,12600,Weekend,Saturday,Light_Load,2.56
9705,3,32.36,0,0.04,94.74,100,63000,Weekday,Wednesday,Medium_Load,95.83
9706,12,0,14.22,0,100,24.29,42300,Weekend,Sunday,Light_Load,3.56
9707,4,11.92,0.97,0.02,95.23,99.97,65700,Weekday,Friday,Medium_Load,37.19
9708,12,3.06,0,0,79.93,100,17100,Weekday,Monday,Light_Load,4.07
9709,5,45.65,0,0.04,88.55,100,59400,Weekday,Thursday,Maximum_Load,87.01
9710,11,2.84,0.14,0,78.17,99.92,7200,Weekend,Saturday,Light_Load,3.56
9711,1,4.25,0,0,82.14,100,27000,Weekday,Wednesday,Light_Load,6.12
9712,7,38.66,0,0.05,93.29,100,33300,Weekday,Thursday,Medium_Load,100.12
9713,4,0,17.21,0,100,19.11,75600,Weekend,Saturday,Medium_Load,3.35
9714,7,40.18,0,0.05,93.2,100,68400,Weekday,Friday,Medium_Load,103.32
9715,5,0,11.27,0.01,100,91.02,34200,Weekday,Tuesday,Medium_Load,24.77
9716,7,56.23,0,0.05,87.9,100,49500,Weekday,Tuesday,Maximum_Load,103.64
9717,3,4.64,0,0,56.77,100,12600,Weekday,Friday,Light_Load,3.2
9718,9,0,10.94,0,100,51.37,45900,Weekday,Monday,Medium_Load,6.55
9719,9,24.05,0,0.02,88.65,100,32400,Weekday,Monday,Light_Load,46.08
9720,9,0,10.55,0,100,29.94,66600,Weekday,Friday,Medium_Load,3.31
9721,4,3.71,0,0,61.85,100,24300,Weekend,Saturday,Light_Load,2.92
9722,8,26.21,3.85,0.03,93.36,99.84,75600,Weekday,Monday,Medium_Load,68.29
9723,2,27.25,0,0.02,80.72,100,83700,Weekday,Monday,Light_Load,37.26
9724,10,5.51,0,0,54.7,100,1800,Weekday,Wednesday,Light_Load,3.6
9725,8,5,0,0,49.39,100,0,Weekday,Monday,Light_Load,2.84
9726,11,5.4,0,0,49.3,100,16200,Weekday,Friday,Light_Load,3.06
9727,5,0,16.63,0,100,18.72,34200,Weekend,Sunday,Light_Load,3.17
9728,8,0,4.57,0,100,51.83,43200,Weekend,Sunday,Light_Load,2.77
9729,1,23.11,0,0.01,79.8,100,85500,Weekday,Friday,Light_Load,30.6
9730,12,2.7,0.04,0,79.43,99.99,9900,Weekend,Sunday,Light_Load,3.53
9731,6,1.22,17.5,0,98.54,37.41,44100,Weekday,Wednesday,Medium_Load,7.06
9732,3,4.25,0,0,65.36,100,15300,Weekend,Saturday,Light_Load,3.67
9733,9,0,11.41,0,100,23.59,79200,Weekend,Sunday,Light_Load,2.77
9734,1,24.05,0,0.03,93.93,100,36900,Weekday,Tuesday,Maximum_Load,65.84
9735,2,0,6.26,0,100,60.2,42300,Weekend,Sunday,Light_Load,4.72
9736,7,4.97,0,0,48.28,100,6300,Weekday,Monday,Light_Load,2.74
9737,11,0,19.3,0,100,31.21,46800,Weekday,Tuesday,Medium_Load,6.34
9738,7,0,17.32,0,100,17.4,76500,Weekend,Sunday,Light_Load,3.06
9739,9,0,9.4,0,100,39.16,36900,Weekend,Saturday,Light_Load,4
9740,8,5.54,0,0,49.66,100,16200,Weekday,Thursday,Light_Load,3.17
9741,2,12.71,0.11,0.04,99,100,76500,Weekend,Saturday,Medium_Load,89.14
9742,4,4,0.79,0.03,99.86,99.99,51300,Weekend,Saturday,Maximum_Load,74.77
9743,4,24.59,0,0.03,92.8,100,52200,Weekday,Monday,Maximum_Load,61.27
9744,4,4.28,0,0,73.5,100,28800,Weekday,Monday,Light_Load,4.64
9745,3,3.38,0,0,68.41,100,19800,Weekday,Monday,Light_Load,3.17
9746,10,5.18,0,0,47.68,100,12600,Weekday,Monday,Light_Load,2.81
9747,10,0,18,0,100,20.19,78300,Weekday,Tuesday,Medium_Load,3.71
9748,8,4.57,0,0,52.78,100,24300,Weekday,Monday,Light_Load,2.84
9749,9,0,11.56,0,100,22.18,53100,Weekday,Tuesday,Light_Load,2.63
9750,9,0,11.95,0,100,21.18,56700,Weekday,Wednesday,Light_Load,2.59
9751,9,5,0,0,45.57,100,83700,Weekday,Tuesday,Light_Load,2.56
9752,10,6.34,0,0,51.21,100,28800,Weekend,Saturday,Light_Load,3.78
9753,11,10.3,8.82,0.01,94.34,95.76,47700,Weekday,Monday,Medium_Load,29.3
9754,4,4.43,0,0,63.07,100,9000,Weekday,Monday,Light_Load,3.6
9755,2,28.69,0,0.05,96.31,100,55800,Weekday,Monday,Medium_Load,102.64
9756,6,45.47,0,0.05,91.36,100,38700,Weekday,Wednesday,Maximum_Load,102.17
9757,9,4.61,0,0,48.98,100,82800,Weekend,Saturday,Medium_Load,2.59
9758,2,37.73,0,0.03,85.78,100,66600,Weekday,Monday,Maximum_Load,62.96
9759,11,4.82,10.48,0.01,98.38,92.97,47700,Weekend,Saturday,Medium_Load,26.46
9760,5,4.03,0,0,64.26,100,13500,Weekday,Tuesday,Light_Load,3.38
9761,10,54.18,0,0.04,85.28,100,58500,Weekday,Friday,Maximum_Load,88.49
9762,12,0,13.36,0,100,24.8,54900,Weekday,Monday,Light_Load,3.42
9763,4,13.97,0.07,0.02,96.81,100,59400,Weekday,Monday,Maximum_Load,53.96
9764,1,28.26,0,0.04,94.5,100,71100,Weekday,Tuesday,Maximum_Load,81.65
9765,1,27.9,0,0.02,80.02,100,16200,Weekday,Thursday,Light_Load,37.22
9766,7,0,18.07,0,100,24.72,45900,Weekday,Thursday,Medium_Load,4.61
9767,12,37.12,0,0.03,88.66,100,36000,Weekday,Thursday,Medium_Load,71.14
9768,3,22.39,0,0.02,91.55,100,50400,Weekday,Thursday,Maximum_Load,50.94
9769,5,5.22,0,0,51.06,100,82800,Weekend,Saturday,Medium_Load,3.1
9770,10,37.87,0,0.03,84.11,100,57600,Weekday,Wednesday,Maximum_Load,58.9
9771,10,0,11.41,0,100,25.9,69300,Weekend,Sunday,Light_Load,3.06
9772,3,3.17,0,0,68.98,100,20700,Weekend,Sunday,Light_Load,3.02
9773,7,64.44,0,0.03,71.16,100,31500,Weekday,Thursday,Light_Load,65.27
9774,9,4.97,0,0,48.28,100,20700,Weekday,Friday,Light_Load,2.74
9775,5,40.39,0,0.04,88.8,100,67500,Weekday,Thursday,Medium_Load,77.98
9776,8,4.28,0,0,51.33,100,22500,Weekday,Tuesday,Light_Load,2.56
9777,3,0,26.46,0,100,15.2,72900,Weekend,Sunday,Medium_Load,4.07
9778,7,6.01,0,0,43.21,100,12600,Weekday,Friday,Light_Load,2.88
9779,8,5.72,0,0,43.58,100,15300,Weekend,Saturday,Light_Load,2.77
9780,6,4.46,0,0,56.07,100,4500,Weekday,Thursday,Light_Load,3.02
9781,6,4.1,0,0,55.98,100,6300,Weekday,Monday,Light_Load,2.77
9782,1,39.17,0,0.05,94.35,100,36000,Weekday,Thursday,Medium_Load,111.49
9783,1,7.13,0.04,0.02,99.15,100,36000,Weekday,Wednesday,Medium_Load,54.32
9784,9,5.4,0,0,45.64,100,8100,Weekday,Monday,Light_Load,2.77
9785,4,22.93,0,0.02,90.81,100,58500,Weekday,Monday,Maximum_Load,49.72
9786,11,3.31,0,0,74.88,100,2700,Weekday,Thursday,Light_Load,3.74
9787,5,4.07,0,0,63.1,100,15300,Weekend,Sunday,Light_Load,3.31
9788,11,4.1,0,0,55.98,100,6300,Weekend,Sunday,Light_Load,2.77
9789,5,0,16.52,0,100,18.85,64800,Weekday,Tuesday,Light_Load,3.17
9790,9,4.75,0,0,49.42,100,26100,Weekday,Friday,Light_Load,2.7
9791,4,28.3,0,0.03,90.16,100,63000,Weekday,Tuesday,Medium_Load,58.97
9792,8,5.29,0,0,45.99,100,0,Weekend,Sunday,Light_Load,2.74
9793,12,3.49,0.04,0,75.91,100,21600,Weekend,Saturday,Light_Load,4.07
9794,9,6.23,0,0,46.92,100,9900,Weekend,Sunday,Light_Load,3.31
9795,3,3.67,0,0,66.64,100,10800,Weekday,Wednesday,Light_Load,3.28
9796,3,17.6,0,0.02,94.55,100,33300,Weekday,Tuesday,Medium_Load,51.12
9797,11,3.28,0.07,0.01,99.38,100,59400,Weekend,Saturday,Medium_Load,29.34
9798,10,4.36,0,0,54.58,100,19800,Weekend,Saturday,Light_Load,2.84
9799,4,0,17.28,0,100,19.2,76500,Weekend,Saturday,Medium_Load,3.38
9800,3,3.42,0,0,66.68,100,26100,Weekend,Saturday,Light_Load,3.06
9801,7,33.48,0,0.02,81.67,100,39600,Weekday,Tuesday,Maximum_Load,47.38
9802,1,27.61,0,0.02,80.78,100,1800,Weekday,Wednesday,Light_Load,37.84
9803,7,3.82,0,0,57.14,100,26100,Weekday,Wednesday,Light_Load,2.66
9804,12,3.42,0.07,0,79.62,99.99,19800,Weekday,Friday,Light_Load,4.5
9805,8,51.48,0,0.04,87.89,100,40500,Weekend,Saturday,Maximum_Load,94.86
9806,10,4.82,0,0,49.42,100,14400,Weekend,Sunday,Light_Load,2.74
9807,3,0,18,0,100,17.5,73800,Weekend,Saturday,Medium_Load,3.2
9808,11,6.59,0,0,49.36,100,81900,Weekday,Wednesday,Maximum_Load,3.74
9809,1,4.79,0,0,69.34,100,12600,Weekend,Sunday,Light_Load,4.61
9810,11,4.5,0,0,54.43,100,6300,Weekday,Monday,Light_Load,2.92
9811,3,4.39,0,0,62.99,100,12600,Weekday,Monday,Light_Load,3.56
9812,1,32.83,0,0.04,91.94,100,50400,Weekday,Thursday,Medium_Load,76.75
9813,4,6.26,0,0,54.79,100,0,Weekday,Thursday,Light_Load,4.1
9814,9,12.38,0,0.02,95.04,100,54000,Weekend,Saturday,Maximum_Load,37.84
9815,1,3.2,0,0,78.31,100,83700,Weekday,Friday,Light_Load,4.03
9816,5,45.43,0,0.05,92.59,100,55800,Weekday,Wednesday,Maximum_Load,111.35
9817,10,5.26,0,0,46.2,100,24300,Weekend,Sunday,Light_Load,2.74
9818,2,3.28,0,0,74.56,100,15300,Weekday,Monday,Light_Load,3.67
9819,5,0,18.4,0,100,18.07,69300,Weekend,Sunday,Light_Load,3.38
9820,5,0,5.36,0,100,55.76,66600,Weekend,Saturday,Medium_Load,3.6
9821,3,3.53,18.36,0.01,96.39,57.13,44100,Weekday,Tuesday,Medium_Load,12.78
9822,6,7.49,0,0.02,98.22,100,38700,Weekday,Tuesday,Maximum_Load,39.13
9823,8,0,11.09,0,100,23.66,44100,Weekend,Saturday,Light_Load,2.7
9824,1,35.64,0,0.05,94.7,100,61200,Weekday,Wednesday,Medium_Load,105.05
9825,7,26.03,0,0.03,90.56,100,49500,Weekday,Tuesday,Maximum_Load,55.58
9826,4,5,0,0,65.03,100,27900,Weekday,Thursday,Light_Load,4.28
9827,10,4.61,0,0,48.55,100,9900,Weekend,Sunday,Light_Load,2.56
9828,1,5.22,0,0,66.75,100,1800,Weekday,Friday,Light_Load,4.68
9829,9,0,17.71,0,100,20.13,78300,Weekday,Wednesday,Medium_Load,3.64
9830,3,3.35,0,0,82.71,100,83700,Weekday,Thursday,Light_Load,4.93
9831,2,0.32,4.25,0.02,100,99.42,73800,Weekday,Tuesday,Medium_Load,39.24
9832,6,5,0,0,48.46,100,26100,Weekend,Sunday,Light_Load,2.77
9833,5,0,23,0,100,15.76,57600,Weekday,Tuesday,Light_Load,3.67
9834,6,35.39,0,0.03,86.72,100,35100,Weekday,Friday,Medium_Load,61.63
9835,12,0,21.02,0,100,21.91,57600,Weekend,Saturday,Medium_Load,4.72
9836,9,19.84,0,0.01,74.03,100,29700,Weekend,Saturday,Light_Load,21.85
9837,10,3.92,7.16,0.01,98.35,94.79,75600,Weekday,Tuesday,Medium_Load,21.31
9838,11,32.08,0,0.03,88.85,100,39600,Weekday,Wednesday,Maximum_Load,62.1
9839,1,4.46,0,0,68.99,100,12600,Weekday,Monday,Light_Load,4.25
9840,5,60.41,0,0.04,79.32,100,41400,Weekday,Wednesday,Maximum_Load,78.7
9841,9,17.21,0,0.02,91.5,100,36000,Weekday,Thursday,Medium_Load,39.02
9842,12,3.28,0.07,0,76.69,99.98,13500,Weekend,Saturday,Light_Load,3.92
9843,10,6.55,0,0,43.56,100,1800,Weekday,Monday,Light_Load,3.17
9844,12,24.8,0,0.03,93.2,100,32400,Weekend,Sunday,Light_Load,63.79
9845,5,0,15.91,0,100,20.78,75600,Weekend,Sunday,Medium_Load,3.38
9846,1,0,17.71,0,100,18.96,61200,Weekend,Saturday,Light_Load,3.42
9847,6,0,16.24,0,100,18.52,63900,Weekend,Sunday,Light_Load,3.06
9848,4,0,26.64,0,100,19.09,74700,Weekday,Wednesday,Medium_Load,5.18
9849,3,4.21,0,0,63.05,100,16200,Weekday,Monday,Light_Load,3.42
9850,10,6.66,0,0,48.26,100,3600,Weekday,Tuesday,Light_Load,3.67
9851,12,15.77,0,0.03,96.17,100,49500,Weekday,Wednesday,Medium_Load,55.3
9852,10,44.6,0,0.03,80.77,100,34200,Weekend,Saturday,Medium_Load,61.09
9853,8,15.95,0,0.02,92.91,100,61200,Weekday,Tuesday,Maximum_Load,40.07
9854,11,4.36,0,0,76.75,100,27900,Weekday,Friday,Light_Load,5.22
9855,10,53.71,0,0.05,89.59,100,54000,Weekend,Saturday,Maximum_Load,108.29
9856,4,0,16.34,0,100,19.05,55800,Weekend,Sunday,Light_Load,3.17
9857,6,5.11,0,0,54.83,100,25200,Weekday,Tuesday,Light_Load,3.35
9858,10,32.94,0,0.03,88.36,100,72000,Weekday,Monday,Medium_Load,62.17
9859,5,30.96,0,0.05,95.57,100,74700,Weekday,Thursday,Medium_Load,100.58
9860,5,49.79,0,0.06,92.59,100,60300,Weekday,Thursday,Maximum_Load,122.08
9861,2,54.86,0,0.04,85.41,100,41400,Weekday,Wednesday,Maximum_Load,90.07
9862,6,54.18,0,0.06,91.4,100,35100,Weekday,Wednesday,Medium_Load,122.04
9863,6,44.86,0,0.05,92.35,100,51300,Weekday,Monday,Maximum_Load,107.96
9864,7,3.78,0,0,60.6,100,9000,Weekday,Wednesday,Light_Load,2.88
9865,8,19.51,0,0.02,92.35,100,72900,Weekday,Wednesday,Medium_Load,46.98
9866,9,4.79,0,0,47.14,100,0,Weekday,Monday,Light_Load,2.56
9867,7,58.64,0,0.04,84.63,100,66600,Weekday,Wednesday,Medium_Load,93.17
9868,9,0,10.19,0,100,37.09,44100,Weekend,Sunday,Medium_Load,4.07
9869,10,4.82,0,0,46.91,100,22500,Weekend,Sunday,Light_Load,2.56
9870,2,0,25.06,0,100,16.99,70200,Weekend,Sunday,Light_Load,4.32
9871,3,0,9.79,0,100,41.76,66600,Weekday,Friday,Medium_Load,4.5
9872,8,33.95,0,0.03,86.56,100,68400,Weekday,Thursday,Medium_Load,58.68
9873,10,17.53,0,0.02,88.83,100,65700,Weekend,Saturday,Medium_Load,33.91
9874,4,3.56,0,0,65.18,100,18900,Weekday,Thursday,Light_Load,3.06
9875,12,0,14.11,0,100,23.82,72900,Weekday,Tuesday,Light_Load,3.46
9876,12,55.66,0,0.04,83.39,100,41400,Weekday,Tuesday,Maximum_Load,84.1
9877,4,0,17.32,0,100,22.07,45900,Weekend,Saturday,Medium_Load,3.92
9878,5,1.76,0.5,0.02,99.86,99.99,68400,Weekday,Friday,Medium_Load,33.48
9879,9,0,17.17,0,100,28.52,46800,Weekday,Monday,Medium_Load,5.11
9880,7,0,24.88,0,100,14.16,69300,Weekend,Sunday,Light_Load,3.56
9881,4,0,26.32,0,100,19.2,77400,Weekday,Thursday,Medium_Load,5.15
9882,4,40.43,0,0.04,90.9,100,72000,Weekday,Friday,Medium_Load,88.16
9883,5,0,25.88,0,100,17.94,46800,Weekday,Tuesday,Medium_Load,4.72
9884,8,4.82,0,0,48.87,100,81900,Weekday,Monday,Medium_Load,2.7
9885,10,29.05,0,0.03,88.99,100,73800,Weekday,Thursday,Medium_Load,56.66
9886,4,0,26.35,0,100,17.49,78300,Weekday,Thursday,Medium_Load,4.68
9887,12,2.59,0.04,0,78.76,99.99,8100,Weekday,Monday,Light_Load,3.31
9888,7,0.18,7.06,0.01,100,97.57,64800,Weekday,Tuesday,Medium_Load,31.43
9889,6,24.48,0,0.02,90.39,100,61200,Weekday,Thursday,Maximum_Load,51.73
9890,3,16.09,0,0.03,96.39,100,36000,Weekday,Monday,Medium_Load,58.21
9891,3,3.96,0,0,61.14,100,19800,Weekday,Thursday,Light_Load,3.06
9892,10,5.76,0,0,53,100,6300,Weekday,Wednesday,Light_Load,3.6
9893,9,0,12.31,0,100,25.97,79200,Weekday,Wednesday,Medium_Load,3.31
9894,4,24.23,0,0.01,75.63,100,29700,Weekday,Monday,Light_Load,28.01
9895,1,42.84,0,0.06,94.85,100,72900,Weekday,Tuesday,Medium_Load,128.27
9896,9,19.87,0,0.02,91.67,100,34200,Weekday,Friday,Medium_Load,45.58
9897,9,0,18.29,0,100,18.38,63000,Weekday,Friday,Medium_Load,3.42
9898,8,5.22,0,0,46.48,100,85500,Weekend,Sunday,Light_Load,2.74
9899,1,13.57,0,0.04,98.78,100,78300,Weekday,Tuesday,Medium_Load,86.15
9900,2,0,23.47,0,100,19.11,47700,Weekend,Sunday,Light_Load,4.57
9901,1,40.46,0,0.03,86.28,100,42300,Weekday,Thursday,Maximum_Load,69.05
9902,10,6.55,0,0,42.33,100,7200,Weekend,Saturday,Light_Load,3.06
9903,2,28.62,0,0.03,92.5,100,36900,Weekday,Tuesday,Maximum_Load,69.66
9904,6,0,25.02,0,100,19.33,58500,Weekend,Saturday,Light_Load,4.93
9905,6,4.86,0,0,59.09,100,0,Weekday,Tuesday,Light_Load,3.56
9906,12,2.38,0,0,80.59,100,19800,Weekday,Wednesday,Light_Load,3.24
9907,5,4.14,0,0,65.2,100,82800,Weekday,Monday,Medium_Load,3.56
9908,2,4.82,0,0,75.03,100,27900,Weekend,Saturday,Light_Load,5.47
9909,4,0,25.99,0,100,14.39,72900,Weekday,Monday,Medium_Load,3.78
9910,6,4.1,0,0,55.56,100,12600,Weekend,Saturday,Light_Load,2.74
9911,11,2.88,0,0,77.13,100,3600,Weekday,Monday,Light_Load,3.49
9912,11,57.46,0,0.05,88.37,100,36900,Weekday,Thursday,Maximum_Load,108.5
9913,7,35.28,0,0.02,81.59,100,38700,Weekday,Tuesday,Maximum_Load,49.79
9914,5,0,11.59,0.01,100,74.9,55800,Weekend,Sunday,Maximum_Load,13.1
9915,2,0,24.44,0,100,18.96,61200,Weekend,Sunday,Light_Load,4.72
9916,12,2.63,0.04,0,79.61,99.99,12600,Weekday,Monday,Light_Load,3.46
9917,3,2.84,0,0,73.74,100,1800,Weekend,Sunday,Light_Load,3.1
9918,2,59.44,0,0.06,91.5,100,36900,Weekday,Thursday,Maximum_Load,134.82
9919,11,2.88,0,0,75.14,100,1800,Weekend,Sunday,Light_Load,3.28
9920,10,46.69,0,0.03,81.96,100,72000,Weekday,Tuesday,Medium_Load,66.78
9921,4,24.8,0,0.02,89.64,100,55800,Weekday,Wednesday,Maximum_Load,50.15
9922,10,54.11,0,0.05,88.59,100,56700,Weekday,Monday,Maximum_Load,103.32
9923,12,3.1,0.11,0,76.74,99.96,3600,Weekday,Thursday,Light_Load,3.71
9924,10,6.16,0.14,0,50.04,99.92,80100,Weekday,Friday,Medium_Load,3.56
9925,5,5.33,0,0,55.54,100,17100,Weekday,Wednesday,Light_Load,3.56
9926,10,4.54,0,0,49.12,100,15300,Weekday,Tuesday,Light_Load,2.56
9927,9,6.34,0.47,0.01,97.88,99.99,64800,Weekday,Thursday,Medium_Load,30.31
9928,2,11.88,0,0.03,98.17,100,39600,Weekday,Tuesday,Maximum_Load,61.24
9929,12,14.36,0,0.03,97.3,100,57600,Weekday,Thursday,Medium_Load,60.52
9930,9,8.06,0,0.02,97.13,100,39600,Weekend,Saturday,Maximum_Load,32.94
9931,10,37.37,0,0.03,85.85,100,54900,Weekday,Wednesday,Maximum_Load,62.57
9932,10,0,17.24,0,100,25.05,46800,Weekday,Friday,Medium_Load,4.46
9933,7,23.29,3.02,0.02,90.29,99.81,47700,Weekend,Sunday,Maximum_Load,48.92
9934,9,5.4,0,0,45.25,100,13500,Weekend,Sunday,Light_Load,2.74
9935,9,0,16.88,0,100,21.63,78300,Weekday,Wednesday,Medium_Load,3.74
9936,12,2.81,0.22,0,79.16,99.82,900,Weekday,Thursday,Light_Load,3.64
9937,3,3.13,0,0,70.71,100,9900,Weekend,Sunday,Light_Load,3.13
9938,5,23.15,0,0.02,91.22,100,38700,Weekday,Thursday,Maximum_Load,51.55
9939,2,14.58,0,0.03,96.75,100,73800,Weekday,Monday,Medium_Load,55.76
9940,4,37.01,0,0.03,89.52,100,35100,Weekday,Thursday,Medium_Load,74.34
9941,9,4.25,0.72,0.01,99,99.97,49500,Weekday,Friday,Maximum_Load,29.77
9942,6,30.53,0,0.04,94.9,100,56700,Weekday,Tuesday,Maximum_Load,91.91
9943,7,5.08,0,0,47.87,100,25200,Weekday,Friday,Light_Load,2.77
9944,12,23.65,0,0.03,92.67,100,55800,Weekday,Friday,Medium_Load,58.32
9945,11,42.62,0,0.03,87.22,100,35100,Weekday,Tuesday,Medium_Load,76
9946,3,2.7,0,0,75.41,100,20700,Weekend,Saturday,Light_Load,3.1
9947,6,4.32,0,0,53.56,100,29700,Weekend,Sunday,Light_Load,2.74
9948,6,4.61,0,0,60.03,100,1800,Weekend,Saturday,Light_Load,3.46
9949,10,42.37,0,0.04,87.98,100,57600,Weekend,Saturday,Maximum_Load,78.44
9950,7,30.96,0,0.04,93.87,100,72900,Weekday,Wednesday,Medium_Load,84.28
9951,8,0,17.6,0,100,15.16,61200,Weekday,Wednesday,Light_Load,2.7
9952,8,5.36,0,0,45.52,100,3600,Weekday,Monday,Light_Load,2.74
9953,1,35.42,0,0.03,86.68,100,40500,Weekday,Wednesday,Maximum_Load,61.56
9954,3,6.91,0,0,60.57,100,83700,Weekday,Wednesday,Light_Load,5.26
9955,12,2.56,0,0,77.8,100,16200,Weekday,Monday,Light_Load,3.17
9956,5,52.88,0,0.06,92.59,100,39600,Weekday,Monday,Maximum_Load,129.6
9957,1,3.74,0,0,68.64,100,82800,Weekday,Monday,Light_Load,3.53
9958,9,5.15,0,0,49.7,100,4500,Weekday,Wednesday,Light_Load,2.95
9959,6,47.09,0,0.03,82.34,100,43200,Weekday,Monday,Maximum_Load,68.33
9960,5,3.78,0.14,0.02,99.45,100,73800,Weekday,Wednesday,Medium_Load,35.75
9961,6,5.72,0,0,52.52,100,24300,Weekday,Thursday,Light_Load,3.53
9962,12,4.18,0,0,69.14,100,82800,Weekday,Friday,Maximum_Load,4
9963,1,74.88,0,0.06,87.63,100,30600,Weekday,Thursday,Light_Load,136.19
9964,10,0,18.11,0,100,19.13,72900,Weekend,Saturday,Medium_Load,3.53
9965,5,4.18,0,0,65.98,100,83700,Weekday,Wednesday,Light_Load,3.67
9966,2,0,16.88,0,100,20.08,61200,Weekday,Wednesday,Light_Load,3.46
9967,12,4.32,6.62,0.01,99.06,97.83,43200,Weekday,Wednesday,Maximum_Load,31.28
9968,1,4.5,0,0,71.25,100,2700,Weekday,Wednesday,Light_Load,4.57
9969,11,6.05,0.22,0,57.12,99.86,80100,Weekend,Saturday,Maximum_Load,4.21
9970,4,5.04,0,0,59.28,100,6300,Weekday,Tuesday,Light_Load,3.71
9971,11,31.61,0,0.03,88.52,100,58500,Weekday,Friday,Medium_Load,60.16
9972,3,4.03,0,0,61.34,100,19800,Weekday,Monday,Light_Load,3.13
9973,1,4.82,0,0,77.44,100,18900,Weekend,Saturday,Light_Load,5.9
9974,12,0,20.52,0,100,19.78,43200,Weekend,Saturday,Light_Load,4.14
9975,5,4.28,0,0,61.98,100,8100,Weekend,Saturday,Light_Load,3.38
9976,4,5.47,0,0,51.43,100,27900,Weekend,Saturday,Light_Load,3.28
9977,7,23.04,0,0.03,93.35,100,53100,Weekend,Sunday,Maximum_Load,59.98
9978,2,7.42,1.26,0.03,99.46,99.98,63900,Weekend,Saturday,Maximum_Load,71.32
9979,7,0,16.67,0,100,18.05,73800,Weekend,Sunday,Light_Load,3.06
9980,4,5.29,0,0,58.84,100,3600,Weekday,Friday,Light_Load,3.85
9981,11,28.04,0,0.03,90.39,100,58500,Weekday,Tuesday,Medium_Load,59.26
9982,10,5.83,0,0,52.96,100,4500,Weekday,Thursday,Light_Load,3.64
9983,7,18.43,0,0.02,93.03,100,37800,Weekday,Tuesday,Maximum_Load,46.73
9984,5,0,4.68,0,100,63.23,65700,Weekend,Sunday,Medium_Load,3.82
9985,6,29.81,0,0.04,94.08,100,34200,Weekday,Wednesday,Medium_Load,82.73
9986,1,28.3,0,0.02,79.69,100,18000,Weekday,Friday,Light_Load,37.33
9987,5,0,26.03,0,100,14.37,70200,Weekday,Tuesday,Medium_Load,3.78
9988,9,0,11.59,0,100,23.8,58500,Weekend,Sunday,Light_Load,2.84
9989,8,15.19,0,0.02,94.35,100,61200,Weekday,Thursday,Maximum_Load,43.24
9990,5,58.1,0,0.04,83.58,100,43200,Weekday,Monday,Maximum_Load,88.45
9991,3,3.64,0,0,64.84,100,14400,Weekday,Tuesday,Light_Load,3.1
9992,2,0,17.39,0,100,23.74,54000,Weekend,Sunday,Light_Load,4.25
9993,10,4.68,0,0,50.93,100,10800,Weekday,Friday,Light_Load,2.77
9994,5,0,20.05,0,100,21.57,44100,Weekday,Monday,Medium_Load,4.43
9995,4,0,23.87,0,100,23.88,46800,Weekday,Thursday,Medium_Load,5.87
9996,4,3.31,0,0,70.71,100,81000,Weekday,Friday,Medium_Load,3.31
9997,6,0,20.2,0,100,18.21,79200,Weekday,Friday,Medium_Load,3.74
9998,7,35.53,0,0.03,83.9,100,37800,Weekday,Monday,Maximum_Load,54.79
9999,4,49.07,0,0.03,84.08,100,73800,Weekday,Tuesday,Medium_Load,76.21
10000,7,41.18,0,0.02,78.59,100,66600,Weekday,Friday,Medium_Load,52.34
